CU_Name,CU_acro,DU_ID,CU_ID,Pop_Name,Pop_ID,Year,EstClass,TotalInfilled,StartYear,UseYear
Upper Fraser River_SP_1.3,UFR-spring,DU11,CK-12,DRISCOLL CREEK,125,2002,QualFiltered,NA,1995,TRUE
Upper Fraser River_SP_1.3,UFR-spring,DU11,CK-12,DRISCOLL CREEK,125,2020,QualFiltered,NA,1995,TRUE
Upper Fraser River_SP_1.3,UFR-spring,DU11,CK-12,DRISCOLL CREEK,125,2021,QualFiltered,NA,1995,TRUE
Upper Fraser River_SP_1.3,UFR-spring,DU11,CK-12,DRISCOLL CREEK,125,2022,QualFiltered,NA,1995,TRUE
Upper Fraser River_SP_1.3,UFR-spring,DU11,CK-12,DRISCOLL CREEK,125,2023,QualFiltered,NA,1995,TRUE
North Thompson_SP_1.3,NTh-spr,DU16,CK-18,ALBREDA RIVER,290,1999,QualFiltered,NA,1997,TRUE
North Thompson_SP_1.3,NTh-spr,DU16,CK-18,ALBREDA RIVER,290,2000,QualFiltered,NA,1997,TRUE
Fraser-Cross-CU Supplementation Exclusion,FR-XCU,DU_NA,CK-9006,ALOUETTE RIVER,294,1996,QualFiltered,NA,NA,TRUE
Fraser-Cross-CU Supplementation Exclusion,FR-XCU,DU_NA,CK-9006,ALOUETTE RIVER,294,1997,QualFiltered,NA,NA,TRUE
Fraser-Cross-CU Supplementation Exclusion,FR-XCU,DU_NA,CK-9006,ALOUETTE RIVER,294,2005,QualFiltered,NA,NA,TRUE
Fraser-Cross-CU Supplementation Exclusion,FR-XCU,DU_NA,CK-9006,ALOUETTE RIVER,294,2006,QualFiltered,NA,NA,TRUE
Fraser-Cross-CU Supplementation Exclusion,FR-XCU,DU_NA,CK-9006,ALOUETTE RIVER,294,2018,QualFiltered,NA,NA,TRUE
Fraser-Cross-CU Supplementation Exclusion,FR-XCU,DU_NA,CK-9006,ALOUETTE RIVER,294,2019,QualFiltered,NA,NA,TRUE
Fraser-Cross-CU Supplementation Exclusion,FR-XCU,DU_NA,CK-9006,ALOUETTE RIVER,294,2020,QualFiltered,NA,NA,TRUE
Fraser-Cross-CU Supplementation Exclusion,FR-XCU,DU_NA,CK-9006,ALOUETTE RIVER,294,2021,QualFiltered,NA,NA,TRUE
Fraser-Cross-CU Supplementation Exclusion,FR-XCU,DU_NA,CK-9006,ALOUETTE RIVER,294,2022,QualFiltered,NA,NA,TRUE
Fraser-Cross-CU Supplementation Exclusion,FR-XCU,DU_NA,CK-9006,ALOUETTE RIVER,294,2023,QualFiltered,NA,NA,TRUE
Fraser-Harrison fall transplant_FA_0.3,Chil_transp_FA,DU_TBD6,CK-9008,CHILLIWACK/VEDDER RIVER,696,1975,QualFiltered,NA,1986,FALSE
Fraser-Harrison fall transplant_FA_0.3,Chil_transp_FA,DU_TBD6,CK-9008,CHILLIWACK/VEDDER RIVER,696,1976,QualFiltered,NA,1986,FALSE
Fraser-Harrison fall transplant_FA_0.3,Chil_transp_FA,DU_TBD6,CK-9008,CHILLIWACK/VEDDER RIVER,696,1977,QualFiltered,NA,1986,FALSE
Fraser-Harrison fall transplant_FA_0.3,Chil_transp_FA,DU_TBD6,CK-9008,CHILLIWACK/VEDDER RIVER,696,1978,QualFiltered,NA,1986,FALSE
Fraser-Harrison fall transplant_FA_0.3,Chil_transp_FA,DU_TBD6,CK-9008,CHILLIWACK/VEDDER RIVER,696,1979,QualFiltered,NA,1986,FALSE
Fraser-Harrison fall transplant_FA_0.3,Chil_transp_FA,DU_TBD6,CK-9008,CHILLIWACK/VEDDER RIVER,696,1980,QualFiltered,NA,1986,FALSE
Fraser-Harrison fall transplant_FA_0.3,Chil_transp_FA,DU_TBD6,CK-9008,CHILLIWACK/VEDDER RIVER,696,1981,QualFiltered,NA,1986,FALSE
Fraser-Harrison fall transplant_FA_0.3,Chil_transp_FA,DU_TBD6,CK-9008,CHILLIWACK/VEDDER RIVER,696,1982,QualFiltered,NA,1986,FALSE
Fraser-Harrison fall transplant_FA_0.3,Chil_transp_FA,DU_TBD6,CK-9008,CHILLIWACK/VEDDER RIVER,696,1983,QualFiltered,NA,1986,FALSE
Fraser-Harrison fall transplant_FA_0.3,Chil_transp_FA,DU_TBD6,CK-9008,CHILLIWACK/VEDDER RIVER,696,1984,QualFiltered,NA,1986,FALSE
Fraser-Harrison fall transplant_FA_0.3,Chil_transp_FA,DU_TBD6,CK-9008,CHILLIWACK/VEDDER RIVER,696,1985,RELATIVE ABUNDANCE (TYPE-4),1492,1986,FALSE
Fraser-Harrison fall transplant_FA_0.3,Chil_transp_FA,DU_TBD6,CK-9008,CHILLIWACK/VEDDER RIVER,696,1986,RELATIVE ABUNDANCE (TYPE-4),4469,1986,TRUE
Fraser-Harrison fall transplant_FA_0.3,Chil_transp_FA,DU_TBD6,CK-9008,CHILLIWACK/VEDDER RIVER,696,1987,RELATIVE ABUNDANCE (TYPE-4),17271,1986,TRUE
Fraser-Harrison fall transplant_FA_0.3,Chil_transp_FA,DU_TBD6,CK-9008,CHILLIWACK/VEDDER RIVER,696,1988,RELATIVE ABUNDANCE (TYPE-4),14466,1986,TRUE
Fraser-Harrison fall transplant_FA_0.3,Chil_transp_FA,DU_TBD6,CK-9008,CHILLIWACK/VEDDER RIVER,696,1989,RELATIVE ABUNDANCE (TYPE-4),3333,1986,TRUE
Fraser-Harrison fall transplant_FA_0.3,Chil_transp_FA,DU_TBD6,CK-9008,CHILLIWACK/VEDDER RIVER,696,1990,RELATIVE ABUNDANCE (TYPE-4),1795,1986,TRUE
Fraser-Harrison fall transplant_FA_0.3,Chil_transp_FA,DU_TBD6,CK-9008,CHILLIWACK/VEDDER RIVER,696,1991,RELATIVE ABUNDANCE (TYPE-4),9353,1986,TRUE
Fraser-Harrison fall transplant_FA_0.3,Chil_transp_FA,DU_TBD6,CK-9008,CHILLIWACK/VEDDER RIVER,696,1992,RELATIVE ABUNDANCE (TYPE-4),38177,1986,TRUE
Fraser-Harrison fall transplant_FA_0.3,Chil_transp_FA,DU_TBD6,CK-9008,CHILLIWACK/VEDDER RIVER,696,1993,RELATIVE ABUNDANCE (TYPE-4),20182,1986,TRUE
Fraser-Harrison fall transplant_FA_0.3,Chil_transp_FA,DU_TBD6,CK-9008,CHILLIWACK/VEDDER RIVER,696,1994,RELATIVE ABUNDANCE (TYPE-4),8237,1986,TRUE
Fraser-Harrison fall transplant_FA_0.3,Chil_transp_FA,DU_TBD6,CK-9008,CHILLIWACK/VEDDER RIVER,696,1995,RELATIVE ABUNDANCE (TYPE-4),31825,1986,TRUE
Fraser-Harrison fall transplant_FA_0.3,Chil_transp_FA,DU_TBD6,CK-9008,CHILLIWACK/VEDDER RIVER,696,1996,RELATIVE ABUNDANCE (TYPE-4),24268,1986,TRUE
Fraser-Harrison fall transplant_FA_0.3,Chil_transp_FA,DU_TBD6,CK-9008,CHILLIWACK/VEDDER RIVER,696,1997,RELATIVE ABUNDANCE (TYPE-4),82805,1986,TRUE
Fraser-Harrison fall transplant_FA_0.3,Chil_transp_FA,DU_TBD6,CK-9008,CHILLIWACK/VEDDER RIVER,696,1998,RELATIVE ABUNDANCE (TYPE-4),81512,1986,TRUE
Fraser-Harrison fall transplant_FA_0.3,Chil_transp_FA,DU_TBD6,CK-9008,CHILLIWACK/VEDDER RIVER,696,1999,RELATIVE ABUNDANCE (TYPE-4),77251,1986,TRUE
Fraser-Harrison fall transplant_FA_0.3,Chil_transp_FA,DU_TBD6,CK-9008,CHILLIWACK/VEDDER RIVER,696,2000,TRUE ABUNDANCE (TYPE-2),71401,1986,TRUE
Fraser-Harrison fall transplant_FA_0.3,Chil_transp_FA,DU_TBD6,CK-9008,CHILLIWACK/VEDDER RIVER,696,2001,RELATIVE ABUNDANCE (TYPE-4),71734,1986,TRUE
Fraser-Harrison fall transplant_FA_0.3,Chil_transp_FA,DU_TBD6,CK-9008,CHILLIWACK/VEDDER RIVER,696,2002,RELATIVE ABUNDANCE (TYPE-4),63476,1986,TRUE
Fraser-Harrison fall transplant_FA_0.3,Chil_transp_FA,DU_TBD6,CK-9008,CHILLIWACK/VEDDER RIVER,696,2003,RELATIVE ABUNDANCE (TYPE-4),55126,1986,TRUE
Fraser-Harrison fall transplant_FA_0.3,Chil_transp_FA,DU_TBD6,CK-9008,CHILLIWACK/VEDDER RIVER,696,2004,RELATIVE ABUNDANCE (TYPE-4),56828,1986,TRUE
Fraser-Harrison fall transplant_FA_0.3,Chil_transp_FA,DU_TBD6,CK-9008,CHILLIWACK/VEDDER RIVER,696,2005,RELATIVE ABUNDANCE (TYPE-4),33900,1986,TRUE
Fraser-Harrison fall transplant_FA_0.3,Chil_transp_FA,DU_TBD6,CK-9008,CHILLIWACK/VEDDER RIVER,696,2006,RELATIVE ABUNDANCE (TYPE-4),48392,1986,TRUE
Fraser-Harrison fall transplant_FA_0.3,Chil_transp_FA,DU_TBD6,CK-9008,CHILLIWACK/VEDDER RIVER,696,2007,RELATIVE ABUNDANCE (TYPE-4),26196,1986,TRUE
Fraser-Harrison fall transplant_FA_0.3,Chil_transp_FA,DU_TBD6,CK-9008,CHILLIWACK/VEDDER RIVER,696,2008,RELATIVE ABUNDANCE (TYPE-4),41797,1986,TRUE
Fraser-Harrison fall transplant_FA_0.3,Chil_transp_FA,DU_TBD6,CK-9008,CHILLIWACK/VEDDER RIVER,696,2009,RELATIVE ABUNDANCE (TYPE-4),15188,1986,TRUE
Fraser-Harrison fall transplant_FA_0.3,Chil_transp_FA,DU_TBD6,CK-9008,CHILLIWACK/VEDDER RIVER,696,2010,RELATIVE ABUNDANCE (TYPE-4),81141,1986,TRUE
Fraser-Harrison fall transplant_FA_0.3,Chil_transp_FA,DU_TBD6,CK-9008,CHILLIWACK/VEDDER RIVER,696,2011,RELATIVE ABUNDANCE (TYPE-4),52574,1986,TRUE
Fraser-Harrison fall transplant_FA_0.3,Chil_transp_FA,DU_TBD6,CK-9008,CHILLIWACK/VEDDER RIVER,696,2012,RELATIVE ABUNDANCE (TYPE-4),20286,1986,TRUE
Fraser-Harrison fall transplant_FA_0.3,Chil_transp_FA,DU_TBD6,CK-9008,CHILLIWACK/VEDDER RIVER,696,2013,RELATIVE ABUNDANCE (TYPE-4),46456,1986,TRUE
Fraser-Harrison fall transplant_FA_0.3,Chil_transp_FA,DU_TBD6,CK-9008,CHILLIWACK/VEDDER RIVER,696,2014,RELATIVE ABUNDANCE (TYPE-4),50630,1986,TRUE
Fraser-Harrison fall transplant_FA_0.3,Chil_transp_FA,DU_TBD6,CK-9008,CHILLIWACK/VEDDER RIVER,696,2015,RELATIVE ABUNDANCE (TYPE-4),27140,1986,TRUE
Fraser-Harrison fall transplant_FA_0.3,Chil_transp_FA,DU_TBD6,CK-9008,CHILLIWACK/VEDDER RIVER,696,2016,RELATIVE ABUNDANCE (TYPE-4),35202,1986,TRUE
Fraser-Harrison fall transplant_FA_0.3,Chil_transp_FA,DU_TBD6,CK-9008,CHILLIWACK/VEDDER RIVER,696,2017,RELATIVE ABUNDANCE (TYPE-4),21008,1986,TRUE
Fraser-Harrison fall transplant_FA_0.3,Chil_transp_FA,DU_TBD6,CK-9008,CHILLIWACK/VEDDER RIVER,696,2018,RELATIVE ABUNDANCE (TYPE-4),18992,1986,TRUE
Fraser-Harrison fall transplant_FA_0.3,Chil_transp_FA,DU_TBD6,CK-9008,CHILLIWACK/VEDDER RIVER,696,2019,RELATIVE ABUNDANCE (TYPE-4),72349,1986,TRUE
Fraser-Harrison fall transplant_FA_0.3,Chil_transp_FA,DU_TBD6,CK-9008,CHILLIWACK/VEDDER RIVER,696,2020,RELATIVE ABUNDANCE (TYPE-4),37595,1986,TRUE
Fraser-Harrison fall transplant_FA_0.3,Chil_transp_FA,DU_TBD6,CK-9008,CHILLIWACK/VEDDER RIVER,696,2021,RELATIVE ABUNDANCE (TYPE-4),55052,1986,TRUE
Fraser-Harrison fall transplant_FA_0.3,Chil_transp_FA,DU_TBD6,CK-9008,CHILLIWACK/VEDDER RIVER,696,2022,RELATIVE ABUNDANCE (TYPE-4),58522,1986,TRUE
Fraser-Harrison fall transplant_FA_0.3,Chil_transp_FA,DU_TBD6,CK-9008,CHILLIWACK/VEDDER RIVER,696,2023,RELATIVE ABUNDANCE (TYPE-3),83665,1986,TRUE
Fraser-Harrison fall transplant_FA_0.3,Chil_transp_FA,DU_TBD6,CK-9008,CHILLIWACK/VEDDER RIVER,696,2024,QualFiltered,NA,1986,TRUE
South Thompson-Bessette Creek_SU_1.2,STh-BESS,DU14,CK-16,CREIGHTON CREEK,812,1975,QualFiltered,NA,1995,FALSE
South Thompson-Bessette Creek_SU_1.2,STh-BESS,DU14,CK-16,CREIGHTON CREEK,812,1976,QualFiltered,NA,1995,FALSE
South Thompson-Bessette Creek_SU_1.2,STh-BESS,DU14,CK-16,CREIGHTON CREEK,812,1977,QualFiltered,NA,1995,FALSE
South Thompson-Bessette Creek_SU_1.2,STh-BESS,DU14,CK-16,CREIGHTON CREEK,812,1978,QualFiltered,NA,1995,FALSE
South Thompson-Bessette Creek_SU_1.2,STh-BESS,DU14,CK-16,CREIGHTON CREEK,812,1979,QualFiltered,NA,1995,FALSE
South Thompson-Bessette Creek_SU_1.2,STh-BESS,DU14,CK-16,CREIGHTON CREEK,812,1980,QualFiltered,NA,1995,FALSE
South Thompson-Bessette Creek_SU_1.2,STh-BESS,DU14,CK-16,CREIGHTON CREEK,812,1981,QualFiltered,NA,1995,FALSE
South Thompson-Bessette Creek_SU_1.2,STh-BESS,DU14,CK-16,CREIGHTON CREEK,812,1982,QualFiltered,NA,1995,FALSE
South Thompson-Bessette Creek_SU_1.2,STh-BESS,DU14,CK-16,CREIGHTON CREEK,812,1983,QualFiltered,NA,1995,FALSE
South Thompson-Bessette Creek_SU_1.2,STh-BESS,DU14,CK-16,CREIGHTON CREEK,812,1984,QualFiltered,NA,1995,FALSE
South Thompson-Bessette Creek_SU_1.2,STh-BESS,DU14,CK-16,CREIGHTON CREEK,812,1985,QualFiltered,NA,1995,FALSE
South Thompson-Bessette Creek_SU_1.2,STh-BESS,DU14,CK-16,CREIGHTON CREEK,812,1986,QualFiltered,NA,1995,FALSE
South Thompson-Bessette Creek_SU_1.2,STh-BESS,DU14,CK-16,CREIGHTON CREEK,812,1987,QualFiltered,NA,1995,FALSE
South Thompson-Bessette Creek_SU_1.2,STh-BESS,DU14,CK-16,CREIGHTON CREEK,812,1988,QualFiltered,NA,1995,FALSE
South Thompson-Bessette Creek_SU_1.2,STh-BESS,DU14,CK-16,CREIGHTON CREEK,812,1989,QualFiltered,NA,1995,FALSE
South Thompson-Bessette Creek_SU_1.2,STh-BESS,DU14,CK-16,CREIGHTON CREEK,812,1990,QualFiltered,NA,1995,FALSE
South Thompson-Bessette Creek_SU_1.2,STh-BESS,DU14,CK-16,CREIGHTON CREEK,812,1991,QualFiltered,NA,1995,FALSE
South Thompson-Bessette Creek_SU_1.2,STh-BESS,DU14,CK-16,CREIGHTON CREEK,812,1992,QualFiltered,NA,1995,FALSE
South Thompson-Bessette Creek_SU_1.2,STh-BESS,DU14,CK-16,CREIGHTON CREEK,812,1993,QualFiltered,NA,1995,FALSE
South Thompson-Bessette Creek_SU_1.2,STh-BESS,DU14,CK-16,CREIGHTON CREEK,812,1994,QualFiltered,NA,1995,FALSE
South Thompson-Bessette Creek_SU_1.2,STh-BESS,DU14,CK-16,CREIGHTON CREEK,812,1995,INFILL,1.134782609,1995,TRUE
South Thompson-Bessette Creek_SU_1.2,STh-BESS,DU14,CK-16,CREIGHTON CREEK,812,1996,INFILL,1.702734997,1995,TRUE
South Thompson-Bessette Creek_SU_1.2,STh-BESS,DU14,CK-16,CREIGHTON CREEK,812,1997,INFILL,1.493627191,1995,TRUE
South Thompson-Bessette Creek_SU_1.2,STh-BESS,DU14,CK-16,CREIGHTON CREEK,812,1998,RELATIVE ABUNDANCE (TYPE-4),2,1995,TRUE
South Thompson-Bessette Creek_SU_1.2,STh-BESS,DU14,CK-16,CREIGHTON CREEK,812,1999,INFILL,2.421880237,1995,TRUE
South Thompson-Bessette Creek_SU_1.2,STh-BESS,DU14,CK-16,CREIGHTON CREEK,812,2000,RELATIVE ABUNDANCE (TYPE-4),0,1995,TRUE
South Thompson-Bessette Creek_SU_1.2,STh-BESS,DU14,CK-16,CREIGHTON CREEK,812,2001,RELATIVE ABUNDANCE (TYPE-3),5,1995,TRUE
South Thompson-Bessette Creek_SU_1.2,STh-BESS,DU14,CK-16,CREIGHTON CREEK,812,2002,RELATIVE ABUNDANCE (TYPE-3),3,1995,TRUE
South Thompson-Bessette Creek_SU_1.2,STh-BESS,DU14,CK-16,CREIGHTON CREEK,812,2003,RELATIVE ABUNDANCE (TYPE-3),2,1995,TRUE
South Thompson-Bessette Creek_SU_1.2,STh-BESS,DU14,CK-16,CREIGHTON CREEK,812,2004,RELATIVE ABUNDANCE (TYPE-3),8,1995,TRUE
South Thompson-Bessette Creek_SU_1.2,STh-BESS,DU14,CK-16,CREIGHTON CREEK,812,2005,RELATIVE ABUNDANCE (TYPE-4),3,1995,TRUE
South Thompson-Bessette Creek_SU_1.2,STh-BESS,DU14,CK-16,CREIGHTON CREEK,812,2006,RELATIVE ABUNDANCE (TYPE-3),0,1995,TRUE
South Thompson-Bessette Creek_SU_1.2,STh-BESS,DU14,CK-16,CREIGHTON CREEK,812,2007,RELATIVE ABUNDANCE (TYPE-3),0,1995,TRUE
South Thompson-Bessette Creek_SU_1.2,STh-BESS,DU14,CK-16,CREIGHTON CREEK,812,2008,RELATIVE ABUNDANCE (TYPE-4),0,1995,TRUE
South Thompson-Bessette Creek_SU_1.2,STh-BESS,DU14,CK-16,CREIGHTON CREEK,812,2009,RELATIVE ABUNDANCE (TYPE-3),0,1995,TRUE
South Thompson-Bessette Creek_SU_1.2,STh-BESS,DU14,CK-16,CREIGHTON CREEK,812,2010,RELATIVE ABUNDANCE (TYPE-3),0,1995,TRUE
South Thompson-Bessette Creek_SU_1.2,STh-BESS,DU14,CK-16,CREIGHTON CREEK,812,2011,RELATIVE ABUNDANCE (TYPE-3),0,1995,TRUE
South Thompson-Bessette Creek_SU_1.2,STh-BESS,DU14,CK-16,CREIGHTON CREEK,812,2012,RELATIVE ABUNDANCE (TYPE-3),0,1995,TRUE
South Thompson-Bessette Creek_SU_1.2,STh-BESS,DU14,CK-16,CREIGHTON CREEK,812,2013,RELATIVE ABUNDANCE (TYPE-3),0,1995,TRUE
South Thompson-Bessette Creek_SU_1.2,STh-BESS,DU14,CK-16,CREIGHTON CREEK,812,2014,RELATIVE ABUNDANCE (TYPE-3),0,1995,TRUE
South Thompson-Bessette Creek_SU_1.2,STh-BESS,DU14,CK-16,CREIGHTON CREEK,812,2015,RELATIVE ABUNDANCE (TYPE-4),2,1995,TRUE
South Thompson-Bessette Creek_SU_1.2,STh-BESS,DU14,CK-16,CREIGHTON CREEK,812,2016,RELATIVE ABUNDANCE (TYPE-3),0,1995,TRUE
South Thompson-Bessette Creek_SU_1.2,STh-BESS,DU14,CK-16,CREIGHTON CREEK,812,2017,RELATIVE ABUNDANCE (TYPE-3),0,1995,TRUE
South Thompson-Bessette Creek_SU_1.2,STh-BESS,DU14,CK-16,CREIGHTON CREEK,812,2018,RELATIVE ABUNDANCE (TYPE-4),0,1995,TRUE
South Thompson-Bessette Creek_SU_1.2,STh-BESS,DU14,CK-16,CREIGHTON CREEK,812,2019,RELATIVE ABUNDANCE (TYPE-4),0,1995,TRUE
South Thompson-Bessette Creek_SU_1.2,STh-BESS,DU14,CK-16,CREIGHTON CREEK,812,2020,QualFiltered,NA,1995,TRUE
South Thompson-Bessette Creek_SU_1.2,STh-BESS,DU14,CK-16,CREIGHTON CREEK,812,2021,RELATIVE ABUNDANCE (TYPE-4),0,1995,TRUE
South Thompson-Bessette Creek_SU_1.2,STh-BESS,DU14,CK-16,CREIGHTON CREEK,812,2022,RELATIVE ABUNDANCE (TYPE-4),0,1995,TRUE
South Thompson-Bessette Creek_SU_1.2,STh-BESS,DU14,CK-16,CREIGHTON CREEK,812,2023,RELATIVE ABUNDANCE (TYPE-4),0,1995,TRUE
South Thompson-Bessette Creek_SU_1.2,STh-BESS,DU14,CK-16,CREIGHTON CREEK,812,2024,RELATIVE ABUNDANCE (TYPE-4),0,1995,TRUE
Upper Fraser River_SP_1.3,UFR-spring,DU11,CK-12,EAST TWIN CREEK,926,1975,QualFiltered,NA,1995,FALSE
Upper Fraser River_SP_1.3,UFR-spring,DU11,CK-12,EAST TWIN CREEK,926,1976,QualFiltered,NA,1995,FALSE
Upper Fraser River_SP_1.3,UFR-spring,DU11,CK-12,EAST TWIN CREEK,926,1977,QualFiltered,NA,1995,FALSE
Upper Fraser River_SP_1.3,UFR-spring,DU11,CK-12,EAST TWIN CREEK,926,1978,QualFiltered,NA,1995,FALSE
Upper Fraser River_SP_1.3,UFR-spring,DU11,CK-12,EAST TWIN CREEK,926,1979,QualFiltered,NA,1995,FALSE
Upper Fraser River_SP_1.3,UFR-spring,DU11,CK-12,EAST TWIN CREEK,926,1980,QualFiltered,NA,1995,FALSE
Upper Fraser River_SP_1.3,UFR-spring,DU11,CK-12,EAST TWIN CREEK,926,1981,QualFiltered,NA,1995,FALSE
Upper Fraser River_SP_1.3,UFR-spring,DU11,CK-12,EAST TWIN CREEK,926,1982,QualFiltered,NA,1995,FALSE
Upper Fraser River_SP_1.3,UFR-spring,DU11,CK-12,EAST TWIN CREEK,926,1983,QualFiltered,NA,1995,FALSE
Upper Fraser River_SP_1.3,UFR-spring,DU11,CK-12,EAST TWIN CREEK,926,1984,QualFiltered,NA,1995,FALSE
Upper Fraser River_SP_1.3,UFR-spring,DU11,CK-12,EAST TWIN CREEK,926,1985,QualFiltered,NA,1995,FALSE
Upper Fraser River_SP_1.3,UFR-spring,DU11,CK-12,EAST TWIN CREEK,926,1986,QualFiltered,NA,1995,FALSE
Upper Fraser River_SP_1.3,UFR-spring,DU11,CK-12,EAST TWIN CREEK,926,1987,QualFiltered,NA,1995,FALSE
Upper Fraser River_SP_1.3,UFR-spring,DU11,CK-12,EAST TWIN CREEK,926,1988,QualFiltered,NA,1995,FALSE
Upper Fraser River_SP_1.3,UFR-spring,DU11,CK-12,EAST TWIN CREEK,926,1989,QualFiltered,NA,1995,FALSE
Upper Fraser River_SP_1.3,UFR-spring,DU11,CK-12,EAST TWIN CREEK,926,1990,QualFiltered,NA,1995,FALSE
Upper Fraser River_SP_1.3,UFR-spring,DU11,CK-12,EAST TWIN CREEK,926,1991,QualFiltered,NA,1995,FALSE
Upper Fraser River_SP_1.3,UFR-spring,DU11,CK-12,EAST TWIN CREEK,926,1992,QualFiltered,NA,1995,FALSE
Upper Fraser River_SP_1.3,UFR-spring,DU11,CK-12,EAST TWIN CREEK,926,1993,QualFiltered,NA,1995,FALSE
Upper Fraser River_SP_1.3,UFR-spring,DU11,CK-12,EAST TWIN CREEK,926,1994,QualFiltered,NA,1995,FALSE
Upper Fraser River_SP_1.3,UFR-spring,DU11,CK-12,EAST TWIN CREEK,926,1995,QualFiltered,NA,1995,TRUE
Upper Fraser River_SP_1.3,UFR-spring,DU11,CK-12,EAST TWIN CREEK,926,1996,QualFiltered,NA,1995,TRUE
Upper Fraser River_SP_1.3,UFR-spring,DU11,CK-12,EAST TWIN CREEK,926,1997,QualFiltered,NA,1995,TRUE
Upper Fraser River_SP_1.3,UFR-spring,DU11,CK-12,EAST TWIN CREEK,926,1998,RELATIVE ABUNDANCE (TYPE-4),NA,1995,TRUE
Upper Fraser River_SP_1.3,UFR-spring,DU11,CK-12,EAST TWIN CREEK,926,1999,QualFiltered,NA,1995,TRUE
Upper Fraser River_SP_1.3,UFR-spring,DU11,CK-12,EAST TWIN CREEK,926,2000,RELATIVE ABUNDANCE (TYPE-4),NA,1995,TRUE
Upper Fraser River_SP_1.3,UFR-spring,DU11,CK-12,EAST TWIN CREEK,926,2001,RELATIVE ABUNDANCE (TYPE-4),NA,1995,TRUE
Upper Fraser River_SP_1.3,UFR-spring,DU11,CK-12,EAST TWIN CREEK,926,2002,QualFiltered,NA,1995,TRUE
Upper Fraser River_SP_1.3,UFR-spring,DU11,CK-12,EAST TWIN CREEK,926,2003,RELATIVE ABUNDANCE (TYPE-4),NA,1995,TRUE
Upper Fraser River_SP_1.3,UFR-spring,DU11,CK-12,EAST TWIN CREEK,926,2004,RELATIVE ABUNDANCE (TYPE-4),NA,1995,TRUE
Upper Fraser River_SP_1.3,UFR-spring,DU11,CK-12,EAST TWIN CREEK,926,2005,RELATIVE ABUNDANCE (TYPE-4),NA,1995,TRUE
Upper Fraser River_SP_1.3,UFR-spring,DU11,CK-12,EAST TWIN CREEK,926,2006,RELATIVE ABUNDANCE (TYPE-4),NA,1995,TRUE
Upper Fraser River_SP_1.3,UFR-spring,DU11,CK-12,EAST TWIN CREEK,926,2007,RELATIVE ABUNDANCE (TYPE-4),NA,1995,TRUE
Upper Fraser River_SP_1.3,UFR-spring,DU11,CK-12,EAST TWIN CREEK,926,2008,RELATIVE ABUNDANCE (TYPE-4),NA,1995,TRUE
Upper Fraser River_SP_1.3,UFR-spring,DU11,CK-12,EAST TWIN CREEK,926,2009,RELATIVE ABUNDANCE (TYPE-4),NA,1995,TRUE
Upper Fraser River_SP_1.3,UFR-spring,DU11,CK-12,EAST TWIN CREEK,926,2010,RELATIVE ABUNDANCE (TYPE-4),NA,1995,TRUE
Upper Fraser River_SP_1.3,UFR-spring,DU11,CK-12,EAST TWIN CREEK,926,2011,RELATIVE ABUNDANCE (TYPE-4),NA,1995,TRUE
Upper Fraser River_SP_1.3,UFR-spring,DU11,CK-12,EAST TWIN CREEK,926,2012,RELATIVE ABUNDANCE (TYPE-4),NA,1995,TRUE
Upper Fraser River_SP_1.3,UFR-spring,DU11,CK-12,EAST TWIN CREEK,926,2013,RELATIVE ABUNDANCE (TYPE-4),NA,1995,TRUE
Upper Fraser River_SP_1.3,UFR-spring,DU11,CK-12,EAST TWIN CREEK,926,2014,RELATIVE ABUNDANCE (TYPE-4),NA,1995,TRUE
Upper Fraser River_SP_1.3,UFR-spring,DU11,CK-12,EAST TWIN CREEK,926,2015,RELATIVE ABUNDANCE (TYPE-4),NA,1995,TRUE
Upper Fraser River_SP_1.3,UFR-spring,DU11,CK-12,EAST TWIN CREEK,926,2016,RELATIVE ABUNDANCE (TYPE-4),NA,1995,TRUE
Upper Fraser River_SP_1.3,UFR-spring,DU11,CK-12,EAST TWIN CREEK,926,2017,RELATIVE ABUNDANCE (TYPE-4),NA,1995,TRUE
Upper Fraser River_SP_1.3,UFR-spring,DU11,CK-12,EAST TWIN CREEK,926,2018,RELATIVE ABUNDANCE (TYPE-4),NA,1995,TRUE
Upper Fraser River_SP_1.3,UFR-spring,DU11,CK-12,EAST TWIN CREEK,926,2019,QualFiltered,NA,1995,TRUE
Upper Fraser River_SP_1.3,UFR-spring,DU11,CK-12,EAST TWIN CREEK,926,2020,QualFiltered,NA,1995,TRUE
Upper Fraser River_SP_1.3,UFR-spring,DU11,CK-12,EAST TWIN CREEK,926,2021,QualFiltered,NA,1995,TRUE
Upper Fraser River_SP_1.3,UFR-spring,DU11,CK-12,EAST TWIN CREEK,926,2022,QualFiltered,NA,1995,TRUE
Upper Fraser River_SP_1.3,UFR-spring,DU11,CK-12,EAST TWIN CREEK,926,2023,RELATIVE ABUNDANCE (TYPE-4),NA,1995,TRUE
Upper Fraser River_SP_1.3,UFR-spring,DU11,CK-12,HOLLIDAY CREEK,1207,1975,QualFiltered,NA,1995,FALSE
Upper Fraser River_SP_1.3,UFR-spring,DU11,CK-12,HOLLIDAY CREEK,1207,1976,QualFiltered,NA,1995,FALSE
Upper Fraser River_SP_1.3,UFR-spring,DU11,CK-12,HOLLIDAY CREEK,1207,1977,QualFiltered,NA,1995,FALSE
Upper Fraser River_SP_1.3,UFR-spring,DU11,CK-12,HOLLIDAY CREEK,1207,1978,QualFiltered,NA,1995,FALSE
Upper Fraser River_SP_1.3,UFR-spring,DU11,CK-12,HOLLIDAY CREEK,1207,1979,QualFiltered,NA,1995,FALSE
Upper Fraser River_SP_1.3,UFR-spring,DU11,CK-12,HOLLIDAY CREEK,1207,1980,QualFiltered,NA,1995,FALSE
Upper Fraser River_SP_1.3,UFR-spring,DU11,CK-12,HOLLIDAY CREEK,1207,1981,QualFiltered,NA,1995,FALSE
Upper Fraser River_SP_1.3,UFR-spring,DU11,CK-12,HOLLIDAY CREEK,1207,1982,QualFiltered,NA,1995,FALSE
Upper Fraser River_SP_1.3,UFR-spring,DU11,CK-12,HOLLIDAY CREEK,1207,1983,QualFiltered,NA,1995,FALSE
Upper Fraser River_SP_1.3,UFR-spring,DU11,CK-12,HOLLIDAY CREEK,1207,1984,QualFiltered,NA,1995,FALSE
Upper Fraser River_SP_1.3,UFR-spring,DU11,CK-12,HOLLIDAY CREEK,1207,1985,QualFiltered,NA,1995,FALSE
Upper Fraser River_SP_1.3,UFR-spring,DU11,CK-12,HOLLIDAY CREEK,1207,1986,QualFiltered,NA,1995,FALSE
Upper Fraser River_SP_1.3,UFR-spring,DU11,CK-12,HOLLIDAY CREEK,1207,1987,QualFiltered,NA,1995,FALSE
Upper Fraser River_SP_1.3,UFR-spring,DU11,CK-12,HOLLIDAY CREEK,1207,1988,QualFiltered,NA,1995,FALSE
Upper Fraser River_SP_1.3,UFR-spring,DU11,CK-12,HOLLIDAY CREEK,1207,1989,QualFiltered,NA,1995,FALSE
Upper Fraser River_SP_1.3,UFR-spring,DU11,CK-12,HOLLIDAY CREEK,1207,1990,QualFiltered,NA,1995,FALSE
Upper Fraser River_SP_1.3,UFR-spring,DU11,CK-12,HOLLIDAY CREEK,1207,1991,QualFiltered,NA,1995,FALSE
Upper Fraser River_SP_1.3,UFR-spring,DU11,CK-12,HOLLIDAY CREEK,1207,1992,QualFiltered,NA,1995,FALSE
Upper Fraser River_SP_1.3,UFR-spring,DU11,CK-12,HOLLIDAY CREEK,1207,1993,QualFiltered,NA,1995,FALSE
Upper Fraser River_SP_1.3,UFR-spring,DU11,CK-12,HOLLIDAY CREEK,1207,1994,QualFiltered,NA,1995,FALSE
Upper Fraser River_SP_1.3,UFR-spring,DU11,CK-12,HOLLIDAY CREEK,1207,1995,RELATIVE ABUNDANCE (TYPE-4),8,1995,TRUE
Upper Fraser River_SP_1.3,UFR-spring,DU11,CK-12,HOLLIDAY CREEK,1207,1996,RELATIVE ABUNDANCE (TYPE-4),14,1995,TRUE
Upper Fraser River_SP_1.3,UFR-spring,DU11,CK-12,HOLLIDAY CREEK,1207,1997,RELATIVE ABUNDANCE (TYPE-4),45,1995,TRUE
Upper Fraser River_SP_1.3,UFR-spring,DU11,CK-12,HOLLIDAY CREEK,1207,1998,RELATIVE ABUNDANCE (TYPE-4),18,1995,TRUE
Upper Fraser River_SP_1.3,UFR-spring,DU11,CK-12,HOLLIDAY CREEK,1207,1999,INFILL,30.44843582,1995,TRUE
Upper Fraser River_SP_1.3,UFR-spring,DU11,CK-12,HOLLIDAY CREEK,1207,2000,RELATIVE ABUNDANCE (TYPE-4),15,1995,TRUE
Upper Fraser River_SP_1.3,UFR-spring,DU11,CK-12,HOLLIDAY CREEK,1207,2001,RELATIVE ABUNDANCE (TYPE-4),74,1995,TRUE
Upper Fraser River_SP_1.3,UFR-spring,DU11,CK-12,HOLLIDAY CREEK,1207,2002,RELATIVE ABUNDANCE (TYPE-4),126,1995,TRUE
Upper Fraser River_SP_1.3,UFR-spring,DU11,CK-12,HOLLIDAY CREEK,1207,2003,RELATIVE ABUNDANCE (TYPE-4),48,1995,TRUE
Upper Fraser River_SP_1.3,UFR-spring,DU11,CK-12,HOLLIDAY CREEK,1207,2004,RELATIVE ABUNDANCE (TYPE-4),54,1995,TRUE
Upper Fraser River_SP_1.3,UFR-spring,DU11,CK-12,HOLLIDAY CREEK,1207,2005,RELATIVE ABUNDANCE (TYPE-4),17,1995,TRUE
Upper Fraser River_SP_1.3,UFR-spring,DU11,CK-12,HOLLIDAY CREEK,1207,2006,RELATIVE ABUNDANCE (TYPE-4),72,1995,TRUE
Upper Fraser River_SP_1.3,UFR-spring,DU11,CK-12,HOLLIDAY CREEK,1207,2007,RELATIVE ABUNDANCE (TYPE-4),6,1995,TRUE
Upper Fraser River_SP_1.3,UFR-spring,DU11,CK-12,HOLLIDAY CREEK,1207,2008,RELATIVE ABUNDANCE (TYPE-4),6,1995,TRUE
Upper Fraser River_SP_1.3,UFR-spring,DU11,CK-12,HOLLIDAY CREEK,1207,2009,RELATIVE ABUNDANCE (TYPE-4),86,1995,TRUE
Upper Fraser River_SP_1.3,UFR-spring,DU11,CK-12,HOLLIDAY CREEK,1207,2010,RELATIVE ABUNDANCE (TYPE-4),14,1995,TRUE
Upper Fraser River_SP_1.3,UFR-spring,DU11,CK-12,HOLLIDAY CREEK,1207,2011,RELATIVE ABUNDANCE (TYPE-4),11,1995,TRUE
Upper Fraser River_SP_1.3,UFR-spring,DU11,CK-12,HOLLIDAY CREEK,1207,2012,RELATIVE ABUNDANCE (TYPE-4),25,1995,TRUE
Upper Fraser River_SP_1.3,UFR-spring,DU11,CK-12,HOLLIDAY CREEK,1207,2013,RELATIVE ABUNDANCE (TYPE-4),31,1995,TRUE
Upper Fraser River_SP_1.3,UFR-spring,DU11,CK-12,HOLLIDAY CREEK,1207,2014,RELATIVE ABUNDANCE (TYPE-4),28,1995,TRUE
Upper Fraser River_SP_1.3,UFR-spring,DU11,CK-12,HOLLIDAY CREEK,1207,2015,RELATIVE ABUNDANCE (TYPE-4),5,1995,TRUE
Upper Fraser River_SP_1.3,UFR-spring,DU11,CK-12,HOLLIDAY CREEK,1207,2016,RELATIVE ABUNDANCE (TYPE-4),22,1995,TRUE
Upper Fraser River_SP_1.3,UFR-spring,DU11,CK-12,HOLLIDAY CREEK,1207,2017,RELATIVE ABUNDANCE (TYPE-4),2,1995,TRUE
Upper Fraser River_SP_1.3,UFR-spring,DU11,CK-12,HOLLIDAY CREEK,1207,2018,RELATIVE ABUNDANCE (TYPE-4),15,1995,TRUE
Upper Fraser River_SP_1.3,UFR-spring,DU11,CK-12,HOLLIDAY CREEK,1207,2019,INFILL,2.741766944,1995,TRUE
Upper Fraser River_SP_1.3,UFR-spring,DU11,CK-12,HOLLIDAY CREEK,1207,2020,INFILL,18.99886678,1995,TRUE
Upper Fraser River_SP_1.3,UFR-spring,DU11,CK-12,HOLLIDAY CREEK,1207,2021,RELATIVE ABUNDANCE (TYPE-4),9,1995,TRUE
Upper Fraser River_SP_1.3,UFR-spring,DU11,CK-12,HOLLIDAY CREEK,1207,2022,RELATIVE ABUNDANCE (TYPE-4),26,1995,TRUE
Upper Fraser River_SP_1.3,UFR-spring,DU11,CK-12,HOLLIDAY CREEK,1207,2023,RELATIVE ABUNDANCE (TYPE-4),0,1995,TRUE
Upper Fraser River_SP_1.3,UFR-spring,DU11,CK-12,HUMBUG CREEK,1269,1996,QualFiltered,NA,1995,TRUE
Upper Fraser River_SP_1.3,UFR-spring,DU11,CK-12,HUMBUG CREEK,1269,2000,RELATIVE ABUNDANCE (TYPE-4),NA,1995,TRUE
Upper Fraser River_SP_1.3,UFR-spring,DU11,CK-12,HUMBUG CREEK,1269,2003,RELATIVE ABUNDANCE (TYPE-4),NA,1995,TRUE
Upper Fraser River_SP_1.3,UFR-spring,DU11,CK-12,HUMBUG CREEK,1269,2020,QualFiltered,NA,1995,TRUE
Upper Fraser River_SP_1.3,UFR-spring,DU11,CK-12,HUMBUG CREEK,1269,2021,QualFiltered,NA,1995,TRUE
Upper Fraser River_SP_1.3,UFR-spring,DU11,CK-12,HUMBUG CREEK,1269,2022,QualFiltered,NA,1995,TRUE
Upper Fraser River_SP_1.3,UFR-spring,DU11,CK-12,HUMBUG CREEK,1269,2023,QualFiltered,NA,1995,TRUE
Middle Fraser River_SU_1.3,MFR-summer,DU10,CK-11,MITCHELL RIVER,1756,1999,QualFiltered,NA,1995,TRUE
Middle Fraser River_SU_1.3,MFR-summer,DU10,CK-11,MITCHELL RIVER,1756,2000,QualFiltered,NA,1995,TRUE
Middle Fraser River_SU_1.3,MFR-summer,DU10,CK-11,MITCHELL RIVER,1756,2009,RELATIVE ABUNDANCE (TYPE-4),NA,1995,TRUE
Middle Fraser River_SU_1.3,MFR-summer,DU10,CK-11,MITCHELL RIVER,1756,2010,RELATIVE ABUNDANCE (TYPE-4),NA,1995,TRUE
Middle Fraser River_SU_1.3,MFR-summer,DU10,CK-11,MITCHELL RIVER,1756,2011,QualFiltered,NA,1995,TRUE
Middle Fraser River_SU_1.3,MFR-summer,DU10,CK-11,MITCHELL RIVER,1756,2012,QualFiltered,NA,1995,TRUE
Middle Fraser River_SU_1.3,MFR-summer,DU10,CK-11,MITCHELL RIVER,1756,2013,RELATIVE ABUNDANCE (TYPE-3),NA,1995,TRUE
Middle Fraser River_SU_1.3,MFR-summer,DU10,CK-11,MITCHELL RIVER,1756,2014,RELATIVE ABUNDANCE (TYPE-3),NA,1995,TRUE
Middle Fraser River_SU_1.3,MFR-summer,DU10,CK-11,MITCHELL RIVER,1756,2016,QualFiltered,NA,1995,TRUE
Middle Fraser River_SU_1.3,MFR-summer,DU10,CK-11,MITCHELL RIVER,1756,2017,RELATIVE ABUNDANCE (TYPE-4),NA,1995,TRUE
Middle Fraser River_SU_1.3,MFR-summer,DU10,CK-11,MITCHELL RIVER,1756,2018,RELATIVE ABUNDANCE (TYPE-3),NA,1995,TRUE
Middle Fraser River_SU_1.3,MFR-summer,DU10,CK-11,MITCHELL RIVER,1756,2019,RELATIVE ABUNDANCE (TYPE-3),NA,1995,TRUE
Middle Fraser River_SU_1.3,MFR-summer,DU10,CK-11,MITCHELL RIVER,1756,2020,RELATIVE ABUNDANCE (TYPE-4),NA,1995,TRUE
Middle Fraser River_SU_1.3,MFR-summer,DU10,CK-11,MITCHELL RIVER,1756,2021,RELATIVE ABUNDANCE (TYPE-4),NA,1995,TRUE
Middle Fraser River_SU_1.3,MFR-summer,DU10,CK-11,MITCHELL RIVER,1756,2022,QualFiltered,NA,1995,TRUE
Middle Fraser River_SU_1.3,MFR-summer,DU10,CK-11,MITCHELL RIVER,1756,2023,QualFiltered,NA,1995,TRUE
Boundary Bay_FA_0.3,BB,DU1,CK-02,NICOMEKL RIVER,1840,2012,QualFiltered,NA,1980,TRUE
Boundary Bay_FA_0.3,BB,DU1,CK-02,NICOMEKL RIVER,1840,2016,QualFiltered,NA,1980,TRUE
Boundary Bay_FA_0.3,BB,DU1,CK-02,NICOMEKL RIVER,1840,2018,QualFiltered,NA,1980,TRUE
Boundary Bay_FA_0.3,BB,DU1,CK-02,NICOMEKL RIVER,1840,2019,QualFiltered,NA,1980,TRUE
Boundary Bay_FA_0.3,BB,DU1,CK-02,NICOMEKL RIVER,1840,2020,QualFiltered,NA,1980,TRUE
Boundary Bay_FA_0.3,BB,DU1,CK-02,NICOMEKL RIVER,1840,2021,QualFiltered,NA,1980,TRUE
Boundary Bay_FA_0.3,BB,DU1,CK-02,NICOMEKL RIVER,1840,2022,QualFiltered,NA,1980,TRUE
Boundary Bay_FA_0.3,BB,DU1,CK-02,NICOMEKL RIVER,1840,2023,QualFiltered,NA,1980,TRUE
Upper Fraser River_SP_1.3,UFR-spring,DU11,CK-12,ROBSON RIVER,2076,1996,QualFiltered,NA,1995,TRUE
Upper Fraser River_SP_1.3,UFR-spring,DU11,CK-12,ROBSON RIVER,2076,1999,QualFiltered,NA,1995,TRUE
Upper Fraser River_SP_1.3,UFR-spring,DU11,CK-12,ROBSON RIVER,2076,2000,QualFiltered,NA,1995,TRUE
Boundary Bay_FA_0.3,BB,DU1,CK-02,SERPENTINE RIVER,2168,2012,QualFiltered,NA,1980,TRUE
Boundary Bay_FA_0.3,BB,DU1,CK-02,SERPENTINE RIVER,2168,2014,QualFiltered,NA,1980,TRUE
Boundary Bay_FA_0.3,BB,DU1,CK-02,SERPENTINE RIVER,2168,2015,QualFiltered,NA,1980,TRUE
Boundary Bay_FA_0.3,BB,DU1,CK-02,SERPENTINE RIVER,2168,2016,QualFiltered,NA,1980,TRUE
Boundary Bay_FA_0.3,BB,DU1,CK-02,SERPENTINE RIVER,2168,2017,QualFiltered,NA,1980,TRUE
Boundary Bay_FA_0.3,BB,DU1,CK-02,SERPENTINE RIVER,2168,2018,QualFiltered,NA,1980,TRUE
Boundary Bay_FA_0.3,BB,DU1,CK-02,SERPENTINE RIVER,2168,2019,QualFiltered,NA,1980,TRUE
Boundary Bay_FA_0.3,BB,DU1,CK-02,SERPENTINE RIVER,2168,2020,QualFiltered,NA,1980,TRUE
Boundary Bay_FA_0.3,BB,DU1,CK-02,SERPENTINE RIVER,2168,2021,QualFiltered,NA,1980,TRUE
Boundary Bay_FA_0.3,BB,DU1,CK-02,SERPENTINE RIVER,2168,2022,QualFiltered,NA,1980,TRUE
Boundary Bay_FA_0.3,BB,DU1,CK-02,SERPENTINE RIVER,2168,2023,QualFiltered,NA,1980,TRUE
Middle Fraser River_SU_1.3,MFR-summer,DU10,CK-11,SETON RIVER,2178,1975,QualFiltered,NA,1995,FALSE
Middle Fraser River_SU_1.3,MFR-summer,DU10,CK-11,SETON RIVER,2178,1976,QualFiltered,NA,1995,FALSE
Middle Fraser River_SU_1.3,MFR-summer,DU10,CK-11,SETON RIVER,2178,1977,QualFiltered,NA,1995,FALSE
Middle Fraser River_SU_1.3,MFR-summer,DU10,CK-11,SETON RIVER,2178,1978,QualFiltered,NA,1995,FALSE
Middle Fraser River_SU_1.3,MFR-summer,DU10,CK-11,SETON RIVER,2178,1979,QualFiltered,NA,1995,FALSE
Middle Fraser River_SU_1.3,MFR-summer,DU10,CK-11,SETON RIVER,2178,1980,QualFiltered,NA,1995,FALSE
Middle Fraser River_SU_1.3,MFR-summer,DU10,CK-11,SETON RIVER,2178,1981,QualFiltered,NA,1995,FALSE
Middle Fraser River_SU_1.3,MFR-summer,DU10,CK-11,SETON RIVER,2178,1982,QualFiltered,NA,1995,FALSE
Middle Fraser River_SU_1.3,MFR-summer,DU10,CK-11,SETON RIVER,2178,1983,QualFiltered,NA,1995,FALSE
Middle Fraser River_SU_1.3,MFR-summer,DU10,CK-11,SETON RIVER,2178,1984,QualFiltered,NA,1995,FALSE
Middle Fraser River_SU_1.3,MFR-summer,DU10,CK-11,SETON RIVER,2178,1985,QualFiltered,NA,1995,FALSE
Middle Fraser River_SU_1.3,MFR-summer,DU10,CK-11,SETON RIVER,2178,1986,QualFiltered,NA,1995,FALSE
Middle Fraser River_SU_1.3,MFR-summer,DU10,CK-11,SETON RIVER,2178,1987,QualFiltered,NA,1995,FALSE
Middle Fraser River_SU_1.3,MFR-summer,DU10,CK-11,SETON RIVER,2178,1988,QualFiltered,NA,1995,FALSE
Middle Fraser River_SU_1.3,MFR-summer,DU10,CK-11,SETON RIVER,2178,1989,QualFiltered,NA,1995,FALSE
Middle Fraser River_SU_1.3,MFR-summer,DU10,CK-11,SETON RIVER,2178,1990,QualFiltered,NA,1995,FALSE
Middle Fraser River_SU_1.3,MFR-summer,DU10,CK-11,SETON RIVER,2178,1991,QualFiltered,NA,1995,FALSE
Middle Fraser River_SU_1.3,MFR-summer,DU10,CK-11,SETON RIVER,2178,1992,QualFiltered,NA,1995,FALSE
Middle Fraser River_SU_1.3,MFR-summer,DU10,CK-11,SETON RIVER,2178,1993,QualFiltered,NA,1995,FALSE
Middle Fraser River_SU_1.3,MFR-summer,DU10,CK-11,SETON RIVER,2178,1994,QualFiltered,NA,1995,FALSE
Middle Fraser River_SU_1.3,MFR-summer,DU10,CK-11,SETON RIVER,2178,1995,QualFiltered,NA,1995,TRUE
Middle Fraser River_SU_1.3,MFR-summer,DU10,CK-11,SETON RIVER,2178,1996,QualFiltered,NA,1995,TRUE
Middle Fraser River_SU_1.3,MFR-summer,DU10,CK-11,SETON RIVER,2178,1997,QualFiltered,NA,1995,TRUE
Middle Fraser River_SU_1.3,MFR-summer,DU10,CK-11,SETON RIVER,2178,1998,QualFiltered,NA,1995,TRUE
Middle Fraser River_SU_1.3,MFR-summer,DU10,CK-11,SETON RIVER,2178,1999,QualFiltered,NA,1995,TRUE
Middle Fraser River_SU_1.3,MFR-summer,DU10,CK-11,SETON RIVER,2178,2000,RELATIVE ABUNDANCE (TYPE-4),NA,1995,TRUE
Middle Fraser River_SU_1.3,MFR-summer,DU10,CK-11,SETON RIVER,2178,2001,RELATIVE ABUNDANCE (TYPE-4),NA,1995,TRUE
Middle Fraser River_SU_1.3,MFR-summer,DU10,CK-11,SETON RIVER,2178,2002,RELATIVE ABUNDANCE (TYPE-4),NA,1995,TRUE
Middle Fraser River_SU_1.3,MFR-summer,DU10,CK-11,SETON RIVER,2178,2003,RELATIVE ABUNDANCE (TYPE-4),NA,1995,TRUE
Middle Fraser River_SU_1.3,MFR-summer,DU10,CK-11,SETON RIVER,2178,2004,QualFiltered,NA,1995,TRUE
Middle Fraser River_SU_1.3,MFR-summer,DU10,CK-11,SETON RIVER,2178,2005,QualFiltered,NA,1995,TRUE
Middle Fraser River_SU_1.3,MFR-summer,DU10,CK-11,SETON RIVER,2178,2006,QualFiltered,NA,1995,TRUE
Middle Fraser River_SU_1.3,MFR-summer,DU10,CK-11,SETON RIVER,2178,2007,QualFiltered,NA,1995,TRUE
Middle Fraser River_SU_1.3,MFR-summer,DU10,CK-11,SETON RIVER,2178,2008,QualFiltered,NA,1995,TRUE
Middle Fraser River_SU_1.3,MFR-summer,DU10,CK-11,SETON RIVER,2178,2009,QualFiltered,NA,1995,TRUE
Middle Fraser River_SU_1.3,MFR-summer,DU10,CK-11,SETON RIVER,2178,2010,QualFiltered,NA,1995,TRUE
Middle Fraser River_SU_1.3,MFR-summer,DU10,CK-11,SETON RIVER,2178,2011,QualFiltered,NA,1995,TRUE
Middle Fraser River_SU_1.3,MFR-summer,DU10,CK-11,SETON RIVER,2178,2012,RELATIVE ABUNDANCE (TYPE-4),NA,1995,TRUE
Middle Fraser River_SU_1.3,MFR-summer,DU10,CK-11,SETON RIVER,2178,2013,RELATIVE ABUNDANCE (TYPE-4),NA,1995,TRUE
Middle Fraser River_SU_1.3,MFR-summer,DU10,CK-11,SETON RIVER,2178,2014,QualFiltered,NA,1995,TRUE
Middle Fraser River_SU_1.3,MFR-summer,DU10,CK-11,SETON RIVER,2178,2015,QualFiltered,NA,1995,TRUE
Middle Fraser River_SU_1.3,MFR-summer,DU10,CK-11,SETON RIVER,2178,2016,QualFiltered,NA,1995,TRUE
Middle Fraser River_SU_1.3,MFR-summer,DU10,CK-11,SETON RIVER,2178,2017,RELATIVE ABUNDANCE (TYPE-3),NA,1995,TRUE
Middle Fraser River_SU_1.3,MFR-summer,DU10,CK-11,SETON RIVER,2178,2018,RELATIVE ABUNDANCE (TYPE-4),NA,1995,TRUE
Middle Fraser River_SU_1.3,MFR-summer,DU10,CK-11,SETON RIVER,2178,2019,RELATIVE ABUNDANCE (TYPE-4),NA,1995,TRUE
Middle Fraser River_SU_1.3,MFR-summer,DU10,CK-11,SETON RIVER,2178,2020,QualFiltered,NA,1995,TRUE
Middle Fraser River_SU_1.3,MFR-summer,DU10,CK-11,SETON RIVER,2178,2021,QualFiltered,NA,1995,TRUE
Middle Fraser River_SU_1.3,MFR-summer,DU10,CK-11,SETON RIVER,2178,2022,RELATIVE ABUNDANCE (TYPE-3),NA,1995,TRUE
Middle Fraser River_SU_1.3,MFR-summer,DU10,CK-11,SETON RIVER,2178,2023,QualFiltered,NA,1995,TRUE
Upper Fraser River_SP_1.3,UFR-spring,DU11,CK-12,SUS CREEK,2468,1996,QualFiltered,NA,1995,TRUE
Middle Fraser River_SP_1.3,MFR-spring,DU9,CK-10,SWIFT RIVER,2483,1995,INFILL,1589.690829,1995,TRUE
Middle Fraser River_SP_1.3,MFR-spring,DU9,CK-10,SWIFT RIVER,2483,1996,INFILL,1651.460662,1995,TRUE
Middle Fraser River_SP_1.3,MFR-spring,DU9,CK-10,SWIFT RIVER,2483,1997,INFILL,1350.491738,1995,TRUE
Middle Fraser River_SP_1.3,MFR-spring,DU9,CK-10,SWIFT RIVER,2483,1998,RELATIVE ABUNDANCE (TYPE-4),965,1995,TRUE
Middle Fraser River_SP_1.3,MFR-spring,DU9,CK-10,SWIFT RIVER,2483,1999,RELATIVE ABUNDANCE (TYPE-4),555,1995,TRUE
Middle Fraser River_SP_1.3,MFR-spring,DU9,CK-10,SWIFT RIVER,2483,2000,RELATIVE ABUNDANCE (TYPE-4),715,1995,TRUE
Middle Fraser River_SP_1.3,MFR-spring,DU9,CK-10,SWIFT RIVER,2483,2001,RELATIVE ABUNDANCE (TYPE-4),1657,1995,TRUE
Middle Fraser River_SP_1.3,MFR-spring,DU9,CK-10,SWIFT RIVER,2483,2002,RELATIVE ABUNDANCE (TYPE-4),2491,1995,TRUE
Middle Fraser River_SP_1.3,MFR-spring,DU9,CK-10,SWIFT RIVER,2483,2003,RELATIVE ABUNDANCE (TYPE-4),311,1995,TRUE
Middle Fraser River_SP_1.3,MFR-spring,DU9,CK-10,SWIFT RIVER,2483,2004,RELATIVE ABUNDANCE (TYPE-4),3303,1995,TRUE
Middle Fraser River_SP_1.3,MFR-spring,DU9,CK-10,SWIFT RIVER,2483,2005,RELATIVE ABUNDANCE (TYPE-4),1231,1995,TRUE
Middle Fraser River_SP_1.3,MFR-spring,DU9,CK-10,SWIFT RIVER,2483,2006,RELATIVE ABUNDANCE (TYPE-4),694,1995,TRUE
Middle Fraser River_SP_1.3,MFR-spring,DU9,CK-10,SWIFT RIVER,2483,2007,RELATIVE ABUNDANCE (TYPE-4),1231,1995,TRUE
Middle Fraser River_SP_1.3,MFR-spring,DU9,CK-10,SWIFT RIVER,2483,2008,RELATIVE ABUNDANCE (TYPE-4),205,1995,TRUE
Middle Fraser River_SP_1.3,MFR-spring,DU9,CK-10,SWIFT RIVER,2483,2009,RELATIVE ABUNDANCE (TYPE-4),146,1995,TRUE
Middle Fraser River_SP_1.3,MFR-spring,DU9,CK-10,SWIFT RIVER,2483,2010,RELATIVE ABUNDANCE (TYPE-4),402,1995,TRUE
Middle Fraser River_SP_1.3,MFR-spring,DU9,CK-10,SWIFT RIVER,2483,2011,RELATIVE ABUNDANCE (TYPE-4),317,1995,TRUE
Middle Fraser River_SP_1.3,MFR-spring,DU9,CK-10,SWIFT RIVER,2483,2012,RELATIVE ABUNDANCE (TYPE-4),465,1995,TRUE
Middle Fraser River_SP_1.3,MFR-spring,DU9,CK-10,SWIFT RIVER,2483,2013,RELATIVE ABUNDANCE (TYPE-4),425,1995,TRUE
Middle Fraser River_SP_1.3,MFR-spring,DU9,CK-10,SWIFT RIVER,2483,2014,RELATIVE ABUNDANCE (TYPE-4),791,1995,TRUE
Middle Fraser River_SP_1.3,MFR-spring,DU9,CK-10,SWIFT RIVER,2483,2015,RELATIVE ABUNDANCE (TYPE-4),603,1995,TRUE
Middle Fraser River_SP_1.3,MFR-spring,DU9,CK-10,SWIFT RIVER,2483,2016,RELATIVE ABUNDANCE (TYPE-4),337,1995,TRUE
Middle Fraser River_SP_1.3,MFR-spring,DU9,CK-10,SWIFT RIVER,2483,2017,RELATIVE ABUNDANCE (TYPE-4),149,1995,TRUE
Middle Fraser River_SP_1.3,MFR-spring,DU9,CK-10,SWIFT RIVER,2483,2018,RELATIVE ABUNDANCE (TYPE-4),123,1995,TRUE
Middle Fraser River_SP_1.3,MFR-spring,DU9,CK-10,SWIFT RIVER,2483,2019,RELATIVE ABUNDANCE (TYPE-4),72,1995,TRUE
Middle Fraser River_SP_1.3,MFR-spring,DU9,CK-10,SWIFT RIVER,2483,2020,RELATIVE ABUNDANCE (TYPE-4),234,1995,TRUE
Middle Fraser River_SP_1.3,MFR-spring,DU9,CK-10,SWIFT RIVER,2483,2021,RELATIVE ABUNDANCE (TYPE-4),297,1995,TRUE
Middle Fraser River_SP_1.3,MFR-spring,DU9,CK-10,SWIFT RIVER,2483,2022,RELATIVE ABUNDANCE (TYPE-4),474,1995,TRUE
Middle Fraser River_SP_1.3,MFR-spring,DU9,CK-10,SWIFT RIVER,2483,2023,RELATIVE ABUNDANCE (TYPE-4),651,1995,TRUE
Middle Fraser River_SU_1.3,MFR-summer,DU10,CK-11,TASEKO RIVER,2507,1995,INFILL,903.5643279,1995,TRUE
Middle Fraser River_SU_1.3,MFR-summer,DU10,CK-11,TASEKO RIVER,2507,1996,INFILL,1338.100838,1995,TRUE
Middle Fraser River_SU_1.3,MFR-summer,DU10,CK-11,TASEKO RIVER,2507,1997,INFILL,1329.800765,1995,TRUE
Middle Fraser River_SU_1.3,MFR-summer,DU10,CK-11,TASEKO RIVER,2507,1998,INFILL,1212.542011,1995,TRUE
Middle Fraser River_SU_1.3,MFR-summer,DU10,CK-11,TASEKO RIVER,2507,1999,INFILL,1046.380376,1995,TRUE
Middle Fraser River_SU_1.3,MFR-summer,DU10,CK-11,TASEKO RIVER,2507,2000,RELATIVE ABUNDANCE (TYPE-4),410,1995,TRUE
Middle Fraser River_SU_1.3,MFR-summer,DU10,CK-11,TASEKO RIVER,2507,2001,RELATIVE ABUNDANCE (TYPE-4),2491,1995,TRUE
Middle Fraser River_SU_1.3,MFR-summer,DU10,CK-11,TASEKO RIVER,2507,2002,INFILL,988.8930217,1995,TRUE
Middle Fraser River_SU_1.3,MFR-summer,DU10,CK-11,TASEKO RIVER,2507,2003,INFILL,1908.436471,1995,TRUE
Middle Fraser River_SU_1.3,MFR-summer,DU10,CK-11,TASEKO RIVER,2507,2004,INFILL,1914.823357,1995,TRUE
Middle Fraser River_SU_1.3,MFR-summer,DU10,CK-11,TASEKO RIVER,2507,2005,INFILL,1640.987065,1995,TRUE
Middle Fraser River_SU_1.3,MFR-summer,DU10,CK-11,TASEKO RIVER,2507,2006,RELATIVE ABUNDANCE (TYPE-4),311,1995,TRUE
Middle Fraser River_SU_1.3,MFR-summer,DU10,CK-11,TASEKO RIVER,2507,2007,INFILL,847.0826532,1995,TRUE
Middle Fraser River_SU_1.3,MFR-summer,DU10,CK-11,TASEKO RIVER,2507,2008,INFILL,577.8288965,1995,TRUE
Middle Fraser River_SU_1.3,MFR-summer,DU10,CK-11,TASEKO RIVER,2507,2009,RELATIVE ABUNDANCE (TYPE-4),1175,1995,TRUE
Middle Fraser River_SU_1.3,MFR-summer,DU10,CK-11,TASEKO RIVER,2507,2010,RELATIVE ABUNDANCE (TYPE-4),542,1995,TRUE
Middle Fraser River_SU_1.3,MFR-summer,DU10,CK-11,TASEKO RIVER,2507,2011,RELATIVE ABUNDANCE (TYPE-4),1291,1995,TRUE
Middle Fraser River_SU_1.3,MFR-summer,DU10,CK-11,TASEKO RIVER,2507,2012,INFILL,313.7342273,1995,TRUE
Middle Fraser River_SU_1.3,MFR-summer,DU10,CK-11,TASEKO RIVER,2507,2013,INFILL,376.3840098,1995,TRUE
Middle Fraser River_SU_1.3,MFR-summer,DU10,CK-11,TASEKO RIVER,2507,2014,INFILL,914.0691495,1995,TRUE
Middle Fraser River_SU_1.3,MFR-summer,DU10,CK-11,TASEKO RIVER,2507,2015,RELATIVE ABUNDANCE (TYPE-4),789,1995,TRUE
Middle Fraser River_SU_1.3,MFR-summer,DU10,CK-11,TASEKO RIVER,2507,2016,RELATIVE ABUNDANCE (TYPE-4),343,1995,TRUE
Middle Fraser River_SU_1.3,MFR-summer,DU10,CK-11,TASEKO RIVER,2507,2017,RELATIVE ABUNDANCE (TYPE-4),538,1995,TRUE
Middle Fraser River_SU_1.3,MFR-summer,DU10,CK-11,TASEKO RIVER,2507,2018,INFILL,206.7829475,1995,TRUE
Middle Fraser River_SU_1.3,MFR-summer,DU10,CK-11,TASEKO RIVER,2507,2019,INFILL,188.0177406,1995,TRUE
Middle Fraser River_SU_1.3,MFR-summer,DU10,CK-11,TASEKO RIVER,2507,2020,INFILL,395.2428084,1995,TRUE
Middle Fraser River_SU_1.3,MFR-summer,DU10,CK-11,TASEKO RIVER,2507,2021,INFILL,433.833649,1995,TRUE
Middle Fraser River_SU_1.3,MFR-summer,DU10,CK-11,TASEKO RIVER,2507,2022,INFILL,847.5669084,1995,TRUE
Middle Fraser River_SU_1.3,MFR-summer,DU10,CK-11,TASEKO RIVER,2507,2023,INFILL,722.2744128,1995,TRUE
Upper Fraser River_SP_1.3,UFR-spring,DU11,CK-12,WEST TWIN CREEK,2762,1975,QualFiltered,NA,1995,FALSE
Upper Fraser River_SP_1.3,UFR-spring,DU11,CK-12,WEST TWIN CREEK,2762,1976,QualFiltered,NA,1995,FALSE
Upper Fraser River_SP_1.3,UFR-spring,DU11,CK-12,WEST TWIN CREEK,2762,1977,QualFiltered,NA,1995,FALSE
Upper Fraser River_SP_1.3,UFR-spring,DU11,CK-12,WEST TWIN CREEK,2762,1978,QualFiltered,NA,1995,FALSE
Upper Fraser River_SP_1.3,UFR-spring,DU11,CK-12,WEST TWIN CREEK,2762,1979,QualFiltered,NA,1995,FALSE
Upper Fraser River_SP_1.3,UFR-spring,DU11,CK-12,WEST TWIN CREEK,2762,1980,QualFiltered,NA,1995,FALSE
Upper Fraser River_SP_1.3,UFR-spring,DU11,CK-12,WEST TWIN CREEK,2762,1981,QualFiltered,NA,1995,FALSE
Upper Fraser River_SP_1.3,UFR-spring,DU11,CK-12,WEST TWIN CREEK,2762,1982,QualFiltered,NA,1995,FALSE
Upper Fraser River_SP_1.3,UFR-spring,DU11,CK-12,WEST TWIN CREEK,2762,1983,QualFiltered,NA,1995,FALSE
Upper Fraser River_SP_1.3,UFR-spring,DU11,CK-12,WEST TWIN CREEK,2762,1984,QualFiltered,NA,1995,FALSE
Upper Fraser River_SP_1.3,UFR-spring,DU11,CK-12,WEST TWIN CREEK,2762,1985,QualFiltered,NA,1995,FALSE
Upper Fraser River_SP_1.3,UFR-spring,DU11,CK-12,WEST TWIN CREEK,2762,1986,QualFiltered,NA,1995,FALSE
Upper Fraser River_SP_1.3,UFR-spring,DU11,CK-12,WEST TWIN CREEK,2762,1987,QualFiltered,NA,1995,FALSE
Upper Fraser River_SP_1.3,UFR-spring,DU11,CK-12,WEST TWIN CREEK,2762,1988,QualFiltered,NA,1995,FALSE
Upper Fraser River_SP_1.3,UFR-spring,DU11,CK-12,WEST TWIN CREEK,2762,1989,QualFiltered,NA,1995,FALSE
Upper Fraser River_SP_1.3,UFR-spring,DU11,CK-12,WEST TWIN CREEK,2762,1990,QualFiltered,NA,1995,FALSE
Upper Fraser River_SP_1.3,UFR-spring,DU11,CK-12,WEST TWIN CREEK,2762,1991,QualFiltered,NA,1995,FALSE
Upper Fraser River_SP_1.3,UFR-spring,DU11,CK-12,WEST TWIN CREEK,2762,1992,QualFiltered,NA,1995,FALSE
Upper Fraser River_SP_1.3,UFR-spring,DU11,CK-12,WEST TWIN CREEK,2762,1993,QualFiltered,NA,1995,FALSE
Upper Fraser River_SP_1.3,UFR-spring,DU11,CK-12,WEST TWIN CREEK,2762,1994,QualFiltered,NA,1995,FALSE
Upper Fraser River_SP_1.3,UFR-spring,DU11,CK-12,WEST TWIN CREEK,2762,1995,QualFiltered,NA,1995,TRUE
Upper Fraser River_SP_1.3,UFR-spring,DU11,CK-12,WEST TWIN CREEK,2762,1996,QualFiltered,NA,1995,TRUE
Upper Fraser River_SP_1.3,UFR-spring,DU11,CK-12,WEST TWIN CREEK,2762,1997,QualFiltered,NA,1995,TRUE
Upper Fraser River_SP_1.3,UFR-spring,DU11,CK-12,WEST TWIN CREEK,2762,1998,RELATIVE ABUNDANCE (TYPE-4),NA,1995,TRUE
Upper Fraser River_SP_1.3,UFR-spring,DU11,CK-12,WEST TWIN CREEK,2762,1999,QualFiltered,NA,1995,TRUE
Upper Fraser River_SP_1.3,UFR-spring,DU11,CK-12,WEST TWIN CREEK,2762,2000,RELATIVE ABUNDANCE (TYPE-4),NA,1995,TRUE
Upper Fraser River_SP_1.3,UFR-spring,DU11,CK-12,WEST TWIN CREEK,2762,2001,RELATIVE ABUNDANCE (TYPE-4),NA,1995,TRUE
Upper Fraser River_SP_1.3,UFR-spring,DU11,CK-12,WEST TWIN CREEK,2762,2002,QualFiltered,NA,1995,TRUE
Upper Fraser River_SP_1.3,UFR-spring,DU11,CK-12,WEST TWIN CREEK,2762,2003,RELATIVE ABUNDANCE (TYPE-4),NA,1995,TRUE
Upper Fraser River_SP_1.3,UFR-spring,DU11,CK-12,WEST TWIN CREEK,2762,2004,QualFiltered,NA,1995,TRUE
Upper Fraser River_SP_1.3,UFR-spring,DU11,CK-12,WEST TWIN CREEK,2762,2005,RELATIVE ABUNDANCE (TYPE-4),NA,1995,TRUE
Upper Fraser River_SP_1.3,UFR-spring,DU11,CK-12,WEST TWIN CREEK,2762,2006,RELATIVE ABUNDANCE (TYPE-4),NA,1995,TRUE
Upper Fraser River_SP_1.3,UFR-spring,DU11,CK-12,WEST TWIN CREEK,2762,2007,QualFiltered,NA,1995,TRUE
Upper Fraser River_SP_1.3,UFR-spring,DU11,CK-12,WEST TWIN CREEK,2762,2008,RELATIVE ABUNDANCE (TYPE-4),NA,1995,TRUE
Upper Fraser River_SP_1.3,UFR-spring,DU11,CK-12,WEST TWIN CREEK,2762,2009,RELATIVE ABUNDANCE (TYPE-4),NA,1995,TRUE
Upper Fraser River_SP_1.3,UFR-spring,DU11,CK-12,WEST TWIN CREEK,2762,2010,RELATIVE ABUNDANCE (TYPE-4),NA,1995,TRUE
Upper Fraser River_SP_1.3,UFR-spring,DU11,CK-12,WEST TWIN CREEK,2762,2011,RELATIVE ABUNDANCE (TYPE-4),NA,1995,TRUE
Upper Fraser River_SP_1.3,UFR-spring,DU11,CK-12,WEST TWIN CREEK,2762,2012,RELATIVE ABUNDANCE (TYPE-4),NA,1995,TRUE
Upper Fraser River_SP_1.3,UFR-spring,DU11,CK-12,WEST TWIN CREEK,2762,2013,RELATIVE ABUNDANCE (TYPE-3),NA,1995,TRUE
Upper Fraser River_SP_1.3,UFR-spring,DU11,CK-12,WEST TWIN CREEK,2762,2014,RELATIVE ABUNDANCE (TYPE-3),NA,1995,TRUE
Upper Fraser River_SP_1.3,UFR-spring,DU11,CK-12,WEST TWIN CREEK,2762,2015,RELATIVE ABUNDANCE (TYPE-4),NA,1995,TRUE
Upper Fraser River_SP_1.3,UFR-spring,DU11,CK-12,WEST TWIN CREEK,2762,2016,RELATIVE ABUNDANCE (TYPE-4),NA,1995,TRUE
Upper Fraser River_SP_1.3,UFR-spring,DU11,CK-12,WEST TWIN CREEK,2762,2017,RELATIVE ABUNDANCE (TYPE-4),NA,1995,TRUE
Upper Fraser River_SP_1.3,UFR-spring,DU11,CK-12,WEST TWIN CREEK,2762,2018,RELATIVE ABUNDANCE (TYPE-4),NA,1995,TRUE
Upper Fraser River_SP_1.3,UFR-spring,DU11,CK-12,WEST TWIN CREEK,2762,2019,RELATIVE ABUNDANCE (TYPE-4),NA,1995,TRUE
Upper Fraser River_SP_1.3,UFR-spring,DU11,CK-12,WEST TWIN CREEK,2762,2020,QualFiltered,NA,1995,TRUE
Upper Fraser River_SP_1.3,UFR-spring,DU11,CK-12,WEST TWIN CREEK,2762,2021,QualFiltered,NA,1995,TRUE
Upper Fraser River_SP_1.3,UFR-spring,DU11,CK-12,WEST TWIN CREEK,2762,2022,RELATIVE ABUNDANCE (TYPE-4),NA,1995,TRUE
Upper Fraser River_SP_1.3,UFR-spring,DU11,CK-12,WEST TWIN CREEK,2762,2023,RELATIVE ABUNDANCE (TYPE-4),NA,1995,TRUE
Upper Fraser River_SP_1.3,UFR-spring,DU11,CK-12,ICE CREEK,3075,1975,QualFiltered,NA,1995,FALSE
Upper Fraser River_SP_1.3,UFR-spring,DU11,CK-12,ICE CREEK,3075,1976,QualFiltered,NA,1995,FALSE
Upper Fraser River_SP_1.3,UFR-spring,DU11,CK-12,ICE CREEK,3075,1977,QualFiltered,NA,1995,FALSE
Upper Fraser River_SP_1.3,UFR-spring,DU11,CK-12,ICE CREEK,3075,1978,QualFiltered,NA,1995,FALSE
Upper Fraser River_SP_1.3,UFR-spring,DU11,CK-12,ICE CREEK,3075,1979,QualFiltered,NA,1995,FALSE
Upper Fraser River_SP_1.3,UFR-spring,DU11,CK-12,ICE CREEK,3075,1980,QualFiltered,NA,1995,FALSE
Upper Fraser River_SP_1.3,UFR-spring,DU11,CK-12,ICE CREEK,3075,1981,QualFiltered,NA,1995,FALSE
Upper Fraser River_SP_1.3,UFR-spring,DU11,CK-12,ICE CREEK,3075,1982,QualFiltered,NA,1995,FALSE
Upper Fraser River_SP_1.3,UFR-spring,DU11,CK-12,ICE CREEK,3075,1983,QualFiltered,NA,1995,FALSE
Upper Fraser River_SP_1.3,UFR-spring,DU11,CK-12,ICE CREEK,3075,1984,QualFiltered,NA,1995,FALSE
Upper Fraser River_SP_1.3,UFR-spring,DU11,CK-12,ICE CREEK,3075,1985,QualFiltered,NA,1995,FALSE
Upper Fraser River_SP_1.3,UFR-spring,DU11,CK-12,ICE CREEK,3075,1986,QualFiltered,NA,1995,FALSE
Upper Fraser River_SP_1.3,UFR-spring,DU11,CK-12,ICE CREEK,3075,1987,QualFiltered,NA,1995,FALSE
Upper Fraser River_SP_1.3,UFR-spring,DU11,CK-12,ICE CREEK,3075,1988,QualFiltered,NA,1995,FALSE
Upper Fraser River_SP_1.3,UFR-spring,DU11,CK-12,ICE CREEK,3075,1989,QualFiltered,NA,1995,FALSE
Upper Fraser River_SP_1.3,UFR-spring,DU11,CK-12,ICE CREEK,3075,1990,QualFiltered,NA,1995,FALSE
Upper Fraser River_SP_1.3,UFR-spring,DU11,CK-12,ICE CREEK,3075,1991,QualFiltered,NA,1995,FALSE
Upper Fraser River_SP_1.3,UFR-spring,DU11,CK-12,ICE CREEK,3075,1992,QualFiltered,NA,1995,FALSE
Upper Fraser River_SP_1.3,UFR-spring,DU11,CK-12,ICE CREEK,3075,1993,QualFiltered,NA,1995,FALSE
Upper Fraser River_SP_1.3,UFR-spring,DU11,CK-12,ICE CREEK,3075,1994,QualFiltered,NA,1995,FALSE
Upper Fraser River_SP_1.3,UFR-spring,DU11,CK-12,ICE CREEK,3075,1995,INFILL,56.28822719,1995,TRUE
Upper Fraser River_SP_1.3,UFR-spring,DU11,CK-12,ICE CREEK,3075,1996,INFILL,38.40163792,1995,TRUE
Upper Fraser River_SP_1.3,UFR-spring,DU11,CK-12,ICE CREEK,3075,1997,INFILL,36.32867775,1995,TRUE
Upper Fraser River_SP_1.3,UFR-spring,DU11,CK-12,ICE CREEK,3075,1998,RELATIVE ABUNDANCE (TYPE-4),108,1995,TRUE
Upper Fraser River_SP_1.3,UFR-spring,DU11,CK-12,ICE CREEK,3075,1999,RELATIVE ABUNDANCE (TYPE-4),43,1995,TRUE
Upper Fraser River_SP_1.3,UFR-spring,DU11,CK-12,ICE CREEK,3075,2000,RELATIVE ABUNDANCE (TYPE-4),26,1995,TRUE
Upper Fraser River_SP_1.3,UFR-spring,DU11,CK-12,ICE CREEK,3075,2001,RELATIVE ABUNDANCE (TYPE-4),40,1995,TRUE
Upper Fraser River_SP_1.3,UFR-spring,DU11,CK-12,ICE CREEK,3075,2002,RELATIVE ABUNDANCE (TYPE-4),83,1995,TRUE
Upper Fraser River_SP_1.3,UFR-spring,DU11,CK-12,ICE CREEK,3075,2003,RELATIVE ABUNDANCE (TYPE-4),157,1995,TRUE
Upper Fraser River_SP_1.3,UFR-spring,DU11,CK-12,ICE CREEK,3075,2004,RELATIVE ABUNDANCE (TYPE-4),31,1995,TRUE
Upper Fraser River_SP_1.3,UFR-spring,DU11,CK-12,ICE CREEK,3075,2005,RELATIVE ABUNDANCE (TYPE-4),31,1995,TRUE
Upper Fraser River_SP_1.3,UFR-spring,DU11,CK-12,ICE CREEK,3075,2006,RELATIVE ABUNDANCE (TYPE-4),3,1995,TRUE
Upper Fraser River_SP_1.3,UFR-spring,DU11,CK-12,ICE CREEK,3075,2007,RELATIVE ABUNDANCE (TYPE-4),5,1995,TRUE
Upper Fraser River_SP_1.3,UFR-spring,DU11,CK-12,ICE CREEK,3075,2008,RELATIVE ABUNDANCE (TYPE-4),3,1995,TRUE
Upper Fraser River_SP_1.3,UFR-spring,DU11,CK-12,ICE CREEK,3075,2009,RELATIVE ABUNDANCE (TYPE-4),18,1995,TRUE
Upper Fraser River_SP_1.3,UFR-spring,DU11,CK-12,ICE CREEK,3075,2010,RELATIVE ABUNDANCE (TYPE-4),14,1995,TRUE
Upper Fraser River_SP_1.3,UFR-spring,DU11,CK-12,ICE CREEK,3075,2011,RELATIVE ABUNDANCE (TYPE-4),3,1995,TRUE
Upper Fraser River_SP_1.3,UFR-spring,DU11,CK-12,ICE CREEK,3075,2012,RELATIVE ABUNDANCE (TYPE-4),2,1995,TRUE
Upper Fraser River_SP_1.3,UFR-spring,DU11,CK-12,ICE CREEK,3075,2013,RELATIVE ABUNDANCE (TYPE-4),8,1995,TRUE
Upper Fraser River_SP_1.3,UFR-spring,DU11,CK-12,ICE CREEK,3075,2014,RELATIVE ABUNDANCE (TYPE-4),2,1995,TRUE
Upper Fraser River_SP_1.3,UFR-spring,DU11,CK-12,ICE CREEK,3075,2015,INFILL,24.20410281,1995,TRUE
Upper Fraser River_SP_1.3,UFR-spring,DU11,CK-12,ICE CREEK,3075,2016,INFILL,19.28717351,1995,TRUE
Upper Fraser River_SP_1.3,UFR-spring,DU11,CK-12,ICE CREEK,3075,2017,INFILL,10.42782019,1995,TRUE
Upper Fraser River_SP_1.3,UFR-spring,DU11,CK-12,ICE CREEK,3075,2018,INFILL,11.21166401,1995,TRUE
Upper Fraser River_SP_1.3,UFR-spring,DU11,CK-12,ICE CREEK,3075,2019,INFILL,3.113936535,1995,TRUE
Upper Fraser River_SP_1.3,UFR-spring,DU11,CK-12,ICE CREEK,3075,2020,INFILL,21.57778783,1995,TRUE
Upper Fraser River_SP_1.3,UFR-spring,DU11,CK-12,ICE CREEK,3075,2021,INFILL,21.87706436,1995,TRUE
Upper Fraser River_SP_1.3,UFR-spring,DU11,CK-12,ICE CREEK,3075,2022,INFILL,30.37530676,1995,TRUE
Upper Fraser River_SP_1.3,UFR-spring,DU11,CK-12,ICE CREEK,3075,2023,INFILL,20.94843918,1995,TRUE
Boundary Bay_FA_0.3,BB,DU1,CK-02,CAMPBELL RIVER,7808,1980,TRUE ABUNDANCE (TYPE-1),18,1980,TRUE
Boundary Bay_FA_0.3,BB,DU1,CK-02,CAMPBELL RIVER,7808,1981,TRUE ABUNDANCE (TYPE-1),83,1980,TRUE
Boundary Bay_FA_0.3,BB,DU1,CK-02,CAMPBELL RIVER,7808,1982,TRUE ABUNDANCE (TYPE-1),75,1980,TRUE
Boundary Bay_FA_0.3,BB,DU1,CK-02,CAMPBELL RIVER,7808,1983,TRUE ABUNDANCE (TYPE-1),57,1980,TRUE
Boundary Bay_FA_0.3,BB,DU1,CK-02,CAMPBELL RIVER,7808,1984,TRUE ABUNDANCE (TYPE-1),155,1980,TRUE
Boundary Bay_FA_0.3,BB,DU1,CK-02,CAMPBELL RIVER,7808,1985,TRUE ABUNDANCE (TYPE-1),150,1980,TRUE
Boundary Bay_FA_0.3,BB,DU1,CK-02,CAMPBELL RIVER,7808,1986,TRUE ABUNDANCE (TYPE-1),38,1980,TRUE
Boundary Bay_FA_0.3,BB,DU1,CK-02,CAMPBELL RIVER,7808,1987,TRUE ABUNDANCE (TYPE-1),6,1980,TRUE
Boundary Bay_FA_0.3,BB,DU1,CK-02,CAMPBELL RIVER,7808,1988,TRUE ABUNDANCE (TYPE-1),43,1980,TRUE
Boundary Bay_FA_0.3,BB,DU1,CK-02,CAMPBELL RIVER,7808,1989,TRUE ABUNDANCE (TYPE-1),0,1980,TRUE
Boundary Bay_FA_0.3,BB,DU1,CK-02,CAMPBELL RIVER,7808,1990,TRUE ABUNDANCE (TYPE-1),111,1980,TRUE
Boundary Bay_FA_0.3,BB,DU1,CK-02,CAMPBELL RIVER,7808,1991,TRUE ABUNDANCE (TYPE-1),292,1980,TRUE
Boundary Bay_FA_0.3,BB,DU1,CK-02,CAMPBELL RIVER,7808,1992,TRUE ABUNDANCE (TYPE-1),54,1980,TRUE
Boundary Bay_FA_0.3,BB,DU1,CK-02,CAMPBELL RIVER,7808,1993,TRUE ABUNDANCE (TYPE-1),69,1980,TRUE
Boundary Bay_FA_0.3,BB,DU1,CK-02,CAMPBELL RIVER,7808,1994,TRUE ABUNDANCE (TYPE-1),52,1980,TRUE
Boundary Bay_FA_0.3,BB,DU1,CK-02,CAMPBELL RIVER,7808,1995,TRUE ABUNDANCE (TYPE-1),197,1980,TRUE
Boundary Bay_FA_0.3,BB,DU1,CK-02,CAMPBELL RIVER,7808,1996,TRUE ABUNDANCE (TYPE-1),201,1980,TRUE
Boundary Bay_FA_0.3,BB,DU1,CK-02,CAMPBELL RIVER,7808,1997,TRUE ABUNDANCE (TYPE-1),254,1980,TRUE
Boundary Bay_FA_0.3,BB,DU1,CK-02,CAMPBELL RIVER,7808,1998,TRUE ABUNDANCE (TYPE-1),209,1980,TRUE
Boundary Bay_FA_0.3,BB,DU1,CK-02,CAMPBELL RIVER,7808,1999,TRUE ABUNDANCE (TYPE-1),119,1980,TRUE
Boundary Bay_FA_0.3,BB,DU1,CK-02,CAMPBELL RIVER,7808,2000,TRUE ABUNDANCE (TYPE-1),317,1980,TRUE
Boundary Bay_FA_0.3,BB,DU1,CK-02,CAMPBELL RIVER,7808,2001,TRUE ABUNDANCE (TYPE-1),202,1980,TRUE
Boundary Bay_FA_0.3,BB,DU1,CK-02,CAMPBELL RIVER,7808,2002,TRUE ABUNDANCE (TYPE-1),120,1980,TRUE
Boundary Bay_FA_0.3,BB,DU1,CK-02,CAMPBELL RIVER,7808,2003,TRUE ABUNDANCE (TYPE-1),264,1980,TRUE
Boundary Bay_FA_0.3,BB,DU1,CK-02,CAMPBELL RIVER,7808,2004,TRUE ABUNDANCE (TYPE-1),181,1980,TRUE
Boundary Bay_FA_0.3,BB,DU1,CK-02,CAMPBELL RIVER,7808,2005,TRUE ABUNDANCE (TYPE-1),105,1980,TRUE
Boundary Bay_FA_0.3,BB,DU1,CK-02,CAMPBELL RIVER,7808,2006,TRUE ABUNDANCE (TYPE-1),152,1980,TRUE
Boundary Bay_FA_0.3,BB,DU1,CK-02,CAMPBELL RIVER,7808,2007,TRUE ABUNDANCE (TYPE-1),262,1980,TRUE
Boundary Bay_FA_0.3,BB,DU1,CK-02,CAMPBELL RIVER,7808,2008,TRUE ABUNDANCE (TYPE-1),101,1980,TRUE
Boundary Bay_FA_0.3,BB,DU1,CK-02,CAMPBELL RIVER,7808,2009,TRUE ABUNDANCE (TYPE-1),112,1980,TRUE
Boundary Bay_FA_0.3,BB,DU1,CK-02,CAMPBELL RIVER,7808,2010,TRUE ABUNDANCE (TYPE-1),598,1980,TRUE
Boundary Bay_FA_0.3,BB,DU1,CK-02,CAMPBELL RIVER,7808,2011,TRUE ABUNDANCE (TYPE-1),334,1980,TRUE
Boundary Bay_FA_0.3,BB,DU1,CK-02,CAMPBELL RIVER,7808,2012,TRUE ABUNDANCE (TYPE-1),300,1980,TRUE
Boundary Bay_FA_0.3,BB,DU1,CK-02,CAMPBELL RIVER,7808,2013,TRUE ABUNDANCE (TYPE-1),346,1980,TRUE
Boundary Bay_FA_0.3,BB,DU1,CK-02,CAMPBELL RIVER,7808,2014,TRUE ABUNDANCE (TYPE-1),264,1980,TRUE
Boundary Bay_FA_0.3,BB,DU1,CK-02,CAMPBELL RIVER,7808,2015,TRUE ABUNDANCE (TYPE-1),172,1980,TRUE
Boundary Bay_FA_0.3,BB,DU1,CK-02,CAMPBELL RIVER,7808,2016,TRUE ABUNDANCE (TYPE-1),189,1980,TRUE
Boundary Bay_FA_0.3,BB,DU1,CK-02,CAMPBELL RIVER,7808,2017,TRUE ABUNDANCE (TYPE-1),121,1980,TRUE
Boundary Bay_FA_0.3,BB,DU1,CK-02,CAMPBELL RIVER,7808,2018,TRUE ABUNDANCE (TYPE-1),85,1980,TRUE
Boundary Bay_FA_0.3,BB,DU1,CK-02,CAMPBELL RIVER,7808,2019,TRUE ABUNDANCE (TYPE-1),456,1980,TRUE
Boundary Bay_FA_0.3,BB,DU1,CK-02,CAMPBELL RIVER,7808,2020,TRUE ABUNDANCE (TYPE-1),527,1980,TRUE
Boundary Bay_FA_0.3,BB,DU1,CK-02,CAMPBELL RIVER,7808,2021,TRUE ABUNDANCE (TYPE-1),458,1980,TRUE
Boundary Bay_FA_0.3,BB,DU1,CK-02,CAMPBELL RIVER,7808,2022,TRUE ABUNDANCE (TYPE-1),589,1980,TRUE
Boundary Bay_FA_0.3,BB,DU1,CK-02,CAMPBELL RIVER,7808,2023,TRUE ABUNDANCE (TYPE-1),934,1980,TRUE
West Vancouver Island-North_FA_0.x,NWVI,DU26,CK-33,MARBLE RIVER,39958,1985,QualFiltered,NA,1995,FALSE
West Vancouver Island-North_FA_0.x,NWVI,DU26,CK-33,MARBLE RIVER,39958,1986,QualFiltered,NA,1995,FALSE
West Vancouver Island-North_FA_0.x,NWVI,DU26,CK-33,MARBLE RIVER,39958,1987,QualFiltered,NA,1995,FALSE
West Vancouver Island-North_FA_0.x,NWVI,DU26,CK-33,MARBLE RIVER,39958,1988,QualFiltered,NA,1995,FALSE
West Vancouver Island-North_FA_0.x,NWVI,DU26,CK-33,MARBLE RIVER,39958,1989,QualFiltered,NA,1995,FALSE
West Vancouver Island-North_FA_0.x,NWVI,DU26,CK-33,MARBLE RIVER,39958,1991,QualFiltered,NA,1995,FALSE
West Vancouver Island-North_FA_0.x,NWVI,DU26,CK-33,MARBLE RIVER,39958,1992,QualFiltered,NA,1995,FALSE
West Vancouver Island-North_FA_0.x,NWVI,DU26,CK-33,MARBLE RIVER,39958,1993,QualFiltered,NA,1995,FALSE
West Vancouver Island-North_FA_0.x,NWVI,DU26,CK-33,MARBLE RIVER,39958,1995,QualFiltered,NA,1995,TRUE
West Vancouver Island-North_FA_0.x,NWVI,DU26,CK-33,MARBLE RIVER,39958,1996,RELATIVE ABUNDANCE (TYPE-4),NA,1995,TRUE
West Vancouver Island-North_FA_0.x,NWVI,DU26,CK-33,MARBLE RIVER,39958,1999,QualFiltered,NA,1995,TRUE
West Vancouver Island-North_FA_0.x,NWVI,DU26,CK-33,MARBLE RIVER,39958,2003,RELATIVE ABUNDANCE (TYPE-4),NA,1995,TRUE
West Vancouver Island-North_FA_0.x,NWVI,DU26,CK-33,MARBLE RIVER,39958,2005,RELATIVE ABUNDANCE (TYPE-4),NA,1995,TRUE
West Vancouver Island-North_FA_0.x,NWVI,DU26,CK-33,MARBLE RIVER,39958,2012,QualFiltered,NA,1995,TRUE
West Vancouver Island-North_FA_0.x,NWVI,DU26,CK-33,MARBLE RIVER,39958,2016,QualFiltered,NA,1995,TRUE
West Vancouver Island-North_FA_0.x,NWVI,DU26,CK-33,MARBLE RIVER,39958,2017,QualFiltered,NA,1995,TRUE
West Vancouver Island-North_FA_0.x,NWVI,DU26,CK-33,MARBLE RIVER,39958,2019,QualFiltered,NA,1995,TRUE
East Vancouver Island-Nanaimo & Chemainus_FA_0.x,EVI-fall,DU21,CK-25,CHEMAINUS RIVER,39984,1983,QualFiltered,NA,NA,TRUE
East Vancouver Island-Nanaimo & Chemainus_FA_0.x,EVI-fall,DU21,CK-25,CHEMAINUS RIVER,39984,1987,QualFiltered,NA,NA,TRUE
East Vancouver Island-Nanaimo & Chemainus_FA_0.x,EVI-fall,DU21,CK-25,CHEMAINUS RIVER,39984,1988,QualFiltered,NA,NA,TRUE
East Vancouver Island-Nanaimo & Chemainus_FA_0.x,EVI-fall,DU21,CK-25,CHEMAINUS RIVER,39984,1989,QualFiltered,NA,NA,TRUE
East Vancouver Island-Nanaimo & Chemainus_FA_0.x,EVI-fall,DU21,CK-25,CHEMAINUS RIVER,39984,1990,QualFiltered,NA,NA,TRUE
East Vancouver Island-Nanaimo & Chemainus_FA_0.x,EVI-fall,DU21,CK-25,CHEMAINUS RIVER,39984,1991,QualFiltered,NA,NA,TRUE
East Vancouver Island-Nanaimo & Chemainus_FA_0.x,EVI-fall,DU21,CK-25,CHEMAINUS RIVER,39984,1992,QualFiltered,NA,NA,TRUE
East Vancouver Island-Nanaimo & Chemainus_FA_0.x,EVI-fall,DU21,CK-25,CHEMAINUS RIVER,39984,1993,QualFiltered,NA,NA,TRUE
East Vancouver Island-Nanaimo & Chemainus_FA_0.x,EVI-fall,DU21,CK-25,CHEMAINUS RIVER,39984,1994,QualFiltered,NA,NA,TRUE
East Vancouver Island-Nanaimo & Chemainus_FA_0.x,EVI-fall,DU21,CK-25,CHEMAINUS RIVER,39984,1995,QualFiltered,NA,NA,TRUE
East Vancouver Island-Nanaimo & Chemainus_FA_0.x,EVI-fall,DU21,CK-25,CHEMAINUS RIVER,39984,1996,QualFiltered,NA,NA,TRUE
East Vancouver Island-Nanaimo & Chemainus_FA_0.x,EVI-fall,DU21,CK-25,CHEMAINUS RIVER,39984,2011,QualFiltered,NA,NA,TRUE
East Vancouver Island-Nanaimo & Chemainus_FA_0.x,EVI-fall,DU21,CK-25,CHEMAINUS RIVER,39984,2012,QualFiltered,NA,NA,TRUE
East Vancouver Island-Nanaimo & Chemainus_FA_0.x,EVI-fall,DU21,CK-25,CHEMAINUS RIVER,39984,2013,QualFiltered,NA,NA,TRUE
East Vancouver Island-Nanaimo & Chemainus_FA_0.x,EVI-fall,DU21,CK-25,CHEMAINUS RIVER,39984,2014,QualFiltered,NA,NA,TRUE
East Vancouver Island-Nanaimo & Chemainus_FA_0.x,EVI-fall,DU21,CK-25,CHEMAINUS RIVER,39984,2015,QualFiltered,NA,NA,TRUE
East Vancouver Island-Nanaimo & Chemainus_FA_0.x,EVI-fall,DU21,CK-25,CHEMAINUS RIVER,39984,2016,QualFiltered,NA,NA,TRUE
East Vancouver Island-Nanaimo & Chemainus_FA_0.x,EVI-fall,DU21,CK-25,CHEMAINUS RIVER,39984,2017,QualFiltered,NA,NA,TRUE
East Vancouver Island-Nanaimo & Chemainus_FA_0.x,EVI-fall,DU21,CK-25,CHEMAINUS RIVER,39984,2018,QualFiltered,NA,NA,TRUE
East Vancouver Island-Nanaimo & Chemainus_FA_0.x,EVI-fall,DU21,CK-25,CHEMAINUS RIVER,39984,2019,QualFiltered,NA,NA,TRUE
East Vancouver Island-Nanaimo & Chemainus_FA_0.x,EVI-fall,DU21,CK-25,CHEMAINUS RIVER,39984,2020,QualFiltered,NA,NA,TRUE
East Vancouver Island-Nanaimo & Chemainus_FA_0.x,EVI-fall,DU21,CK-25,CHEMAINUS RIVER,39984,2021,QualFiltered,NA,NA,TRUE
East Vancouver Island-Nanaimo & Chemainus_FA_0.x,EVI-fall,DU21,CK-25,CHEMAINUS RIVER,39984,2022,QualFiltered,NA,NA,TRUE
East Vancouver Island-Nanaimo & Chemainus_FA_0.x,EVI-fall,DU21,CK-25,CHEMAINUS RIVER,39984,2023,QualFiltered,NA,NA,TRUE
East Vancouver Island-Cowichan & Koksilah_FA_0.x,CWCH-KOK,DU21,CK-22,COWICHAN RIVER,40023,1982,QualFiltered,NA,1988,FALSE
East Vancouver Island-Cowichan & Koksilah_FA_0.x,CWCH-KOK,DU21,CK-22,COWICHAN RIVER,40023,1983,QualFiltered,NA,1988,FALSE
East Vancouver Island-Cowichan & Koksilah_FA_0.x,CWCH-KOK,DU21,CK-22,COWICHAN RIVER,40023,1984,QualFiltered,NA,1988,FALSE
East Vancouver Island-Cowichan & Koksilah_FA_0.x,CWCH-KOK,DU21,CK-22,COWICHAN RIVER,40023,1985,QualFiltered,NA,1988,FALSE
East Vancouver Island-Cowichan & Koksilah_FA_0.x,CWCH-KOK,DU21,CK-22,COWICHAN RIVER,40023,1986,QualFiltered,NA,1988,FALSE
East Vancouver Island-Cowichan & Koksilah_FA_0.x,CWCH-KOK,DU21,CK-22,COWICHAN RIVER,40023,1987,QualFiltered,NA,1988,FALSE
East Vancouver Island-Cowichan & Koksilah_FA_0.x,CWCH-KOK,DU21,CK-22,COWICHAN RIVER,40023,1988,TRUE ABUNDANCE (TYPE-1),6878,1988,TRUE
East Vancouver Island-Cowichan & Koksilah_FA_0.x,CWCH-KOK,DU21,CK-22,COWICHAN RIVER,40023,1989,TRUE ABUNDANCE (TYPE-1),5535,1988,TRUE
East Vancouver Island-Cowichan & Koksilah_FA_0.x,CWCH-KOK,DU21,CK-22,COWICHAN RIVER,40023,1990,TRUE ABUNDANCE (TYPE-1),5626,1988,TRUE
East Vancouver Island-Cowichan & Koksilah_FA_0.x,CWCH-KOK,DU21,CK-22,COWICHAN RIVER,40023,1991,TRUE ABUNDANCE (TYPE-1),7408,1988,TRUE
East Vancouver Island-Cowichan & Koksilah_FA_0.x,CWCH-KOK,DU21,CK-22,COWICHAN RIVER,40023,1992,TRUE ABUNDANCE (TYPE-1),10250,1988,TRUE
East Vancouver Island-Cowichan & Koksilah_FA_0.x,CWCH-KOK,DU21,CK-22,COWICHAN RIVER,40023,1993,TRUE ABUNDANCE (TYPE-1),7030,1988,TRUE
East Vancouver Island-Cowichan & Koksilah_FA_0.x,CWCH-KOK,DU21,CK-22,COWICHAN RIVER,40023,1994,TRUE ABUNDANCE (TYPE-1),6407,1988,TRUE
East Vancouver Island-Cowichan & Koksilah_FA_0.x,CWCH-KOK,DU21,CK-22,COWICHAN RIVER,40023,1995,TRUE ABUNDANCE (TYPE-1),16449,1988,TRUE
East Vancouver Island-Cowichan & Koksilah_FA_0.x,CWCH-KOK,DU21,CK-22,COWICHAN RIVER,40023,1996,TRUE ABUNDANCE (TYPE-1),14596,1988,TRUE
East Vancouver Island-Cowichan & Koksilah_FA_0.x,CWCH-KOK,DU21,CK-22,COWICHAN RIVER,40023,1997,TRUE ABUNDANCE (TYPE-2),9973,1988,TRUE
East Vancouver Island-Cowichan & Koksilah_FA_0.x,CWCH-KOK,DU21,CK-22,COWICHAN RIVER,40023,1998,TRUE ABUNDANCE (TYPE-1),5858,1988,TRUE
East Vancouver Island-Cowichan & Koksilah_FA_0.x,CWCH-KOK,DU21,CK-22,COWICHAN RIVER,40023,1999,TRUE ABUNDANCE (TYPE-1),6110,1988,TRUE
East Vancouver Island-Cowichan & Koksilah_FA_0.x,CWCH-KOK,DU21,CK-22,COWICHAN RIVER,40023,2000,TRUE ABUNDANCE (TYPE-1),6638,1988,TRUE
East Vancouver Island-Cowichan & Koksilah_FA_0.x,CWCH-KOK,DU21,CK-22,COWICHAN RIVER,40023,2001,TRUE ABUNDANCE (TYPE-1),5014,1988,TRUE
East Vancouver Island-Cowichan & Koksilah_FA_0.x,CWCH-KOK,DU21,CK-22,COWICHAN RIVER,40023,2002,TRUE ABUNDANCE (TYPE-1),4115,1988,TRUE
East Vancouver Island-Cowichan & Koksilah_FA_0.x,CWCH-KOK,DU21,CK-22,COWICHAN RIVER,40023,2003,TRUE ABUNDANCE (TYPE-1),3356,1988,TRUE
East Vancouver Island-Cowichan & Koksilah_FA_0.x,CWCH-KOK,DU21,CK-22,COWICHAN RIVER,40023,2004,TRUE ABUNDANCE (TYPE-1),2721,1988,TRUE
East Vancouver Island-Cowichan & Koksilah_FA_0.x,CWCH-KOK,DU21,CK-22,COWICHAN RIVER,40023,2005,TRUE ABUNDANCE (TYPE-2),2467,1988,TRUE
East Vancouver Island-Cowichan & Koksilah_FA_0.x,CWCH-KOK,DU21,CK-22,COWICHAN RIVER,40023,2006,TRUE ABUNDANCE (TYPE-2),1775,1988,TRUE
East Vancouver Island-Cowichan & Koksilah_FA_0.x,CWCH-KOK,DU21,CK-22,COWICHAN RIVER,40023,2007,TRUE ABUNDANCE (TYPE-2),2175,1988,TRUE
East Vancouver Island-Cowichan & Koksilah_FA_0.x,CWCH-KOK,DU21,CK-22,COWICHAN RIVER,40023,2008,TRUE ABUNDANCE (TYPE-1),2015,1988,TRUE
East Vancouver Island-Cowichan & Koksilah_FA_0.x,CWCH-KOK,DU21,CK-22,COWICHAN RIVER,40023,2009,TRUE ABUNDANCE (TYPE-2),785,1988,TRUE
East Vancouver Island-Cowichan & Koksilah_FA_0.x,CWCH-KOK,DU21,CK-22,COWICHAN RIVER,40023,2010,TRUE ABUNDANCE (TYPE-2),2879,1988,TRUE
East Vancouver Island-Cowichan & Koksilah_FA_0.x,CWCH-KOK,DU21,CK-22,COWICHAN RIVER,40023,2011,TRUE ABUNDANCE (TYPE-2),3492,1988,TRUE
East Vancouver Island-Cowichan & Koksilah_FA_0.x,CWCH-KOK,DU21,CK-22,COWICHAN RIVER,40023,2012,TRUE ABUNDANCE (TYPE-2),3448,1988,TRUE
East Vancouver Island-Cowichan & Koksilah_FA_0.x,CWCH-KOK,DU21,CK-22,COWICHAN RIVER,40023,2013,QualFiltered,NA,1988,TRUE
East Vancouver Island-Cowichan & Koksilah_FA_0.x,CWCH-KOK,DU21,CK-22,COWICHAN RIVER,40023,2014,QualFiltered,NA,1988,TRUE
East Vancouver Island-Cowichan & Koksilah_FA_0.x,CWCH-KOK,DU21,CK-22,COWICHAN RIVER,40023,2015,QualFiltered,NA,1988,TRUE
East Vancouver Island-Cowichan & Koksilah_FA_0.x,CWCH-KOK,DU21,CK-22,COWICHAN RIVER,40023,2016,QualFiltered,NA,1988,TRUE
East Vancouver Island-Cowichan & Koksilah_FA_0.x,CWCH-KOK,DU21,CK-22,COWICHAN RIVER,40023,2017,QualFiltered,NA,1988,TRUE
East Vancouver Island-Cowichan & Koksilah_FA_0.x,CWCH-KOK,DU21,CK-22,COWICHAN RIVER,40023,2018,QualFiltered,NA,1988,TRUE
East Vancouver Island-Cowichan & Koksilah_FA_0.x,CWCH-KOK,DU21,CK-22,COWICHAN RIVER,40023,2019,QualFiltered,NA,1988,TRUE
East Vancouver Island-Cowichan & Koksilah_FA_0.x,CWCH-KOK,DU21,CK-22,COWICHAN RIVER,40023,2020,QualFiltered,NA,1988,TRUE
East Vancouver Island-Cowichan & Koksilah_FA_0.x,CWCH-KOK,DU21,CK-22,COWICHAN RIVER,40023,2021,QualFiltered,NA,1988,TRUE
East Vancouver Island-Cowichan & Koksilah_FA_0.x,CWCH-KOK,DU21,CK-22,COWICHAN RIVER,40023,2022,QualFiltered,NA,1988,TRUE
East Vancouver Island-Cowichan & Koksilah_FA_0.x,CWCH-KOK,DU21,CK-22,COWICHAN RIVER,40023,2023,QualFiltered,NA,1988,TRUE
East Vancouver Island-Cowichan & Koksilah_FA_0.x,CWCH-KOK,DU21,CK-22,COWICHAN RIVER,40023,2024,QualFiltered,NA,1988,TRUE
East Vancouver Island-Goldstream_FA_0.x,Goldstr,DU21,CK-21,GOLDSTREAM RIVER,40053,1992,QualFiltered,NA,2000,FALSE
East Vancouver Island-Goldstream_FA_0.x,Goldstr,DU21,CK-21,GOLDSTREAM RIVER,40053,1995,QualFiltered,NA,2000,FALSE
East Vancouver Island-Goldstream_FA_0.x,Goldstr,DU21,CK-21,GOLDSTREAM RIVER,40053,2011,QualFiltered,NA,2000,TRUE
East Vancouver Island-Goldstream_FA_0.x,Goldstr,DU21,CK-21,GOLDSTREAM RIVER,40053,2012,QualFiltered,NA,2000,TRUE
East Vancouver Island-Goldstream_FA_0.x,Goldstr,DU21,CK-21,GOLDSTREAM RIVER,40053,2013,QualFiltered,NA,2000,TRUE
East Vancouver Island-Goldstream_FA_0.x,Goldstr,DU21,CK-21,GOLDSTREAM RIVER,40053,2016,QualFiltered,NA,2000,TRUE
East Vancouver Island-Goldstream_FA_0.x,Goldstr,DU21,CK-21,GOLDSTREAM RIVER,40053,2018,QualFiltered,NA,2000,TRUE
East Vancouver Island-Goldstream_FA_0.x,Goldstr,DU21,CK-21,GOLDSTREAM RIVER,40053,2019,QualFiltered,NA,2000,TRUE
East Vancouver Island-Goldstream_FA_0.x,Goldstr,DU21,CK-21,GOLDSTREAM RIVER,40053,2021,QualFiltered,NA,2000,TRUE
West Vancouver Island-South_FA_0.x,SWVI,DU24,CK-31,SOOKE RIVER,40153,1995,INFILL,451.8276625,1995,TRUE
West Vancouver Island-South_FA_0.x,SWVI,DU24,CK-31,SOOKE RIVER,40153,1996,INFILL,1112.97835,1995,TRUE
West Vancouver Island-South_FA_0.x,SWVI,DU24,CK-31,SOOKE RIVER,40153,1997,INFILL,1470.736579,1995,TRUE
West Vancouver Island-South_FA_0.x,SWVI,DU24,CK-31,SOOKE RIVER,40153,1998,INFILL,1629.695313,1995,TRUE
West Vancouver Island-South_FA_0.x,SWVI,DU24,CK-31,SOOKE RIVER,40153,1999,RELATIVE ABUNDANCE (TYPE-3),828,1995,TRUE
West Vancouver Island-South_FA_0.x,SWVI,DU24,CK-31,SOOKE RIVER,40153,2000,INFILL,382.6499862,1995,TRUE
West Vancouver Island-South_FA_0.x,SWVI,DU24,CK-31,SOOKE RIVER,40153,2001,RELATIVE ABUNDANCE (TYPE-3),917,1995,TRUE
West Vancouver Island-South_FA_0.x,SWVI,DU24,CK-31,SOOKE RIVER,40153,2002,INFILL,1018.276177,1995,TRUE
West Vancouver Island-South_FA_0.x,SWVI,DU24,CK-31,SOOKE RIVER,40153,2003,INFILL,1381.222533,1995,TRUE
West Vancouver Island-South_FA_0.x,SWVI,DU24,CK-31,SOOKE RIVER,40153,2004,INFILL,1760.63838,1995,TRUE
West Vancouver Island-South_FA_0.x,SWVI,DU24,CK-31,SOOKE RIVER,40153,2005,INFILL,673.4001734,1995,TRUE
West Vancouver Island-South_FA_0.x,SWVI,DU24,CK-31,SOOKE RIVER,40153,2006,INFILL,1858.949263,1995,TRUE
West Vancouver Island-South_FA_0.x,SWVI,DU24,CK-31,SOOKE RIVER,40153,2007,INFILL,414.014817,1995,TRUE
West Vancouver Island-South_FA_0.x,SWVI,DU24,CK-31,SOOKE RIVER,40153,2008,INFILL,539.0732537,1995,TRUE
West Vancouver Island-South_FA_0.x,SWVI,DU24,CK-31,SOOKE RIVER,40153,2009,INFILL,444.8667668,1995,TRUE
West Vancouver Island-South_FA_0.x,SWVI,DU24,CK-31,SOOKE RIVER,40153,2010,INFILL,578.1755533,1995,TRUE
West Vancouver Island-South_FA_0.x,SWVI,DU24,CK-31,SOOKE RIVER,40153,2011,INFILL,713.3833786,1995,TRUE
West Vancouver Island-South_FA_0.x,SWVI,DU24,CK-31,SOOKE RIVER,40153,2012,INFILL,837.7994354,1995,TRUE
West Vancouver Island-South_FA_0.x,SWVI,DU24,CK-31,SOOKE RIVER,40153,2013,QualFiltered,NA,1995,TRUE
West Vancouver Island-South_FA_0.x,SWVI,DU24,CK-31,SOOKE RIVER,40153,2014,QualFiltered,NA,1995,TRUE
West Vancouver Island-South_FA_0.x,SWVI,DU24,CK-31,SOOKE RIVER,40153,2015,QualFiltered,NA,1995,TRUE
West Vancouver Island-South_FA_0.x,SWVI,DU24,CK-31,SOOKE RIVER,40153,2016,QualFiltered,NA,1995,TRUE
West Vancouver Island-South_FA_0.x,SWVI,DU24,CK-31,SOOKE RIVER,40153,2017,QualFiltered,NA,1995,TRUE
West Vancouver Island-South_FA_0.x,SWVI,DU24,CK-31,SOOKE RIVER,40153,2018,QualFiltered,NA,1995,TRUE
West Vancouver Island-South_FA_0.x,SWVI,DU24,CK-31,SOOKE RIVER,40153,2019,QualFiltered,NA,1995,TRUE
West Vancouver Island-South_FA_0.x,SWVI,DU24,CK-31,SOOKE RIVER,40153,2020,QualFiltered,NA,1995,TRUE
West Vancouver Island-South_FA_0.x,SWVI,DU24,CK-31,SOOKE RIVER,40153,2021,QualFiltered,NA,1995,TRUE
West Vancouver Island-South_FA_0.x,SWVI,DU24,CK-31,SOOKE RIVER,40153,2022,QualFiltered,NA,1995,TRUE
West Vancouver Island-South_FA_0.x,SWVI,DU24,CK-31,SOOKE RIVER,40153,2023,QualFiltered,NA,1995,TRUE
West Vancouver Island-South_FA_0.x,SWVI,DU24,CK-31,SAN JUAN RIVER,40253,1981,QualFiltered,NA,1995,FALSE
West Vancouver Island-South_FA_0.x,SWVI,DU24,CK-31,SAN JUAN RIVER,40253,1982,QualFiltered,NA,1995,FALSE
West Vancouver Island-South_FA_0.x,SWVI,DU24,CK-31,SAN JUAN RIVER,40253,1983,QualFiltered,NA,1995,FALSE
West Vancouver Island-South_FA_0.x,SWVI,DU24,CK-31,SAN JUAN RIVER,40253,1984,QualFiltered,NA,1995,FALSE
West Vancouver Island-South_FA_0.x,SWVI,DU24,CK-31,SAN JUAN RIVER,40253,1985,QualFiltered,NA,1995,FALSE
West Vancouver Island-South_FA_0.x,SWVI,DU24,CK-31,SAN JUAN RIVER,40253,1986,QualFiltered,NA,1995,FALSE
West Vancouver Island-South_FA_0.x,SWVI,DU24,CK-31,SAN JUAN RIVER,40253,1987,QualFiltered,NA,1995,FALSE
West Vancouver Island-South_FA_0.x,SWVI,DU24,CK-31,SAN JUAN RIVER,40253,1988,QualFiltered,NA,1995,FALSE
West Vancouver Island-South_FA_0.x,SWVI,DU24,CK-31,SAN JUAN RIVER,40253,1990,QualFiltered,NA,1995,FALSE
West Vancouver Island-South_FA_0.x,SWVI,DU24,CK-31,SAN JUAN RIVER,40253,1991,QualFiltered,NA,1995,FALSE
West Vancouver Island-South_FA_0.x,SWVI,DU24,CK-31,SAN JUAN RIVER,40253,1992,QualFiltered,NA,1995,FALSE
West Vancouver Island-South_FA_0.x,SWVI,DU24,CK-31,SAN JUAN RIVER,40253,1993,QualFiltered,NA,1995,FALSE
West Vancouver Island-South_FA_0.x,SWVI,DU24,CK-31,SAN JUAN RIVER,40253,1994,QualFiltered,NA,1995,FALSE
West Vancouver Island-South_FA_0.x,SWVI,DU24,CK-31,SAN JUAN RIVER,40253,1995,RELATIVE ABUNDANCE (TYPE-4),719,1995,TRUE
West Vancouver Island-South_FA_0.x,SWVI,DU24,CK-31,SAN JUAN RIVER,40253,1996,RELATIVE ABUNDANCE (TYPE-4),1065,1995,TRUE
West Vancouver Island-South_FA_0.x,SWVI,DU24,CK-31,SAN JUAN RIVER,40253,1997,INFILL,2672.129094,1995,TRUE
West Vancouver Island-South_FA_0.x,SWVI,DU24,CK-31,SAN JUAN RIVER,40253,1998,INFILL,2960.935578,1995,TRUE
West Vancouver Island-South_FA_0.x,SWVI,DU24,CK-31,SAN JUAN RIVER,40253,1999,INFILL,1685.123619,1995,TRUE
West Vancouver Island-South_FA_0.x,SWVI,DU24,CK-31,SAN JUAN RIVER,40253,2000,RELATIVE ABUNDANCE (TYPE-4),370,1995,TRUE
West Vancouver Island-South_FA_0.x,SWVI,DU24,CK-31,SAN JUAN RIVER,40253,2001,RELATIVE ABUNDANCE (TYPE-4),819,1995,TRUE
West Vancouver Island-South_FA_0.x,SWVI,DU24,CK-31,SAN JUAN RIVER,40253,2002,RELATIVE ABUNDANCE (TYPE-4),1457,1995,TRUE
West Vancouver Island-South_FA_0.x,SWVI,DU24,CK-31,SAN JUAN RIVER,40253,2003,RELATIVE ABUNDANCE (TYPE-4),1921,1995,TRUE
West Vancouver Island-South_FA_0.x,SWVI,DU24,CK-31,SAN JUAN RIVER,40253,2004,INFILL,3198.841388,1995,TRUE
West Vancouver Island-South_FA_0.x,SWVI,DU24,CK-31,SAN JUAN RIVER,40253,2005,RELATIVE ABUNDANCE (TYPE-4),1227,1995,TRUE
West Vancouver Island-South_FA_0.x,SWVI,DU24,CK-31,SAN JUAN RIVER,40253,2006,RELATIVE ABUNDANCE (TYPE-4),4515,1995,TRUE
West Vancouver Island-South_FA_0.x,SWVI,DU24,CK-31,SAN JUAN RIVER,40253,2007,RELATIVE ABUNDANCE (TYPE-4),1891,1995,TRUE
West Vancouver Island-South_FA_0.x,SWVI,DU24,CK-31,SAN JUAN RIVER,40253,2008,RELATIVE ABUNDANCE (TYPE-4),1710,1995,TRUE
West Vancouver Island-South_FA_0.x,SWVI,DU24,CK-31,SAN JUAN RIVER,40253,2009,RELATIVE ABUNDANCE (TYPE-4),2918,1995,TRUE
West Vancouver Island-South_FA_0.x,SWVI,DU24,CK-31,SAN JUAN RIVER,40253,2010,RELATIVE ABUNDANCE (TYPE-4),1300,1995,TRUE
West Vancouver Island-South_FA_0.x,SWVI,DU24,CK-31,SAN JUAN RIVER,40253,2011,RELATIVE ABUNDANCE (TYPE-4),591,1995,TRUE
West Vancouver Island-South_FA_0.x,SWVI,DU24,CK-31,SAN JUAN RIVER,40253,2012,RELATIVE ABUNDANCE (TYPE-4),1690,1995,TRUE
West Vancouver Island-South_FA_0.x,SWVI,DU24,CK-31,SAN JUAN RIVER,40253,2013,QualFiltered,NA,1995,TRUE
West Vancouver Island-South_FA_0.x,SWVI,DU24,CK-31,SAN JUAN RIVER,40253,2014,QualFiltered,NA,1995,TRUE
West Vancouver Island-South_FA_0.x,SWVI,DU24,CK-31,SAN JUAN RIVER,40253,2015,QualFiltered,NA,1995,TRUE
West Vancouver Island-South_FA_0.x,SWVI,DU24,CK-31,SAN JUAN RIVER,40253,2016,QualFiltered,NA,1995,TRUE
West Vancouver Island-South_FA_0.x,SWVI,DU24,CK-31,SAN JUAN RIVER,40253,2017,QualFiltered,NA,1995,TRUE
West Vancouver Island-South_FA_0.x,SWVI,DU24,CK-31,SAN JUAN RIVER,40253,2018,QualFiltered,NA,1995,TRUE
West Vancouver Island-South_FA_0.x,SWVI,DU24,CK-31,SAN JUAN RIVER,40253,2019,QualFiltered,NA,1995,TRUE
West Vancouver Island-South_FA_0.x,SWVI,DU24,CK-31,SAN JUAN RIVER,40253,2020,QualFiltered,NA,1995,TRUE
West Vancouver Island-South_FA_0.x,SWVI,DU24,CK-31,SAN JUAN RIVER,40253,2021,QualFiltered,NA,1995,TRUE
West Vancouver Island-South_FA_0.x,SWVI,DU24,CK-31,SAN JUAN RIVER,40253,2022,QualFiltered,NA,1995,TRUE
West Vancouver Island-South_FA_0.x,SWVI,DU24,CK-31,SAN JUAN RIVER,40253,2023,QualFiltered,NA,1995,TRUE
West Vancouver Island-South_FA_0.x,SWVI,DU24,CK-31,GORDON RIVER,40323,1990,QualFiltered,NA,NA,TRUE
West Vancouver Island-South_FA_0.x,SWVI,DU24,CK-31,NITINAT RIVER,40363,1981,QualFiltered,NA,1995,FALSE
West Vancouver Island-South_FA_0.x,SWVI,DU24,CK-31,NITINAT RIVER,40363,1982,QualFiltered,NA,1995,FALSE
West Vancouver Island-South_FA_0.x,SWVI,DU24,CK-31,NITINAT RIVER,40363,1983,QualFiltered,NA,1995,FALSE
West Vancouver Island-South_FA_0.x,SWVI,DU24,CK-31,NITINAT RIVER,40363,1984,QualFiltered,NA,1995,FALSE
West Vancouver Island-South_FA_0.x,SWVI,DU24,CK-31,NITINAT RIVER,40363,1985,QualFiltered,NA,1995,FALSE
West Vancouver Island-South_FA_0.x,SWVI,DU24,CK-31,NITINAT RIVER,40363,1986,QualFiltered,NA,1995,FALSE
West Vancouver Island-South_FA_0.x,SWVI,DU24,CK-31,NITINAT RIVER,40363,1987,QualFiltered,NA,1995,FALSE
West Vancouver Island-South_FA_0.x,SWVI,DU24,CK-31,NITINAT RIVER,40363,1988,QualFiltered,NA,1995,FALSE
West Vancouver Island-South_FA_0.x,SWVI,DU24,CK-31,NITINAT RIVER,40363,1989,QualFiltered,NA,1995,FALSE
West Vancouver Island-South_FA_0.x,SWVI,DU24,CK-31,NITINAT RIVER,40363,1990,QualFiltered,NA,1995,FALSE
West Vancouver Island-South_FA_0.x,SWVI,DU24,CK-31,NITINAT RIVER,40363,1991,QualFiltered,NA,1995,FALSE
West Vancouver Island-South_FA_0.x,SWVI,DU24,CK-31,NITINAT RIVER,40363,1992,QualFiltered,NA,1995,FALSE
West Vancouver Island-South_FA_0.x,SWVI,DU24,CK-31,NITINAT RIVER,40363,1993,QualFiltered,NA,1995,FALSE
West Vancouver Island-South_FA_0.x,SWVI,DU24,CK-31,NITINAT RIVER,40363,1994,QualFiltered,NA,1995,FALSE
West Vancouver Island-South_FA_0.x,SWVI,DU24,CK-31,NITINAT RIVER,40363,1995,TRUE ABUNDANCE (TYPE-1),9366,1995,TRUE
West Vancouver Island-South_FA_0.x,SWVI,DU24,CK-31,NITINAT RIVER,40363,1996,TRUE ABUNDANCE (TYPE-1),25766,1995,TRUE
West Vancouver Island-South_FA_0.x,SWVI,DU24,CK-31,NITINAT RIVER,40363,1997,TRUE ABUNDANCE (TYPE-1),32556,1995,TRUE
West Vancouver Island-South_FA_0.x,SWVI,DU24,CK-31,NITINAT RIVER,40363,1998,TRUE ABUNDANCE (TYPE-1),34469,1995,TRUE
West Vancouver Island-South_FA_0.x,SWVI,DU24,CK-31,NITINAT RIVER,40363,1999,TRUE ABUNDANCE (TYPE-1),20325,1995,TRUE
West Vancouver Island-South_FA_0.x,SWVI,DU24,CK-31,NITINAT RIVER,40363,2000,TRUE ABUNDANCE (TYPE-1),8685,1995,TRUE
West Vancouver Island-South_FA_0.x,SWVI,DU24,CK-31,NITINAT RIVER,40363,2001,TRUE ABUNDANCE (TYPE-1),13959,1995,TRUE
West Vancouver Island-South_FA_0.x,SWVI,DU24,CK-31,NITINAT RIVER,40363,2002,TRUE ABUNDANCE (TYPE-2),20130,1995,TRUE
West Vancouver Island-South_FA_0.x,SWVI,DU24,CK-31,NITINAT RIVER,40363,2003,RELATIVE ABUNDANCE (TYPE-4),28196,1995,TRUE
West Vancouver Island-South_FA_0.x,SWVI,DU24,CK-31,NITINAT RIVER,40363,2004,INFILL,36099.4122,1995,TRUE
West Vancouver Island-South_FA_0.x,SWVI,DU24,CK-31,NITINAT RIVER,40363,2005,RELATIVE ABUNDANCE (TYPE-4),14020,1995,TRUE
West Vancouver Island-South_FA_0.x,SWVI,DU24,CK-31,NITINAT RIVER,40363,2006,INFILL,38115.13851,1995,TRUE
West Vancouver Island-South_FA_0.x,SWVI,DU24,CK-31,NITINAT RIVER,40363,2007,RELATIVE ABUNDANCE (TYPE-4),7350,1995,TRUE
West Vancouver Island-South_FA_0.x,SWVI,DU24,CK-31,NITINAT RIVER,40363,2008,TRUE ABUNDANCE (TYPE-2),10599,1995,TRUE
West Vancouver Island-South_FA_0.x,SWVI,DU24,CK-31,NITINAT RIVER,40363,2009,RELATIVE ABUNDANCE (TYPE-4),7141,1995,TRUE
West Vancouver Island-South_FA_0.x,SWVI,DU24,CK-31,NITINAT RIVER,40363,2010,INFILL,11854.67604,1995,TRUE
West Vancouver Island-South_FA_0.x,SWVI,DU24,CK-31,NITINAT RIVER,40363,2011,INFILL,14626.92222,1995,TRUE
West Vancouver Island-South_FA_0.x,SWVI,DU24,CK-31,NITINAT RIVER,40363,2012,INFILL,17177.89837,1995,TRUE
West Vancouver Island-South_FA_0.x,SWVI,DU24,CK-31,NITINAT RIVER,40363,2013,QualFiltered,NA,1995,TRUE
West Vancouver Island-South_FA_0.x,SWVI,DU24,CK-31,NITINAT RIVER,40363,2014,QualFiltered,NA,1995,TRUE
West Vancouver Island-South_FA_0.x,SWVI,DU24,CK-31,NITINAT RIVER,40363,2015,QualFiltered,NA,1995,TRUE
West Vancouver Island-South_FA_0.x,SWVI,DU24,CK-31,NITINAT RIVER,40363,2016,QualFiltered,NA,1995,TRUE
West Vancouver Island-South_FA_0.x,SWVI,DU24,CK-31,NITINAT RIVER,40363,2017,QualFiltered,NA,1995,TRUE
West Vancouver Island-South_FA_0.x,SWVI,DU24,CK-31,NITINAT RIVER,40363,2018,QualFiltered,NA,1995,TRUE
West Vancouver Island-South_FA_0.x,SWVI,DU24,CK-31,NITINAT RIVER,40363,2019,QualFiltered,NA,1995,TRUE
West Vancouver Island-South_FA_0.x,SWVI,DU24,CK-31,NITINAT RIVER,40363,2020,QualFiltered,NA,1995,TRUE
West Vancouver Island-South_FA_0.x,SWVI,DU24,CK-31,NITINAT RIVER,40363,2021,QualFiltered,NA,1995,TRUE
West Vancouver Island-South_FA_0.x,SWVI,DU24,CK-31,NITINAT RIVER,40363,2022,QualFiltered,NA,1995,TRUE
West Vancouver Island-South_FA_0.x,SWVI,DU24,CK-31,NITINAT RIVER,40363,2023,QualFiltered,NA,1995,TRUE
West Vancouver Island-South_FA_0.x,SWVI,DU24,CK-31,SARITA RIVER,40458,1984,QualFiltered,NA,1995,FALSE
West Vancouver Island-South_FA_0.x,SWVI,DU24,CK-31,SARITA RIVER,40458,1986,QualFiltered,NA,1995,FALSE
West Vancouver Island-South_FA_0.x,SWVI,DU24,CK-31,SARITA RIVER,40458,1991,QualFiltered,NA,1995,FALSE
West Vancouver Island-South_FA_0.x,SWVI,DU24,CK-31,SARITA RIVER,40458,1992,QualFiltered,NA,1995,FALSE
West Vancouver Island-South_FA_0.x,SWVI,DU24,CK-31,SARITA RIVER,40458,1993,QualFiltered,NA,1995,FALSE
West Vancouver Island-South_FA_0.x,SWVI,DU24,CK-31,SARITA RIVER,40458,1994,QualFiltered,NA,1995,FALSE
West Vancouver Island-South_FA_0.x,SWVI,DU24,CK-31,SARITA RIVER,40458,1995,INFILL,962.4317602,1995,TRUE
West Vancouver Island-South_FA_0.x,SWVI,DU24,CK-31,SARITA RIVER,40458,1996,RELATIVE ABUNDANCE (TYPE-3),493,1995,TRUE
West Vancouver Island-South_FA_0.x,SWVI,DU24,CK-31,SARITA RIVER,40458,1997,RELATIVE ABUNDANCE (TYPE-3),1869,1995,TRUE
West Vancouver Island-South_FA_0.x,SWVI,DU24,CK-31,SARITA RIVER,40458,1998,RELATIVE ABUNDANCE (TYPE-3),2417,1995,TRUE
West Vancouver Island-South_FA_0.x,SWVI,DU24,CK-31,SARITA RIVER,40458,1999,RELATIVE ABUNDANCE (TYPE-3),767,1995,TRUE
West Vancouver Island-South_FA_0.x,SWVI,DU24,CK-31,SARITA RIVER,40458,2000,RELATIVE ABUNDANCE (TYPE-3),301,1995,TRUE
West Vancouver Island-South_FA_0.x,SWVI,DU24,CK-31,SARITA RIVER,40458,2001,RELATIVE ABUNDANCE (TYPE-3),1528,1995,TRUE
West Vancouver Island-South_FA_0.x,SWVI,DU24,CK-31,SARITA RIVER,40458,2002,RELATIVE ABUNDANCE (TYPE-4),3299,1995,TRUE
West Vancouver Island-South_FA_0.x,SWVI,DU24,CK-31,SARITA RIVER,40458,2003,RELATIVE ABUNDANCE (TYPE-3),3705,1995,TRUE
West Vancouver Island-South_FA_0.x,SWVI,DU24,CK-31,SARITA RIVER,40458,2004,RELATIVE ABUNDANCE (TYPE-4),3445,1995,TRUE
West Vancouver Island-South_FA_0.x,SWVI,DU24,CK-31,SARITA RIVER,40458,2005,RELATIVE ABUNDANCE (TYPE-4),1218,1995,TRUE
West Vancouver Island-South_FA_0.x,SWVI,DU24,CK-31,SARITA RIVER,40458,2006,RELATIVE ABUNDANCE (TYPE-4),3304,1995,TRUE
West Vancouver Island-South_FA_0.x,SWVI,DU24,CK-31,SARITA RIVER,40458,2007,INFILL,881.8871489,1995,TRUE
West Vancouver Island-South_FA_0.x,SWVI,DU24,CK-31,SARITA RIVER,40458,2008,RELATIVE ABUNDANCE (TYPE-4),998,1995,TRUE
West Vancouver Island-South_FA_0.x,SWVI,DU24,CK-31,SARITA RIVER,40458,2009,INFILL,947.6044539,1995,TRUE
West Vancouver Island-South_FA_0.x,SWVI,DU24,CK-31,SARITA RIVER,40458,2010,RELATIVE ABUNDANCE (TYPE-4),900,1995,TRUE
West Vancouver Island-South_FA_0.x,SWVI,DU24,CK-31,SARITA RIVER,40458,2011,INFILL,1519.567919,1995,TRUE
West Vancouver Island-South_FA_0.x,SWVI,DU24,CK-31,SARITA RIVER,40458,2012,RELATIVE ABUNDANCE (TYPE-3),1775,1995,TRUE
West Vancouver Island-South_FA_0.x,SWVI,DU24,CK-31,SARITA RIVER,40458,2013,QualFiltered,NA,1995,TRUE
West Vancouver Island-South_FA_0.x,SWVI,DU24,CK-31,SARITA RIVER,40458,2014,QualFiltered,NA,1995,TRUE
West Vancouver Island-South_FA_0.x,SWVI,DU24,CK-31,SARITA RIVER,40458,2015,QualFiltered,NA,1995,TRUE
West Vancouver Island-South_FA_0.x,SWVI,DU24,CK-31,SARITA RIVER,40458,2016,QualFiltered,NA,1995,TRUE
West Vancouver Island-South_FA_0.x,SWVI,DU24,CK-31,SARITA RIVER,40458,2017,QualFiltered,NA,1995,TRUE
West Vancouver Island-South_FA_0.x,SWVI,DU24,CK-31,SARITA RIVER,40458,2018,QualFiltered,NA,1995,TRUE
West Vancouver Island-South_FA_0.x,SWVI,DU24,CK-31,SARITA RIVER,40458,2019,QualFiltered,NA,1995,TRUE
West Vancouver Island-South_FA_0.x,SWVI,DU24,CK-31,SARITA RIVER,40458,2020,QualFiltered,NA,1995,TRUE
West Vancouver Island-South_FA_0.x,SWVI,DU24,CK-31,SARITA RIVER,40458,2021,QualFiltered,NA,1995,TRUE
West Vancouver Island-South_FA_0.x,SWVI,DU24,CK-31,SARITA RIVER,40458,2022,QualFiltered,NA,1995,TRUE
West Vancouver Island-South_FA_0.x,SWVI,DU24,CK-31,SARITA RIVER,40458,2023,QualFiltered,NA,1995,TRUE
West Vancouver Island-South_FA_0.x,SWVI,DU24,CK-31,SARITA RIVER,40458,2024,QualFiltered,NA,1995,TRUE
West Vancouver Island-South_FA_0.x,SWVI,DU24,CK-31,SOMASS RIVER,40548,1977,QualFiltered,NA,NA,TRUE
West Vancouver Island-South_FA_0.x,SWVI,DU24,CK-31,SOMASS RIVER,40548,1979,QualFiltered,NA,NA,TRUE
West Vancouver Island-South_FA_0.x,SWVI,DU24,CK-31,SOMASS RIVER,40548,1980,QualFiltered,NA,NA,TRUE
West Vancouver Island-South_FA_0.x,SWVI,DU24,CK-31,SOMASS RIVER,40548,1981,QualFiltered,NA,NA,TRUE
West Vancouver Island-South_FA_0.x,SWVI,DU24,CK-31,SOMASS RIVER,40548,1982,QualFiltered,NA,NA,TRUE
West Vancouver Island-South_FA_0.x,SWVI,DU24,CK-31,SOMASS RIVER,40548,1983,QualFiltered,NA,NA,TRUE
West Vancouver Island-South_FA_0.x,SWVI,DU24,CK-31,SOMASS RIVER,40548,1984,QualFiltered,NA,NA,TRUE
West Vancouver Island-South_FA_0.x,SWVI,DU24,CK-31,SOMASS RIVER,40548,1985,QualFiltered,NA,NA,TRUE
West Vancouver Island-South_FA_0.x,SWVI,DU24,CK-31,SOMASS RIVER,40548,1986,QualFiltered,NA,NA,TRUE
West Vancouver Island-South_FA_0.x,SWVI,DU24,CK-31,SOMASS RIVER,40548,1987,QualFiltered,NA,NA,TRUE
West Vancouver Island-South_FA_0.x,SWVI,DU24,CK-31,SOMASS RIVER,40548,1988,QualFiltered,NA,NA,TRUE
West Vancouver Island-South_FA_0.x,SWVI,DU24,CK-31,SOMASS RIVER,40548,1989,QualFiltered,NA,NA,TRUE
West Vancouver Island-South_FA_0.x,SWVI,DU24,CK-31,SOMASS RIVER,40548,1990,QualFiltered,NA,NA,TRUE
West Vancouver Island-South_FA_0.x,SWVI,DU24,CK-31,SOMASS RIVER,40548,1991,QualFiltered,NA,NA,TRUE
West Vancouver Island-South_FA_0.x,SWVI,DU24,CK-31,SOMASS RIVER,40548,1992,QualFiltered,NA,NA,TRUE
West Vancouver Island-South_FA_0.x,SWVI,DU24,CK-31,SOMASS RIVER,40548,1993,QualFiltered,NA,NA,TRUE
West Vancouver Island-South_FA_0.x,SWVI,DU24,CK-31,SOMASS RIVER,40548,1994,QualFiltered,NA,NA,TRUE
West Vancouver Island-South_FA_0.x,SWVI,DU24,CK-31,SOMASS RIVER,40548,1995,QualFiltered,NA,NA,TRUE
West Vancouver Island-South_FA_0.x,SWVI,DU24,CK-31,SOMASS RIVER,40548,1996,QualFiltered,NA,NA,TRUE
West Vancouver Island-South_FA_0.x,SWVI,DU24,CK-31,SOMASS RIVER,40548,1997,QualFiltered,NA,NA,TRUE
West Vancouver Island-South_FA_0.x,SWVI,DU24,CK-31,SOMASS RIVER,40548,1998,QualFiltered,NA,NA,TRUE
West Vancouver Island-South_FA_0.x,SWVI,DU24,CK-31,SOMASS RIVER,40548,1999,QualFiltered,NA,NA,TRUE
West Vancouver Island-South_FA_0.x,SWVI,DU24,CK-31,SOMASS RIVER,40548,2000,QualFiltered,NA,NA,TRUE
West Vancouver Island-South_FA_0.x,SWVI,DU24,CK-31,SOMASS RIVER,40548,2001,QualFiltered,NA,NA,TRUE
West Vancouver Island-South_FA_0.x,SWVI,DU24,CK-31,SOMASS RIVER,40548,2002,QualFiltered,NA,NA,TRUE
West Vancouver Island-South_FA_0.x,SWVI,DU24,CK-31,SOMASS RIVER,40548,2003,QualFiltered,NA,NA,TRUE
West Vancouver Island-South_FA_0.x,SWVI,DU24,CK-31,SOMASS RIVER,40548,2004,QualFiltered,NA,NA,TRUE
West Vancouver Island-South_FA_0.x,SWVI,DU24,CK-31,SOMASS RIVER,40548,2005,QualFiltered,NA,NA,TRUE
West Vancouver Island-South_FA_0.x,SWVI,DU24,CK-31,SOMASS RIVER,40548,2006,QualFiltered,NA,NA,TRUE
West Vancouver Island-South_FA_0.x,SWVI,DU24,CK-31,SOMASS RIVER,40548,2007,QualFiltered,NA,NA,TRUE
West Vancouver Island-South_FA_0.x,SWVI,DU24,CK-31,SOMASS RIVER,40548,2008,QualFiltered,NA,NA,TRUE
West Vancouver Island-South_FA_0.x,SWVI,DU24,CK-31,SOMASS RIVER,40548,2009,QualFiltered,NA,NA,TRUE
West Vancouver Island-South_FA_0.x,SWVI,DU24,CK-31,SOMASS RIVER,40548,2010,QualFiltered,NA,NA,TRUE
West Vancouver Island-South_FA_0.x,SWVI,DU24,CK-31,SOMASS RIVER,40548,2011,QualFiltered,NA,NA,TRUE
West Vancouver Island-South_FA_0.x,SWVI,DU24,CK-31,SOMASS RIVER,40548,2012,QualFiltered,NA,NA,TRUE
West Vancouver Island-South_FA_0.x,SWVI,DU24,CK-31,SOMASS RIVER,40548,2013,QualFiltered,NA,NA,TRUE
West Vancouver Island-South_FA_0.x,SWVI,DU24,CK-31,SOMASS RIVER,40548,2014,QualFiltered,NA,NA,TRUE
West Vancouver Island-South_FA_0.x,SWVI,DU24,CK-31,SOMASS RIVER,40548,2015,QualFiltered,NA,NA,TRUE
West Vancouver Island-South_FA_0.x,SWVI,DU24,CK-31,SOMASS RIVER,40548,2016,QualFiltered,NA,NA,TRUE
West Vancouver Island-South_FA_0.x,SWVI,DU24,CK-31,SOMASS RIVER,40548,2017,QualFiltered,NA,NA,TRUE
West Vancouver Island-South_FA_0.x,SWVI,DU24,CK-31,SOMASS RIVER,40548,2018,QualFiltered,NA,NA,TRUE
West Vancouver Island-South_FA_0.x,SWVI,DU24,CK-31,SOMASS RIVER,40548,2019,QualFiltered,NA,NA,TRUE
West Vancouver Island-South_FA_0.x,SWVI,DU24,CK-31,SOMASS RIVER,40548,2020,QualFiltered,NA,NA,TRUE
West Vancouver Island-South_FA_0.x,SWVI,DU24,CK-31,SOMASS RIVER,40548,2021,QualFiltered,NA,NA,TRUE
West Vancouver Island-South_FA_0.x,SWVI,DU24,CK-31,SOMASS RIVER,40548,2022,QualFiltered,NA,NA,TRUE
West Vancouver Island-South_FA_0.x,SWVI,DU24,CK-31,SOMASS RIVER,40548,2023,QualFiltered,NA,NA,TRUE
West Vancouver Island-South_FA_0.x,SWVI,DU24,CK-31,SOMASS RIVER,40548,2024,QualFiltered,NA,NA,TRUE
West Vancouver Island-South_FA_0.x,SWVI,DU24,CK-31,NAHMINT RIVER,40618,1972,QualFiltered,NA,1995,FALSE
West Vancouver Island-South_FA_0.x,SWVI,DU24,CK-31,NAHMINT RIVER,40618,1982,QualFiltered,NA,1995,FALSE
West Vancouver Island-South_FA_0.x,SWVI,DU24,CK-31,NAHMINT RIVER,40618,1983,QualFiltered,NA,1995,FALSE
West Vancouver Island-South_FA_0.x,SWVI,DU24,CK-31,NAHMINT RIVER,40618,1984,QualFiltered,NA,1995,FALSE
West Vancouver Island-South_FA_0.x,SWVI,DU24,CK-31,NAHMINT RIVER,40618,1985,QualFiltered,NA,1995,FALSE
West Vancouver Island-South_FA_0.x,SWVI,DU24,CK-31,NAHMINT RIVER,40618,1986,QualFiltered,NA,1995,FALSE
West Vancouver Island-South_FA_0.x,SWVI,DU24,CK-31,NAHMINT RIVER,40618,1988,QualFiltered,NA,1995,FALSE
West Vancouver Island-South_FA_0.x,SWVI,DU24,CK-31,NAHMINT RIVER,40618,1990,QualFiltered,NA,1995,FALSE
West Vancouver Island-South_FA_0.x,SWVI,DU24,CK-31,NAHMINT RIVER,40618,1991,QualFiltered,NA,1995,FALSE
West Vancouver Island-South_FA_0.x,SWVI,DU24,CK-31,NAHMINT RIVER,40618,1992,QualFiltered,NA,1995,FALSE
West Vancouver Island-South_FA_0.x,SWVI,DU24,CK-31,NAHMINT RIVER,40618,1993,QualFiltered,NA,1995,FALSE
West Vancouver Island-South_FA_0.x,SWVI,DU24,CK-31,NAHMINT RIVER,40618,1994,QualFiltered,NA,1995,FALSE
West Vancouver Island-South_FA_0.x,SWVI,DU24,CK-31,NAHMINT RIVER,40618,1995,INFILL,234.990662,1995,TRUE
West Vancouver Island-South_FA_0.x,SWVI,DU24,CK-31,NAHMINT RIVER,40618,1996,INFILL,578.8479571,1995,TRUE
West Vancouver Island-South_FA_0.x,SWVI,DU24,CK-31,NAHMINT RIVER,40618,1997,INFILL,764.9141276,1995,TRUE
West Vancouver Island-South_FA_0.x,SWVI,DU24,CK-31,NAHMINT RIVER,40618,1998,INFILL,847.5868397,1995,TRUE
West Vancouver Island-South_FA_0.x,SWVI,DU24,CK-31,NAHMINT RIVER,40618,1999,INFILL,482.3774665,1995,TRUE
West Vancouver Island-South_FA_0.x,SWVI,DU24,CK-31,NAHMINT RIVER,40618,2000,INFILL,199.0121036,1995,TRUE
West Vancouver Island-South_FA_0.x,SWVI,DU24,CK-31,NAHMINT RIVER,40618,2001,RELATIVE ABUNDANCE (TYPE-3),225,1995,TRUE
West Vancouver Island-South_FA_0.x,SWVI,DU24,CK-31,NAHMINT RIVER,40618,2002,RELATIVE ABUNDANCE (TYPE-3),541,1995,TRUE
West Vancouver Island-South_FA_0.x,SWVI,DU24,CK-31,NAHMINT RIVER,40618,2003,RELATIVE ABUNDANCE (TYPE-4),668,1995,TRUE
West Vancouver Island-South_FA_0.x,SWVI,DU24,CK-31,NAHMINT RIVER,40618,2004,RELATIVE ABUNDANCE (TYPE-4),1221,1995,TRUE
West Vancouver Island-South_FA_0.x,SWVI,DU24,CK-31,NAHMINT RIVER,40618,2005,INFILL,350.2281195,1995,TRUE
West Vancouver Island-South_FA_0.x,SWVI,DU24,CK-31,NAHMINT RIVER,40618,2006,RELATIVE ABUNDANCE (TYPE-4),485,1995,TRUE
West Vancouver Island-South_FA_0.x,SWVI,DU24,CK-31,NAHMINT RIVER,40618,2007,INFILL,215.3246116,1995,TRUE
West Vancouver Island-South_FA_0.x,SWVI,DU24,CK-31,NAHMINT RIVER,40618,2008,RELATIVE ABUNDANCE (TYPE-4),154,1995,TRUE
West Vancouver Island-South_FA_0.x,SWVI,DU24,CK-31,NAHMINT RIVER,40618,2009,RELATIVE ABUNDANCE (TYPE-4),102,1995,TRUE
West Vancouver Island-South_FA_0.x,SWVI,DU24,CK-31,NAHMINT RIVER,40618,2010,RELATIVE ABUNDANCE (TYPE-3),470,1995,TRUE
West Vancouver Island-South_FA_0.x,SWVI,DU24,CK-31,NAHMINT RIVER,40618,2011,INFILL,371.0229504,1995,TRUE
West Vancouver Island-South_FA_0.x,SWVI,DU24,CK-31,NAHMINT RIVER,40618,2012,RELATIVE ABUNDANCE (TYPE-4),218,1995,TRUE
West Vancouver Island-South_FA_0.x,SWVI,DU24,CK-31,NAHMINT RIVER,40618,2013,QualFiltered,NA,1995,TRUE
West Vancouver Island-South_FA_0.x,SWVI,DU24,CK-31,NAHMINT RIVER,40618,2014,QualFiltered,NA,1995,TRUE
West Vancouver Island-South_FA_0.x,SWVI,DU24,CK-31,NAHMINT RIVER,40618,2015,QualFiltered,NA,1995,TRUE
West Vancouver Island-South_FA_0.x,SWVI,DU24,CK-31,NAHMINT RIVER,40618,2016,QualFiltered,NA,1995,TRUE
West Vancouver Island-South_FA_0.x,SWVI,DU24,CK-31,NAHMINT RIVER,40618,2017,QualFiltered,NA,1995,TRUE
West Vancouver Island-South_FA_0.x,SWVI,DU24,CK-31,NAHMINT RIVER,40618,2018,QualFiltered,NA,1995,TRUE
West Vancouver Island-South_FA_0.x,SWVI,DU24,CK-31,NAHMINT RIVER,40618,2019,QualFiltered,NA,1995,TRUE
West Vancouver Island-South_FA_0.x,SWVI,DU24,CK-31,NAHMINT RIVER,40618,2020,QualFiltered,NA,1995,TRUE
West Vancouver Island-South_FA_0.x,SWVI,DU24,CK-31,NAHMINT RIVER,40618,2021,QualFiltered,NA,1995,TRUE
West Vancouver Island-South_FA_0.x,SWVI,DU24,CK-31,NAHMINT RIVER,40618,2022,QualFiltered,NA,1995,TRUE
West Vancouver Island-South_FA_0.x,SWVI,DU24,CK-31,NAHMINT RIVER,40618,2023,QualFiltered,NA,1995,TRUE
West Vancouver Island-South_FA_0.x,SWVI,DU24,CK-31,NAHMINT RIVER,40618,2024,QualFiltered,NA,1995,TRUE
West Vancouver Island-South_FA_0.x,SWVI,DU24,CK-31,TOQUART RIVER,40798,1988,QualFiltered,NA,1995,FALSE
West Vancouver Island-South_FA_0.x,SWVI,DU24,CK-31,TOQUART RIVER,40798,1989,QualFiltered,NA,1995,FALSE
West Vancouver Island-South_FA_0.x,SWVI,DU24,CK-31,TOQUART RIVER,40798,1990,QualFiltered,NA,1995,FALSE
West Vancouver Island-South_FA_0.x,SWVI,DU24,CK-31,TOQUART RIVER,40798,1995,INFILL,208.6951839,1995,TRUE
West Vancouver Island-South_FA_0.x,SWVI,DU24,CK-31,TOQUART RIVER,40798,1996,RELATIVE ABUNDANCE (TYPE-4),403,1995,TRUE
West Vancouver Island-South_FA_0.x,SWVI,DU24,CK-31,TOQUART RIVER,40798,1997,INFILL,679.3201618,1995,TRUE
West Vancouver Island-South_FA_0.x,SWVI,DU24,CK-31,TOQUART RIVER,40798,1998,INFILL,752.7417893,1995,TRUE
West Vancouver Island-South_FA_0.x,SWVI,DU24,CK-31,TOQUART RIVER,40798,1999,INFILL,428.3993807,1995,TRUE
West Vancouver Island-South_FA_0.x,SWVI,DU24,CK-31,TOQUART RIVER,40798,2000,INFILL,176.7426297,1995,TRUE
West Vancouver Island-South_FA_0.x,SWVI,DU24,CK-31,TOQUART RIVER,40798,2001,INFILL,310.3149791,1995,TRUE
West Vancouver Island-South_FA_0.x,SWVI,DU24,CK-31,TOQUART RIVER,40798,2002,INFILL,470.3327214,1995,TRUE
West Vancouver Island-South_FA_0.x,SWVI,DU24,CK-31,TOQUART RIVER,40798,2003,INFILL,637.9744194,1995,TRUE
West Vancouver Island-South_FA_0.x,SWVI,DU24,CK-31,TOQUART RIVER,40798,2004,INFILL,813.2232287,1995,TRUE
West Vancouver Island-South_FA_0.x,SWVI,DU24,CK-31,TOQUART RIVER,40798,2005,INFILL,311.0375586,1995,TRUE
West Vancouver Island-South_FA_0.x,SWVI,DU24,CK-31,TOQUART RIVER,40798,2006,INFILL,858.6321525,1995,TRUE
West Vancouver Island-South_FA_0.x,SWVI,DU24,CK-31,TOQUART RIVER,40798,2007,INFILL,191.2297665,1995,TRUE
West Vancouver Island-South_FA_0.x,SWVI,DU24,CK-31,TOQUART RIVER,40798,2008,INFILL,248.9931476,1995,TRUE
West Vancouver Island-South_FA_0.x,SWVI,DU24,CK-31,TOQUART RIVER,40798,2009,INFILL,205.480008,1995,TRUE
West Vancouver Island-South_FA_0.x,SWVI,DU24,CK-31,TOQUART RIVER,40798,2010,INFILL,267.0541524,1995,TRUE
West Vancouver Island-South_FA_0.x,SWVI,DU24,CK-31,TOQUART RIVER,40798,2011,INFILL,329.5054459,1995,TRUE
West Vancouver Island-South_FA_0.x,SWVI,DU24,CK-31,TOQUART RIVER,40798,2012,INFILL,386.9721174,1995,TRUE
West Vancouver Island-South_FA_0.x,SWVI,DU24,CK-31,TOQUART RIVER,40798,2013,QualFiltered,NA,1995,TRUE
West Vancouver Island-South_FA_0.x,SWVI,DU24,CK-31,TOQUART RIVER,40798,2014,QualFiltered,NA,1995,TRUE
West Vancouver Island-South_FA_0.x,SWVI,DU24,CK-31,TOQUART RIVER,40798,2015,QualFiltered,NA,1995,TRUE
West Vancouver Island-South_FA_0.x,SWVI,DU24,CK-31,TOQUART RIVER,40798,2016,QualFiltered,NA,1995,TRUE
West Vancouver Island-South_FA_0.x,SWVI,DU24,CK-31,TOQUART RIVER,40798,2017,QualFiltered,NA,1995,TRUE
West Vancouver Island-South_FA_0.x,SWVI,DU24,CK-31,TOQUART RIVER,40798,2018,QualFiltered,NA,1995,TRUE
West Vancouver Island-South_FA_0.x,SWVI,DU24,CK-31,TOQUART RIVER,40798,2019,QualFiltered,NA,1995,TRUE
West Vancouver Island-South_FA_0.x,SWVI,DU24,CK-31,TOQUART RIVER,40798,2020,QualFiltered,NA,1995,TRUE
West Vancouver Island-South_FA_0.x,SWVI,DU24,CK-31,TOQUART RIVER,40798,2021,QualFiltered,NA,1995,TRUE
West Vancouver Island-South_FA_0.x,SWVI,DU24,CK-31,TOQUART RIVER,40798,2023,QualFiltered,NA,1995,TRUE
West Vancouver Island-South_FA_0.x,SWVI,DU24,CK-31,THORNTON CREEK,40808,1985,QualFiltered,NA,1995,FALSE
West Vancouver Island-South_FA_0.x,SWVI,DU24,CK-31,THORNTON CREEK,40808,1986,QualFiltered,NA,1995,FALSE
West Vancouver Island-South_FA_0.x,SWVI,DU24,CK-31,THORNTON CREEK,40808,1987,QualFiltered,NA,1995,FALSE
West Vancouver Island-South_FA_0.x,SWVI,DU24,CK-31,THORNTON CREEK,40808,1988,QualFiltered,NA,1995,FALSE
West Vancouver Island-South_FA_0.x,SWVI,DU24,CK-31,THORNTON CREEK,40808,1989,QualFiltered,NA,1995,FALSE
West Vancouver Island-South_FA_0.x,SWVI,DU24,CK-31,THORNTON CREEK,40808,1990,QualFiltered,NA,1995,FALSE
West Vancouver Island-South_FA_0.x,SWVI,DU24,CK-31,THORNTON CREEK,40808,1991,QualFiltered,NA,1995,FALSE
West Vancouver Island-South_FA_0.x,SWVI,DU24,CK-31,THORNTON CREEK,40808,1992,QualFiltered,NA,1995,FALSE
West Vancouver Island-South_FA_0.x,SWVI,DU24,CK-31,THORNTON CREEK,40808,1993,QualFiltered,NA,1995,FALSE
West Vancouver Island-South_FA_0.x,SWVI,DU24,CK-31,THORNTON CREEK,40808,1995,INFILL,858.6020223,1995,TRUE
West Vancouver Island-South_FA_0.x,SWVI,DU24,CK-31,THORNTON CREEK,40808,1996,INFILL,2114.977771,1995,TRUE
West Vancouver Island-South_FA_0.x,SWVI,DU24,CK-31,THORNTON CREEK,40808,1997,RELATIVE ABUNDANCE (TYPE-4),1658,1995,TRUE
West Vancouver Island-South_FA_0.x,SWVI,DU24,CK-31,THORNTON CREEK,40808,1998,INFILL,3096.888056,1995,TRUE
West Vancouver Island-South_FA_0.x,SWVI,DU24,CK-31,THORNTON CREEK,40808,1999,INFILL,1762.496708,1995,TRUE
West Vancouver Island-South_FA_0.x,SWVI,DU24,CK-31,THORNTON CREEK,40808,2000,INFILL,727.1446156,1995,TRUE
West Vancouver Island-South_FA_0.x,SWVI,DU24,CK-31,THORNTON CREEK,40808,2001,INFILL,1276.680485,1995,TRUE
West Vancouver Island-South_FA_0.x,SWVI,DU24,CK-31,THORNTON CREEK,40808,2002,INFILL,1935.016507,1995,TRUE
West Vancouver Island-South_FA_0.x,SWVI,DU24,CK-31,THORNTON CREEK,40808,2003,INFILL,2624.718579,1995,TRUE
West Vancouver Island-South_FA_0.x,SWVI,DU24,CK-31,THORNTON CREEK,40808,2004,INFILL,3345.717402,1995,TRUE
West Vancouver Island-South_FA_0.x,SWVI,DU24,CK-31,THORNTON CREEK,40808,2005,INFILL,1279.653281,1995,TRUE
West Vancouver Island-South_FA_0.x,SWVI,DU24,CK-31,THORNTON CREEK,40808,2006,INFILL,3532.53625,1995,TRUE
West Vancouver Island-South_FA_0.x,SWVI,DU24,CK-31,THORNTON CREEK,40808,2007,INFILL,786.7467812,1995,TRUE
West Vancouver Island-South_FA_0.x,SWVI,DU24,CK-31,THORNTON CREEK,40808,2008,INFILL,1024.393644,1995,TRUE
West Vancouver Island-South_FA_0.x,SWVI,DU24,CK-31,THORNTON CREEK,40808,2009,INFILL,845.3743258,1995,TRUE
West Vancouver Island-South_FA_0.x,SWVI,DU24,CK-31,THORNTON CREEK,40808,2010,INFILL,1098.699218,1995,TRUE
West Vancouver Island-South_FA_0.x,SWVI,DU24,CK-31,THORNTON CREEK,40808,2011,INFILL,1355.632827,1995,TRUE
West Vancouver Island-South_FA_0.x,SWVI,DU24,CK-31,THORNTON CREEK,40808,2012,INFILL,1592.058984,1995,TRUE
West Vancouver Island-South_FA_0.x,SWVI,DU24,CK-31,THORNTON CREEK,40808,2013,QualFiltered,NA,1995,TRUE
West Vancouver Island-South_FA_0.x,SWVI,DU24,CK-31,THORNTON CREEK,40808,2014,QualFiltered,NA,1995,TRUE
West Vancouver Island-South_FA_0.x,SWVI,DU24,CK-31,THORNTON CREEK,40808,2015,QualFiltered,NA,1995,TRUE
West Vancouver Island-South_FA_0.x,SWVI,DU24,CK-31,THORNTON CREEK,40808,2016,QualFiltered,NA,1995,TRUE
West Vancouver Island-South_FA_0.x,SWVI,DU24,CK-31,THORNTON CREEK,40808,2017,QualFiltered,NA,1995,TRUE
West Vancouver Island-South_FA_0.x,SWVI,DU24,CK-31,THORNTON CREEK,40808,2018,QualFiltered,NA,1995,TRUE
West Vancouver Island-South_FA_0.x,SWVI,DU24,CK-31,THORNTON CREEK,40808,2019,QualFiltered,NA,1995,TRUE
West Vancouver Island-South_FA_0.x,SWVI,DU24,CK-31,THORNTON CREEK,40808,2020,QualFiltered,NA,1995,TRUE
West Vancouver Island-South_FA_0.x,SWVI,DU24,CK-31,THORNTON CREEK,40808,2021,QualFiltered,NA,1995,TRUE
West Vancouver Island-South_FA_0.x,SWVI,DU24,CK-31,THORNTON CREEK,40808,2022,QualFiltered,NA,1995,TRUE
West Vancouver Island-South_FA_0.x,SWVI,DU24,CK-31,THORNTON CREEK,40808,2023,QualFiltered,NA,1995,TRUE
West Vancouver Island-Nootka & Kyuquot_FA_0.x,NoKy,DU25,CK-32,BURMAN RIVER,41328,1987,QualFiltered,NA,1995,FALSE
West Vancouver Island-Nootka & Kyuquot_FA_0.x,NoKy,DU25,CK-32,BURMAN RIVER,41328,1988,QualFiltered,NA,1995,FALSE
West Vancouver Island-Nootka & Kyuquot_FA_0.x,NoKy,DU25,CK-32,BURMAN RIVER,41328,1989,QualFiltered,NA,1995,FALSE
West Vancouver Island-Nootka & Kyuquot_FA_0.x,NoKy,DU25,CK-32,BURMAN RIVER,41328,1990,QualFiltered,NA,1995,FALSE
West Vancouver Island-Nootka & Kyuquot_FA_0.x,NoKy,DU25,CK-32,BURMAN RIVER,41328,1991,QualFiltered,NA,1995,FALSE
West Vancouver Island-Nootka & Kyuquot_FA_0.x,NoKy,DU25,CK-32,BURMAN RIVER,41328,1992,QualFiltered,NA,1995,FALSE
West Vancouver Island-Nootka & Kyuquot_FA_0.x,NoKy,DU25,CK-32,BURMAN RIVER,41328,1995,INFILL,1434.656691,1995,TRUE
West Vancouver Island-Nootka & Kyuquot_FA_0.x,NoKy,DU25,CK-32,BURMAN RIVER,41328,1996,RELATIVE ABUNDANCE (TYPE-3),753,1995,TRUE
West Vancouver Island-Nootka & Kyuquot_FA_0.x,NoKy,DU25,CK-32,BURMAN RIVER,41328,1997,INFILL,1292.52465,1995,TRUE
West Vancouver Island-Nootka & Kyuquot_FA_0.x,NoKy,DU25,CK-32,BURMAN RIVER,41328,1998,INFILL,1575.949737,1995,TRUE
West Vancouver Island-Nootka & Kyuquot_FA_0.x,NoKy,DU25,CK-32,BURMAN RIVER,41328,1999,INFILL,969.0073918,1995,TRUE
West Vancouver Island-Nootka & Kyuquot_FA_0.x,NoKy,DU25,CK-32,BURMAN RIVER,41328,2000,INFILL,615.8379886,1995,TRUE
West Vancouver Island-Nootka & Kyuquot_FA_0.x,NoKy,DU25,CK-32,BURMAN RIVER,41328,2001,INFILL,1030.659143,1995,TRUE
West Vancouver Island-Nootka & Kyuquot_FA_0.x,NoKy,DU25,CK-32,BURMAN RIVER,41328,2002,TRUE ABUNDANCE (TYPE-2),464,1995,TRUE
West Vancouver Island-Nootka & Kyuquot_FA_0.x,NoKy,DU25,CK-32,BURMAN RIVER,41328,2003,RELATIVE ABUNDANCE (TYPE-3),768,1995,TRUE
West Vancouver Island-Nootka & Kyuquot_FA_0.x,NoKy,DU25,CK-32,BURMAN RIVER,41328,2004,RELATIVE ABUNDANCE (TYPE-4),2615,1995,TRUE
West Vancouver Island-Nootka & Kyuquot_FA_0.x,NoKy,DU25,CK-32,BURMAN RIVER,41328,2005,RELATIVE ABUNDANCE (TYPE-3),642,1995,TRUE
West Vancouver Island-Nootka & Kyuquot_FA_0.x,NoKy,DU25,CK-32,BURMAN RIVER,41328,2006,RELATIVE ABUNDANCE (TYPE-3),516,1995,TRUE
West Vancouver Island-Nootka & Kyuquot_FA_0.x,NoKy,DU25,CK-32,BURMAN RIVER,41328,2007,RELATIVE ABUNDANCE (TYPE-4),351,1995,TRUE
West Vancouver Island-Nootka & Kyuquot_FA_0.x,NoKy,DU25,CK-32,BURMAN RIVER,41328,2008,RELATIVE ABUNDANCE (TYPE-4),515,1995,TRUE
West Vancouver Island-Nootka & Kyuquot_FA_0.x,NoKy,DU25,CK-32,BURMAN RIVER,41328,2009,INFILL,1129.870279,1995,TRUE
West Vancouver Island-Nootka & Kyuquot_FA_0.x,NoKy,DU25,CK-32,BURMAN RIVER,41328,2010,RELATIVE ABUNDANCE (TYPE-3),3025,1995,TRUE
West Vancouver Island-Nootka & Kyuquot_FA_0.x,NoKy,DU25,CK-32,BURMAN RIVER,41328,2011,RELATIVE ABUNDANCE (TYPE-3),2024,1995,TRUE
West Vancouver Island-Nootka & Kyuquot_FA_0.x,NoKy,DU25,CK-32,BURMAN RIVER,41328,2012,RELATIVE ABUNDANCE (TYPE-3),1203,1995,TRUE
West Vancouver Island-Nootka & Kyuquot_FA_0.x,NoKy,DU25,CK-32,BURMAN RIVER,41328,2013,QualFiltered,NA,1995,TRUE
West Vancouver Island-Nootka & Kyuquot_FA_0.x,NoKy,DU25,CK-32,BURMAN RIVER,41328,2014,QualFiltered,NA,1995,TRUE
West Vancouver Island-Nootka & Kyuquot_FA_0.x,NoKy,DU25,CK-32,BURMAN RIVER,41328,2015,QualFiltered,NA,1995,TRUE
West Vancouver Island-Nootka & Kyuquot_FA_0.x,NoKy,DU25,CK-32,BURMAN RIVER,41328,2016,QualFiltered,NA,1995,TRUE
West Vancouver Island-Nootka & Kyuquot_FA_0.x,NoKy,DU25,CK-32,BURMAN RIVER,41328,2017,QualFiltered,NA,1995,TRUE
West Vancouver Island-Nootka & Kyuquot_FA_0.x,NoKy,DU25,CK-32,BURMAN RIVER,41328,2018,QualFiltered,NA,1995,TRUE
West Vancouver Island-Nootka & Kyuquot_FA_0.x,NoKy,DU25,CK-32,BURMAN RIVER,41328,2019,QualFiltered,NA,1995,TRUE
West Vancouver Island-Nootka & Kyuquot_FA_0.x,NoKy,DU25,CK-32,BURMAN RIVER,41328,2020,QualFiltered,NA,1995,TRUE
West Vancouver Island-Nootka & Kyuquot_FA_0.x,NoKy,DU25,CK-32,BURMAN RIVER,41328,2021,QualFiltered,NA,1995,TRUE
West Vancouver Island-Nootka & Kyuquot_FA_0.x,NoKy,DU25,CK-32,BURMAN RIVER,41328,2022,QualFiltered,NA,1995,TRUE
West Vancouver Island-Nootka & Kyuquot_FA_0.x,NoKy,DU25,CK-32,BURMAN RIVER,41328,2023,QualFiltered,NA,1995,TRUE
West Vancouver Island-Nootka & Kyuquot_FA_0.x,NoKy,DU25,CK-32,BURMAN RIVER,41328,2024,QualFiltered,NA,1995,TRUE
West Vancouver Island-Nootka & Kyuquot_FA_0.x,NoKy,DU25,CK-32,GOLD RIVER,41348,1987,QualFiltered,NA,NA,TRUE
West Vancouver Island-Nootka & Kyuquot_FA_0.x,NoKy,DU25,CK-32,GOLD RIVER,41348,1988,QualFiltered,NA,NA,TRUE
West Vancouver Island-Nootka & Kyuquot_FA_0.x,NoKy,DU25,CK-32,GOLD RIVER,41348,1989,QualFiltered,NA,NA,TRUE
West Vancouver Island-Nootka & Kyuquot_FA_0.x,NoKy,DU25,CK-32,GOLD RIVER,41348,1990,QualFiltered,NA,NA,TRUE
West Vancouver Island-Nootka & Kyuquot_FA_0.x,NoKy,DU25,CK-32,GOLD RIVER,41348,1991,QualFiltered,NA,NA,TRUE
West Vancouver Island-Nootka & Kyuquot_FA_0.x,NoKy,DU25,CK-32,GOLD RIVER,41348,1992,QualFiltered,NA,NA,TRUE
West Vancouver Island-Nootka & Kyuquot_FA_0.x,NoKy,DU25,CK-32,GOLD RIVER,41348,1996,QualFiltered,NA,NA,TRUE
West Vancouver Island-Nootka & Kyuquot_FA_0.x,NoKy,DU25,CK-32,GOLD RIVER,41348,2002,QualFiltered,NA,NA,TRUE
West Vancouver Island-Nootka & Kyuquot_FA_0.x,NoKy,DU25,CK-32,GOLD RIVER,41348,2003,QualFiltered,NA,NA,TRUE
West Vancouver Island-Nootka & Kyuquot_FA_0.x,NoKy,DU25,CK-32,GOLD RIVER,41348,2004,QualFiltered,NA,NA,TRUE
West Vancouver Island-Nootka & Kyuquot_FA_0.x,NoKy,DU25,CK-32,GOLD RIVER,41348,2005,QualFiltered,NA,NA,TRUE
West Vancouver Island-Nootka & Kyuquot_FA_0.x,NoKy,DU25,CK-32,GOLD RIVER,41348,2006,QualFiltered,NA,NA,TRUE
West Vancouver Island-Nootka & Kyuquot_FA_0.x,NoKy,DU25,CK-32,GOLD RIVER,41348,2008,QualFiltered,NA,NA,TRUE
West Vancouver Island-Nootka & Kyuquot_FA_0.x,NoKy,DU25,CK-32,GOLD RIVER,41348,2009,QualFiltered,NA,NA,TRUE
West Vancouver Island-Nootka & Kyuquot_FA_0.x,NoKy,DU25,CK-32,GOLD RIVER,41348,2011,QualFiltered,NA,NA,TRUE
West Vancouver Island-Nootka & Kyuquot_FA_0.x,NoKy,DU25,CK-32,GOLD RIVER,41348,2012,QualFiltered,NA,NA,TRUE
West Vancouver Island-Nootka & Kyuquot_FA_0.x,NoKy,DU25,CK-32,GOLD RIVER,41348,2013,QualFiltered,NA,NA,TRUE
West Vancouver Island-Nootka & Kyuquot_FA_0.x,NoKy,DU25,CK-32,GOLD RIVER,41348,2014,QualFiltered,NA,NA,TRUE
West Vancouver Island-Nootka & Kyuquot_FA_0.x,NoKy,DU25,CK-32,GOLD RIVER,41348,2015,QualFiltered,NA,NA,TRUE
West Vancouver Island-Nootka & Kyuquot_FA_0.x,NoKy,DU25,CK-32,GOLD RIVER,41348,2016,QualFiltered,NA,NA,TRUE
West Vancouver Island-Nootka & Kyuquot_FA_0.x,NoKy,DU25,CK-32,GOLD RIVER,41348,2017,QualFiltered,NA,NA,TRUE
West Vancouver Island-Nootka & Kyuquot_FA_0.x,NoKy,DU25,CK-32,GOLD RIVER,41348,2018,QualFiltered,NA,NA,TRUE
West Vancouver Island-Nootka & Kyuquot_FA_0.x,NoKy,DU25,CK-32,GOLD RIVER,41348,2019,QualFiltered,NA,NA,TRUE
West Vancouver Island-Nootka & Kyuquot_FA_0.x,NoKy,DU25,CK-32,GOLD RIVER,41348,2020,QualFiltered,NA,NA,TRUE
West Vancouver Island-Nootka & Kyuquot_FA_0.x,NoKy,DU25,CK-32,GOLD RIVER,41348,2021,QualFiltered,NA,NA,TRUE
West Vancouver Island-Nootka & Kyuquot_FA_0.x,NoKy,DU25,CK-32,GOLD RIVER,41348,2022,QualFiltered,NA,NA,TRUE
West Vancouver Island-Nootka & Kyuquot_FA_0.x,NoKy,DU25,CK-32,GOLD RIVER,41348,2023,QualFiltered,NA,NA,TRUE
West Vancouver Island-Nootka & Kyuquot_FA_0.x,NoKy,DU25,CK-32,GOLD RIVER,41348,2024,QualFiltered,NA,NA,TRUE
West Vancouver Island-Nootka & Kyuquot_FA_0.x,NoKy,DU25,CK-32,MUCHALAT RIVER,41364,2002,QualFiltered,NA,NA,TRUE
West Vancouver Island-Nootka & Kyuquot_FA_0.x,NoKy,DU25,CK-32,MUCHALAT RIVER,41364,2003,QualFiltered,NA,NA,TRUE
West Vancouver Island-Nootka & Kyuquot_FA_0.x,NoKy,DU25,CK-32,MUCHALAT RIVER,41364,2004,QualFiltered,NA,NA,TRUE
West Vancouver Island-Nootka & Kyuquot_FA_0.x,NoKy,DU25,CK-32,MUCHALAT RIVER,41364,2005,QualFiltered,NA,NA,TRUE
West Vancouver Island-Nootka & Kyuquot_FA_0.x,NoKy,DU25,CK-32,TLUPANA RIVER,41423,1984,QualFiltered,NA,1995,FALSE
West Vancouver Island-Nootka & Kyuquot_FA_0.x,NoKy,DU25,CK-32,TLUPANA RIVER,41423,1985,QualFiltered,NA,1995,FALSE
West Vancouver Island-Nootka & Kyuquot_FA_0.x,NoKy,DU25,CK-32,TLUPANA RIVER,41423,1986,QualFiltered,NA,1995,FALSE
West Vancouver Island-Nootka & Kyuquot_FA_0.x,NoKy,DU25,CK-32,TLUPANA RIVER,41423,1987,QualFiltered,NA,1995,FALSE
West Vancouver Island-Nootka & Kyuquot_FA_0.x,NoKy,DU25,CK-32,TLUPANA RIVER,41423,1988,QualFiltered,NA,1995,FALSE
West Vancouver Island-Nootka & Kyuquot_FA_0.x,NoKy,DU25,CK-32,TLUPANA RIVER,41423,1989,QualFiltered,NA,1995,FALSE
West Vancouver Island-Nootka & Kyuquot_FA_0.x,NoKy,DU25,CK-32,TLUPANA RIVER,41423,1990,QualFiltered,NA,1995,FALSE
West Vancouver Island-Nootka & Kyuquot_FA_0.x,NoKy,DU25,CK-32,TLUPANA RIVER,41423,1991,QualFiltered,NA,1995,FALSE
West Vancouver Island-Nootka & Kyuquot_FA_0.x,NoKy,DU25,CK-32,TLUPANA RIVER,41423,1993,QualFiltered,NA,1995,FALSE
West Vancouver Island-Nootka & Kyuquot_FA_0.x,NoKy,DU25,CK-32,TLUPANA RIVER,41423,1995,QualFiltered,NA,1995,TRUE
West Vancouver Island-Nootka & Kyuquot_FA_0.x,NoKy,DU25,CK-32,TLUPANA RIVER,41423,1996,RELATIVE ABUNDANCE (TYPE-3),NA,1995,TRUE
West Vancouver Island-Nootka & Kyuquot_FA_0.x,NoKy,DU25,CK-32,TLUPANA RIVER,41423,1998,RELATIVE ABUNDANCE (TYPE-3),NA,1995,TRUE
West Vancouver Island-Nootka & Kyuquot_FA_0.x,NoKy,DU25,CK-32,TLUPANA RIVER,41423,2000,RELATIVE ABUNDANCE (TYPE-4),NA,1995,TRUE
West Vancouver Island-Nootka & Kyuquot_FA_0.x,NoKy,DU25,CK-32,TLUPANA RIVER,41423,2001,RELATIVE ABUNDANCE (TYPE-4),NA,1995,TRUE
West Vancouver Island-Nootka & Kyuquot_FA_0.x,NoKy,DU25,CK-32,TLUPANA RIVER,41423,2002,RELATIVE ABUNDANCE (TYPE-4),NA,1995,TRUE
West Vancouver Island-Nootka & Kyuquot_FA_0.x,NoKy,DU25,CK-32,TLUPANA RIVER,41423,2003,RELATIVE ABUNDANCE (TYPE-4),NA,1995,TRUE
West Vancouver Island-Nootka & Kyuquot_FA_0.x,NoKy,DU25,CK-32,TLUPANA RIVER,41423,2004,QualFiltered,NA,1995,TRUE
West Vancouver Island-Nootka & Kyuquot_FA_0.x,NoKy,DU25,CK-32,TLUPANA RIVER,41423,2005,QualFiltered,NA,1995,TRUE
West Vancouver Island-Nootka & Kyuquot_FA_0.x,NoKy,DU25,CK-32,TLUPANA RIVER,41423,2006,QualFiltered,NA,1995,TRUE
West Vancouver Island-Nootka & Kyuquot_FA_0.x,NoKy,DU25,CK-32,TLUPANA RIVER,41423,2007,QualFiltered,NA,1995,TRUE
West Vancouver Island-Nootka & Kyuquot_FA_0.x,NoKy,DU25,CK-32,TLUPANA RIVER,41423,2008,QualFiltered,NA,1995,TRUE
West Vancouver Island-Nootka & Kyuquot_FA_0.x,NoKy,DU25,CK-32,TLUPANA RIVER,41423,2009,QualFiltered,NA,1995,TRUE
West Vancouver Island-Nootka & Kyuquot_FA_0.x,NoKy,DU25,CK-32,TLUPANA RIVER,41423,2010,QualFiltered,NA,1995,TRUE
West Vancouver Island-Nootka & Kyuquot_FA_0.x,NoKy,DU25,CK-32,TLUPANA RIVER,41423,2011,QualFiltered,NA,1995,TRUE
West Vancouver Island-Nootka & Kyuquot_FA_0.x,NoKy,DU25,CK-32,TLUPANA RIVER,41423,2012,QualFiltered,NA,1995,TRUE
West Vancouver Island-Nootka & Kyuquot_FA_0.x,NoKy,DU25,CK-32,TLUPANA RIVER,41423,2013,QualFiltered,NA,1995,TRUE
West Vancouver Island-Nootka & Kyuquot_FA_0.x,NoKy,DU25,CK-32,TLUPANA RIVER,41423,2014,QualFiltered,NA,1995,TRUE
West Vancouver Island-Nootka & Kyuquot_FA_0.x,NoKy,DU25,CK-32,TLUPANA RIVER,41423,2015,QualFiltered,NA,1995,TRUE
West Vancouver Island-Nootka & Kyuquot_FA_0.x,NoKy,DU25,CK-32,CONUMA RIVER,41438,1982,QualFiltered,NA,1995,FALSE
West Vancouver Island-Nootka & Kyuquot_FA_0.x,NoKy,DU25,CK-32,CONUMA RIVER,41438,1983,QualFiltered,NA,1995,FALSE
West Vancouver Island-Nootka & Kyuquot_FA_0.x,NoKy,DU25,CK-32,CONUMA RIVER,41438,1984,QualFiltered,NA,1995,FALSE
West Vancouver Island-Nootka & Kyuquot_FA_0.x,NoKy,DU25,CK-32,CONUMA RIVER,41438,1985,QualFiltered,NA,1995,FALSE
West Vancouver Island-Nootka & Kyuquot_FA_0.x,NoKy,DU25,CK-32,CONUMA RIVER,41438,1986,QualFiltered,NA,1995,FALSE
West Vancouver Island-Nootka & Kyuquot_FA_0.x,NoKy,DU25,CK-32,CONUMA RIVER,41438,1987,QualFiltered,NA,1995,FALSE
West Vancouver Island-Nootka & Kyuquot_FA_0.x,NoKy,DU25,CK-32,CONUMA RIVER,41438,1988,QualFiltered,NA,1995,FALSE
West Vancouver Island-Nootka & Kyuquot_FA_0.x,NoKy,DU25,CK-32,CONUMA RIVER,41438,1989,QualFiltered,NA,1995,FALSE
West Vancouver Island-Nootka & Kyuquot_FA_0.x,NoKy,DU25,CK-32,CONUMA RIVER,41438,1990,QualFiltered,NA,1995,FALSE
West Vancouver Island-Nootka & Kyuquot_FA_0.x,NoKy,DU25,CK-32,CONUMA RIVER,41438,1991,QualFiltered,NA,1995,FALSE
West Vancouver Island-Nootka & Kyuquot_FA_0.x,NoKy,DU25,CK-32,CONUMA RIVER,41438,1992,QualFiltered,NA,1995,FALSE
West Vancouver Island-Nootka & Kyuquot_FA_0.x,NoKy,DU25,CK-32,CONUMA RIVER,41438,1993,QualFiltered,NA,1995,FALSE
West Vancouver Island-Nootka & Kyuquot_FA_0.x,NoKy,DU25,CK-32,CONUMA RIVER,41438,1994,QualFiltered,NA,1995,FALSE
West Vancouver Island-Nootka & Kyuquot_FA_0.x,NoKy,DU25,CK-32,CONUMA RIVER,41438,1995,RELATIVE ABUNDANCE (TYPE-3),23245,1995,TRUE
West Vancouver Island-Nootka & Kyuquot_FA_0.x,NoKy,DU25,CK-32,CONUMA RIVER,41438,1996,RELATIVE ABUNDANCE (TYPE-3),19422,1995,TRUE
West Vancouver Island-Nootka & Kyuquot_FA_0.x,NoKy,DU25,CK-32,CONUMA RIVER,41438,1997,RELATIVE ABUNDANCE (TYPE-3),20923,1995,TRUE
West Vancouver Island-Nootka & Kyuquot_FA_0.x,NoKy,DU25,CK-32,CONUMA RIVER,41438,1998,RELATIVE ABUNDANCE (TYPE-3),25511,1995,TRUE
West Vancouver Island-Nootka & Kyuquot_FA_0.x,NoKy,DU25,CK-32,CONUMA RIVER,41438,1999,RELATIVE ABUNDANCE (TYPE-3),15686,1995,TRUE
West Vancouver Island-Nootka & Kyuquot_FA_0.x,NoKy,DU25,CK-32,CONUMA RIVER,41438,2000,RELATIVE ABUNDANCE (TYPE-3),9969,1995,TRUE
West Vancouver Island-Nootka & Kyuquot_FA_0.x,NoKy,DU25,CK-32,CONUMA RIVER,41438,2001,RELATIVE ABUNDANCE (TYPE-3),16684,1995,TRUE
West Vancouver Island-Nootka & Kyuquot_FA_0.x,NoKy,DU25,CK-32,CONUMA RIVER,41438,2002,INFILL,7511.092342,1995,TRUE
West Vancouver Island-Nootka & Kyuquot_FA_0.x,NoKy,DU25,CK-32,CONUMA RIVER,41438,2003,RELATIVE ABUNDANCE (TYPE-3),34653,1995,TRUE
West Vancouver Island-Nootka & Kyuquot_FA_0.x,NoKy,DU25,CK-32,CONUMA RIVER,41438,2004,RELATIVE ABUNDANCE (TYPE-4),42106,1995,TRUE
West Vancouver Island-Nootka & Kyuquot_FA_0.x,NoKy,DU25,CK-32,CONUMA RIVER,41438,2005,RELATIVE ABUNDANCE (TYPE-3),6986,1995,TRUE
West Vancouver Island-Nootka & Kyuquot_FA_0.x,NoKy,DU25,CK-32,CONUMA RIVER,41438,2006,RELATIVE ABUNDANCE (TYPE-4),23154,1995,TRUE
West Vancouver Island-Nootka & Kyuquot_FA_0.x,NoKy,DU25,CK-32,CONUMA RIVER,41438,2007,RELATIVE ABUNDANCE (TYPE-4),8765,1995,TRUE
West Vancouver Island-Nootka & Kyuquot_FA_0.x,NoKy,DU25,CK-32,CONUMA RIVER,41438,2008,RELATIVE ABUNDANCE (TYPE-3),13426,1995,TRUE
West Vancouver Island-Nootka & Kyuquot_FA_0.x,NoKy,DU25,CK-32,CONUMA RIVER,41438,2009,RELATIVE ABUNDANCE (TYPE-3),18290,1995,TRUE
West Vancouver Island-Nootka & Kyuquot_FA_0.x,NoKy,DU25,CK-32,CONUMA RIVER,41438,2010,RELATIVE ABUNDANCE (TYPE-4),18068,1995,TRUE
West Vancouver Island-Nootka & Kyuquot_FA_0.x,NoKy,DU25,CK-32,CONUMA RIVER,41438,2011,INFILL,32763.9028,1995,TRUE
West Vancouver Island-Nootka & Kyuquot_FA_0.x,NoKy,DU25,CK-32,CONUMA RIVER,41438,2012,RELATIVE ABUNDANCE (TYPE-4),6287,1995,TRUE
West Vancouver Island-Nootka & Kyuquot_FA_0.x,NoKy,DU25,CK-32,CONUMA RIVER,41438,2013,QualFiltered,NA,1995,TRUE
West Vancouver Island-Nootka & Kyuquot_FA_0.x,NoKy,DU25,CK-32,CONUMA RIVER,41438,2014,QualFiltered,NA,1995,TRUE
West Vancouver Island-Nootka & Kyuquot_FA_0.x,NoKy,DU25,CK-32,CONUMA RIVER,41438,2015,QualFiltered,NA,1995,TRUE
West Vancouver Island-Nootka & Kyuquot_FA_0.x,NoKy,DU25,CK-32,CONUMA RIVER,41438,2016,QualFiltered,NA,1995,TRUE
West Vancouver Island-Nootka & Kyuquot_FA_0.x,NoKy,DU25,CK-32,CONUMA RIVER,41438,2017,QualFiltered,NA,1995,TRUE
West Vancouver Island-Nootka & Kyuquot_FA_0.x,NoKy,DU25,CK-32,CONUMA RIVER,41438,2018,QualFiltered,NA,1995,TRUE
West Vancouver Island-Nootka & Kyuquot_FA_0.x,NoKy,DU25,CK-32,CONUMA RIVER,41438,2019,QualFiltered,NA,1995,TRUE
West Vancouver Island-Nootka & Kyuquot_FA_0.x,NoKy,DU25,CK-32,CONUMA RIVER,41438,2020,QualFiltered,NA,1995,TRUE
West Vancouver Island-Nootka & Kyuquot_FA_0.x,NoKy,DU25,CK-32,CONUMA RIVER,41438,2021,QualFiltered,NA,1995,TRUE
West Vancouver Island-Nootka & Kyuquot_FA_0.x,NoKy,DU25,CK-32,CONUMA RIVER,41438,2022,QualFiltered,NA,1995,TRUE
West Vancouver Island-Nootka & Kyuquot_FA_0.x,NoKy,DU25,CK-32,CONUMA RIVER,41438,2023,QualFiltered,NA,1995,TRUE
West Vancouver Island-Nootka & Kyuquot_FA_0.x,NoKy,DU25,CK-32,CONUMA RIVER,41438,2024,QualFiltered,NA,1995,TRUE
West Vancouver Island-Nootka & Kyuquot_FA_0.x,NoKy,DU25,CK-32,CANTON CREEK,41448,1993,QualFiltered,NA,1995,FALSE
West Vancouver Island-Nootka & Kyuquot_FA_0.x,NoKy,DU25,CK-32,SUCWOA RIVER,41458,1984,QualFiltered,NA,1995,FALSE
West Vancouver Island-Nootka & Kyuquot_FA_0.x,NoKy,DU25,CK-32,SUCWOA RIVER,41458,1986,QualFiltered,NA,1995,FALSE
West Vancouver Island-Nootka & Kyuquot_FA_0.x,NoKy,DU25,CK-32,SUCWOA RIVER,41458,1988,QualFiltered,NA,1995,FALSE
West Vancouver Island-Nootka & Kyuquot_FA_0.x,NoKy,DU25,CK-32,SUCWOA RIVER,41458,1991,QualFiltered,NA,1995,FALSE
West Vancouver Island-Nootka & Kyuquot_FA_0.x,NoKy,DU25,CK-32,SUCWOA RIVER,41458,1996,TRUE ABUNDANCE (TYPE-1),NA,1995,TRUE
West Vancouver Island-Nootka & Kyuquot_FA_0.x,NoKy,DU25,CK-32,SUCWOA RIVER,41458,2000,TRUE ABUNDANCE (TYPE-1),NA,1995,TRUE
West Vancouver Island-Nootka & Kyuquot_FA_0.x,NoKy,DU25,CK-32,SUCWOA RIVER,41458,2001,TRUE ABUNDANCE (TYPE-1),NA,1995,TRUE
West Vancouver Island-Nootka & Kyuquot_FA_0.x,NoKy,DU25,CK-32,SUCWOA RIVER,41458,2002,RELATIVE ABUNDANCE (TYPE-3),NA,1995,TRUE
West Vancouver Island-Nootka & Kyuquot_FA_0.x,NoKy,DU25,CK-32,SUCWOA RIVER,41458,2003,QualFiltered,NA,1995,TRUE
West Vancouver Island-Nootka & Kyuquot_FA_0.x,NoKy,DU25,CK-32,SUCWOA RIVER,41458,2004,QualFiltered,NA,1995,TRUE
West Vancouver Island-Nootka & Kyuquot_FA_0.x,NoKy,DU25,CK-32,SUCWOA RIVER,41458,2005,QualFiltered,NA,1995,TRUE
West Vancouver Island-Nootka & Kyuquot_FA_0.x,NoKy,DU25,CK-32,SUCWOA RIVER,41458,2006,QualFiltered,NA,1995,TRUE
West Vancouver Island-Nootka & Kyuquot_FA_0.x,NoKy,DU25,CK-32,SUCWOA RIVER,41458,2007,QualFiltered,NA,1995,TRUE
West Vancouver Island-Nootka & Kyuquot_FA_0.x,NoKy,DU25,CK-32,SUCWOA RIVER,41458,2008,QualFiltered,NA,1995,TRUE
West Vancouver Island-Nootka & Kyuquot_FA_0.x,NoKy,DU25,CK-32,SUCWOA RIVER,41458,2009,QualFiltered,NA,1995,TRUE
West Vancouver Island-Nootka & Kyuquot_FA_0.x,NoKy,DU25,CK-32,SUCWOA RIVER,41458,2010,QualFiltered,NA,1995,TRUE
West Vancouver Island-Nootka & Kyuquot_FA_0.x,NoKy,DU25,CK-32,SUCWOA RIVER,41458,2011,RELATIVE ABUNDANCE (TYPE-3),NA,1995,TRUE
West Vancouver Island-Nootka & Kyuquot_FA_0.x,NoKy,DU25,CK-32,SUCWOA RIVER,41458,2012,QualFiltered,NA,1995,TRUE
West Vancouver Island-Nootka & Kyuquot_FA_0.x,NoKy,DU25,CK-32,SUCWOA RIVER,41458,2013,QualFiltered,NA,1995,TRUE
West Vancouver Island-Nootka & Kyuquot_FA_0.x,NoKy,DU25,CK-32,SUCWOA RIVER,41458,2014,QualFiltered,NA,1995,TRUE
West Vancouver Island-Nootka & Kyuquot_FA_0.x,NoKy,DU25,CK-32,LEINER RIVER,41498,1995,INFILL,550.3082785,1995,TRUE
West Vancouver Island-Nootka & Kyuquot_FA_0.x,NoKy,DU25,CK-32,LEINER RIVER,41498,1996,RELATIVE ABUNDANCE (TYPE-4),721,1995,TRUE
West Vancouver Island-Nootka & Kyuquot_FA_0.x,NoKy,DU25,CK-32,LEINER RIVER,41498,1997,INFILL,495.7890063,1995,TRUE
West Vancouver Island-Nootka & Kyuquot_FA_0.x,NoKy,DU25,CK-32,LEINER RIVER,41498,1998,INFILL,604.5057277,1995,TRUE
West Vancouver Island-Nootka & Kyuquot_FA_0.x,NoKy,DU25,CK-32,LEINER RIVER,41498,1999,INFILL,371.6936555,1995,TRUE
West Vancouver Island-Nootka & Kyuquot_FA_0.x,NoKy,DU25,CK-32,LEINER RIVER,41498,2000,INFILL,236.2242797,1995,TRUE
West Vancouver Island-Nootka & Kyuquot_FA_0.x,NoKy,DU25,CK-32,LEINER RIVER,41498,2001,INFILL,395.3421489,1995,TRUE
West Vancouver Island-Nootka & Kyuquot_FA_0.x,NoKy,DU25,CK-32,LEINER RIVER,41498,2002,INFILL,177.981982,1995,TRUE
West Vancouver Island-Nootka & Kyuquot_FA_0.x,NoKy,DU25,CK-32,LEINER RIVER,41498,2003,INFILL,790.4986567,1995,TRUE
West Vancouver Island-Nootka & Kyuquot_FA_0.x,NoKy,DU25,CK-32,LEINER RIVER,41498,2004,INFILL,998.0489096,1995,TRUE
West Vancouver Island-Nootka & Kyuquot_FA_0.x,NoKy,DU25,CK-32,LEINER RIVER,41498,2005,INFILL,170.2195477,1995,TRUE
West Vancouver Island-Nootka & Kyuquot_FA_0.x,NoKy,DU25,CK-32,LEINER RIVER,41498,2006,RELATIVE ABUNDANCE (TYPE-3),177,1995,TRUE
West Vancouver Island-Nootka & Kyuquot_FA_0.x,NoKy,DU25,CK-32,LEINER RIVER,41498,2007,INFILL,203.4438823,1995,TRUE
West Vancouver Island-Nootka & Kyuquot_FA_0.x,NoKy,DU25,CK-32,LEINER RIVER,41498,2008,INFILL,311.1245242,1995,TRUE
West Vancouver Island-Nootka & Kyuquot_FA_0.x,NoKy,DU25,CK-32,LEINER RIVER,41498,2009,INFILL,433.3977406,1995,TRUE
West Vancouver Island-Nootka & Kyuquot_FA_0.x,NoKy,DU25,CK-32,LEINER RIVER,41498,2010,INFILL,470.7373639,1995,TRUE
West Vancouver Island-Nootka & Kyuquot_FA_0.x,NoKy,DU25,CK-32,LEINER RIVER,41498,2011,INFILL,776.36968,1995,TRUE
West Vancouver Island-Nootka & Kyuquot_FA_0.x,NoKy,DU25,CK-32,LEINER RIVER,41498,2012,INFILL,167.1560639,1995,TRUE
West Vancouver Island-Nootka & Kyuquot_FA_0.x,NoKy,DU25,CK-32,LEINER RIVER,41498,2013,QualFiltered,NA,1995,TRUE
West Vancouver Island-Nootka & Kyuquot_FA_0.x,NoKy,DU25,CK-32,LEINER RIVER,41498,2014,QualFiltered,NA,1995,TRUE
West Vancouver Island-Nootka & Kyuquot_FA_0.x,NoKy,DU25,CK-32,LEINER RIVER,41498,2015,QualFiltered,NA,1995,TRUE
West Vancouver Island-Nootka & Kyuquot_FA_0.x,NoKy,DU25,CK-32,LEINER RIVER,41498,2016,QualFiltered,NA,1995,TRUE
West Vancouver Island-Nootka & Kyuquot_FA_0.x,NoKy,DU25,CK-32,LEINER RIVER,41498,2017,QualFiltered,NA,1995,TRUE
West Vancouver Island-Nootka & Kyuquot_FA_0.x,NoKy,DU25,CK-32,LEINER RIVER,41498,2018,QualFiltered,NA,1995,TRUE
West Vancouver Island-Nootka & Kyuquot_FA_0.x,NoKy,DU25,CK-32,LEINER RIVER,41498,2019,QualFiltered,NA,1995,TRUE
West Vancouver Island-Nootka & Kyuquot_FA_0.x,NoKy,DU25,CK-32,LEINER RIVER,41498,2020,QualFiltered,NA,1995,TRUE
West Vancouver Island-Nootka & Kyuquot_FA_0.x,NoKy,DU25,CK-32,LEINER RIVER,41498,2021,QualFiltered,NA,1995,TRUE
West Vancouver Island-Nootka & Kyuquot_FA_0.x,NoKy,DU25,CK-32,LEINER RIVER,41498,2022,QualFiltered,NA,1995,TRUE
West Vancouver Island-Nootka & Kyuquot_FA_0.x,NoKy,DU25,CK-32,LEINER RIVER,41498,2023,QualFiltered,NA,1995,TRUE
West Vancouver Island-Nootka & Kyuquot_FA_0.x,NoKy,DU25,CK-32,TAHSIS RIVER,41518,1995,INFILL,590.7540986,1995,TRUE
West Vancouver Island-Nootka & Kyuquot_FA_0.x,NoKy,DU25,CK-32,TAHSIS RIVER,41518,1996,RELATIVE ABUNDANCE (TYPE-4),782,1995,TRUE
West Vancouver Island-Nootka & Kyuquot_FA_0.x,NoKy,DU25,CK-32,TAHSIS RIVER,41518,1997,INFILL,532.227842,1995,TRUE
West Vancouver Island-Nootka & Kyuquot_FA_0.x,NoKy,DU25,CK-32,TAHSIS RIVER,41518,1998,INFILL,648.9348792,1995,TRUE
West Vancouver Island-Nootka & Kyuquot_FA_0.x,NoKy,DU25,CK-32,TAHSIS RIVER,41518,1999,INFILL,399.0118974,1995,TRUE
West Vancouver Island-Nootka & Kyuquot_FA_0.x,NoKy,DU25,CK-32,TAHSIS RIVER,41518,2000,INFILL,253.5859751,1995,TRUE
West Vancouver Island-Nootka & Kyuquot_FA_0.x,NoKy,DU25,CK-32,TAHSIS RIVER,41518,2001,INFILL,424.3984761,1995,TRUE
West Vancouver Island-Nootka & Kyuquot_FA_0.x,NoKy,DU25,CK-32,TAHSIS RIVER,41518,2002,INFILL,191.0630631,1995,TRUE
West Vancouver Island-Nootka & Kyuquot_FA_0.x,NoKy,DU25,CK-32,TAHSIS RIVER,41518,2003,INFILL,848.5976671,1995,TRUE
West Vancouver Island-Nootka & Kyuquot_FA_0.x,NoKy,DU25,CK-32,TAHSIS RIVER,41518,2004,INFILL,1071.40217,1995,TRUE
West Vancouver Island-Nootka & Kyuquot_FA_0.x,NoKy,DU25,CK-32,TAHSIS RIVER,41518,2005,RELATIVE ABUNDANCE (TYPE-3),182,1995,TRUE
West Vancouver Island-Nootka & Kyuquot_FA_0.x,NoKy,DU25,CK-32,TAHSIS RIVER,41518,2006,INFILL,558.8420617,1995,TRUE
West Vancouver Island-Nootka & Kyuquot_FA_0.x,NoKy,DU25,CK-32,TAHSIS RIVER,41518,2007,INFILL,218.396328,1995,TRUE
West Vancouver Island-Nootka & Kyuquot_FA_0.x,NoKy,DU25,CK-32,TAHSIS RIVER,41518,2008,INFILL,333.9911374,1995,TRUE
West Vancouver Island-Nootka & Kyuquot_FA_0.x,NoKy,DU25,CK-32,TAHSIS RIVER,41518,2009,INFILL,465.2510266,1995,TRUE
West Vancouver Island-Nootka & Kyuquot_FA_0.x,NoKy,DU25,CK-32,TAHSIS RIVER,41518,2010,INFILL,505.3349875,1995,TRUE
West Vancouver Island-Nootka & Kyuquot_FA_0.x,NoKy,DU25,CK-32,TAHSIS RIVER,41518,2011,INFILL,833.4302578,1995,TRUE
West Vancouver Island-Nootka & Kyuquot_FA_0.x,NoKy,DU25,CK-32,TAHSIS RIVER,41518,2012,INFILL,179.4414761,1995,TRUE
West Vancouver Island-Nootka & Kyuquot_FA_0.x,NoKy,DU25,CK-32,TAHSIS RIVER,41518,2013,QualFiltered,NA,1995,TRUE
West Vancouver Island-Nootka & Kyuquot_FA_0.x,NoKy,DU25,CK-32,TAHSIS RIVER,41518,2014,QualFiltered,NA,1995,TRUE
West Vancouver Island-Nootka & Kyuquot_FA_0.x,NoKy,DU25,CK-32,TAHSIS RIVER,41518,2015,QualFiltered,NA,1995,TRUE
West Vancouver Island-Nootka & Kyuquot_FA_0.x,NoKy,DU25,CK-32,TAHSIS RIVER,41518,2016,QualFiltered,NA,1995,TRUE
West Vancouver Island-Nootka & Kyuquot_FA_0.x,NoKy,DU25,CK-32,TAHSIS RIVER,41518,2017,QualFiltered,NA,1995,TRUE
West Vancouver Island-Nootka & Kyuquot_FA_0.x,NoKy,DU25,CK-32,TAHSIS RIVER,41518,2018,QualFiltered,NA,1995,TRUE
West Vancouver Island-Nootka & Kyuquot_FA_0.x,NoKy,DU25,CK-32,TAHSIS RIVER,41518,2019,QualFiltered,NA,1995,TRUE
West Vancouver Island-Nootka & Kyuquot_FA_0.x,NoKy,DU25,CK-32,TAHSIS RIVER,41518,2020,QualFiltered,NA,1995,TRUE
West Vancouver Island-Nootka & Kyuquot_FA_0.x,NoKy,DU25,CK-32,TAHSIS RIVER,41518,2021,QualFiltered,NA,1995,TRUE
West Vancouver Island-Nootka & Kyuquot_FA_0.x,NoKy,DU25,CK-32,TAHSIS RIVER,41518,2022,QualFiltered,NA,1995,TRUE
West Vancouver Island-Nootka & Kyuquot_FA_0.x,NoKy,DU25,CK-32,TAHSIS RIVER,41518,2023,QualFiltered,NA,1995,TRUE
West Vancouver Island-Nootka & Kyuquot_FA_0.x,NoKy,DU25,CK-32,ARTLISH RIVER,41873,1995,RELATIVE ABUNDANCE (TYPE-4),94,1995,TRUE
West Vancouver Island-Nootka & Kyuquot_FA_0.x,NoKy,DU25,CK-32,ARTLISH RIVER,41873,1996,INFILL,96.80444893,1995,TRUE
West Vancouver Island-Nootka & Kyuquot_FA_0.x,NoKy,DU25,CK-32,ARTLISH RIVER,41873,1997,INFILL,103.7954713,1995,TRUE
West Vancouver Island-Nootka & Kyuquot_FA_0.x,NoKy,DU25,CK-32,ARTLISH RIVER,41873,1998,INFILL,126.5557648,1995,TRUE
West Vancouver Island-Nootka & Kyuquot_FA_0.x,NoKy,DU25,CK-32,ARTLISH RIVER,41873,1999,INFILL,77.81559825,1995,TRUE
West Vancouver Island-Nootka & Kyuquot_FA_0.x,NoKy,DU25,CK-32,ARTLISH RIVER,41873,2000,INFILL,49.45452626,1995,TRUE
West Vancouver Island-Nootka & Kyuquot_FA_0.x,NoKy,DU25,CK-32,ARTLISH RIVER,41873,2001,INFILL,82.76650779,1995,TRUE
West Vancouver Island-Nootka & Kyuquot_FA_0.x,NoKy,DU25,CK-32,ARTLISH RIVER,41873,2002,INFILL,37.26126126,1995,TRUE
West Vancouver Island-Nootka & Kyuquot_FA_0.x,NoKy,DU25,CK-32,ARTLISH RIVER,41873,2003,INFILL,165.4941508,1995,TRUE
West Vancouver Island-Nootka & Kyuquot_FA_0.x,NoKy,DU25,CK-32,ARTLISH RIVER,41873,2004,INFILL,208.9456515,1995,TRUE
West Vancouver Island-Nootka & Kyuquot_FA_0.x,NoKy,DU25,CK-32,ARTLISH RIVER,41873,2005,INFILL,35.63616365,1995,TRUE
West Vancouver Island-Nootka & Kyuquot_FA_0.x,NoKy,DU25,CK-32,ARTLISH RIVER,41873,2006,INFILL,108.9857963,1995,TRUE
West Vancouver Island-Nootka & Kyuquot_FA_0.x,NoKy,DU25,CK-32,ARTLISH RIVER,41873,2007,INFILL,42.591815,1995,TRUE
West Vancouver Island-Nootka & Kyuquot_FA_0.x,NoKy,DU25,CK-32,ARTLISH RIVER,41873,2008,INFILL,65.13520107,1995,TRUE
West Vancouver Island-Nootka & Kyuquot_FA_0.x,NoKy,DU25,CK-32,ARTLISH RIVER,41873,2009,INFILL,90.7336027,1995,TRUE
West Vancouver Island-Nootka & Kyuquot_FA_0.x,NoKy,DU25,CK-32,ARTLISH RIVER,41873,2010,INFILL,98.55080669,1995,TRUE
West Vancouver Island-Nootka & Kyuquot_FA_0.x,NoKy,DU25,CK-32,ARTLISH RIVER,41873,2011,INFILL,162.5361914,1995,TRUE
West Vancouver Island-Nootka & Kyuquot_FA_0.x,NoKy,DU25,CK-32,ARTLISH RIVER,41873,2012,INFILL,34.9948107,1995,TRUE
West Vancouver Island-North_FA_0.x,NWVI,DU26,CK-33,GOODSPEED RIVER,42173,2004,QualFiltered,NA,NA,TRUE
West Vancouver Island-North_FA_0.x,NWVI,DU26,CK-33,GOODSPEED RIVER,42173,2013,QualFiltered,NA,NA,TRUE
West Vancouver Island-North_FA_0.x,NWVI,DU26,CK-33,GOODSPEED RIVER,42173,2019,QualFiltered,NA,NA,TRUE
Upper Fraser River_SP_1.3,UFR-spring,DU11,CK-12,TWIN CREEKS (COMBINED),44497,1975,MERGED,5,1995,FALSE
Upper Fraser River_SP_1.3,UFR-spring,DU11,CK-12,TWIN CREEKS (COMBINED),44497,1976,QualFiltered,NA,1995,FALSE
Upper Fraser River_SP_1.3,UFR-spring,DU11,CK-12,TWIN CREEKS (COMBINED),44497,1977,MERGED,10,1995,FALSE
Upper Fraser River_SP_1.3,UFR-spring,DU11,CK-12,TWIN CREEKS (COMBINED),44497,1978,QualFiltered,NA,1995,FALSE
Upper Fraser River_SP_1.3,UFR-spring,DU11,CK-12,TWIN CREEKS (COMBINED),44497,1979,MERGED,25,1995,FALSE
Upper Fraser River_SP_1.3,UFR-spring,DU11,CK-12,TWIN CREEKS (COMBINED),44497,1980,QualFiltered,NA,1995,FALSE
Upper Fraser River_SP_1.3,UFR-spring,DU11,CK-12,TWIN CREEKS (COMBINED),44497,1981,MERGED,10,1995,FALSE
Upper Fraser River_SP_1.3,UFR-spring,DU11,CK-12,TWIN CREEKS (COMBINED),44497,1982,MERGED,20,1995,FALSE
Upper Fraser River_SP_1.3,UFR-spring,DU11,CK-12,TWIN CREEKS (COMBINED),44497,1983,MERGED,10,1995,FALSE
Upper Fraser River_SP_1.3,UFR-spring,DU11,CK-12,TWIN CREEKS (COMBINED),44497,1984,MERGED,45,1995,FALSE
Upper Fraser River_SP_1.3,UFR-spring,DU11,CK-12,TWIN CREEKS (COMBINED),44497,1985,MERGED,50,1995,FALSE
Upper Fraser River_SP_1.3,UFR-spring,DU11,CK-12,TWIN CREEKS (COMBINED),44497,1986,MERGED,50,1995,FALSE
Upper Fraser River_SP_1.3,UFR-spring,DU11,CK-12,TWIN CREEKS (COMBINED),44497,1987,MERGED,105,1995,FALSE
Upper Fraser River_SP_1.3,UFR-spring,DU11,CK-12,TWIN CREEKS (COMBINED),44497,1988,MERGED,70,1995,FALSE
Upper Fraser River_SP_1.3,UFR-spring,DU11,CK-12,TWIN CREEKS (COMBINED),44497,1989,MERGED,20,1995,FALSE
Upper Fraser River_SP_1.3,UFR-spring,DU11,CK-12,TWIN CREEKS (COMBINED),44497,1990,MERGED,70,1995,FALSE
Upper Fraser River_SP_1.3,UFR-spring,DU11,CK-12,TWIN CREEKS (COMBINED),44497,1991,MERGED,42,1995,FALSE
Upper Fraser River_SP_1.3,UFR-spring,DU11,CK-12,TWIN CREEKS (COMBINED),44497,1992,MERGED,50,1995,FALSE
Upper Fraser River_SP_1.3,UFR-spring,DU11,CK-12,TWIN CREEKS (COMBINED),44497,1993,MERGED,60,1995,FALSE
Upper Fraser River_SP_1.3,UFR-spring,DU11,CK-12,TWIN CREEKS (COMBINED),44497,1994,MERGED,43,1995,FALSE
Upper Fraser River_SP_1.3,UFR-spring,DU11,CK-12,TWIN CREEKS (COMBINED),44497,1995,RELATIVE ABUNDANCE (TYPE-4),97,1995,TRUE
Upper Fraser River_SP_1.3,UFR-spring,DU11,CK-12,TWIN CREEKS (COMBINED),44497,1996,RELATIVE ABUNDANCE (TYPE-4),75,1995,TRUE
Upper Fraser River_SP_1.3,UFR-spring,DU11,CK-12,TWIN CREEKS (COMBINED),44497,1997,INFILL,61.58585073,1995,TRUE
Upper Fraser River_SP_1.3,UFR-spring,DU11,CK-12,TWIN CREEKS (COMBINED),44497,1998,RELATIVE ABUNDANCE (TYPE-4),18,1995,TRUE
Upper Fraser River_SP_1.3,UFR-spring,DU11,CK-12,TWIN CREEKS (COMBINED),44497,1999,INFILL,58.62401542,1995,TRUE
Upper Fraser River_SP_1.3,UFR-spring,DU11,CK-12,TWIN CREEKS (COMBINED),44497,2000,RELATIVE ABUNDANCE (TYPE-4),52,1995,TRUE
Upper Fraser River_SP_1.3,UFR-spring,DU11,CK-12,TWIN CREEKS (COMBINED),44497,2001,RELATIVE ABUNDANCE (TYPE-4),49,1995,TRUE
Upper Fraser River_SP_1.3,UFR-spring,DU11,CK-12,TWIN CREEKS (COMBINED),44497,2002,RELATIVE ABUNDANCE (TYPE-4),73,1995,TRUE
Upper Fraser River_SP_1.3,UFR-spring,DU11,CK-12,TWIN CREEKS (COMBINED),44497,2003,RELATIVE ABUNDANCE (TYPE-4),160,1995,TRUE
Upper Fraser River_SP_1.3,UFR-spring,DU11,CK-12,TWIN CREEKS (COMBINED),44497,2004,RELATIVE ABUNDANCE (TYPE-4),102,1995,TRUE
Upper Fraser River_SP_1.3,UFR-spring,DU11,CK-12,TWIN CREEKS (COMBINED),44497,2005,RELATIVE ABUNDANCE (TYPE-4),70,1995,TRUE
Upper Fraser River_SP_1.3,UFR-spring,DU11,CK-12,TWIN CREEKS (COMBINED),44497,2006,RELATIVE ABUNDANCE (TYPE-4),100,1995,TRUE
Upper Fraser River_SP_1.3,UFR-spring,DU11,CK-12,TWIN CREEKS (COMBINED),44497,2007,RELATIVE ABUNDANCE (TYPE-4),20,1995,TRUE
Upper Fraser River_SP_1.3,UFR-spring,DU11,CK-12,TWIN CREEKS (COMBINED),44497,2008,RELATIVE ABUNDANCE (TYPE-4),34,1995,TRUE
Upper Fraser River_SP_1.3,UFR-spring,DU11,CK-12,TWIN CREEKS (COMBINED),44497,2009,RELATIVE ABUNDANCE (TYPE-4),196,1995,TRUE
Upper Fraser River_SP_1.3,UFR-spring,DU11,CK-12,TWIN CREEKS (COMBINED),44497,2010,RELATIVE ABUNDANCE (TYPE-4),23,1995,TRUE
Upper Fraser River_SP_1.3,UFR-spring,DU11,CK-12,TWIN CREEKS (COMBINED),44497,2011,RELATIVE ABUNDANCE (TYPE-4),17,1995,TRUE
Upper Fraser River_SP_1.3,UFR-spring,DU11,CK-12,TWIN CREEKS (COMBINED),44497,2012,RELATIVE ABUNDANCE (TYPE-4),51,1995,TRUE
Upper Fraser River_SP_1.3,UFR-spring,DU11,CK-12,TWIN CREEKS (COMBINED),44497,2013,MERGED,73,1995,TRUE
Upper Fraser River_SP_1.3,UFR-spring,DU11,CK-12,TWIN CREEKS (COMBINED),44497,2014,MERGED,97,1995,TRUE
Upper Fraser River_SP_1.3,UFR-spring,DU11,CK-12,TWIN CREEKS (COMBINED),44497,2015,MERGED,21,1995,TRUE
Upper Fraser River_SP_1.3,UFR-spring,DU11,CK-12,TWIN CREEKS (COMBINED),44497,2016,MERGED,24,1995,TRUE
Upper Fraser River_SP_1.3,UFR-spring,DU11,CK-12,TWIN CREEKS (COMBINED),44497,2017,MERGED,56,1995,TRUE
Upper Fraser River_SP_1.3,UFR-spring,DU11,CK-12,TWIN CREEKS (COMBINED),44497,2018,MERGED,52,1995,TRUE
Upper Fraser River_SP_1.3,UFR-spring,DU11,CK-12,TWIN CREEKS (COMBINED),44497,2019,MERGED,0,1995,TRUE
Upper Fraser River_SP_1.3,UFR-spring,DU11,CK-12,TWIN CREEKS (COMBINED),44497,2020,INFILL,36.57954273,1995,TRUE
Upper Fraser River_SP_1.3,UFR-spring,DU11,CK-12,TWIN CREEKS (COMBINED),44497,2021,MERGED,2,1995,TRUE
Upper Fraser River_SP_1.3,UFR-spring,DU11,CK-12,TWIN CREEKS (COMBINED),44497,2022,MERGED,23,1995,TRUE
Upper Fraser River_SP_1.3,UFR-spring,DU11,CK-12,TWIN CREEKS (COMBINED),44497,2023,MERGED,11,1995,TRUE
Lower Fraser River_SU_1.3,LFR-summer,DU5,CK-06,LILLOOET RIVER,44538,1975,QualFiltered,NA,2005,FALSE
Lower Fraser River_SU_1.3,LFR-summer,DU5,CK-06,LILLOOET RIVER,44538,1976,QualFiltered,NA,2005,FALSE
Lower Fraser River_SU_1.3,LFR-summer,DU5,CK-06,LILLOOET RIVER,44538,1977,QualFiltered,NA,2005,FALSE
Lower Fraser River_SU_1.3,LFR-summer,DU5,CK-06,LILLOOET RIVER,44538,1978,QualFiltered,NA,2005,FALSE
Lower Fraser River_SU_1.3,LFR-summer,DU5,CK-06,LILLOOET RIVER,44538,1979,QualFiltered,NA,2005,FALSE
Lower Fraser River_SU_1.3,LFR-summer,DU5,CK-06,LILLOOET RIVER,44538,1980,QualFiltered,NA,2005,FALSE
Lower Fraser River_SU_1.3,LFR-summer,DU5,CK-06,LILLOOET RIVER,44538,1981,QualFiltered,NA,2005,FALSE
Lower Fraser River_SU_1.3,LFR-summer,DU5,CK-06,LILLOOET RIVER,44538,1982,QualFiltered,NA,2005,FALSE
Lower Fraser River_SU_1.3,LFR-summer,DU5,CK-06,LILLOOET RIVER,44538,1983,QualFiltered,NA,2005,FALSE
Lower Fraser River_SU_1.3,LFR-summer,DU5,CK-06,LILLOOET RIVER,44538,1984,QualFiltered,NA,2005,FALSE
Lower Fraser River_SU_1.3,LFR-summer,DU5,CK-06,LILLOOET RIVER,44538,1985,QualFiltered,NA,2005,FALSE
Lower Fraser River_SU_1.3,LFR-summer,DU5,CK-06,LILLOOET RIVER,44538,1989,QualFiltered,NA,2005,FALSE
Lower Fraser River_SU_1.3,LFR-summer,DU5,CK-06,LILLOOET RIVER,44538,1992,QualFiltered,NA,2005,FALSE
Lower Fraser River_SU_1.3,LFR-summer,DU5,CK-06,LILLOOET RIVER,44538,2009,QualFiltered,NA,2005,TRUE
Lower Fraser River_SU_1.3,LFR-summer,DU5,CK-06,LILLOOET RIVER,44538,2010,QualFiltered,NA,2005,TRUE
Lower Fraser River_SU_1.3,LFR-summer,DU5,CK-06,LILLOOET RIVER,44538,2016,QualFiltered,NA,2005,TRUE
Lower Fraser River_SU_1.3,LFR-summer,DU5,CK-06,LILLOOET RIVER,44538,2017,QualFiltered,NA,2005,TRUE
Lower Fraser River_SU_1.3,LFR-summer,DU5,CK-06,LILLOOET RIVER,44538,2018,QualFiltered,NA,2005,TRUE
Lower Fraser River_SU_1.3,LFR-summer,DU5,CK-06,LILLOOET RIVER,44538,2019,QualFiltered,NA,2005,TRUE
Lower Fraser River_SU_1.3,LFR-summer,DU5,CK-06,LILLOOET RIVER,44538,2020,QualFiltered,NA,2005,TRUE
Lower Fraser River_SU_1.3,LFR-summer,DU5,CK-06,LILLOOET RIVER,44538,2021,QualFiltered,NA,2005,TRUE
Lower Fraser River_SU_1.3,LFR-summer,DU5,CK-06,LILLOOET RIVER,44538,2022,QualFiltered,NA,2005,TRUE
Lower Fraser River_SU_1.3,LFR-summer,DU5,CK-06,LILLOOET RIVER,44538,2023,QualFiltered,NA,2005,TRUE
Upper Fraser River_SP_1.3,UFR-spring,DU11,CK-12,FRASER RIVER-ABOVE TETE JAUNE,44549,1975,QualFiltered,NA,1995,FALSE
Upper Fraser River_SP_1.3,UFR-spring,DU11,CK-12,FRASER RIVER-ABOVE TETE JAUNE,44549,1976,QualFiltered,NA,1995,FALSE
Upper Fraser River_SP_1.3,UFR-spring,DU11,CK-12,FRASER RIVER-ABOVE TETE JAUNE,44549,1977,QualFiltered,NA,1995,FALSE
Upper Fraser River_SP_1.3,UFR-spring,DU11,CK-12,FRASER RIVER-ABOVE TETE JAUNE,44549,1978,QualFiltered,NA,1995,FALSE
Upper Fraser River_SP_1.3,UFR-spring,DU11,CK-12,FRASER RIVER-ABOVE TETE JAUNE,44549,1979,QualFiltered,NA,1995,FALSE
Upper Fraser River_SP_1.3,UFR-spring,DU11,CK-12,FRASER RIVER-ABOVE TETE JAUNE,44549,1980,QualFiltered,NA,1995,FALSE
Upper Fraser River_SP_1.3,UFR-spring,DU11,CK-12,FRASER RIVER-ABOVE TETE JAUNE,44549,1981,QualFiltered,NA,1995,FALSE
Upper Fraser River_SP_1.3,UFR-spring,DU11,CK-12,FRASER RIVER-ABOVE TETE JAUNE,44549,1982,QualFiltered,NA,1995,FALSE
Upper Fraser River_SP_1.3,UFR-spring,DU11,CK-12,FRASER RIVER-ABOVE TETE JAUNE,44549,1983,QualFiltered,NA,1995,FALSE
Upper Fraser River_SP_1.3,UFR-spring,DU11,CK-12,FRASER RIVER-ABOVE TETE JAUNE,44549,1984,QualFiltered,NA,1995,FALSE
Upper Fraser River_SP_1.3,UFR-spring,DU11,CK-12,FRASER RIVER-ABOVE TETE JAUNE,44549,1985,QualFiltered,NA,1995,FALSE
Upper Fraser River_SP_1.3,UFR-spring,DU11,CK-12,FRASER RIVER-ABOVE TETE JAUNE,44549,1986,QualFiltered,NA,1995,FALSE
Upper Fraser River_SP_1.3,UFR-spring,DU11,CK-12,FRASER RIVER-ABOVE TETE JAUNE,44549,1987,QualFiltered,NA,1995,FALSE
Upper Fraser River_SP_1.3,UFR-spring,DU11,CK-12,FRASER RIVER-ABOVE TETE JAUNE,44549,1988,QualFiltered,NA,1995,FALSE
Upper Fraser River_SP_1.3,UFR-spring,DU11,CK-12,FRASER RIVER-ABOVE TETE JAUNE,44549,1989,QualFiltered,NA,1995,FALSE
Upper Fraser River_SP_1.3,UFR-spring,DU11,CK-12,FRASER RIVER-ABOVE TETE JAUNE,44549,1990,QualFiltered,NA,1995,FALSE
Upper Fraser River_SP_1.3,UFR-spring,DU11,CK-12,FRASER RIVER-ABOVE TETE JAUNE,44549,1991,QualFiltered,NA,1995,FALSE
Upper Fraser River_SP_1.3,UFR-spring,DU11,CK-12,FRASER RIVER-ABOVE TETE JAUNE,44549,1992,QualFiltered,NA,1995,FALSE
Upper Fraser River_SP_1.3,UFR-spring,DU11,CK-12,FRASER RIVER-ABOVE TETE JAUNE,44549,1993,QualFiltered,NA,1995,FALSE
Upper Fraser River_SP_1.3,UFR-spring,DU11,CK-12,FRASER RIVER-ABOVE TETE JAUNE,44549,1994,QualFiltered,NA,1995,FALSE
Upper Fraser River_SP_1.3,UFR-spring,DU11,CK-12,FRASER RIVER-ABOVE TETE JAUNE,44549,1995,RELATIVE ABUNDANCE (TYPE-4),5862,1995,TRUE
Upper Fraser River_SP_1.3,UFR-spring,DU11,CK-12,FRASER RIVER-ABOVE TETE JAUNE,44549,1996,INFILL,2577.410761,1995,TRUE
Upper Fraser River_SP_1.3,UFR-spring,DU11,CK-12,FRASER RIVER-ABOVE TETE JAUNE,44549,1997,INFILL,2438.27946,1995,TRUE
Upper Fraser River_SP_1.3,UFR-spring,DU11,CK-12,FRASER RIVER-ABOVE TETE JAUNE,44549,1998,RELATIVE ABUNDANCE (TYPE-4),1289,1995,TRUE
Upper Fraser River_SP_1.3,UFR-spring,DU11,CK-12,FRASER RIVER-ABOVE TETE JAUNE,44549,1999,RELATIVE ABUNDANCE (TYPE-4),2081,1995,TRUE
Upper Fraser River_SP_1.3,UFR-spring,DU11,CK-12,FRASER RIVER-ABOVE TETE JAUNE,44549,2000,RELATIVE ABUNDANCE (TYPE-4),2262,1995,TRUE
Upper Fraser River_SP_1.3,UFR-spring,DU11,CK-12,FRASER RIVER-ABOVE TETE JAUNE,44549,2001,RELATIVE ABUNDANCE (TYPE-4),3832,1995,TRUE
Upper Fraser River_SP_1.3,UFR-spring,DU11,CK-12,FRASER RIVER-ABOVE TETE JAUNE,44549,2002,RELATIVE ABUNDANCE (TYPE-4),4302,1995,TRUE
Upper Fraser River_SP_1.3,UFR-spring,DU11,CK-12,FRASER RIVER-ABOVE TETE JAUNE,44549,2003,RELATIVE ABUNDANCE (TYPE-4),3048,1995,TRUE
Upper Fraser River_SP_1.3,UFR-spring,DU11,CK-12,FRASER RIVER-ABOVE TETE JAUNE,44549,2004,RELATIVE ABUNDANCE (TYPE-4),2062,1995,TRUE
Upper Fraser River_SP_1.3,UFR-spring,DU11,CK-12,FRASER RIVER-ABOVE TETE JAUNE,44549,2005,RELATIVE ABUNDANCE (TYPE-4),2538,1995,TRUE
Upper Fraser River_SP_1.3,UFR-spring,DU11,CK-12,FRASER RIVER-ABOVE TETE JAUNE,44549,2006,RELATIVE ABUNDANCE (TYPE-4),2142,1995,TRUE
Upper Fraser River_SP_1.3,UFR-spring,DU11,CK-12,FRASER RIVER-ABOVE TETE JAUNE,44549,2007,RELATIVE ABUNDANCE (TYPE-4),1021,1995,TRUE
Upper Fraser River_SP_1.3,UFR-spring,DU11,CK-12,FRASER RIVER-ABOVE TETE JAUNE,44549,2008,RELATIVE ABUNDANCE (TYPE-4),1858,1995,TRUE
Upper Fraser River_SP_1.3,UFR-spring,DU11,CK-12,FRASER RIVER-ABOVE TETE JAUNE,44549,2009,RELATIVE ABUNDANCE (TYPE-4),3281,1995,TRUE
Upper Fraser River_SP_1.3,UFR-spring,DU11,CK-12,FRASER RIVER-ABOVE TETE JAUNE,44549,2010,RELATIVE ABUNDANCE (TYPE-4),1500,1995,TRUE
Upper Fraser River_SP_1.3,UFR-spring,DU11,CK-12,FRASER RIVER-ABOVE TETE JAUNE,44549,2011,RELATIVE ABUNDANCE (TYPE-4),1046,1995,TRUE
Upper Fraser River_SP_1.3,UFR-spring,DU11,CK-12,FRASER RIVER-ABOVE TETE JAUNE,44549,2012,RELATIVE ABUNDANCE (TYPE-4),768,1995,TRUE
Upper Fraser River_SP_1.3,UFR-spring,DU11,CK-12,FRASER RIVER-ABOVE TETE JAUNE,44549,2013,RELATIVE ABUNDANCE (TYPE-4),1432,1995,TRUE
Upper Fraser River_SP_1.3,UFR-spring,DU11,CK-12,FRASER RIVER-ABOVE TETE JAUNE,44549,2014,RELATIVE ABUNDANCE (TYPE-4),4345,1995,TRUE
Upper Fraser River_SP_1.3,UFR-spring,DU11,CK-12,FRASER RIVER-ABOVE TETE JAUNE,44549,2015,RELATIVE ABUNDANCE (TYPE-4),1443,1995,TRUE
Upper Fraser River_SP_1.3,UFR-spring,DU11,CK-12,FRASER RIVER-ABOVE TETE JAUNE,44549,2016,RELATIVE ABUNDANCE (TYPE-4),3022,1995,TRUE
Upper Fraser River_SP_1.3,UFR-spring,DU11,CK-12,FRASER RIVER-ABOVE TETE JAUNE,44549,2017,RELATIVE ABUNDANCE (TYPE-4),1114,1995,TRUE
Upper Fraser River_SP_1.3,UFR-spring,DU11,CK-12,FRASER RIVER-ABOVE TETE JAUNE,44549,2018,RELATIVE ABUNDANCE (TYPE-4),1283,1995,TRUE
Upper Fraser River_SP_1.3,UFR-spring,DU11,CK-12,FRASER RIVER-ABOVE TETE JAUNE,44549,2019,RELATIVE ABUNDANCE (TYPE-4),218,1995,TRUE
Upper Fraser River_SP_1.3,UFR-spring,DU11,CK-12,FRASER RIVER-ABOVE TETE JAUNE,44549,2020,RELATIVE ABUNDANCE (TYPE-4),3412,1995,TRUE
Upper Fraser River_SP_1.3,UFR-spring,DU11,CK-12,FRASER RIVER-ABOVE TETE JAUNE,44549,2021,RELATIVE ABUNDANCE (TYPE-4),1974,1995,TRUE
Upper Fraser River_SP_1.3,UFR-spring,DU11,CK-12,FRASER RIVER-ABOVE TETE JAUNE,44549,2022,RELATIVE ABUNDANCE (TYPE-4),2786,1995,TRUE
Upper Fraser River_SP_1.3,UFR-spring,DU11,CK-12,FRASER RIVER-ABOVE TETE JAUNE,44549,2023,RELATIVE ABUNDANCE (TYPE-4),1586,1995,TRUE
Middle Fraser River_SU_1.3,MFR-summer,DU10,CK-11,MIDDLE RIVER,44564,1978,QualFiltered,NA,1995,FALSE
Middle Fraser River_SU_1.3,MFR-summer,DU10,CK-11,MIDDLE RIVER,44564,1981,QualFiltered,NA,1995,FALSE
Middle Fraser River_SU_1.3,MFR-summer,DU10,CK-11,MIDDLE RIVER,44564,1983,QualFiltered,NA,1995,FALSE
Middle Fraser River_SU_1.3,MFR-summer,DU10,CK-11,MIDDLE RIVER,44564,1984,QualFiltered,NA,1995,FALSE
Middle Fraser River_SU_1.3,MFR-summer,DU10,CK-11,MIDDLE RIVER,44564,1985,QualFiltered,NA,1995,FALSE
Middle Fraser River_SU_1.3,MFR-summer,DU10,CK-11,MIDDLE RIVER,44564,1988,QualFiltered,NA,1995,FALSE
Middle Fraser River_SU_1.3,MFR-summer,DU10,CK-11,MIDDLE RIVER,44564,1997,QualFiltered,NA,1995,TRUE
Middle Fraser River_SU_1.3,MFR-summer,DU10,CK-11,MIDDLE RIVER,44564,1998,QualFiltered,NA,1995,TRUE
Lower Thompson_SP_1.2,LTh,DU15,CK-17,NICOLA RIVER-UPPER,44742,1996,QualFiltered,NA,1986,TRUE
Lower Thompson_SP_1.2,LTh,DU15,CK-17,NICOLA RIVER-UPPER,44742,1999,QualFiltered,NA,1986,TRUE
Lower Thompson_SP_1.2,LTh,DU15,CK-17,NICOLA RIVER-UPPER,44742,2000,QualFiltered,NA,1986,TRUE
Lower Thompson_SP_1.2,LTh,DU15,CK-17,NICOLA RIVER-UPPER,44742,2008,RELATIVE ABUNDANCE (TYPE-4),NA,1986,TRUE
Middle Fraser River_SP_1.3,MFR-spring,DU9,CK-10,BAEZAEKO RIVER,44752,1975,QualFiltered,NA,1995,FALSE
Middle Fraser River_SP_1.3,MFR-spring,DU9,CK-10,BAEZAEKO RIVER,44752,1976,QualFiltered,NA,1995,FALSE
Middle Fraser River_SP_1.3,MFR-spring,DU9,CK-10,BAEZAEKO RIVER,44752,1977,QualFiltered,NA,1995,FALSE
Middle Fraser River_SP_1.3,MFR-spring,DU9,CK-10,BAEZAEKO RIVER,44752,1978,QualFiltered,NA,1995,FALSE
Middle Fraser River_SP_1.3,MFR-spring,DU9,CK-10,BAEZAEKO RIVER,44752,1979,QualFiltered,NA,1995,FALSE
Middle Fraser River_SP_1.3,MFR-spring,DU9,CK-10,BAEZAEKO RIVER,44752,1980,QualFiltered,NA,1995,FALSE
Middle Fraser River_SP_1.3,MFR-spring,DU9,CK-10,BAEZAEKO RIVER,44752,1981,QualFiltered,NA,1995,FALSE
Middle Fraser River_SP_1.3,MFR-spring,DU9,CK-10,BAEZAEKO RIVER,44752,1982,QualFiltered,NA,1995,FALSE
Middle Fraser River_SP_1.3,MFR-spring,DU9,CK-10,BAEZAEKO RIVER,44752,1983,QualFiltered,NA,1995,FALSE
Middle Fraser River_SP_1.3,MFR-spring,DU9,CK-10,BAEZAEKO RIVER,44752,1984,QualFiltered,NA,1995,FALSE
Middle Fraser River_SP_1.3,MFR-spring,DU9,CK-10,BAEZAEKO RIVER,44752,1985,QualFiltered,NA,1995,FALSE
Middle Fraser River_SP_1.3,MFR-spring,DU9,CK-10,BAEZAEKO RIVER,44752,1986,QualFiltered,NA,1995,FALSE
Middle Fraser River_SP_1.3,MFR-spring,DU9,CK-10,BAEZAEKO RIVER,44752,1987,QualFiltered,NA,1995,FALSE
Middle Fraser River_SP_1.3,MFR-spring,DU9,CK-10,BAEZAEKO RIVER,44752,1988,QualFiltered,NA,1995,FALSE
Middle Fraser River_SP_1.3,MFR-spring,DU9,CK-10,BAEZAEKO RIVER,44752,1989,QualFiltered,NA,1995,FALSE
Middle Fraser River_SP_1.3,MFR-spring,DU9,CK-10,BAEZAEKO RIVER,44752,1990,QualFiltered,NA,1995,FALSE
Middle Fraser River_SP_1.3,MFR-spring,DU9,CK-10,BAEZAEKO RIVER,44752,1991,QualFiltered,NA,1995,FALSE
Middle Fraser River_SP_1.3,MFR-spring,DU9,CK-10,BAEZAEKO RIVER,44752,1992,QualFiltered,NA,1995,FALSE
Middle Fraser River_SP_1.3,MFR-spring,DU9,CK-10,BAEZAEKO RIVER,44752,1993,QualFiltered,NA,1995,FALSE
Middle Fraser River_SP_1.3,MFR-spring,DU9,CK-10,BAEZAEKO RIVER,44752,1994,QualFiltered,NA,1995,FALSE
Middle Fraser River_SP_1.3,MFR-spring,DU9,CK-10,BAEZAEKO RIVER,44752,1995,INFILL,796.5766402,1995,TRUE
Middle Fraser River_SP_1.3,MFR-spring,DU9,CK-10,BAEZAEKO RIVER,44752,1996,INFILL,827.5288262,1995,TRUE
Middle Fraser River_SP_1.3,MFR-spring,DU9,CK-10,BAEZAEKO RIVER,44752,1997,INFILL,676.7165989,1995,TRUE
Middle Fraser River_SP_1.3,MFR-spring,DU9,CK-10,BAEZAEKO RIVER,44752,1998,INFILL,348.9575052,1995,TRUE
Middle Fraser River_SP_1.3,MFR-spring,DU9,CK-10,BAEZAEKO RIVER,44752,1999,INFILL,423.8253202,1995,TRUE
Middle Fraser River_SP_1.3,MFR-spring,DU9,CK-10,BAEZAEKO RIVER,44752,2000,RELATIVE ABUNDANCE (TYPE-4),318,1995,TRUE
Middle Fraser River_SP_1.3,MFR-spring,DU9,CK-10,BAEZAEKO RIVER,44752,2001,RELATIVE ABUNDANCE (TYPE-4),309,1995,TRUE
Middle Fraser River_SP_1.3,MFR-spring,DU9,CK-10,BAEZAEKO RIVER,44752,2002,RELATIVE ABUNDANCE (TYPE-4),380,1995,TRUE
Middle Fraser River_SP_1.3,MFR-spring,DU9,CK-10,BAEZAEKO RIVER,44752,2003,RELATIVE ABUNDANCE (TYPE-4),1320,1995,TRUE
Middle Fraser River_SP_1.3,MFR-spring,DU9,CK-10,BAEZAEKO RIVER,44752,2004,RELATIVE ABUNDANCE (TYPE-4),484,1995,TRUE
Middle Fraser River_SP_1.3,MFR-spring,DU9,CK-10,BAEZAEKO RIVER,44752,2005,RELATIVE ABUNDANCE (TYPE-4),117,1995,TRUE
Middle Fraser River_SP_1.3,MFR-spring,DU9,CK-10,BAEZAEKO RIVER,44752,2006,RELATIVE ABUNDANCE (TYPE-4),216,1995,TRUE
Middle Fraser River_SP_1.3,MFR-spring,DU9,CK-10,BAEZAEKO RIVER,44752,2007,RELATIVE ABUNDANCE (TYPE-4),168,1995,TRUE
Middle Fraser River_SP_1.3,MFR-spring,DU9,CK-10,BAEZAEKO RIVER,44752,2008,RELATIVE ABUNDANCE (TYPE-4),145,1995,TRUE
Middle Fraser River_SP_1.3,MFR-spring,DU9,CK-10,BAEZAEKO RIVER,44752,2009,RELATIVE ABUNDANCE (TYPE-4),326,1995,TRUE
Middle Fraser River_SP_1.3,MFR-spring,DU9,CK-10,BAEZAEKO RIVER,44752,2010,RELATIVE ABUNDANCE (TYPE-4),415,1995,TRUE
Middle Fraser River_SP_1.3,MFR-spring,DU9,CK-10,BAEZAEKO RIVER,44752,2011,RELATIVE ABUNDANCE (TYPE-4),283,1995,TRUE
Middle Fraser River_SP_1.3,MFR-spring,DU9,CK-10,BAEZAEKO RIVER,44752,2012,RELATIVE ABUNDANCE (TYPE-4),148,1995,TRUE
Middle Fraser River_SP_1.3,MFR-spring,DU9,CK-10,BAEZAEKO RIVER,44752,2013,RELATIVE ABUNDANCE (TYPE-4),338,1995,TRUE
Middle Fraser River_SP_1.3,MFR-spring,DU9,CK-10,BAEZAEKO RIVER,44752,2014,RELATIVE ABUNDANCE (TYPE-4),743,1995,TRUE
Middle Fraser River_SP_1.3,MFR-spring,DU9,CK-10,BAEZAEKO RIVER,44752,2015,RELATIVE ABUNDANCE (TYPE-4),380,1995,TRUE
Middle Fraser River_SP_1.3,MFR-spring,DU9,CK-10,BAEZAEKO RIVER,44752,2016,RELATIVE ABUNDANCE (TYPE-4),175,1995,TRUE
Middle Fraser River_SP_1.3,MFR-spring,DU9,CK-10,BAEZAEKO RIVER,44752,2017,INFILL,105.3512324,1995,TRUE
Middle Fraser River_SP_1.3,MFR-spring,DU9,CK-10,BAEZAEKO RIVER,44752,2018,RELATIVE ABUNDANCE (TYPE-4),246,1995,TRUE
Middle Fraser River_SP_1.3,MFR-spring,DU9,CK-10,BAEZAEKO RIVER,44752,2019,RELATIVE ABUNDANCE (TYPE-4),51,1995,TRUE
Middle Fraser River_SP_1.3,MFR-spring,DU9,CK-10,BAEZAEKO RIVER,44752,2020,RELATIVE ABUNDANCE (TYPE-4),351,1995,TRUE
Middle Fraser River_SP_1.3,MFR-spring,DU9,CK-10,BAEZAEKO RIVER,44752,2021,RELATIVE ABUNDANCE (TYPE-4),686,1995,TRUE
Middle Fraser River_SP_1.3,MFR-spring,DU9,CK-10,BAEZAEKO RIVER,44752,2022,RELATIVE ABUNDANCE (TYPE-4),428,1995,TRUE
Middle Fraser River_SP_1.3,MFR-spring,DU9,CK-10,BAEZAEKO RIVER,44752,2023,RELATIVE ABUNDANCE (TYPE-4),326,1995,TRUE
Middle Fraser River_SP_1.3,MFR-spring,DU9,CK-10,NAZKO RIVER,44762,1975,QualFiltered,NA,1995,FALSE
Middle Fraser River_SP_1.3,MFR-spring,DU9,CK-10,NAZKO RIVER,44762,1976,QualFiltered,NA,1995,FALSE
Middle Fraser River_SP_1.3,MFR-spring,DU9,CK-10,NAZKO RIVER,44762,1977,QualFiltered,NA,1995,FALSE
Middle Fraser River_SP_1.3,MFR-spring,DU9,CK-10,NAZKO RIVER,44762,1978,QualFiltered,NA,1995,FALSE
Middle Fraser River_SP_1.3,MFR-spring,DU9,CK-10,NAZKO RIVER,44762,1979,QualFiltered,NA,1995,FALSE
Middle Fraser River_SP_1.3,MFR-spring,DU9,CK-10,NAZKO RIVER,44762,1980,QualFiltered,NA,1995,FALSE
Middle Fraser River_SP_1.3,MFR-spring,DU9,CK-10,NAZKO RIVER,44762,1981,QualFiltered,NA,1995,FALSE
Middle Fraser River_SP_1.3,MFR-spring,DU9,CK-10,NAZKO RIVER,44762,1982,QualFiltered,NA,1995,FALSE
Middle Fraser River_SP_1.3,MFR-spring,DU9,CK-10,NAZKO RIVER,44762,1983,QualFiltered,NA,1995,FALSE
Middle Fraser River_SP_1.3,MFR-spring,DU9,CK-10,NAZKO RIVER,44762,1984,QualFiltered,NA,1995,FALSE
Middle Fraser River_SP_1.3,MFR-spring,DU9,CK-10,NAZKO RIVER,44762,1985,QualFiltered,NA,1995,FALSE
Middle Fraser River_SP_1.3,MFR-spring,DU9,CK-10,NAZKO RIVER,44762,1986,QualFiltered,NA,1995,FALSE
Middle Fraser River_SP_1.3,MFR-spring,DU9,CK-10,NAZKO RIVER,44762,1987,QualFiltered,NA,1995,FALSE
Middle Fraser River_SP_1.3,MFR-spring,DU9,CK-10,NAZKO RIVER,44762,1988,QualFiltered,NA,1995,FALSE
Middle Fraser River_SP_1.3,MFR-spring,DU9,CK-10,NAZKO RIVER,44762,1989,QualFiltered,NA,1995,FALSE
Middle Fraser River_SP_1.3,MFR-spring,DU9,CK-10,NAZKO RIVER,44762,1990,QualFiltered,NA,1995,FALSE
Middle Fraser River_SP_1.3,MFR-spring,DU9,CK-10,NAZKO RIVER,44762,1991,QualFiltered,NA,1995,FALSE
Middle Fraser River_SP_1.3,MFR-spring,DU9,CK-10,NAZKO RIVER,44762,1992,QualFiltered,NA,1995,FALSE
Middle Fraser River_SP_1.3,MFR-spring,DU9,CK-10,NAZKO RIVER,44762,1993,QualFiltered,NA,1995,FALSE
Middle Fraser River_SP_1.3,MFR-spring,DU9,CK-10,NAZKO RIVER,44762,1994,QualFiltered,NA,1995,FALSE
Middle Fraser River_SP_1.3,MFR-spring,DU9,CK-10,NAZKO RIVER,44762,1995,INFILL,365.0141831,1995,TRUE
Middle Fraser River_SP_1.3,MFR-spring,DU9,CK-10,NAZKO RIVER,44762,1996,INFILL,379.1973594,1995,TRUE
Middle Fraser River_SP_1.3,MFR-spring,DU9,CK-10,NAZKO RIVER,44762,1997,INFILL,310.0908866,1995,TRUE
Middle Fraser River_SP_1.3,MFR-spring,DU9,CK-10,NAZKO RIVER,44762,1998,INFILL,159.9023023,1995,TRUE
Middle Fraser River_SP_1.3,MFR-spring,DU9,CK-10,NAZKO RIVER,44762,1999,RELATIVE ABUNDANCE (TYPE-4),237,1995,TRUE
Middle Fraser River_SP_1.3,MFR-spring,DU9,CK-10,NAZKO RIVER,44762,2000,RELATIVE ABUNDANCE (TYPE-4),75,1995,TRUE
Middle Fraser River_SP_1.3,MFR-spring,DU9,CK-10,NAZKO RIVER,44762,2001,RELATIVE ABUNDANCE (TYPE-4),415,1995,TRUE
Middle Fraser River_SP_1.3,MFR-spring,DU9,CK-10,NAZKO RIVER,44762,2002,RELATIVE ABUNDANCE (TYPE-4),295,1995,TRUE
Middle Fraser River_SP_1.3,MFR-spring,DU9,CK-10,NAZKO RIVER,44762,2003,RELATIVE ABUNDANCE (TYPE-4),389,1995,TRUE
Middle Fraser River_SP_1.3,MFR-spring,DU9,CK-10,NAZKO RIVER,44762,2004,RELATIVE ABUNDANCE (TYPE-4),75,1995,TRUE
Middle Fraser River_SP_1.3,MFR-spring,DU9,CK-10,NAZKO RIVER,44762,2005,RELATIVE ABUNDANCE (TYPE-4),141,1995,TRUE
Middle Fraser River_SP_1.3,MFR-spring,DU9,CK-10,NAZKO RIVER,44762,2006,RELATIVE ABUNDANCE (TYPE-4),126,1995,TRUE
Middle Fraser River_SP_1.3,MFR-spring,DU9,CK-10,NAZKO RIVER,44762,2007,RELATIVE ABUNDANCE (TYPE-4),66,1995,TRUE
Middle Fraser River_SP_1.3,MFR-spring,DU9,CK-10,NAZKO RIVER,44762,2008,RELATIVE ABUNDANCE (TYPE-4),251,1995,TRUE
Middle Fraser River_SP_1.3,MFR-spring,DU9,CK-10,NAZKO RIVER,44762,2009,RELATIVE ABUNDANCE (TYPE-4),155,1995,TRUE
Middle Fraser River_SP_1.3,MFR-spring,DU9,CK-10,NAZKO RIVER,44762,2010,RELATIVE ABUNDANCE (TYPE-4),162,1995,TRUE
Middle Fraser River_SP_1.3,MFR-spring,DU9,CK-10,NAZKO RIVER,44762,2011,RELATIVE ABUNDANCE (TYPE-4),89,1995,TRUE
Middle Fraser River_SP_1.3,MFR-spring,DU9,CK-10,NAZKO RIVER,44762,2012,RELATIVE ABUNDANCE (TYPE-4),240,1995,TRUE
Middle Fraser River_SP_1.3,MFR-spring,DU9,CK-10,NAZKO RIVER,44762,2013,RELATIVE ABUNDANCE (TYPE-4),118,1995,TRUE
Middle Fraser River_SP_1.3,MFR-spring,DU9,CK-10,NAZKO RIVER,44762,2014,RELATIVE ABUNDANCE (TYPE-4),318,1995,TRUE
Middle Fraser River_SP_1.3,MFR-spring,DU9,CK-10,NAZKO RIVER,44762,2015,RELATIVE ABUNDANCE (TYPE-4),231,1995,TRUE
Middle Fraser River_SP_1.3,MFR-spring,DU9,CK-10,NAZKO RIVER,44762,2016,RELATIVE ABUNDANCE (TYPE-4),125,1995,TRUE
Middle Fraser River_SP_1.3,MFR-spring,DU9,CK-10,NAZKO RIVER,44762,2017,INFILL,48.27494569,1995,TRUE
Middle Fraser River_SP_1.3,MFR-spring,DU9,CK-10,NAZKO RIVER,44762,2018,RELATIVE ABUNDANCE (TYPE-4),43,1995,TRUE
Middle Fraser River_SP_1.3,MFR-spring,DU9,CK-10,NAZKO RIVER,44762,2019,RELATIVE ABUNDANCE (TYPE-4),8,1995,TRUE
Middle Fraser River_SP_1.3,MFR-spring,DU9,CK-10,NAZKO RIVER,44762,2020,RELATIVE ABUNDANCE (TYPE-4),145,1995,TRUE
Middle Fraser River_SP_1.3,MFR-spring,DU9,CK-10,NAZKO RIVER,44762,2021,RELATIVE ABUNDANCE (TYPE-4),160,1995,TRUE
Middle Fraser River_SP_1.3,MFR-spring,DU9,CK-10,NAZKO RIVER,44762,2022,RELATIVE ABUNDANCE (TYPE-4),85,1995,TRUE
Middle Fraser River_SP_1.3,MFR-spring,DU9,CK-10,NAZKO RIVER,44762,2023,RELATIVE ABUNDANCE (TYPE-4),45,1995,TRUE
Upper Fraser River_SP_1.3,UFR-spring,DU11,CK-12,FORGETMENOT CREEK,44961,1975,QualFiltered,NA,1995,FALSE
Upper Fraser River_SP_1.3,UFR-spring,DU11,CK-12,FORGETMENOT CREEK,44961,1976,QualFiltered,NA,1995,FALSE
Upper Fraser River_SP_1.3,UFR-spring,DU11,CK-12,FORGETMENOT CREEK,44961,1977,QualFiltered,NA,1995,FALSE
Upper Fraser River_SP_1.3,UFR-spring,DU11,CK-12,FORGETMENOT CREEK,44961,1978,QualFiltered,NA,1995,FALSE
Upper Fraser River_SP_1.3,UFR-spring,DU11,CK-12,FORGETMENOT CREEK,44961,1979,QualFiltered,NA,1995,FALSE
Upper Fraser River_SP_1.3,UFR-spring,DU11,CK-12,FORGETMENOT CREEK,44961,1980,QualFiltered,NA,1995,FALSE
Upper Fraser River_SP_1.3,UFR-spring,DU11,CK-12,FORGETMENOT CREEK,44961,1981,QualFiltered,NA,1995,FALSE
Upper Fraser River_SP_1.3,UFR-spring,DU11,CK-12,FORGETMENOT CREEK,44961,1982,QualFiltered,NA,1995,FALSE
Upper Fraser River_SP_1.3,UFR-spring,DU11,CK-12,FORGETMENOT CREEK,44961,1983,QualFiltered,NA,1995,FALSE
Upper Fraser River_SP_1.3,UFR-spring,DU11,CK-12,FORGETMENOT CREEK,44961,1984,QualFiltered,NA,1995,FALSE
Upper Fraser River_SP_1.3,UFR-spring,DU11,CK-12,FORGETMENOT CREEK,44961,1985,QualFiltered,NA,1995,FALSE
Upper Fraser River_SP_1.3,UFR-spring,DU11,CK-12,FORGETMENOT CREEK,44961,1986,QualFiltered,NA,1995,FALSE
Upper Fraser River_SP_1.3,UFR-spring,DU11,CK-12,FORGETMENOT CREEK,44961,1987,QualFiltered,NA,1995,FALSE
Upper Fraser River_SP_1.3,UFR-spring,DU11,CK-12,FORGETMENOT CREEK,44961,1988,QualFiltered,NA,1995,FALSE
Upper Fraser River_SP_1.3,UFR-spring,DU11,CK-12,FORGETMENOT CREEK,44961,1989,QualFiltered,NA,1995,FALSE
Upper Fraser River_SP_1.3,UFR-spring,DU11,CK-12,FORGETMENOT CREEK,44961,1990,QualFiltered,NA,1995,FALSE
Upper Fraser River_SP_1.3,UFR-spring,DU11,CK-12,FORGETMENOT CREEK,44961,1991,QualFiltered,NA,1995,FALSE
Upper Fraser River_SP_1.3,UFR-spring,DU11,CK-12,FORGETMENOT CREEK,44961,1992,QualFiltered,NA,1995,FALSE
Upper Fraser River_SP_1.3,UFR-spring,DU11,CK-12,FORGETMENOT CREEK,44961,1993,QualFiltered,NA,1995,FALSE
Upper Fraser River_SP_1.3,UFR-spring,DU11,CK-12,FORGETMENOT CREEK,44961,1994,QualFiltered,NA,1995,FALSE
Upper Fraser River_SP_1.3,UFR-spring,DU11,CK-12,FORGETMENOT CREEK,44961,1995,INFILL,81.4987751,1995,TRUE
Upper Fraser River_SP_1.3,UFR-spring,DU11,CK-12,FORGETMENOT CREEK,44961,1996,INFILL,55.60108408,1995,TRUE
Upper Fraser River_SP_1.3,UFR-spring,DU11,CK-12,FORGETMENOT CREEK,44961,1997,INFILL,52.59968,1995,TRUE
Upper Fraser River_SP_1.3,UFR-spring,DU11,CK-12,FORGETMENOT CREEK,44961,1998,RELATIVE ABUNDANCE (TYPE-4),74,1995,TRUE
Upper Fraser River_SP_1.3,UFR-spring,DU11,CK-12,FORGETMENOT CREEK,44961,1999,INFILL,50.0700147,1995,TRUE
Upper Fraser River_SP_1.3,UFR-spring,DU11,CK-12,FORGETMENOT CREEK,44961,2000,RELATIVE ABUNDANCE (TYPE-4),0,1995,TRUE
Upper Fraser River_SP_1.3,UFR-spring,DU11,CK-12,FORGETMENOT CREEK,44961,2001,RELATIVE ABUNDANCE (TYPE-4),80,1995,TRUE
Upper Fraser River_SP_1.3,UFR-spring,DU11,CK-12,FORGETMENOT CREEK,44961,2002,RELATIVE ABUNDANCE (TYPE-4),85,1995,TRUE
Upper Fraser River_SP_1.3,UFR-spring,DU11,CK-12,FORGETMENOT CREEK,44961,2003,RELATIVE ABUNDANCE (TYPE-4),218,1995,TRUE
Upper Fraser River_SP_1.3,UFR-spring,DU11,CK-12,FORGETMENOT CREEK,44961,2004,RELATIVE ABUNDANCE (TYPE-4),78,1995,TRUE
Upper Fraser River_SP_1.3,UFR-spring,DU11,CK-12,FORGETMENOT CREEK,44961,2005,INFILL,77.14956744,1995,TRUE
Upper Fraser River_SP_1.3,UFR-spring,DU11,CK-12,FORGETMENOT CREEK,44961,2006,RELATIVE ABUNDANCE (TYPE-4),18,1995,TRUE
Upper Fraser River_SP_1.3,UFR-spring,DU11,CK-12,FORGETMENOT CREEK,44961,2007,RELATIVE ABUNDANCE (TYPE-4),3,1995,TRUE
Upper Fraser River_SP_1.3,UFR-spring,DU11,CK-12,FORGETMENOT CREEK,44961,2008,RELATIVE ABUNDANCE (TYPE-4),18,1995,TRUE
Upper Fraser River_SP_1.3,UFR-spring,DU11,CK-12,FORGETMENOT CREEK,44961,2009,RELATIVE ABUNDANCE (TYPE-4),52,1995,TRUE
Upper Fraser River_SP_1.3,UFR-spring,DU11,CK-12,FORGETMENOT CREEK,44961,2010,RELATIVE ABUNDANCE (TYPE-4),0,1995,TRUE
Upper Fraser River_SP_1.3,UFR-spring,DU11,CK-12,FORGETMENOT CREEK,44961,2011,INFILL,16.57697636,1995,TRUE
Upper Fraser River_SP_1.3,UFR-spring,DU11,CK-12,FORGETMENOT CREEK,44961,2012,RELATIVE ABUNDANCE (TYPE-4),0,1995,TRUE
Upper Fraser River_SP_1.3,UFR-spring,DU11,CK-12,FORGETMENOT CREEK,44961,2013,INFILL,26.65236569,1995,TRUE
Upper Fraser River_SP_1.3,UFR-spring,DU11,CK-12,FORGETMENOT CREEK,44961,2014,RELATIVE ABUNDANCE (TYPE-4),60,1995,TRUE
Upper Fraser River_SP_1.3,UFR-spring,DU11,CK-12,FORGETMENOT CREEK,44961,2015,RELATIVE ABUNDANCE (TYPE-4),2,1995,TRUE
Upper Fraser River_SP_1.3,UFR-spring,DU11,CK-12,FORGETMENOT CREEK,44961,2016,INFILL,27.92557332,1995,TRUE
Upper Fraser River_SP_1.3,UFR-spring,DU11,CK-12,FORGETMENOT CREEK,44961,2017,INFILL,15.09826503,1995,TRUE
Upper Fraser River_SP_1.3,UFR-spring,DU11,CK-12,FORGETMENOT CREEK,44961,2018,INFILL,16.23317929,1995,TRUE
Upper Fraser River_SP_1.3,UFR-spring,DU11,CK-12,FORGETMENOT CREEK,44961,2019,INFILL,4.508616206,1995,TRUE
Upper Fraser River_SP_1.3,UFR-spring,DU11,CK-12,FORGETMENOT CREEK,44961,2020,INFILL,31.24211518,1995,TRUE
Upper Fraser River_SP_1.3,UFR-spring,DU11,CK-12,FORGETMENOT CREEK,44961,2021,INFILL,31.67543262,1995,TRUE
Upper Fraser River_SP_1.3,UFR-spring,DU11,CK-12,FORGETMENOT CREEK,44961,2022,INFILL,43.97989451,1995,TRUE
Upper Fraser River_SP_1.3,UFR-spring,DU11,CK-12,FORGETMENOT CREEK,44961,2023,INFILL,30.33089189,1995,TRUE
Middle Fraser River_SP_1.3,MFR-spring,DU9,CK-10,MCKINLEY CREEK,45051,1975,QualFiltered,NA,1995,FALSE
Middle Fraser River_SP_1.3,MFR-spring,DU9,CK-10,MCKINLEY CREEK,45051,1976,QualFiltered,NA,1995,FALSE
Middle Fraser River_SP_1.3,MFR-spring,DU9,CK-10,MCKINLEY CREEK,45051,1977,QualFiltered,NA,1995,FALSE
Middle Fraser River_SP_1.3,MFR-spring,DU9,CK-10,MCKINLEY CREEK,45051,1978,QualFiltered,NA,1995,FALSE
Middle Fraser River_SP_1.3,MFR-spring,DU9,CK-10,MCKINLEY CREEK,45051,1979,QualFiltered,NA,1995,FALSE
Middle Fraser River_SP_1.3,MFR-spring,DU9,CK-10,MCKINLEY CREEK,45051,1980,QualFiltered,NA,1995,FALSE
Middle Fraser River_SP_1.3,MFR-spring,DU9,CK-10,MCKINLEY CREEK,45051,1981,QualFiltered,NA,1995,FALSE
Middle Fraser River_SP_1.3,MFR-spring,DU9,CK-10,MCKINLEY CREEK,45051,1982,QualFiltered,NA,1995,FALSE
Middle Fraser River_SP_1.3,MFR-spring,DU9,CK-10,MCKINLEY CREEK,45051,1983,QualFiltered,NA,1995,FALSE
Middle Fraser River_SP_1.3,MFR-spring,DU9,CK-10,MCKINLEY CREEK,45051,1984,QualFiltered,NA,1995,FALSE
Middle Fraser River_SP_1.3,MFR-spring,DU9,CK-10,MCKINLEY CREEK,45051,1985,QualFiltered,NA,1995,FALSE
Middle Fraser River_SP_1.3,MFR-spring,DU9,CK-10,MCKINLEY CREEK,45051,1986,QualFiltered,NA,1995,FALSE
Middle Fraser River_SP_1.3,MFR-spring,DU9,CK-10,MCKINLEY CREEK,45051,1987,QualFiltered,NA,1995,FALSE
Middle Fraser River_SP_1.3,MFR-spring,DU9,CK-10,MCKINLEY CREEK,45051,1988,QualFiltered,NA,1995,FALSE
Middle Fraser River_SP_1.3,MFR-spring,DU9,CK-10,MCKINLEY CREEK,45051,1989,QualFiltered,NA,1995,FALSE
Middle Fraser River_SP_1.3,MFR-spring,DU9,CK-10,MCKINLEY CREEK,45051,1990,QualFiltered,NA,1995,FALSE
Middle Fraser River_SP_1.3,MFR-spring,DU9,CK-10,MCKINLEY CREEK,45051,1991,QualFiltered,NA,1995,FALSE
Middle Fraser River_SP_1.3,MFR-spring,DU9,CK-10,MCKINLEY CREEK,45051,1992,QualFiltered,NA,1995,FALSE
Middle Fraser River_SP_1.3,MFR-spring,DU9,CK-10,MCKINLEY CREEK,45051,1993,QualFiltered,NA,1995,FALSE
Middle Fraser River_SP_1.3,MFR-spring,DU9,CK-10,MCKINLEY CREEK,45051,1994,QualFiltered,NA,1995,FALSE
Middle Fraser River_SP_1.3,MFR-spring,DU9,CK-10,MCKINLEY CREEK,45051,1995,QualFiltered,NA,1995,TRUE
Middle Fraser River_SP_1.3,MFR-spring,DU9,CK-10,MCKINLEY CREEK,45051,1996,QualFiltered,NA,1995,TRUE
Middle Fraser River_SP_1.3,MFR-spring,DU9,CK-10,MCKINLEY CREEK,45051,1997,QualFiltered,NA,1995,TRUE
Middle Fraser River_SP_1.3,MFR-spring,DU9,CK-10,MCKINLEY CREEK,45051,1998,TRUE ABUNDANCE (TYPE-1),NA,1995,TRUE
Middle Fraser River_SP_1.3,MFR-spring,DU9,CK-10,MCKINLEY CREEK,45051,1999,RELATIVE ABUNDANCE (TYPE-4),NA,1995,TRUE
Middle Fraser River_SP_1.3,MFR-spring,DU9,CK-10,MCKINLEY CREEK,45051,2000,RELATIVE ABUNDANCE (TYPE-4),NA,1995,TRUE
Middle Fraser River_SP_1.3,MFR-spring,DU9,CK-10,MCKINLEY CREEK,45051,2001,RELATIVE ABUNDANCE (TYPE-4),NA,1995,TRUE
Middle Fraser River_SP_1.3,MFR-spring,DU9,CK-10,MCKINLEY CREEK,45051,2002,QualFiltered,NA,1995,TRUE
Middle Fraser River_SP_1.3,MFR-spring,DU9,CK-10,MCKINLEY CREEK,45051,2003,QualFiltered,NA,1995,TRUE
Middle Fraser River_SP_1.3,MFR-spring,DU9,CK-10,MCKINLEY CREEK,45051,2004,QualFiltered,NA,1995,TRUE
Middle Fraser River_SP_1.3,MFR-spring,DU9,CK-10,MCKINLEY CREEK,45051,2005,QualFiltered,NA,1995,TRUE
Middle Fraser River_SP_1.3,MFR-spring,DU9,CK-10,MCKINLEY CREEK,45051,2006,QualFiltered,NA,1995,TRUE
Middle Fraser River_SP_1.3,MFR-spring,DU9,CK-10,MCKINLEY CREEK,45051,2007,QualFiltered,NA,1995,TRUE
Middle Fraser River_SP_1.3,MFR-spring,DU9,CK-10,MCKINLEY CREEK,45051,2008,RELATIVE ABUNDANCE (TYPE-4),NA,1995,TRUE
Middle Fraser River_SP_1.3,MFR-spring,DU9,CK-10,MCKINLEY CREEK,45051,2009,RELATIVE ABUNDANCE (TYPE-4),NA,1995,TRUE
Middle Fraser River_SP_1.3,MFR-spring,DU9,CK-10,MCKINLEY CREEK,45051,2010,RELATIVE ABUNDANCE (TYPE-4),NA,1995,TRUE
Middle Fraser River_SP_1.3,MFR-spring,DU9,CK-10,MCKINLEY CREEK,45051,2011,RELATIVE ABUNDANCE (TYPE-4),NA,1995,TRUE
Middle Fraser River_SP_1.3,MFR-spring,DU9,CK-10,MCKINLEY CREEK,45051,2012,RELATIVE ABUNDANCE (TYPE-4),NA,1995,TRUE
Middle Fraser River_SP_1.3,MFR-spring,DU9,CK-10,MCKINLEY CREEK,45051,2013,RELATIVE ABUNDANCE (TYPE-4),NA,1995,TRUE
Middle Fraser River_SP_1.3,MFR-spring,DU9,CK-10,MCKINLEY CREEK,45051,2014,RELATIVE ABUNDANCE (TYPE-4),NA,1995,TRUE
Middle Fraser River_SP_1.3,MFR-spring,DU9,CK-10,MCKINLEY CREEK,45051,2015,RELATIVE ABUNDANCE (TYPE-3),NA,1995,TRUE
Middle Fraser River_SP_1.3,MFR-spring,DU9,CK-10,MCKINLEY CREEK,45051,2016,RELATIVE ABUNDANCE (TYPE-4),NA,1995,TRUE
Middle Fraser River_SP_1.3,MFR-spring,DU9,CK-10,MCKINLEY CREEK,45051,2017,RELATIVE ABUNDANCE (TYPE-4),NA,1995,TRUE
Middle Fraser River_SP_1.3,MFR-spring,DU9,CK-10,MCKINLEY CREEK,45051,2018,RELATIVE ABUNDANCE (TYPE-3),NA,1995,TRUE
Middle Fraser River_SP_1.3,MFR-spring,DU9,CK-10,MCKINLEY CREEK,45051,2019,RELATIVE ABUNDANCE (TYPE-3),NA,1995,TRUE
Middle Fraser River_SP_1.3,MFR-spring,DU9,CK-10,MCKINLEY CREEK,45051,2020,QualFiltered,NA,1995,TRUE
Middle Fraser River_SP_1.3,MFR-spring,DU9,CK-10,MCKINLEY CREEK,45051,2021,RELATIVE ABUNDANCE (TYPE-4),NA,1995,TRUE
Middle Fraser River_SP_1.3,MFR-spring,DU9,CK-10,MCKINLEY CREEK,45051,2022,RELATIVE ABUNDANCE (TYPE-4),NA,1995,TRUE
Middle Fraser River_SP_1.3,MFR-spring,DU9,CK-10,MCKINLEY CREEK,45051,2023,QualFiltered,NA,1995,TRUE
West Vancouver Island-South_FA_0.x,SWVI,DU24,CK-31,BEDWELL SYSTEM,45190,1995,INFILL,53.68420365,1995,TRUE
West Vancouver Island-South_FA_0.x,SWVI,DU24,CK-31,BEDWELL SYSTEM,45190,1996,INFILL,132.2392615,1995,TRUE
West Vancouver Island-South_FA_0.x,SWVI,DU24,CK-31,BEDWELL SYSTEM,45190,1997,INFILL,174.7465429,1995,TRUE
West Vancouver Island-South_FA_0.x,SWVI,DU24,CK-31,BEDWELL SYSTEM,45190,1998,INFILL,193.6333304,1995,TRUE
West Vancouver Island-South_FA_0.x,SWVI,DU24,CK-31,BEDWELL SYSTEM,45190,1999,INFILL,110.200337,1995,TRUE
West Vancouver Island-South_FA_0.x,SWVI,DU24,CK-31,BEDWELL SYSTEM,45190,2000,INFILL,45.46481211,1995,TRUE
West Vancouver Island-South_FA_0.x,SWVI,DU24,CK-31,BEDWELL SYSTEM,45190,2001,INFILL,79.82461414,1995,TRUE
West Vancouver Island-South_FA_0.x,SWVI,DU24,CK-31,BEDWELL SYSTEM,45190,2002,INFILL,120.9871599,1995,TRUE
West Vancouver Island-South_FA_0.x,SWVI,DU24,CK-31,BEDWELL SYSTEM,45190,2003,INFILL,164.1108722,1995,TRUE
West Vancouver Island-South_FA_0.x,SWVI,DU24,CK-31,BEDWELL SYSTEM,45190,2004,INFILL,209.1914178,1995,TRUE
West Vancouver Island-South_FA_0.x,SWVI,DU24,CK-31,BEDWELL SYSTEM,45190,2005,INFILL,80.01048861,1995,TRUE
West Vancouver Island-South_FA_0.x,SWVI,DU24,CK-31,BEDWELL SYSTEM,45190,2006,INFILL,220.8722907,1995,TRUE
West Vancouver Island-South_FA_0.x,SWVI,DU24,CK-31,BEDWELL SYSTEM,45190,2007,INFILL,49.1914453,1995,TRUE
West Vancouver Island-South_FA_0.x,SWVI,DU24,CK-31,BEDWELL SYSTEM,45190,2008,INFILL,64.05034648,1995,TRUE
West Vancouver Island-South_FA_0.x,SWVI,DU24,CK-31,BEDWELL SYSTEM,45190,2009,INFILL,52.8571402,1995,TRUE
West Vancouver Island-South_FA_0.x,SWVI,DU24,CK-31,BEDWELL SYSTEM,45190,2010,MERGED,50,1995,TRUE
West Vancouver Island-South_FA_0.x,SWVI,DU24,CK-31,BEDWELL SYSTEM,45190,2011,MERGED,48,1995,TRUE
West Vancouver Island-South_FA_0.x,SWVI,DU24,CK-31,BEDWELL SYSTEM,45190,2012,MERGED,213,1995,TRUE
West Vancouver Island-South_FA_0.x,SWVI,DU24,CK-31,BEDWELL SYSTEM,45190,2013,QualFiltered,NA,1995,TRUE
West Vancouver Island-South_FA_0.x,SWVI,DU24,CK-31,BEDWELL SYSTEM,45190,2014,QualFiltered,NA,1995,TRUE
West Vancouver Island-South_FA_0.x,SWVI,DU24,CK-31,BEDWELL SYSTEM,45190,2015,QualFiltered,NA,1995,TRUE
West Vancouver Island-South_FA_0.x,SWVI,DU24,CK-31,BEDWELL SYSTEM,45190,2016,QualFiltered,NA,1995,TRUE
West Vancouver Island-South_FA_0.x,SWVI,DU24,CK-31,BEDWELL SYSTEM,45190,2017,QualFiltered,NA,1995,TRUE
West Vancouver Island-South_FA_0.x,SWVI,DU24,CK-31,BEDWELL SYSTEM,45190,2018,QualFiltered,NA,1995,TRUE
West Vancouver Island-South_FA_0.x,SWVI,DU24,CK-31,BEDWELL SYSTEM,45190,2019,QualFiltered,NA,1995,TRUE
West Vancouver Island-South_FA_0.x,SWVI,DU24,CK-31,BEDWELL SYSTEM,45190,2020,QualFiltered,NA,1995,TRUE
West Vancouver Island-South_FA_0.x,SWVI,DU24,CK-31,BEDWELL SYSTEM,45190,2021,QualFiltered,NA,1995,TRUE
West Vancouver Island-South_FA_0.x,SWVI,DU24,CK-31,BEDWELL SYSTEM,45190,2022,QualFiltered,NA,1995,TRUE
Upper Fraser River_SP_1.3,UFR-spring,DU11,CK-12,SMALL CREEK,45325,1975,QualFiltered,NA,1995,FALSE
Upper Fraser River_SP_1.3,UFR-spring,DU11,CK-12,SMALL CREEK,45325,1976,QualFiltered,NA,1995,FALSE
Upper Fraser River_SP_1.3,UFR-spring,DU11,CK-12,SMALL CREEK,45325,1977,QualFiltered,NA,1995,FALSE
Upper Fraser River_SP_1.3,UFR-spring,DU11,CK-12,SMALL CREEK,45325,1978,QualFiltered,NA,1995,FALSE
Upper Fraser River_SP_1.3,UFR-spring,DU11,CK-12,SMALL CREEK,45325,1979,QualFiltered,NA,1995,FALSE
Upper Fraser River_SP_1.3,UFR-spring,DU11,CK-12,SMALL CREEK,45325,1980,QualFiltered,NA,1995,FALSE
Upper Fraser River_SP_1.3,UFR-spring,DU11,CK-12,SMALL CREEK,45325,1981,QualFiltered,NA,1995,FALSE
Upper Fraser River_SP_1.3,UFR-spring,DU11,CK-12,SMALL CREEK,45325,1982,QualFiltered,NA,1995,FALSE
Upper Fraser River_SP_1.3,UFR-spring,DU11,CK-12,SMALL CREEK,45325,1983,QualFiltered,NA,1995,FALSE
Upper Fraser River_SP_1.3,UFR-spring,DU11,CK-12,SMALL CREEK,45325,1984,QualFiltered,NA,1995,FALSE
Upper Fraser River_SP_1.3,UFR-spring,DU11,CK-12,SMALL CREEK,45325,1985,QualFiltered,NA,1995,FALSE
Upper Fraser River_SP_1.3,UFR-spring,DU11,CK-12,SMALL CREEK,45325,1986,QualFiltered,NA,1995,FALSE
Upper Fraser River_SP_1.3,UFR-spring,DU11,CK-12,SMALL CREEK,45325,1987,QualFiltered,NA,1995,FALSE
Upper Fraser River_SP_1.3,UFR-spring,DU11,CK-12,SMALL CREEK,45325,1988,QualFiltered,NA,1995,FALSE
Upper Fraser River_SP_1.3,UFR-spring,DU11,CK-12,SMALL CREEK,45325,1989,QualFiltered,NA,1995,FALSE
Upper Fraser River_SP_1.3,UFR-spring,DU11,CK-12,SMALL CREEK,45325,1990,QualFiltered,NA,1995,FALSE
Upper Fraser River_SP_1.3,UFR-spring,DU11,CK-12,SMALL CREEK,45325,1991,QualFiltered,NA,1995,FALSE
Upper Fraser River_SP_1.3,UFR-spring,DU11,CK-12,SMALL CREEK,45325,1992,QualFiltered,NA,1995,FALSE
Upper Fraser River_SP_1.3,UFR-spring,DU11,CK-12,SMALL CREEK,45325,1993,QualFiltered,NA,1995,FALSE
Upper Fraser River_SP_1.3,UFR-spring,DU11,CK-12,SMALL CREEK,45325,1994,QualFiltered,NA,1995,FALSE
Upper Fraser River_SP_1.3,UFR-spring,DU11,CK-12,SMALL CREEK,45325,1995,INFILL,1187.267436,1995,TRUE
Upper Fraser River_SP_1.3,UFR-spring,DU11,CK-12,SMALL CREEK,45325,1996,INFILL,809.9920084,1995,TRUE
Upper Fraser River_SP_1.3,UFR-spring,DU11,CK-12,SMALL CREEK,45325,1997,INFILL,766.2678012,1995,TRUE
Upper Fraser River_SP_1.3,UFR-spring,DU11,CK-12,SMALL CREEK,45325,1998,RELATIVE ABUNDANCE (TYPE-4),2050,1995,TRUE
Upper Fraser River_SP_1.3,UFR-spring,DU11,CK-12,SMALL CREEK,45325,1999,RELATIVE ABUNDANCE (TYPE-4),1231,1995,TRUE
Upper Fraser River_SP_1.3,UFR-spring,DU11,CK-12,SMALL CREEK,45325,2000,RELATIVE ABUNDANCE (TYPE-4),1920,1995,TRUE
Upper Fraser River_SP_1.3,UFR-spring,DU11,CK-12,SMALL CREEK,45325,2001,RELATIVE ABUNDANCE (TYPE-4),2677,1995,TRUE
Upper Fraser River_SP_1.3,UFR-spring,DU11,CK-12,SMALL CREEK,45325,2002,INFILL,1354.701431,1995,TRUE
Upper Fraser River_SP_1.3,UFR-spring,DU11,CK-12,SMALL CREEK,45325,2003,RELATIVE ABUNDANCE (TYPE-4),2677,1995,TRUE
Upper Fraser River_SP_1.3,UFR-spring,DU11,CK-12,SMALL CREEK,45325,2004,RELATIVE ABUNDANCE (TYPE-4),334,1995,TRUE
Upper Fraser River_SP_1.3,UFR-spring,DU11,CK-12,SMALL CREEK,45325,2005,RELATIVE ABUNDANCE (TYPE-4),2677,1995,TRUE
Upper Fraser River_SP_1.3,UFR-spring,DU11,CK-12,SMALL CREEK,45325,2006,RELATIVE ABUNDANCE (TYPE-4),2050,1995,TRUE
Upper Fraser River_SP_1.3,UFR-spring,DU11,CK-12,SMALL CREEK,45325,2007,INFILL,1012.077051,1995,TRUE
Upper Fraser River_SP_1.3,UFR-spring,DU11,CK-12,SMALL CREEK,45325,2008,RELATIVE ABUNDANCE (TYPE-4),0,1995,TRUE
Upper Fraser River_SP_1.3,UFR-spring,DU11,CK-12,SMALL CREEK,45325,2009,RELATIVE ABUNDANCE (TYPE-4),20,1995,TRUE
Upper Fraser River_SP_1.3,UFR-spring,DU11,CK-12,SMALL CREEK,45325,2010,RELATIVE ABUNDANCE (TYPE-4),5,1995,TRUE
Upper Fraser River_SP_1.3,UFR-spring,DU11,CK-12,SMALL CREEK,45325,2011,RELATIVE ABUNDANCE (TYPE-4),45,1995,TRUE
Upper Fraser River_SP_1.3,UFR-spring,DU11,CK-12,SMALL CREEK,45325,2012,RELATIVE ABUNDANCE (TYPE-4),5,1995,TRUE
Upper Fraser River_SP_1.3,UFR-spring,DU11,CK-12,SMALL CREEK,45325,2013,RELATIVE ABUNDANCE (TYPE-4),0,1995,TRUE
Upper Fraser River_SP_1.3,UFR-spring,DU11,CK-12,SMALL CREEK,45325,2014,RELATIVE ABUNDANCE (TYPE-4),15,1995,TRUE
Upper Fraser River_SP_1.3,UFR-spring,DU11,CK-12,SMALL CREEK,45325,2015,RELATIVE ABUNDANCE (TYPE-4),20,1995,TRUE
Upper Fraser River_SP_1.3,UFR-spring,DU11,CK-12,SMALL CREEK,45325,2016,RELATIVE ABUNDANCE (TYPE-4),8,1995,TRUE
Upper Fraser River_SP_1.3,UFR-spring,DU11,CK-12,SMALL CREEK,45325,2017,RELATIVE ABUNDANCE (TYPE-4),0,1995,TRUE
Upper Fraser River_SP_1.3,UFR-spring,DU11,CK-12,SMALL CREEK,45325,2018,RELATIVE ABUNDANCE (TYPE-4),2,1995,TRUE
Upper Fraser River_SP_1.3,UFR-spring,DU11,CK-12,SMALL CREEK,45325,2019,INFILL,65.68114914,1995,TRUE
Upper Fraser River_SP_1.3,UFR-spring,DU11,CK-12,SMALL CREEK,45325,2020,INFILL,455.1325579,1995,TRUE
Upper Fraser River_SP_1.3,UFR-spring,DU11,CK-12,SMALL CREEK,45325,2021,RELATIVE ABUNDANCE (TYPE-4),3,1995,TRUE
Upper Fraser River_SP_1.3,UFR-spring,DU11,CK-12,SMALL CREEK,45325,2022,RELATIVE ABUNDANCE (TYPE-4),11,1995,TRUE
Upper Fraser River_SP_1.3,UFR-spring,DU11,CK-12,SMALL CREEK,45325,2023,RELATIVE ABUNDANCE (TYPE-4),0,1995,TRUE
Middle Fraser River_SP_1.3,MFR-spring,DU9,CK-10,ENDAKO RIVER,45510,1975,QualFiltered,NA,1995,FALSE
Middle Fraser River_SP_1.3,MFR-spring,DU9,CK-10,ENDAKO RIVER,45510,1976,QualFiltered,NA,1995,FALSE
Middle Fraser River_SP_1.3,MFR-spring,DU9,CK-10,ENDAKO RIVER,45510,1977,QualFiltered,NA,1995,FALSE
Middle Fraser River_SP_1.3,MFR-spring,DU9,CK-10,ENDAKO RIVER,45510,1978,QualFiltered,NA,1995,FALSE
Middle Fraser River_SP_1.3,MFR-spring,DU9,CK-10,ENDAKO RIVER,45510,1979,QualFiltered,NA,1995,FALSE
Middle Fraser River_SP_1.3,MFR-spring,DU9,CK-10,ENDAKO RIVER,45510,1980,QualFiltered,NA,1995,FALSE
Middle Fraser River_SP_1.3,MFR-spring,DU9,CK-10,ENDAKO RIVER,45510,1981,QualFiltered,NA,1995,FALSE
Middle Fraser River_SP_1.3,MFR-spring,DU9,CK-10,ENDAKO RIVER,45510,1982,QualFiltered,NA,1995,FALSE
Middle Fraser River_SP_1.3,MFR-spring,DU9,CK-10,ENDAKO RIVER,45510,1983,QualFiltered,NA,1995,FALSE
Middle Fraser River_SP_1.3,MFR-spring,DU9,CK-10,ENDAKO RIVER,45510,1984,QualFiltered,NA,1995,FALSE
Middle Fraser River_SP_1.3,MFR-spring,DU9,CK-10,ENDAKO RIVER,45510,1985,QualFiltered,NA,1995,FALSE
Middle Fraser River_SP_1.3,MFR-spring,DU9,CK-10,ENDAKO RIVER,45510,1986,QualFiltered,NA,1995,FALSE
Middle Fraser River_SP_1.3,MFR-spring,DU9,CK-10,ENDAKO RIVER,45510,1987,QualFiltered,NA,1995,FALSE
Middle Fraser River_SP_1.3,MFR-spring,DU9,CK-10,ENDAKO RIVER,45510,1988,QualFiltered,NA,1995,FALSE
Middle Fraser River_SP_1.3,MFR-spring,DU9,CK-10,ENDAKO RIVER,45510,1989,QualFiltered,NA,1995,FALSE
Middle Fraser River_SP_1.3,MFR-spring,DU9,CK-10,ENDAKO RIVER,45510,1990,QualFiltered,NA,1995,FALSE
Middle Fraser River_SP_1.3,MFR-spring,DU9,CK-10,ENDAKO RIVER,45510,1991,QualFiltered,NA,1995,FALSE
Middle Fraser River_SP_1.3,MFR-spring,DU9,CK-10,ENDAKO RIVER,45510,1992,QualFiltered,NA,1995,FALSE
Middle Fraser River_SP_1.3,MFR-spring,DU9,CK-10,ENDAKO RIVER,45510,1993,QualFiltered,NA,1995,FALSE
Middle Fraser River_SP_1.3,MFR-spring,DU9,CK-10,ENDAKO RIVER,45510,1994,QualFiltered,NA,1995,FALSE
Middle Fraser River_SP_1.3,MFR-spring,DU9,CK-10,ENDAKO RIVER,45510,1995,INFILL,312.0314578,1995,TRUE
Middle Fraser River_SP_1.3,MFR-spring,DU9,CK-10,ENDAKO RIVER,45510,1996,INFILL,324.1559104,1995,TRUE
Middle Fraser River_SP_1.3,MFR-spring,DU9,CK-10,ENDAKO RIVER,45510,1997,INFILL,265.0804156,1995,TRUE
Middle Fraser River_SP_1.3,MFR-spring,DU9,CK-10,ENDAKO RIVER,45510,1998,RELATIVE ABUNDANCE (TYPE-4),191,1995,TRUE
Middle Fraser River_SP_1.3,MFR-spring,DU9,CK-10,ENDAKO RIVER,45510,1999,RELATIVE ABUNDANCE (TYPE-4),171,1995,TRUE
Middle Fraser River_SP_1.3,MFR-spring,DU9,CK-10,ENDAKO RIVER,45510,2000,TRUE ABUNDANCE (TYPE-1),160,1995,TRUE
Middle Fraser River_SP_1.3,MFR-spring,DU9,CK-10,ENDAKO RIVER,45510,2001,RELATIVE ABUNDANCE (TYPE-4),275,1995,TRUE
Middle Fraser River_SP_1.3,MFR-spring,DU9,CK-10,ENDAKO RIVER,45510,2002,RELATIVE ABUNDANCE (TYPE-4),292,1995,TRUE
Middle Fraser River_SP_1.3,MFR-spring,DU9,CK-10,ENDAKO RIVER,45510,2003,INFILL,259.7333826,1995,TRUE
Middle Fraser River_SP_1.3,MFR-spring,DU9,CK-10,ENDAKO RIVER,45510,2004,INFILL,240.2456586,1995,TRUE
Middle Fraser River_SP_1.3,MFR-spring,DU9,CK-10,ENDAKO RIVER,45510,2005,RELATIVE ABUNDANCE (TYPE-4),252,1995,TRUE
Middle Fraser River_SP_1.3,MFR-spring,DU9,CK-10,ENDAKO RIVER,45510,2006,RELATIVE ABUNDANCE (TYPE-4),118,1995,TRUE
Middle Fraser River_SP_1.3,MFR-spring,DU9,CK-10,ENDAKO RIVER,45510,2007,RELATIVE ABUNDANCE (TYPE-4),49,1995,TRUE
Middle Fraser River_SP_1.3,MFR-spring,DU9,CK-10,ENDAKO RIVER,45510,2008,RELATIVE ABUNDANCE (TYPE-4),295,1995,TRUE
Middle Fraser River_SP_1.3,MFR-spring,DU9,CK-10,ENDAKO RIVER,45510,2009,RELATIVE ABUNDANCE (TYPE-4),166,1995,TRUE
Middle Fraser River_SP_1.3,MFR-spring,DU9,CK-10,ENDAKO RIVER,45510,2010,RELATIVE ABUNDANCE (TYPE-4),274,1995,TRUE
Middle Fraser River_SP_1.3,MFR-spring,DU9,CK-10,ENDAKO RIVER,45510,2011,RELATIVE ABUNDANCE (TYPE-4),114,1995,TRUE
Middle Fraser River_SP_1.3,MFR-spring,DU9,CK-10,ENDAKO RIVER,45510,2012,RELATIVE ABUNDANCE (TYPE-4),77,1995,TRUE
Middle Fraser River_SP_1.3,MFR-spring,DU9,CK-10,ENDAKO RIVER,45510,2013,RELATIVE ABUNDANCE (TYPE-4),158,1995,TRUE
Middle Fraser River_SP_1.3,MFR-spring,DU9,CK-10,ENDAKO RIVER,45510,2014,RELATIVE ABUNDANCE (TYPE-4),125,1995,TRUE
Middle Fraser River_SP_1.3,MFR-spring,DU9,CK-10,ENDAKO RIVER,45510,2015,RELATIVE ABUNDANCE (TYPE-3),117,1995,TRUE
Middle Fraser River_SP_1.3,MFR-spring,DU9,CK-10,ENDAKO RIVER,45510,2016,RELATIVE ABUNDANCE (TYPE-4),49,1995,TRUE
Middle Fraser River_SP_1.3,MFR-spring,DU9,CK-10,ENDAKO RIVER,45510,2017,RELATIVE ABUNDANCE (TYPE-3),31,1995,TRUE
Middle Fraser River_SP_1.3,MFR-spring,DU9,CK-10,ENDAKO RIVER,45510,2018,RELATIVE ABUNDANCE (TYPE-4),63,1995,TRUE
Middle Fraser River_SP_1.3,MFR-spring,DU9,CK-10,ENDAKO RIVER,45510,2019,RELATIVE ABUNDANCE (TYPE-3),39,1995,TRUE
Middle Fraser River_SP_1.3,MFR-spring,DU9,CK-10,ENDAKO RIVER,45510,2020,INFILL,104.1444468,1995,TRUE
Middle Fraser River_SP_1.3,MFR-spring,DU9,CK-10,ENDAKO RIVER,45510,2021,RELATIVE ABUNDANCE (TYPE-4),74,1995,TRUE
Middle Fraser River_SP_1.3,MFR-spring,DU9,CK-10,ENDAKO RIVER,45510,2022,RELATIVE ABUNDANCE (TYPE-4),152,1995,TRUE
Middle Fraser River_SP_1.3,MFR-spring,DU9,CK-10,ENDAKO RIVER,45510,2023,RELATIVE ABUNDANCE (TYPE-3),30,1995,TRUE
Middle Fraser River_SP_1.3,MFR-spring,DU9,CK-10,SHOVEL CREEK,45520,1999,QualFiltered,NA,1995,TRUE
Middle Fraser River_SP_1.3,MFR-spring,DU9,CK-10,SHOVEL CREEK,45520,2002,RELATIVE ABUNDANCE (TYPE-4),NA,1995,TRUE
Middle Fraser River_SU_1.3,MFR-summer,DU10,CK-11,STUART RIVER,45535,1975,QualFiltered,NA,1995,FALSE
Middle Fraser River_SU_1.3,MFR-summer,DU10,CK-11,STUART RIVER,45535,1976,QualFiltered,NA,1995,FALSE
Middle Fraser River_SU_1.3,MFR-summer,DU10,CK-11,STUART RIVER,45535,1977,QualFiltered,NA,1995,FALSE
Middle Fraser River_SU_1.3,MFR-summer,DU10,CK-11,STUART RIVER,45535,1978,QualFiltered,NA,1995,FALSE
Middle Fraser River_SU_1.3,MFR-summer,DU10,CK-11,STUART RIVER,45535,1979,QualFiltered,NA,1995,FALSE
Middle Fraser River_SU_1.3,MFR-summer,DU10,CK-11,STUART RIVER,45535,1980,QualFiltered,NA,1995,FALSE
Middle Fraser River_SU_1.3,MFR-summer,DU10,CK-11,STUART RIVER,45535,1981,QualFiltered,NA,1995,FALSE
Middle Fraser River_SU_1.3,MFR-summer,DU10,CK-11,STUART RIVER,45535,1982,QualFiltered,NA,1995,FALSE
Middle Fraser River_SU_1.3,MFR-summer,DU10,CK-11,STUART RIVER,45535,1983,QualFiltered,NA,1995,FALSE
Middle Fraser River_SU_1.3,MFR-summer,DU10,CK-11,STUART RIVER,45535,1984,QualFiltered,NA,1995,FALSE
Middle Fraser River_SU_1.3,MFR-summer,DU10,CK-11,STUART RIVER,45535,1985,QualFiltered,NA,1995,FALSE
Middle Fraser River_SU_1.3,MFR-summer,DU10,CK-11,STUART RIVER,45535,1986,QualFiltered,NA,1995,FALSE
Middle Fraser River_SU_1.3,MFR-summer,DU10,CK-11,STUART RIVER,45535,1987,QualFiltered,NA,1995,FALSE
Middle Fraser River_SU_1.3,MFR-summer,DU10,CK-11,STUART RIVER,45535,1988,QualFiltered,NA,1995,FALSE
Middle Fraser River_SU_1.3,MFR-summer,DU10,CK-11,STUART RIVER,45535,1989,QualFiltered,NA,1995,FALSE
Middle Fraser River_SU_1.3,MFR-summer,DU10,CK-11,STUART RIVER,45535,1990,QualFiltered,NA,1995,FALSE
Middle Fraser River_SU_1.3,MFR-summer,DU10,CK-11,STUART RIVER,45535,1991,QualFiltered,NA,1995,FALSE
Middle Fraser River_SU_1.3,MFR-summer,DU10,CK-11,STUART RIVER,45535,1992,QualFiltered,NA,1995,FALSE
Middle Fraser River_SU_1.3,MFR-summer,DU10,CK-11,STUART RIVER,45535,1993,QualFiltered,NA,1995,FALSE
Middle Fraser River_SU_1.3,MFR-summer,DU10,CK-11,STUART RIVER,45535,1994,QualFiltered,NA,1995,FALSE
Middle Fraser River_SU_1.3,MFR-summer,DU10,CK-11,STUART RIVER,45535,1995,QualFiltered,NA,1995,TRUE
Middle Fraser River_SU_1.3,MFR-summer,DU10,CK-11,STUART RIVER,45535,1996,QualFiltered,NA,1995,TRUE
Middle Fraser River_SU_1.3,MFR-summer,DU10,CK-11,STUART RIVER,45535,1997,QualFiltered,NA,1995,TRUE
Middle Fraser River_SU_1.3,MFR-summer,DU10,CK-11,STUART RIVER,45535,1998,RELATIVE ABUNDANCE (TYPE-3),NA,1995,TRUE
Middle Fraser River_SU_1.3,MFR-summer,DU10,CK-11,STUART RIVER,45535,1999,RELATIVE ABUNDANCE (TYPE-3),NA,1995,TRUE
Middle Fraser River_SU_1.3,MFR-summer,DU10,CK-11,STUART RIVER,45535,2000,RELATIVE ABUNDANCE (TYPE-3),NA,1995,TRUE
Middle Fraser River_SU_1.3,MFR-summer,DU10,CK-11,STUART RIVER,45535,2001,RELATIVE ABUNDANCE (TYPE-4),NA,1995,TRUE
Middle Fraser River_SU_1.3,MFR-summer,DU10,CK-11,STUART RIVER,45535,2002,QualFiltered,NA,1995,TRUE
Middle Fraser River_SU_1.3,MFR-summer,DU10,CK-11,PINCHI CREEK,45547,1975,QualFiltered,NA,1995,FALSE
Middle Fraser River_SU_1.3,MFR-summer,DU10,CK-11,PINCHI CREEK,45547,1976,QualFiltered,NA,1995,FALSE
Middle Fraser River_SU_1.3,MFR-summer,DU10,CK-11,PINCHI CREEK,45547,1977,RELATIVE ABUNDANCE (TYPE-4),9193,1995,FALSE
Middle Fraser River_SU_1.3,MFR-summer,DU10,CK-11,PINCHI CREEK,45547,1978,RELATIVE ABUNDANCE (TYPE-4),4725,1995,FALSE
Middle Fraser River_SU_1.3,MFR-summer,DU10,CK-11,PINCHI CREEK,45547,1979,RELATIVE ABUNDANCE (TYPE-4),9193,1995,FALSE
Middle Fraser River_SU_1.3,MFR-summer,DU10,CK-11,PINCHI CREEK,45547,1980,QualFiltered,NA,1995,FALSE
Middle Fraser River_SU_1.3,MFR-summer,DU10,CK-11,PINCHI CREEK,45547,1981,QualFiltered,NA,1995,FALSE
Middle Fraser River_SU_1.3,MFR-summer,DU10,CK-11,PINCHI CREEK,45547,1982,QualFiltered,NA,1995,FALSE
Middle Fraser River_SU_1.3,MFR-summer,DU10,CK-11,PINCHI CREEK,45547,1983,QualFiltered,NA,1995,FALSE
Middle Fraser River_SU_1.3,MFR-summer,DU10,CK-11,PINCHI CREEK,45547,1984,QualFiltered,NA,1995,FALSE
Middle Fraser River_SU_1.3,MFR-summer,DU10,CK-11,PINCHI CREEK,45547,1985,QualFiltered,NA,1995,FALSE
Middle Fraser River_SU_1.3,MFR-summer,DU10,CK-11,PINCHI CREEK,45547,1986,QualFiltered,NA,1995,FALSE
Middle Fraser River_SU_1.3,MFR-summer,DU10,CK-11,PINCHI CREEK,45547,1987,QualFiltered,NA,1995,FALSE
Middle Fraser River_SU_1.3,MFR-summer,DU10,CK-11,PINCHI CREEK,45547,1988,QualFiltered,NA,1995,FALSE
Middle Fraser River_SU_1.3,MFR-summer,DU10,CK-11,PINCHI CREEK,45547,1989,QualFiltered,NA,1995,FALSE
Middle Fraser River_SU_1.3,MFR-summer,DU10,CK-11,PINCHI CREEK,45547,1990,QualFiltered,NA,1995,FALSE
Middle Fraser River_SU_1.3,MFR-summer,DU10,CK-11,PINCHI CREEK,45547,1991,QualFiltered,NA,1995,FALSE
Middle Fraser River_SU_1.3,MFR-summer,DU10,CK-11,PINCHI CREEK,45547,1992,QualFiltered,NA,1995,FALSE
Middle Fraser River_SU_1.3,MFR-summer,DU10,CK-11,PINCHI CREEK,45547,1993,QualFiltered,NA,1995,FALSE
Middle Fraser River_SU_1.3,MFR-summer,DU10,CK-11,PINCHI CREEK,45547,1994,QualFiltered,NA,1995,FALSE
Middle Fraser River_SU_1.3,MFR-summer,DU10,CK-11,PINCHI CREEK,45547,1995,INFILL,2980.602765,1995,TRUE
Middle Fraser River_SU_1.3,MFR-summer,DU10,CK-11,PINCHI CREEK,45547,1996,INFILL,4414.015619,1995,TRUE
Middle Fraser River_SU_1.3,MFR-summer,DU10,CK-11,PINCHI CREEK,45547,1997,INFILL,4386.636031,1995,TRUE
Middle Fraser River_SU_1.3,MFR-summer,DU10,CK-11,PINCHI CREEK,45547,1998,RELATIVE ABUNDANCE (TYPE-4),4725,1995,TRUE
Middle Fraser River_SU_1.3,MFR-summer,DU10,CK-11,PINCHI CREEK,45547,1999,RELATIVE ABUNDANCE (TYPE-4),1220,1995,TRUE
Middle Fraser River_SU_1.3,MFR-summer,DU10,CK-11,PINCHI CREEK,45547,2000,RELATIVE ABUNDANCE (TYPE-4),17072,1995,TRUE
Middle Fraser River_SU_1.3,MFR-summer,DU10,CK-11,PINCHI CREEK,45547,2001,RELATIVE ABUNDANCE (TYPE-4),9193,1995,TRUE
Middle Fraser River_SU_1.3,MFR-summer,DU10,CK-11,PINCHI CREEK,45547,2002,INFILL,3262.077955,1995,TRUE
Middle Fraser River_SU_1.3,MFR-summer,DU10,CK-11,PINCHI CREEK,45547,2003,RELATIVE ABUNDANCE (TYPE-4),9193,1995,TRUE
Middle Fraser River_SU_1.3,MFR-summer,DU10,CK-11,PINCHI CREEK,45547,2004,RELATIVE ABUNDANCE (TYPE-4),9193,1995,TRUE
Middle Fraser River_SU_1.3,MFR-summer,DU10,CK-11,PINCHI CREEK,45547,2005,RELATIVE ABUNDANCE (TYPE-4),9193,1995,TRUE
Middle Fraser River_SU_1.3,MFR-summer,DU10,CK-11,PINCHI CREEK,45547,2006,RELATIVE ABUNDANCE (TYPE-4),4725,1995,TRUE
Middle Fraser River_SU_1.3,MFR-summer,DU10,CK-11,PINCHI CREEK,45547,2007,RELATIVE ABUNDANCE (TYPE-4),4725,1995,TRUE
Middle Fraser River_SU_1.3,MFR-summer,DU10,CK-11,PINCHI CREEK,45547,2008,RELATIVE ABUNDANCE (TYPE-4),60,1995,TRUE
Middle Fraser River_SU_1.3,MFR-summer,DU10,CK-11,PINCHI CREEK,45547,2009,RELATIVE ABUNDANCE (TYPE-4),25,1995,TRUE
Middle Fraser River_SU_1.3,MFR-summer,DU10,CK-11,PINCHI CREEK,45547,2010,RELATIVE ABUNDANCE (TYPE-4),9,1995,TRUE
Middle Fraser River_SU_1.3,MFR-summer,DU10,CK-11,PINCHI CREEK,45547,2011,RELATIVE ABUNDANCE (TYPE-4),5,1995,TRUE
Middle Fraser River_SU_1.3,MFR-summer,DU10,CK-11,PINCHI CREEK,45547,2012,RELATIVE ABUNDANCE (TYPE-4),2,1995,TRUE
Middle Fraser River_SU_1.3,MFR-summer,DU10,CK-11,PINCHI CREEK,45547,2013,RELATIVE ABUNDANCE (TYPE-4),18,1995,TRUE
Middle Fraser River_SU_1.3,MFR-summer,DU10,CK-11,PINCHI CREEK,45547,2014,RELATIVE ABUNDANCE (TYPE-4),8,1995,TRUE
Middle Fraser River_SU_1.3,MFR-summer,DU10,CK-11,PINCHI CREEK,45547,2015,RELATIVE ABUNDANCE (TYPE-4),5,1995,TRUE
Middle Fraser River_SU_1.3,MFR-summer,DU10,CK-11,PINCHI CREEK,45547,2016,RELATIVE ABUNDANCE (TYPE-4),3,1995,TRUE
Middle Fraser River_SU_1.3,MFR-summer,DU10,CK-11,PINCHI CREEK,45547,2017,RELATIVE ABUNDANCE (TYPE-3),9,1995,TRUE
Middle Fraser River_SU_1.3,MFR-summer,DU10,CK-11,PINCHI CREEK,45547,2018,RELATIVE ABUNDANCE (TYPE-3),2,1995,TRUE
Middle Fraser River_SU_1.3,MFR-summer,DU10,CK-11,PINCHI CREEK,45547,2019,RELATIVE ABUNDANCE (TYPE-3),2,1995,TRUE
Middle Fraser River_SU_1.3,MFR-summer,DU10,CK-11,PINCHI CREEK,45547,2020,RELATIVE ABUNDANCE (TYPE-3),9,1995,TRUE
Middle Fraser River_SU_1.3,MFR-summer,DU10,CK-11,PINCHI CREEK,45547,2021,RELATIVE ABUNDANCE (TYPE-4),9,1995,TRUE
Middle Fraser River_SU_1.3,MFR-summer,DU10,CK-11,PINCHI CREEK,45547,2022,RELATIVE ABUNDANCE (TYPE-3),0,1995,TRUE
Middle Fraser River_SU_1.3,MFR-summer,DU10,CK-11,PINCHI CREEK,45547,2023,INFILL,2382.578689,1995,TRUE
Middle Fraser River_SU_1.3,MFR-summer,DU10,CK-11,TACHIE RIVER,45550,1981,QualFiltered,NA,1995,FALSE
Middle Fraser River_SU_1.3,MFR-summer,DU10,CK-11,TACHIE RIVER,45550,1982,QualFiltered,NA,1995,FALSE
Middle Fraser River_SU_1.3,MFR-summer,DU10,CK-11,TACHIE RIVER,45550,1983,QualFiltered,NA,1995,FALSE
Middle Fraser River_SU_1.3,MFR-summer,DU10,CK-11,TACHIE RIVER,45550,1984,QualFiltered,NA,1995,FALSE
Middle Fraser River_SU_1.3,MFR-summer,DU10,CK-11,TACHIE RIVER,45550,1985,QualFiltered,NA,1995,FALSE
Middle Fraser River_SU_1.3,MFR-summer,DU10,CK-11,TACHIE RIVER,45550,1997,QualFiltered,NA,1995,TRUE
Middle Fraser River_SU_1.3,MFR-summer,DU10,CK-11,TACHIE RIVER,45550,1998,QualFiltered,NA,1995,TRUE
Middle Fraser River_SU_1.3,MFR-summer,DU10,CK-11,KUZKWA RIVER,45555,1975,QualFiltered,NA,1995,FALSE
Middle Fraser River_SU_1.3,MFR-summer,DU10,CK-11,KUZKWA RIVER,45555,1976,QualFiltered,NA,1995,FALSE
Middle Fraser River_SU_1.3,MFR-summer,DU10,CK-11,KUZKWA RIVER,45555,1977,QualFiltered,NA,1995,FALSE
Middle Fraser River_SU_1.3,MFR-summer,DU10,CK-11,KUZKWA RIVER,45555,1978,QualFiltered,NA,1995,FALSE
Middle Fraser River_SU_1.3,MFR-summer,DU10,CK-11,KUZKWA RIVER,45555,1979,QualFiltered,NA,1995,FALSE
Middle Fraser River_SU_1.3,MFR-summer,DU10,CK-11,KUZKWA RIVER,45555,1980,QualFiltered,NA,1995,FALSE
Middle Fraser River_SU_1.3,MFR-summer,DU10,CK-11,KUZKWA RIVER,45555,1981,QualFiltered,NA,1995,FALSE
Middle Fraser River_SU_1.3,MFR-summer,DU10,CK-11,KUZKWA RIVER,45555,1982,QualFiltered,NA,1995,FALSE
Middle Fraser River_SU_1.3,MFR-summer,DU10,CK-11,KUZKWA RIVER,45555,1983,QualFiltered,NA,1995,FALSE
Middle Fraser River_SU_1.3,MFR-summer,DU10,CK-11,KUZKWA RIVER,45555,1984,QualFiltered,NA,1995,FALSE
Middle Fraser River_SU_1.3,MFR-summer,DU10,CK-11,KUZKWA RIVER,45555,1985,QualFiltered,NA,1995,FALSE
Middle Fraser River_SU_1.3,MFR-summer,DU10,CK-11,KUZKWA RIVER,45555,1986,QualFiltered,NA,1995,FALSE
Middle Fraser River_SU_1.3,MFR-summer,DU10,CK-11,KUZKWA RIVER,45555,1987,QualFiltered,NA,1995,FALSE
Middle Fraser River_SU_1.3,MFR-summer,DU10,CK-11,KUZKWA RIVER,45555,1988,QualFiltered,NA,1995,FALSE
Middle Fraser River_SU_1.3,MFR-summer,DU10,CK-11,KUZKWA RIVER,45555,1989,QualFiltered,NA,1995,FALSE
Middle Fraser River_SU_1.3,MFR-summer,DU10,CK-11,KUZKWA RIVER,45555,1990,QualFiltered,NA,1995,FALSE
Middle Fraser River_SU_1.3,MFR-summer,DU10,CK-11,KUZKWA RIVER,45555,1991,QualFiltered,NA,1995,FALSE
Middle Fraser River_SU_1.3,MFR-summer,DU10,CK-11,KUZKWA RIVER,45555,1992,QualFiltered,NA,1995,FALSE
Middle Fraser River_SU_1.3,MFR-summer,DU10,CK-11,KUZKWA RIVER,45555,1993,QualFiltered,NA,1995,FALSE
Middle Fraser River_SU_1.3,MFR-summer,DU10,CK-11,KUZKWA RIVER,45555,1994,QualFiltered,NA,1995,FALSE
Middle Fraser River_SU_1.3,MFR-summer,DU10,CK-11,KUZKWA RIVER,45555,1995,INFILL,135.6377174,1995,TRUE
Middle Fraser River_SU_1.3,MFR-summer,DU10,CK-11,KUZKWA RIVER,45555,1996,RELATIVE ABUNDANCE (TYPE-4),20,1995,TRUE
Middle Fraser River_SU_1.3,MFR-summer,DU10,CK-11,KUZKWA RIVER,45555,1997,RELATIVE ABUNDANCE (TYPE-4),48,1995,TRUE
Middle Fraser River_SU_1.3,MFR-summer,DU10,CK-11,KUZKWA RIVER,45555,1998,INFILL,182.0196144,1995,TRUE
Middle Fraser River_SU_1.3,MFR-summer,DU10,CK-11,KUZKWA RIVER,45555,1999,INFILL,157.0764155,1995,TRUE
Middle Fraser River_SU_1.3,MFR-summer,DU10,CK-11,KUZKWA RIVER,45555,2000,INFILL,241.0486426,1995,TRUE
Middle Fraser River_SU_1.3,MFR-summer,DU10,CK-11,KUZKWA RIVER,45555,2001,RELATIVE ABUNDANCE (TYPE-4),215,1995,TRUE
Middle Fraser River_SU_1.3,MFR-summer,DU10,CK-11,KUZKWA RIVER,45555,2002,RELATIVE ABUNDANCE (TYPE-4),300,1995,TRUE
Middle Fraser River_SU_1.3,MFR-summer,DU10,CK-11,KUZKWA RIVER,45555,2003,RELATIVE ABUNDANCE (TYPE-3),345,1995,TRUE
Middle Fraser River_SU_1.3,MFR-summer,DU10,CK-11,KUZKWA RIVER,45555,2004,RELATIVE ABUNDANCE (TYPE-4),245,1995,TRUE
Middle Fraser River_SU_1.3,MFR-summer,DU10,CK-11,KUZKWA RIVER,45555,2005,RELATIVE ABUNDANCE (TYPE-4),265,1995,TRUE
Middle Fraser River_SU_1.3,MFR-summer,DU10,CK-11,KUZKWA RIVER,45555,2006,RELATIVE ABUNDANCE (TYPE-4),111,1995,TRUE
Middle Fraser River_SU_1.3,MFR-summer,DU10,CK-11,KUZKWA RIVER,45555,2007,RELATIVE ABUNDANCE (TYPE-4),97,1995,TRUE
Middle Fraser River_SU_1.3,MFR-summer,DU10,CK-11,KUZKWA RIVER,45555,2008,RELATIVE ABUNDANCE (TYPE-4),639,1995,TRUE
Middle Fraser River_SU_1.3,MFR-summer,DU10,CK-11,KUZKWA RIVER,45555,2009,RELATIVE ABUNDANCE (TYPE-4),189,1995,TRUE
Middle Fraser River_SU_1.3,MFR-summer,DU10,CK-11,KUZKWA RIVER,45555,2010,RELATIVE ABUNDANCE (TYPE-4),225,1995,TRUE
Middle Fraser River_SU_1.3,MFR-summer,DU10,CK-11,KUZKWA RIVER,45555,2011,RELATIVE ABUNDANCE (TYPE-4),37,1995,TRUE
Middle Fraser River_SU_1.3,MFR-summer,DU10,CK-11,KUZKWA RIVER,45555,2012,RELATIVE ABUNDANCE (TYPE-3),35,1995,TRUE
Middle Fraser River_SU_1.3,MFR-summer,DU10,CK-11,KUZKWA RIVER,45555,2013,RELATIVE ABUNDANCE (TYPE-4),80,1995,TRUE
Middle Fraser River_SU_1.3,MFR-summer,DU10,CK-11,KUZKWA RIVER,45555,2014,RELATIVE ABUNDANCE (TYPE-4),75,1995,TRUE
Middle Fraser River_SU_1.3,MFR-summer,DU10,CK-11,KUZKWA RIVER,45555,2015,RELATIVE ABUNDANCE (TYPE-4),117,1995,TRUE
Middle Fraser River_SU_1.3,MFR-summer,DU10,CK-11,KUZKWA RIVER,45555,2016,RELATIVE ABUNDANCE (TYPE-4),37,1995,TRUE
Middle Fraser River_SU_1.3,MFR-summer,DU10,CK-11,KUZKWA RIVER,45555,2017,RELATIVE ABUNDANCE (TYPE-3),35,1995,TRUE
Middle Fraser River_SU_1.3,MFR-summer,DU10,CK-11,KUZKWA RIVER,45555,2018,RELATIVE ABUNDANCE (TYPE-3),42,1995,TRUE
Middle Fraser River_SU_1.3,MFR-summer,DU10,CK-11,KUZKWA RIVER,45555,2019,RELATIVE ABUNDANCE (TYPE-3),11,1995,TRUE
Middle Fraser River_SU_1.3,MFR-summer,DU10,CK-11,KUZKWA RIVER,45555,2020,RELATIVE ABUNDANCE (TYPE-4),25,1995,TRUE
Middle Fraser River_SU_1.3,MFR-summer,DU10,CK-11,KUZKWA RIVER,45555,2021,RELATIVE ABUNDANCE (TYPE-4),51,1995,TRUE
Middle Fraser River_SU_1.3,MFR-summer,DU10,CK-11,KUZKWA RIVER,45555,2022,RELATIVE ABUNDANCE (TYPE-4),28,1995,TRUE
Middle Fraser River_SU_1.3,MFR-summer,DU10,CK-11,KUZKWA RIVER,45555,2023,RELATIVE ABUNDANCE (TYPE-4),18,1995,TRUE
Middle Fraser River_SU_1.3,MFR-summer,DU10,CK-11,KAZCHEK CREEK,45567,1975,QualFiltered,NA,1995,FALSE
Middle Fraser River_SU_1.3,MFR-summer,DU10,CK-11,KAZCHEK CREEK,45567,1976,QualFiltered,NA,1995,FALSE
Middle Fraser River_SU_1.3,MFR-summer,DU10,CK-11,KAZCHEK CREEK,45567,1977,QualFiltered,NA,1995,FALSE
Middle Fraser River_SU_1.3,MFR-summer,DU10,CK-11,KAZCHEK CREEK,45567,1978,QualFiltered,NA,1995,FALSE
Middle Fraser River_SU_1.3,MFR-summer,DU10,CK-11,KAZCHEK CREEK,45567,1979,QualFiltered,NA,1995,FALSE
Middle Fraser River_SU_1.3,MFR-summer,DU10,CK-11,KAZCHEK CREEK,45567,1980,QualFiltered,NA,1995,FALSE
Middle Fraser River_SU_1.3,MFR-summer,DU10,CK-11,KAZCHEK CREEK,45567,1981,QualFiltered,NA,1995,FALSE
Middle Fraser River_SU_1.3,MFR-summer,DU10,CK-11,KAZCHEK CREEK,45567,1982,QualFiltered,NA,1995,FALSE
Middle Fraser River_SU_1.3,MFR-summer,DU10,CK-11,KAZCHEK CREEK,45567,1983,QualFiltered,NA,1995,FALSE
Middle Fraser River_SU_1.3,MFR-summer,DU10,CK-11,KAZCHEK CREEK,45567,1984,QualFiltered,NA,1995,FALSE
Middle Fraser River_SU_1.3,MFR-summer,DU10,CK-11,KAZCHEK CREEK,45567,1985,QualFiltered,NA,1995,FALSE
Middle Fraser River_SU_1.3,MFR-summer,DU10,CK-11,KAZCHEK CREEK,45567,1986,QualFiltered,NA,1995,FALSE
Middle Fraser River_SU_1.3,MFR-summer,DU10,CK-11,KAZCHEK CREEK,45567,1987,QualFiltered,NA,1995,FALSE
Middle Fraser River_SU_1.3,MFR-summer,DU10,CK-11,KAZCHEK CREEK,45567,1988,QualFiltered,NA,1995,FALSE
Middle Fraser River_SU_1.3,MFR-summer,DU10,CK-11,KAZCHEK CREEK,45567,1989,QualFiltered,NA,1995,FALSE
Middle Fraser River_SU_1.3,MFR-summer,DU10,CK-11,KAZCHEK CREEK,45567,1990,QualFiltered,NA,1995,FALSE
Middle Fraser River_SU_1.3,MFR-summer,DU10,CK-11,KAZCHEK CREEK,45567,1991,QualFiltered,NA,1995,FALSE
Middle Fraser River_SU_1.3,MFR-summer,DU10,CK-11,KAZCHEK CREEK,45567,1992,QualFiltered,NA,1995,FALSE
Middle Fraser River_SU_1.3,MFR-summer,DU10,CK-11,KAZCHEK CREEK,45567,1993,QualFiltered,NA,1995,FALSE
Middle Fraser River_SU_1.3,MFR-summer,DU10,CK-11,KAZCHEK CREEK,45567,1994,QualFiltered,NA,1995,FALSE
Middle Fraser River_SU_1.3,MFR-summer,DU10,CK-11,KAZCHEK CREEK,45567,1995,QualFiltered,NA,1995,TRUE
Middle Fraser River_SU_1.3,MFR-summer,DU10,CK-11,KAZCHEK CREEK,45567,1996,QualFiltered,NA,1995,TRUE
Middle Fraser River_SU_1.3,MFR-summer,DU10,CK-11,KAZCHEK CREEK,45567,1997,QualFiltered,NA,1995,TRUE
Middle Fraser River_SU_1.3,MFR-summer,DU10,CK-11,KAZCHEK CREEK,45567,1998,QualFiltered,NA,1995,TRUE
Middle Fraser River_SU_1.3,MFR-summer,DU10,CK-11,KAZCHEK CREEK,45567,1999,QualFiltered,NA,1995,TRUE
Middle Fraser River_SU_1.3,MFR-summer,DU10,CK-11,KAZCHEK CREEK,45567,2000,QualFiltered,NA,1995,TRUE
Middle Fraser River_SU_1.3,MFR-summer,DU10,CK-11,KAZCHEK CREEK,45567,2001,QualFiltered,NA,1995,TRUE
Middle Fraser River_SU_1.3,MFR-summer,DU10,CK-11,KAZCHEK CREEK,45567,2002,QualFiltered,NA,1995,TRUE
Middle Fraser River_SU_1.3,MFR-summer,DU10,CK-11,KAZCHEK CREEK,45567,2003,RELATIVE ABUNDANCE (TYPE-4),NA,1995,TRUE
Middle Fraser River_SU_1.3,MFR-summer,DU10,CK-11,KAZCHEK CREEK,45567,2004,RELATIVE ABUNDANCE (TYPE-4),NA,1995,TRUE
Middle Fraser River_SU_1.3,MFR-summer,DU10,CK-11,KAZCHEK CREEK,45567,2005,QualFiltered,NA,1995,TRUE
Middle Fraser River_SU_1.3,MFR-summer,DU10,CK-11,KAZCHEK CREEK,45567,2006,QualFiltered,NA,1995,TRUE
Middle Fraser River_SU_1.3,MFR-summer,DU10,CK-11,KAZCHEK CREEK,45567,2007,QualFiltered,NA,1995,TRUE
Middle Fraser River_SU_1.3,MFR-summer,DU10,CK-11,KAZCHEK CREEK,45567,2008,RELATIVE ABUNDANCE (TYPE-4),NA,1995,TRUE
Middle Fraser River_SU_1.3,MFR-summer,DU10,CK-11,KAZCHEK CREEK,45567,2009,RELATIVE ABUNDANCE (TYPE-4),NA,1995,TRUE
Middle Fraser River_SU_1.3,MFR-summer,DU10,CK-11,KAZCHEK CREEK,45567,2010,QualFiltered,NA,1995,TRUE
Middle Fraser River_SU_1.3,MFR-summer,DU10,CK-11,KAZCHEK CREEK,45567,2011,QualFiltered,NA,1995,TRUE
Middle Fraser River_SU_1.3,MFR-summer,DU10,CK-11,KAZCHEK CREEK,45567,2012,RELATIVE ABUNDANCE (TYPE-4),NA,1995,TRUE
Middle Fraser River_SU_1.3,MFR-summer,DU10,CK-11,KAZCHEK CREEK,45567,2013,RELATIVE ABUNDANCE (TYPE-4),NA,1995,TRUE
Middle Fraser River_SU_1.3,MFR-summer,DU10,CK-11,KAZCHEK CREEK,45567,2014,QualFiltered,NA,1995,TRUE
Middle Fraser River_SU_1.3,MFR-summer,DU10,CK-11,KAZCHEK CREEK,45567,2015,RELATIVE ABUNDANCE (TYPE-4),NA,1995,TRUE
Middle Fraser River_SU_1.3,MFR-summer,DU10,CK-11,KAZCHEK CREEK,45567,2016,QualFiltered,NA,1995,TRUE
Middle Fraser River_SU_1.3,MFR-summer,DU10,CK-11,KAZCHEK CREEK,45567,2017,RELATIVE ABUNDANCE (TYPE-4),NA,1995,TRUE
Middle Fraser River_SU_1.3,MFR-summer,DU10,CK-11,KAZCHEK CREEK,45567,2018,RELATIVE ABUNDANCE (TYPE-4),NA,1995,TRUE
Middle Fraser River_SU_1.3,MFR-summer,DU10,CK-11,KAZCHEK CREEK,45567,2019,RELATIVE ABUNDANCE (TYPE-4),NA,1995,TRUE
Middle Fraser River_SU_1.3,MFR-summer,DU10,CK-11,KAZCHEK CREEK,45567,2020,RELATIVE ABUNDANCE (TYPE-4),NA,1995,TRUE
Middle Fraser River_SU_1.3,MFR-summer,DU10,CK-11,KAZCHEK CREEK,45567,2021,RELATIVE ABUNDANCE (TYPE-4),NA,1995,TRUE
Middle Fraser River_SU_1.3,MFR-summer,DU10,CK-11,KAZCHEK CREEK,45567,2022,RELATIVE ABUNDANCE (TYPE-4),NA,1995,TRUE
Middle Fraser River_SU_1.3,MFR-summer,DU10,CK-11,KAZCHEK CREEK,45567,2023,QualFiltered,NA,1995,TRUE
Middle Fraser River_SP_1.3,MFR-spring,DU9,CK-10,DRIFTWOOD RIVER,45599,1981,QualFiltered,NA,1995,FALSE
Middle Fraser River_SP_1.3,MFR-spring,DU9,CK-10,DRIFTWOOD RIVER,45599,1983,QualFiltered,NA,1995,FALSE
Middle Fraser River_SP_1.3,MFR-spring,DU9,CK-10,DRIFTWOOD RIVER,45599,1984,QualFiltered,NA,1995,FALSE
Middle Fraser River_SP_1.3,MFR-spring,DU9,CK-10,DRIFTWOOD RIVER,45599,1985,QualFiltered,NA,1995,FALSE
Middle Fraser River_SP_1.3,MFR-spring,DU9,CK-10,WEST ROAD (BLACKWATER) RIVER,45991,1975,QualFiltered,NA,1995,FALSE
Middle Fraser River_SP_1.3,MFR-spring,DU9,CK-10,WEST ROAD (BLACKWATER) RIVER,45991,1976,QualFiltered,NA,1995,FALSE
Middle Fraser River_SP_1.3,MFR-spring,DU9,CK-10,WEST ROAD (BLACKWATER) RIVER,45991,1977,QualFiltered,NA,1995,FALSE
Middle Fraser River_SP_1.3,MFR-spring,DU9,CK-10,WEST ROAD (BLACKWATER) RIVER,45991,1978,QualFiltered,NA,1995,FALSE
Middle Fraser River_SP_1.3,MFR-spring,DU9,CK-10,WEST ROAD (BLACKWATER) RIVER,45991,1979,QualFiltered,NA,1995,FALSE
Middle Fraser River_SP_1.3,MFR-spring,DU9,CK-10,WEST ROAD (BLACKWATER) RIVER,45991,1980,QualFiltered,NA,1995,FALSE
Middle Fraser River_SP_1.3,MFR-spring,DU9,CK-10,WEST ROAD (BLACKWATER) RIVER,45991,1981,QualFiltered,NA,1995,FALSE
Middle Fraser River_SP_1.3,MFR-spring,DU9,CK-10,WEST ROAD (BLACKWATER) RIVER,45991,1982,QualFiltered,NA,1995,FALSE
Middle Fraser River_SP_1.3,MFR-spring,DU9,CK-10,WEST ROAD (BLACKWATER) RIVER,45991,1983,QualFiltered,NA,1995,FALSE
Middle Fraser River_SP_1.3,MFR-spring,DU9,CK-10,WEST ROAD (BLACKWATER) RIVER,45991,1984,QualFiltered,NA,1995,FALSE
Middle Fraser River_SP_1.3,MFR-spring,DU9,CK-10,WEST ROAD (BLACKWATER) RIVER,45991,1985,QualFiltered,NA,1995,FALSE
Middle Fraser River_SP_1.3,MFR-spring,DU9,CK-10,WEST ROAD (BLACKWATER) RIVER,45991,1986,QualFiltered,NA,1995,FALSE
Middle Fraser River_SP_1.3,MFR-spring,DU9,CK-10,WEST ROAD (BLACKWATER) RIVER,45991,1987,QualFiltered,NA,1995,FALSE
Middle Fraser River_SP_1.3,MFR-spring,DU9,CK-10,WEST ROAD (BLACKWATER) RIVER,45991,1988,QualFiltered,NA,1995,FALSE
Middle Fraser River_SP_1.3,MFR-spring,DU9,CK-10,WEST ROAD (BLACKWATER) RIVER,45991,1989,QualFiltered,NA,1995,FALSE
Middle Fraser River_SP_1.3,MFR-spring,DU9,CK-10,WEST ROAD (BLACKWATER) RIVER,45991,1990,QualFiltered,NA,1995,FALSE
Middle Fraser River_SP_1.3,MFR-spring,DU9,CK-10,WEST ROAD (BLACKWATER) RIVER,45991,1991,QualFiltered,NA,1995,FALSE
Middle Fraser River_SP_1.3,MFR-spring,DU9,CK-10,WEST ROAD (BLACKWATER) RIVER,45991,1992,QualFiltered,NA,1995,FALSE
Middle Fraser River_SP_1.3,MFR-spring,DU9,CK-10,WEST ROAD (BLACKWATER) RIVER,45991,1993,QualFiltered,NA,1995,FALSE
Middle Fraser River_SP_1.3,MFR-spring,DU9,CK-10,WEST ROAD (BLACKWATER) RIVER,45991,1994,QualFiltered,NA,1995,FALSE
Middle Fraser River_SP_1.3,MFR-spring,DU9,CK-10,WEST ROAD (BLACKWATER) RIVER,45991,1995,RELATIVE ABUNDANCE (TYPE-4),3447,1995,TRUE
Middle Fraser River_SP_1.3,MFR-spring,DU9,CK-10,WEST ROAD (BLACKWATER) RIVER,45991,1996,RELATIVE ABUNDANCE (TYPE-4),4615,1995,TRUE
Middle Fraser River_SP_1.3,MFR-spring,DU9,CK-10,WEST ROAD (BLACKWATER) RIVER,45991,1997,RELATIVE ABUNDANCE (TYPE-4),1503,1995,TRUE
Middle Fraser River_SP_1.3,MFR-spring,DU9,CK-10,WEST ROAD (BLACKWATER) RIVER,45991,1998,RELATIVE ABUNDANCE (TYPE-4),903,1995,TRUE
Middle Fraser River_SP_1.3,MFR-spring,DU9,CK-10,WEST ROAD (BLACKWATER) RIVER,45991,1999,RELATIVE ABUNDANCE (TYPE-4),246,1995,TRUE
Middle Fraser River_SP_1.3,MFR-spring,DU9,CK-10,WEST ROAD (BLACKWATER) RIVER,45991,2000,RELATIVE ABUNDANCE (TYPE-4),400,1995,TRUE
Middle Fraser River_SP_1.3,MFR-spring,DU9,CK-10,WEST ROAD (BLACKWATER) RIVER,45991,2001,RELATIVE ABUNDANCE (TYPE-4),1198,1995,TRUE
Middle Fraser River_SP_1.3,MFR-spring,DU9,CK-10,WEST ROAD (BLACKWATER) RIVER,45991,2002,RELATIVE ABUNDANCE (TYPE-4),954,1995,TRUE
Middle Fraser River_SP_1.3,MFR-spring,DU9,CK-10,WEST ROAD (BLACKWATER) RIVER,45991,2003,RELATIVE ABUNDANCE (TYPE-4),2236,1995,TRUE
Middle Fraser River_SP_1.3,MFR-spring,DU9,CK-10,WEST ROAD (BLACKWATER) RIVER,45991,2004,RELATIVE ABUNDANCE (TYPE-4),3447,1995,TRUE
Middle Fraser River_SP_1.3,MFR-spring,DU9,CK-10,WEST ROAD (BLACKWATER) RIVER,45991,2005,RELATIVE ABUNDANCE (TYPE-4),1688,1995,TRUE
Middle Fraser River_SP_1.3,MFR-spring,DU9,CK-10,WEST ROAD (BLACKWATER) RIVER,45991,2006,RELATIVE ABUNDANCE (TYPE-4),764,1995,TRUE
Middle Fraser River_SP_1.3,MFR-spring,DU9,CK-10,WEST ROAD (BLACKWATER) RIVER,45991,2007,RELATIVE ABUNDANCE (TYPE-4),1688,1995,TRUE
Middle Fraser River_SP_1.3,MFR-spring,DU9,CK-10,WEST ROAD (BLACKWATER) RIVER,45991,2008,RELATIVE ABUNDANCE (TYPE-4),566,1995,TRUE
Middle Fraser River_SP_1.3,MFR-spring,DU9,CK-10,WEST ROAD (BLACKWATER) RIVER,45991,2009,RELATIVE ABUNDANCE (TYPE-4),511,1995,TRUE
Middle Fraser River_SP_1.3,MFR-spring,DU9,CK-10,WEST ROAD (BLACKWATER) RIVER,45991,2010,RELATIVE ABUNDANCE (TYPE-4),666,1995,TRUE
Middle Fraser River_SP_1.3,MFR-spring,DU9,CK-10,WEST ROAD (BLACKWATER) RIVER,45991,2011,RELATIVE ABUNDANCE (TYPE-4),451,1995,TRUE
Middle Fraser River_SP_1.3,MFR-spring,DU9,CK-10,WEST ROAD (BLACKWATER) RIVER,45991,2012,RELATIVE ABUNDANCE (TYPE-4),332,1995,TRUE
Middle Fraser River_SP_1.3,MFR-spring,DU9,CK-10,WEST ROAD (BLACKWATER) RIVER,45991,2013,RELATIVE ABUNDANCE (TYPE-4),909,1995,TRUE
Middle Fraser River_SP_1.3,MFR-spring,DU9,CK-10,WEST ROAD (BLACKWATER) RIVER,45991,2014,RELATIVE ABUNDANCE (TYPE-4),2162,1995,TRUE
Middle Fraser River_SP_1.3,MFR-spring,DU9,CK-10,WEST ROAD (BLACKWATER) RIVER,45991,2015,RELATIVE ABUNDANCE (TYPE-4),1128,1995,TRUE
Middle Fraser River_SP_1.3,MFR-spring,DU9,CK-10,WEST ROAD (BLACKWATER) RIVER,45991,2016,RELATIVE ABUNDANCE (TYPE-4),158,1995,TRUE
Middle Fraser River_SP_1.3,MFR-spring,DU9,CK-10,WEST ROAD (BLACKWATER) RIVER,45991,2017,INFILL,340.5273251,1995,TRUE
Middle Fraser River_SP_1.3,MFR-spring,DU9,CK-10,WEST ROAD (BLACKWATER) RIVER,45991,2018,RELATIVE ABUNDANCE (TYPE-4),532,1995,TRUE
Middle Fraser River_SP_1.3,MFR-spring,DU9,CK-10,WEST ROAD (BLACKWATER) RIVER,45991,2019,RELATIVE ABUNDANCE (TYPE-4),111,1995,TRUE
Middle Fraser River_SP_1.3,MFR-spring,DU9,CK-10,WEST ROAD (BLACKWATER) RIVER,45991,2020,RELATIVE ABUNDANCE (TYPE-4),460,1995,TRUE
Middle Fraser River_SP_1.3,MFR-spring,DU9,CK-10,WEST ROAD (BLACKWATER) RIVER,45991,2021,RELATIVE ABUNDANCE (TYPE-4),357,1995,TRUE
Middle Fraser River_SP_1.3,MFR-spring,DU9,CK-10,WEST ROAD (BLACKWATER) RIVER,45991,2022,RELATIVE ABUNDANCE (TYPE-4),263,1995,TRUE
Middle Fraser River_SP_1.3,MFR-spring,DU9,CK-10,WEST ROAD (BLACKWATER) RIVER,45991,2023,INFILL,664.9625894,1995,TRUE
Middle Fraser River_SU_1.3,MFR-summer,DU10,CK-11,NECHAKO RIVER,46001,1975,QualFiltered,NA,1995,FALSE
Middle Fraser River_SU_1.3,MFR-summer,DU10,CK-11,NECHAKO RIVER,46001,1976,QualFiltered,NA,1995,FALSE
Middle Fraser River_SU_1.3,MFR-summer,DU10,CK-11,NECHAKO RIVER,46001,1977,QualFiltered,NA,1995,FALSE
Middle Fraser River_SU_1.3,MFR-summer,DU10,CK-11,NECHAKO RIVER,46001,1978,QualFiltered,NA,1995,FALSE
Middle Fraser River_SU_1.3,MFR-summer,DU10,CK-11,NECHAKO RIVER,46001,1979,QualFiltered,NA,1995,FALSE
Middle Fraser River_SU_1.3,MFR-summer,DU10,CK-11,NECHAKO RIVER,46001,1980,RELATIVE ABUNDANCE (TYPE-3),2038,1995,FALSE
Middle Fraser River_SU_1.3,MFR-summer,DU10,CK-11,NECHAKO RIVER,46001,1981,RELATIVE ABUNDANCE (TYPE-3),2814,1995,FALSE
Middle Fraser River_SU_1.3,MFR-summer,DU10,CK-11,NECHAKO RIVER,46001,1982,RELATIVE ABUNDANCE (TYPE-3),1590,1995,FALSE
Middle Fraser River_SU_1.3,MFR-summer,DU10,CK-11,NECHAKO RIVER,46001,1983,RELATIVE ABUNDANCE (TYPE-3),1114,1995,FALSE
Middle Fraser River_SU_1.3,MFR-summer,DU10,CK-11,NECHAKO RIVER,46001,1984,RELATIVE ABUNDANCE (TYPE-3),2099,1995,FALSE
Middle Fraser River_SU_1.3,MFR-summer,DU10,CK-11,NECHAKO RIVER,46001,1985,RELATIVE ABUNDANCE (TYPE-3),2591,1995,FALSE
Middle Fraser River_SU_1.3,MFR-summer,DU10,CK-11,NECHAKO RIVER,46001,1986,RELATIVE ABUNDANCE (TYPE-3),2685,1995,FALSE
Middle Fraser River_SU_1.3,MFR-summer,DU10,CK-11,NECHAKO RIVER,46001,1987,RELATIVE ABUNDANCE (TYPE-3),2042,1995,FALSE
Middle Fraser River_SU_1.3,MFR-summer,DU10,CK-11,NECHAKO RIVER,46001,1988,RELATIVE ABUNDANCE (TYPE-3),2801,1995,FALSE
Middle Fraser River_SU_1.3,MFR-summer,DU10,CK-11,NECHAKO RIVER,46001,1989,RELATIVE ABUNDANCE (TYPE-3),2928,1995,FALSE
Middle Fraser River_SU_1.3,MFR-summer,DU10,CK-11,NECHAKO RIVER,46001,1990,RELATIVE ABUNDANCE (TYPE-3),2628,1995,FALSE
Middle Fraser River_SU_1.3,MFR-summer,DU10,CK-11,NECHAKO RIVER,46001,1991,RELATIVE ABUNDANCE (TYPE-3),2371,1995,FALSE
Middle Fraser River_SU_1.3,MFR-summer,DU10,CK-11,NECHAKO RIVER,46001,1992,RELATIVE ABUNDANCE (TYPE-3),2451,1995,FALSE
Middle Fraser River_SU_1.3,MFR-summer,DU10,CK-11,NECHAKO RIVER,46001,1993,RELATIVE ABUNDANCE (TYPE-3),685,1995,FALSE
Middle Fraser River_SU_1.3,MFR-summer,DU10,CK-11,NECHAKO RIVER,46001,1994,RELATIVE ABUNDANCE (TYPE-3),1138,1995,FALSE
Middle Fraser River_SU_1.3,MFR-summer,DU10,CK-11,NECHAKO RIVER,46001,1995,RELATIVE ABUNDANCE (TYPE-3),1736,1995,TRUE
Middle Fraser River_SU_1.3,MFR-summer,DU10,CK-11,NECHAKO RIVER,46001,1996,RELATIVE ABUNDANCE (TYPE-3),2005,1995,TRUE
Middle Fraser River_SU_1.3,MFR-summer,DU10,CK-11,NECHAKO RIVER,46001,1997,RELATIVE ABUNDANCE (TYPE-3),2021,1995,TRUE
Middle Fraser River_SU_1.3,MFR-summer,DU10,CK-11,NECHAKO RIVER,46001,1998,RELATIVE ABUNDANCE (TYPE-3),1919,1995,TRUE
Middle Fraser River_SU_1.3,MFR-summer,DU10,CK-11,NECHAKO RIVER,46001,1999,RELATIVE ABUNDANCE (TYPE-3),1876,1995,TRUE
Middle Fraser River_SU_1.3,MFR-summer,DU10,CK-11,NECHAKO RIVER,46001,2000,RELATIVE ABUNDANCE (TYPE-3),3459,1995,TRUE
Middle Fraser River_SU_1.3,MFR-summer,DU10,CK-11,NECHAKO RIVER,46001,2001,RELATIVE ABUNDANCE (TYPE-3),5526,1995,TRUE
Middle Fraser River_SU_1.3,MFR-summer,DU10,CK-11,NECHAKO RIVER,46001,2002,RELATIVE ABUNDANCE (TYPE-3),3397,1995,TRUE
Middle Fraser River_SU_1.3,MFR-summer,DU10,CK-11,NECHAKO RIVER,46001,2003,RELATIVE ABUNDANCE (TYPE-3),5121,1995,TRUE
Middle Fraser River_SU_1.3,MFR-summer,DU10,CK-11,NECHAKO RIVER,46001,2004,RELATIVE ABUNDANCE (TYPE-3),4978,1995,TRUE
Middle Fraser River_SU_1.3,MFR-summer,DU10,CK-11,NECHAKO RIVER,46001,2005,RELATIVE ABUNDANCE (TYPE-3),3393,1995,TRUE
Middle Fraser River_SU_1.3,MFR-summer,DU10,CK-11,NECHAKO RIVER,46001,2006,RELATIVE ABUNDANCE (TYPE-3),6803,1995,TRUE
Middle Fraser River_SU_1.3,MFR-summer,DU10,CK-11,NECHAKO RIVER,46001,2007,RELATIVE ABUNDANCE (TYPE-3),1428,1995,TRUE
Middle Fraser River_SU_1.3,MFR-summer,DU10,CK-11,NECHAKO RIVER,46001,2008,RELATIVE ABUNDANCE (TYPE-3),4670,1995,TRUE
Middle Fraser River_SU_1.3,MFR-summer,DU10,CK-11,NECHAKO RIVER,46001,2009,RELATIVE ABUNDANCE (TYPE-3),2310,1995,TRUE
Middle Fraser River_SU_1.3,MFR-summer,DU10,CK-11,NECHAKO RIVER,46001,2010,RELATIVE ABUNDANCE (TYPE-3),6915,1995,TRUE
Middle Fraser River_SU_1.3,MFR-summer,DU10,CK-11,NECHAKO RIVER,46001,2011,RELATIVE ABUNDANCE (TYPE-3),4200,1995,TRUE
Middle Fraser River_SU_1.3,MFR-summer,DU10,CK-11,NECHAKO RIVER,46001,2012,RELATIVE ABUNDANCE (TYPE-3),1021,1995,TRUE
Middle Fraser River_SU_1.3,MFR-summer,DU10,CK-11,NECHAKO RIVER,46001,2013,RELATIVE ABUNDANCE (TYPE-3),1117,1995,TRUE
Middle Fraser River_SU_1.3,MFR-summer,DU10,CK-11,NECHAKO RIVER,46001,2014,RELATIVE ABUNDANCE (TYPE-3),5183,1995,TRUE
Middle Fraser River_SU_1.3,MFR-summer,DU10,CK-11,NECHAKO RIVER,46001,2015,RELATIVE ABUNDANCE (TYPE-3),8291,1995,TRUE
Middle Fraser River_SU_1.3,MFR-summer,DU10,CK-11,NECHAKO RIVER,46001,2016,RELATIVE ABUNDANCE (TYPE-4),3141,1995,TRUE
Middle Fraser River_SU_1.3,MFR-summer,DU10,CK-11,NECHAKO RIVER,46001,2017,RELATIVE ABUNDANCE (TYPE-4),505,1995,TRUE
Middle Fraser River_SU_1.3,MFR-summer,DU10,CK-11,NECHAKO RIVER,46001,2018,RELATIVE ABUNDANCE (TYPE-4),1673,1995,TRUE
Middle Fraser River_SU_1.3,MFR-summer,DU10,CK-11,NECHAKO RIVER,46001,2019,RELATIVE ABUNDANCE (TYPE-4),1450,1995,TRUE
Middle Fraser River_SU_1.3,MFR-summer,DU10,CK-11,NECHAKO RIVER,46001,2020,RELATIVE ABUNDANCE (TYPE-4),1800,1995,TRUE
Middle Fraser River_SU_1.3,MFR-summer,DU10,CK-11,NECHAKO RIVER,46001,2021,RELATIVE ABUNDANCE (TYPE-4),2770,1995,TRUE
Middle Fraser River_SU_1.3,MFR-summer,DU10,CK-11,NECHAKO RIVER,46001,2022,INFILL,3214.872847,1995,TRUE
Middle Fraser River_SU_1.3,MFR-summer,DU10,CK-11,NECHAKO RIVER,46001,2023,RELATIVE ABUNDANCE (TYPE-4),4399,1995,TRUE
Middle Fraser River_SP_1.3,MFR-spring,DU9,CK-10,CHILAKO RIVER,46011,1975,QualFiltered,NA,1995,FALSE
Middle Fraser River_SP_1.3,MFR-spring,DU9,CK-10,CHILAKO RIVER,46011,1976,QualFiltered,NA,1995,FALSE
Middle Fraser River_SP_1.3,MFR-spring,DU9,CK-10,CHILAKO RIVER,46011,1977,QualFiltered,NA,1995,FALSE
Middle Fraser River_SP_1.3,MFR-spring,DU9,CK-10,CHILAKO RIVER,46011,1978,QualFiltered,NA,1995,FALSE
Middle Fraser River_SP_1.3,MFR-spring,DU9,CK-10,CHILAKO RIVER,46011,1979,QualFiltered,NA,1995,FALSE
Middle Fraser River_SP_1.3,MFR-spring,DU9,CK-10,CHILAKO RIVER,46011,1980,QualFiltered,NA,1995,FALSE
Middle Fraser River_SP_1.3,MFR-spring,DU9,CK-10,CHILAKO RIVER,46011,1981,QualFiltered,NA,1995,FALSE
Middle Fraser River_SP_1.3,MFR-spring,DU9,CK-10,CHILAKO RIVER,46011,1982,QualFiltered,NA,1995,FALSE
Middle Fraser River_SP_1.3,MFR-spring,DU9,CK-10,CHILAKO RIVER,46011,1983,QualFiltered,NA,1995,FALSE
Middle Fraser River_SP_1.3,MFR-spring,DU9,CK-10,CHILAKO RIVER,46011,1984,QualFiltered,NA,1995,FALSE
Middle Fraser River_SP_1.3,MFR-spring,DU9,CK-10,CHILAKO RIVER,46011,1985,QualFiltered,NA,1995,FALSE
Middle Fraser River_SP_1.3,MFR-spring,DU9,CK-10,CHILAKO RIVER,46011,1986,QualFiltered,NA,1995,FALSE
Middle Fraser River_SP_1.3,MFR-spring,DU9,CK-10,CHILAKO RIVER,46011,1987,QualFiltered,NA,1995,FALSE
Middle Fraser River_SP_1.3,MFR-spring,DU9,CK-10,CHILAKO RIVER,46011,1988,QualFiltered,NA,1995,FALSE
Middle Fraser River_SP_1.3,MFR-spring,DU9,CK-10,CHILAKO RIVER,46011,1989,QualFiltered,NA,1995,FALSE
Middle Fraser River_SP_1.3,MFR-spring,DU9,CK-10,CHILAKO RIVER,46011,1990,QualFiltered,NA,1995,FALSE
Middle Fraser River_SP_1.3,MFR-spring,DU9,CK-10,CHILAKO RIVER,46011,1991,QualFiltered,NA,1995,FALSE
Middle Fraser River_SP_1.3,MFR-spring,DU9,CK-10,CHILAKO RIVER,46011,1992,QualFiltered,NA,1995,FALSE
Middle Fraser River_SP_1.3,MFR-spring,DU9,CK-10,CHILAKO RIVER,46011,1993,QualFiltered,NA,1995,FALSE
Middle Fraser River_SP_1.3,MFR-spring,DU9,CK-10,CHILAKO RIVER,46011,1994,QualFiltered,NA,1995,FALSE
Middle Fraser River_SP_1.3,MFR-spring,DU9,CK-10,CHILAKO RIVER,46011,1995,INFILL,237.3023032,1995,TRUE
Middle Fraser River_SP_1.3,MFR-spring,DU9,CK-10,CHILAKO RIVER,46011,1996,RELATIVE ABUNDANCE (TYPE-4),320,1995,TRUE
Middle Fraser River_SP_1.3,MFR-spring,DU9,CK-10,CHILAKO RIVER,46011,1997,INFILL,201.5956776,1995,TRUE
Middle Fraser River_SP_1.3,MFR-spring,DU9,CK-10,CHILAKO RIVER,46011,1998,INFILL,103.9553704,1995,TRUE
Middle Fraser River_SP_1.3,MFR-spring,DU9,CK-10,CHILAKO RIVER,46011,1999,INFILL,126.2586919,1995,TRUE
Middle Fraser River_SP_1.3,MFR-spring,DU9,CK-10,CHILAKO RIVER,46011,2000,INFILL,127.5718016,1995,TRUE
Middle Fraser River_SP_1.3,MFR-spring,DU9,CK-10,CHILAKO RIVER,46011,2001,INFILL,120.0387184,1995,TRUE
Middle Fraser River_SP_1.3,MFR-spring,DU9,CK-10,CHILAKO RIVER,46011,2002,INFILL,162.2098742,1995,TRUE
Middle Fraser River_SP_1.3,MFR-spring,DU9,CK-10,CHILAKO RIVER,46011,2003,INFILL,197.5292182,1995,TRUE
Middle Fraser River_SP_1.3,MFR-spring,DU9,CK-10,CHILAKO RIVER,46011,2004,RELATIVE ABUNDANCE (TYPE-4),106,1995,TRUE
Middle Fraser River_SP_1.3,MFR-spring,DU9,CK-10,CHILAKO RIVER,46011,2005,RELATIVE ABUNDANCE (TYPE-4),203,1995,TRUE
Middle Fraser River_SP_1.3,MFR-spring,DU9,CK-10,CHILAKO RIVER,46011,2006,RELATIVE ABUNDANCE (TYPE-4),168,1995,TRUE
Middle Fraser River_SP_1.3,MFR-spring,DU9,CK-10,CHILAKO RIVER,46011,2007,RELATIVE ABUNDANCE (TYPE-4),78,1995,TRUE
Middle Fraser River_SP_1.3,MFR-spring,DU9,CK-10,CHILAKO RIVER,46011,2008,RELATIVE ABUNDANCE (TYPE-4),123,1995,TRUE
Middle Fraser River_SP_1.3,MFR-spring,DU9,CK-10,CHILAKO RIVER,46011,2009,RELATIVE ABUNDANCE (TYPE-4),171,1995,TRUE
Middle Fraser River_SP_1.3,MFR-spring,DU9,CK-10,CHILAKO RIVER,46011,2010,RELATIVE ABUNDANCE (TYPE-4),91,1995,TRUE
Middle Fraser River_SP_1.3,MFR-spring,DU9,CK-10,CHILAKO RIVER,46011,2011,RELATIVE ABUNDANCE (TYPE-4),128,1995,TRUE
Middle Fraser River_SP_1.3,MFR-spring,DU9,CK-10,CHILAKO RIVER,46011,2012,RELATIVE ABUNDANCE (TYPE-4),43,1995,TRUE
Middle Fraser River_SP_1.3,MFR-spring,DU9,CK-10,CHILAKO RIVER,46011,2013,RELATIVE ABUNDANCE (TYPE-4),100,1995,TRUE
Middle Fraser River_SP_1.3,MFR-spring,DU9,CK-10,CHILAKO RIVER,46011,2014,RELATIVE ABUNDANCE (TYPE-4),125,1995,TRUE
Middle Fraser River_SP_1.3,MFR-spring,DU9,CK-10,CHILAKO RIVER,46011,2015,RELATIVE ABUNDANCE (TYPE-4),417,1995,TRUE
Middle Fraser River_SP_1.3,MFR-spring,DU9,CK-10,CHILAKO RIVER,46011,2016,RELATIVE ABUNDANCE (TYPE-4),57,1995,TRUE
Middle Fraser River_SP_1.3,MFR-spring,DU9,CK-10,CHILAKO RIVER,46011,2017,RELATIVE ABUNDANCE (TYPE-4),6,1995,TRUE
Middle Fraser River_SP_1.3,MFR-spring,DU9,CK-10,CHILAKO RIVER,46011,2018,RELATIVE ABUNDANCE (TYPE-4),20,1995,TRUE
Middle Fraser River_SP_1.3,MFR-spring,DU9,CK-10,CHILAKO RIVER,46011,2019,RELATIVE ABUNDANCE (TYPE-4),18,1995,TRUE
Middle Fraser River_SP_1.3,MFR-spring,DU9,CK-10,CHILAKO RIVER,46011,2020,RELATIVE ABUNDANCE (TYPE-4),12,1995,TRUE
Middle Fraser River_SP_1.3,MFR-spring,DU9,CK-10,CHILAKO RIVER,46011,2021,RELATIVE ABUNDANCE (TYPE-4),38,1995,TRUE
Middle Fraser River_SP_1.3,MFR-spring,DU9,CK-10,CHILAKO RIVER,46011,2022,RELATIVE ABUNDANCE (TYPE-4),14,1995,TRUE
Middle Fraser River_SP_1.3,MFR-spring,DU9,CK-10,CHILAKO RIVER,46011,2023,RELATIVE ABUNDANCE (TYPE-4),34,1995,TRUE
Middle Fraser River_SU_1.3,MFR-summer,DU10,CK-11,STELLAKO RIVER,46021,1975,QualFiltered,NA,1995,FALSE
Middle Fraser River_SU_1.3,MFR-summer,DU10,CK-11,STELLAKO RIVER,46021,1976,QualFiltered,NA,1995,FALSE
Middle Fraser River_SU_1.3,MFR-summer,DU10,CK-11,STELLAKO RIVER,46021,1977,QualFiltered,NA,1995,FALSE
Middle Fraser River_SU_1.3,MFR-summer,DU10,CK-11,STELLAKO RIVER,46021,1978,QualFiltered,NA,1995,FALSE
Middle Fraser River_SU_1.3,MFR-summer,DU10,CK-11,STELLAKO RIVER,46021,1979,QualFiltered,NA,1995,FALSE
Middle Fraser River_SU_1.3,MFR-summer,DU10,CK-11,STELLAKO RIVER,46021,1980,QualFiltered,NA,1995,FALSE
Middle Fraser River_SU_1.3,MFR-summer,DU10,CK-11,STELLAKO RIVER,46021,1981,QualFiltered,NA,1995,FALSE
Middle Fraser River_SU_1.3,MFR-summer,DU10,CK-11,STELLAKO RIVER,46021,1982,QualFiltered,NA,1995,FALSE
Middle Fraser River_SU_1.3,MFR-summer,DU10,CK-11,STELLAKO RIVER,46021,1983,QualFiltered,NA,1995,FALSE
Middle Fraser River_SU_1.3,MFR-summer,DU10,CK-11,STELLAKO RIVER,46021,1984,QualFiltered,NA,1995,FALSE
Middle Fraser River_SU_1.3,MFR-summer,DU10,CK-11,STELLAKO RIVER,46021,1985,QualFiltered,NA,1995,FALSE
Middle Fraser River_SU_1.3,MFR-summer,DU10,CK-11,STELLAKO RIVER,46021,1986,QualFiltered,NA,1995,FALSE
Middle Fraser River_SU_1.3,MFR-summer,DU10,CK-11,STELLAKO RIVER,46021,1987,QualFiltered,NA,1995,FALSE
Middle Fraser River_SU_1.3,MFR-summer,DU10,CK-11,STELLAKO RIVER,46021,1988,QualFiltered,NA,1995,FALSE
Middle Fraser River_SU_1.3,MFR-summer,DU10,CK-11,STELLAKO RIVER,46021,1989,QualFiltered,NA,1995,FALSE
Middle Fraser River_SU_1.3,MFR-summer,DU10,CK-11,STELLAKO RIVER,46021,1990,QualFiltered,NA,1995,FALSE
Middle Fraser River_SU_1.3,MFR-summer,DU10,CK-11,STELLAKO RIVER,46021,1991,QualFiltered,NA,1995,FALSE
Middle Fraser River_SU_1.3,MFR-summer,DU10,CK-11,STELLAKO RIVER,46021,1992,QualFiltered,NA,1995,FALSE
Middle Fraser River_SU_1.3,MFR-summer,DU10,CK-11,STELLAKO RIVER,46021,1993,QualFiltered,NA,1995,FALSE
Middle Fraser River_SU_1.3,MFR-summer,DU10,CK-11,STELLAKO RIVER,46021,1994,QualFiltered,NA,1995,FALSE
Middle Fraser River_SU_1.3,MFR-summer,DU10,CK-11,STELLAKO RIVER,46021,1995,INFILL,885.8485518,1995,TRUE
Middle Fraser River_SU_1.3,MFR-summer,DU10,CK-11,STELLAKO RIVER,46021,1996,TRUE ABUNDANCE (TYPE-1),715,1995,TRUE
Middle Fraser River_SU_1.3,MFR-summer,DU10,CK-11,STELLAKO RIVER,46021,1997,INFILL,1303.727964,1995,TRUE
Middle Fraser River_SU_1.3,MFR-summer,DU10,CK-11,STELLAKO RIVER,46021,1998,TRUE ABUNDANCE (TYPE-1),694,1995,TRUE
Middle Fraser River_SU_1.3,MFR-summer,DU10,CK-11,STELLAKO RIVER,46021,1999,TRUE ABUNDANCE (TYPE-1),715,1995,TRUE
Middle Fraser River_SU_1.3,MFR-summer,DU10,CK-11,STELLAKO RIVER,46021,2000,INFILL,1574.286232,1995,TRUE
Middle Fraser River_SU_1.3,MFR-summer,DU10,CK-11,STELLAKO RIVER,46021,2001,INFILL,1347.155611,1995,TRUE
Middle Fraser River_SU_1.3,MFR-summer,DU10,CK-11,STELLAKO RIVER,46021,2002,INFILL,969.5042446,1995,TRUE
Middle Fraser River_SU_1.3,MFR-summer,DU10,CK-11,STELLAKO RIVER,46021,2003,INFILL,1871.018622,1995,TRUE
Middle Fraser River_SU_1.3,MFR-summer,DU10,CK-11,STELLAKO RIVER,46021,2004,RELATIVE ABUNDANCE (TYPE-4),1920,1995,TRUE
Middle Fraser River_SU_1.3,MFR-summer,DU10,CK-11,STELLAKO RIVER,46021,2005,RELATIVE ABUNDANCE (TYPE-4),6186,1995,TRUE
Middle Fraser River_SU_1.3,MFR-summer,DU10,CK-11,STELLAKO RIVER,46021,2006,RELATIVE ABUNDANCE (TYPE-4),3303,1995,TRUE
Middle Fraser River_SU_1.3,MFR-summer,DU10,CK-11,STELLAKO RIVER,46021,2007,RELATIVE ABUNDANCE (TYPE-4),6186,1995,TRUE
Middle Fraser River_SU_1.3,MFR-summer,DU10,CK-11,STELLAKO RIVER,46021,2008,RELATIVE ABUNDANCE (TYPE-4),2,1995,TRUE
Middle Fraser River_SU_1.3,MFR-summer,DU10,CK-11,STELLAKO RIVER,46021,2009,RELATIVE ABUNDANCE (TYPE-4),3,1995,TRUE
Middle Fraser River_SU_1.3,MFR-summer,DU10,CK-11,STELLAKO RIVER,46021,2010,RELATIVE ABUNDANCE (TYPE-4),7,1995,TRUE
Middle Fraser River_SU_1.3,MFR-summer,DU10,CK-11,STELLAKO RIVER,46021,2011,RELATIVE ABUNDANCE (TYPE-4),3,1995,TRUE
Middle Fraser River_SU_1.3,MFR-summer,DU10,CK-11,STELLAKO RIVER,46021,2012,RELATIVE ABUNDANCE (TYPE-4),0,1995,TRUE
Middle Fraser River_SU_1.3,MFR-summer,DU10,CK-11,STELLAKO RIVER,46021,2013,RELATIVE ABUNDANCE (TYPE-4),0,1995,TRUE
Middle Fraser River_SU_1.3,MFR-summer,DU10,CK-11,STELLAKO RIVER,46021,2014,RELATIVE ABUNDANCE (TYPE-4),15,1995,TRUE
Middle Fraser River_SU_1.3,MFR-summer,DU10,CK-11,STELLAKO RIVER,46021,2015,RELATIVE ABUNDANCE (TYPE-4),6,1995,TRUE
Middle Fraser River_SU_1.3,MFR-summer,DU10,CK-11,STELLAKO RIVER,46021,2016,RELATIVE ABUNDANCE (TYPE-3),3,1995,TRUE
Middle Fraser River_SU_1.3,MFR-summer,DU10,CK-11,STELLAKO RIVER,46021,2017,RELATIVE ABUNDANCE (TYPE-3),2,1995,TRUE
Middle Fraser River_SU_1.3,MFR-summer,DU10,CK-11,STELLAKO RIVER,46021,2018,RELATIVE ABUNDANCE (TYPE-4),2,1995,TRUE
Middle Fraser River_SU_1.3,MFR-summer,DU10,CK-11,STELLAKO RIVER,46021,2019,RELATIVE ABUNDANCE (TYPE-3),0,1995,TRUE
Middle Fraser River_SU_1.3,MFR-summer,DU10,CK-11,STELLAKO RIVER,46021,2020,RELATIVE ABUNDANCE (TYPE-3),0,1995,TRUE
Middle Fraser River_SU_1.3,MFR-summer,DU10,CK-11,STELLAKO RIVER,46021,2021,RELATIVE ABUNDANCE (TYPE-4),2,1995,TRUE
Middle Fraser River_SU_1.3,MFR-summer,DU10,CK-11,STELLAKO RIVER,46021,2022,RELATIVE ABUNDANCE (TYPE-3),2,1995,TRUE
Middle Fraser River_SU_1.3,MFR-summer,DU10,CK-11,STELLAKO RIVER,46021,2023,RELATIVE ABUNDANCE (TYPE-4),2,1995,TRUE
Middle Fraser River_SU_1.3,MFR-summer,DU10,CK-11,ORMOND CREEK,46024,1976,QualFiltered,NA,1995,FALSE
Middle Fraser River_SU_1.3,MFR-summer,DU10,CK-11,ORMOND CREEK,46024,1978,QualFiltered,NA,1995,FALSE
Middle Fraser River_SU_1.3,MFR-summer,DU10,CK-11,ORMOND CREEK,46024,1981,QualFiltered,NA,1995,FALSE
Middle Fraser River_SU_1.3,MFR-summer,DU10,CK-11,ORMOND CREEK,46024,1983,QualFiltered,NA,1995,FALSE
Middle Fraser River_SU_1.3,MFR-summer,DU10,CK-11,ORMOND CREEK,46024,1984,QualFiltered,NA,1995,FALSE
Middle Fraser River_SU_1.3,MFR-summer,DU10,CK-11,ORMOND CREEK,46024,1985,QualFiltered,NA,1995,FALSE
Middle Fraser River_SU_1.3,MFR-summer,DU10,CK-11,ORMOND CREEK,46024,1986,QualFiltered,NA,1995,FALSE
Lower Fraser River_FA_0.3,LFR-fall,DU2,CK-03,HARRISON RIVER,46034,1975,RELATIVE ABUNDANCE (TYPE-4),15000,1975,TRUE
Lower Fraser River_FA_0.3,LFR-fall,DU2,CK-03,HARRISON RIVER,46034,1976,RELATIVE ABUNDANCE (TYPE-4),7500,1975,TRUE
Lower Fraser River_FA_0.3,LFR-fall,DU2,CK-03,HARRISON RIVER,46034,1977,RELATIVE ABUNDANCE (TYPE-4),25000,1975,TRUE
Lower Fraser River_FA_0.3,LFR-fall,DU2,CK-03,HARRISON RIVER,46034,1978,RELATIVE ABUNDANCE (TYPE-4),15000,1975,TRUE
Lower Fraser River_FA_0.3,LFR-fall,DU2,CK-03,HARRISON RIVER,46034,1979,RELATIVE ABUNDANCE (TYPE-4),15000,1975,TRUE
Lower Fraser River_FA_0.3,LFR-fall,DU2,CK-03,HARRISON RIVER,46034,1980,RELATIVE ABUNDANCE (TYPE-4),10000,1975,TRUE
Lower Fraser River_FA_0.3,LFR-fall,DU2,CK-03,HARRISON RIVER,46034,1981,RELATIVE ABUNDANCE (TYPE-4),20000,1975,TRUE
Lower Fraser River_FA_0.3,LFR-fall,DU2,CK-03,HARRISON RIVER,46034,1982,RELATIVE ABUNDANCE (TYPE-4),22000,1975,TRUE
Lower Fraser River_FA_0.3,LFR-fall,DU2,CK-03,HARRISON RIVER,46034,1983,RELATIVE ABUNDANCE (TYPE-4),6000,1975,TRUE
Lower Fraser River_FA_0.3,LFR-fall,DU2,CK-03,HARRISON RIVER,46034,1984,TRUE ABUNDANCE (TYPE-2),120627,1975,TRUE
Lower Fraser River_FA_0.3,LFR-fall,DU2,CK-03,HARRISON RIVER,46034,1985,TRUE ABUNDANCE (TYPE-2),173321,1975,TRUE
Lower Fraser River_FA_0.3,LFR-fall,DU2,CK-03,HARRISON RIVER,46034,1986,TRUE ABUNDANCE (TYPE-2),161713,1975,TRUE
Lower Fraser River_FA_0.3,LFR-fall,DU2,CK-03,HARRISON RIVER,46034,1987,TRUE ABUNDANCE (TYPE-2),77312,1975,TRUE
Lower Fraser River_FA_0.3,LFR-fall,DU2,CK-03,HARRISON RIVER,46034,1988,TRUE ABUNDANCE (TYPE-2),34095,1975,TRUE
Lower Fraser River_FA_0.3,LFR-fall,DU2,CK-03,HARRISON RIVER,46034,1989,TRUE ABUNDANCE (TYPE-2),73652,1975,TRUE
Lower Fraser River_FA_0.3,LFR-fall,DU2,CK-03,HARRISON RIVER,46034,1990,TRUE ABUNDANCE (TYPE-2),174369,1975,TRUE
Lower Fraser River_FA_0.3,LFR-fall,DU2,CK-03,HARRISON RIVER,46034,1991,TRUE ABUNDANCE (TYPE-2),89278,1975,TRUE
Lower Fraser River_FA_0.3,LFR-fall,DU2,CK-03,HARRISON RIVER,46034,1992,TRUE ABUNDANCE (TYPE-2),126556,1975,TRUE
Lower Fraser River_FA_0.3,LFR-fall,DU2,CK-03,HARRISON RIVER,46034,1993,TRUE ABUNDANCE (TYPE-2),108984,1975,TRUE
Lower Fraser River_FA_0.3,LFR-fall,DU2,CK-03,HARRISON RIVER,46034,1994,TRUE ABUNDANCE (TYPE-2),99211,1975,TRUE
Lower Fraser River_FA_0.3,LFR-fall,DU2,CK-03,HARRISON RIVER,46034,1995,TRUE ABUNDANCE (TYPE-2),26960,1975,TRUE
Lower Fraser River_FA_0.3,LFR-fall,DU2,CK-03,HARRISON RIVER,46034,1996,TRUE ABUNDANCE (TYPE-2),33776,1975,TRUE
Lower Fraser River_FA_0.3,LFR-fall,DU2,CK-03,HARRISON RIVER,46034,1997,TRUE ABUNDANCE (TYPE-2),66752,1975,TRUE
Lower Fraser River_FA_0.3,LFR-fall,DU2,CK-03,HARRISON RIVER,46034,1998,TRUE ABUNDANCE (TYPE-2),186002,1975,TRUE
Lower Fraser River_FA_0.3,LFR-fall,DU2,CK-03,HARRISON RIVER,46034,1999,TRUE ABUNDANCE (TYPE-2),97016,1975,TRUE
Lower Fraser River_FA_0.3,LFR-fall,DU2,CK-03,HARRISON RIVER,46034,2000,TRUE ABUNDANCE (TYPE-2),81867,1975,TRUE
Lower Fraser River_FA_0.3,LFR-fall,DU2,CK-03,HARRISON RIVER,46034,2001,TRUE ABUNDANCE (TYPE-2),109218,1975,TRUE
Lower Fraser River_FA_0.3,LFR-fall,DU2,CK-03,HARRISON RIVER,46034,2002,TRUE ABUNDANCE (TYPE-2),87952,1975,TRUE
Lower Fraser River_FA_0.3,LFR-fall,DU2,CK-03,HARRISON RIVER,46034,2003,TRUE ABUNDANCE (TYPE-2),244283,1975,TRUE
Lower Fraser River_FA_0.3,LFR-fall,DU2,CK-03,HARRISON RIVER,46034,2004,TRUE ABUNDANCE (TYPE-2),136391,1975,TRUE
Lower Fraser River_FA_0.3,LFR-fall,DU2,CK-03,HARRISON RIVER,46034,2005,TRUE ABUNDANCE (TYPE-2),80525,1975,TRUE
Lower Fraser River_FA_0.3,LFR-fall,DU2,CK-03,HARRISON RIVER,46034,2006,TRUE ABUNDANCE (TYPE-2),55744,1975,TRUE
Lower Fraser River_FA_0.3,LFR-fall,DU2,CK-03,HARRISON RIVER,46034,2007,TRUE ABUNDANCE (TYPE-2),76839,1975,TRUE
Lower Fraser River_FA_0.3,LFR-fall,DU2,CK-03,HARRISON RIVER,46034,2008,TRUE ABUNDANCE (TYPE-2),39863,1975,TRUE
Lower Fraser River_FA_0.3,LFR-fall,DU2,CK-03,HARRISON RIVER,46034,2009,TRUE ABUNDANCE (TYPE-2),72872,1975,TRUE
Lower Fraser River_FA_0.3,LFR-fall,DU2,CK-03,HARRISON RIVER,46034,2010,TRUE ABUNDANCE (TYPE-2),103572,1975,TRUE
Lower Fraser River_FA_0.3,LFR-fall,DU2,CK-03,HARRISON RIVER,46034,2011,TRUE ABUNDANCE (TYPE-2),122303,1975,TRUE
Lower Fraser River_FA_0.3,LFR-fall,DU2,CK-03,HARRISON RIVER,46034,2012,TRUE ABUNDANCE (TYPE-2),46234,1975,TRUE
Lower Fraser River_FA_0.3,LFR-fall,DU2,CK-03,HARRISON RIVER,46034,2013,TRUE ABUNDANCE (TYPE-2),45958,1975,TRUE
Lower Fraser River_FA_0.3,LFR-fall,DU2,CK-03,HARRISON RIVER,46034,2014,TRUE ABUNDANCE (TYPE-2),45232,1975,TRUE
Lower Fraser River_FA_0.3,LFR-fall,DU2,CK-03,HARRISON RIVER,46034,2015,TRUE ABUNDANCE (TYPE-2),10604,1975,TRUE
Lower Fraser River_FA_0.3,LFR-fall,DU2,CK-03,HARRISON RIVER,46034,2016,TRUE ABUNDANCE (TYPE-2),44684,1975,TRUE
Lower Fraser River_FA_0.3,LFR-fall,DU2,CK-03,HARRISON RIVER,46034,2017,TRUE ABUNDANCE (TYPE-2),30183,1975,TRUE
Lower Fraser River_FA_0.3,LFR-fall,DU2,CK-03,HARRISON RIVER,46034,2018,TRUE ABUNDANCE (TYPE-2),45978,1975,TRUE
Lower Fraser River_FA_0.3,LFR-fall,DU2,CK-03,HARRISON RIVER,46034,2019,TRUE ABUNDANCE (TYPE-2),44168,1975,TRUE
Lower Fraser River_FA_0.3,LFR-fall,DU2,CK-03,HARRISON RIVER,46034,2020,TRUE ABUNDANCE (TYPE-2),41206,1975,TRUE
Lower Fraser River_FA_0.3,LFR-fall,DU2,CK-03,HARRISON RIVER,46034,2021,TRUE ABUNDANCE (TYPE-2),40451,1975,TRUE
Lower Fraser River_FA_0.3,LFR-fall,DU2,CK-03,HARRISON RIVER,46034,2022,TRUE ABUNDANCE (TYPE-2),83086,1975,TRUE
Lower Fraser River_FA_0.3,LFR-fall,DU2,CK-03,HARRISON RIVER,46034,2023,TRUE ABUNDANCE (TYPE-2),146602,1975,TRUE
Lower Fraser River_FA_0.3,LFR-fall,DU2,CK-03,HARRISON RIVER,46034,2024,QualFiltered,NA,1975,TRUE
Fraser-Cross-CU Supplementation Exclusion,FR-XCU,DU_NA,CK-9006,CHEHALIS RIVER,46042,1975,QualFiltered,NA,NA,TRUE
Fraser-Cross-CU Supplementation Exclusion,FR-XCU,DU_NA,CK-9006,CHEHALIS RIVER,46042,1976,QualFiltered,NA,NA,TRUE
Fraser-Cross-CU Supplementation Exclusion,FR-XCU,DU_NA,CK-9006,CHEHALIS RIVER,46042,1977,QualFiltered,NA,NA,TRUE
Fraser-Cross-CU Supplementation Exclusion,FR-XCU,DU_NA,CK-9006,CHEHALIS RIVER,46042,1978,QualFiltered,NA,NA,TRUE
Fraser-Cross-CU Supplementation Exclusion,FR-XCU,DU_NA,CK-9006,CHEHALIS RIVER,46042,1979,QualFiltered,NA,NA,TRUE
Fraser-Cross-CU Supplementation Exclusion,FR-XCU,DU_NA,CK-9006,CHEHALIS RIVER,46042,1980,QualFiltered,NA,NA,TRUE
Fraser-Cross-CU Supplementation Exclusion,FR-XCU,DU_NA,CK-9006,CHEHALIS RIVER,46042,1981,QualFiltered,NA,NA,TRUE
Fraser-Cross-CU Supplementation Exclusion,FR-XCU,DU_NA,CK-9006,CHEHALIS RIVER,46042,1982,QualFiltered,NA,NA,TRUE
Fraser-Cross-CU Supplementation Exclusion,FR-XCU,DU_NA,CK-9006,CHEHALIS RIVER,46042,1983,QualFiltered,NA,NA,TRUE
Fraser-Cross-CU Supplementation Exclusion,FR-XCU,DU_NA,CK-9006,CHEHALIS RIVER,46042,1984,QualFiltered,NA,NA,TRUE
Fraser-Cross-CU Supplementation Exclusion,FR-XCU,DU_NA,CK-9006,CHEHALIS RIVER,46042,1985,QualFiltered,NA,NA,TRUE
Fraser-Cross-CU Supplementation Exclusion,FR-XCU,DU_NA,CK-9006,CHEHALIS RIVER,46042,1986,QualFiltered,NA,NA,TRUE
Fraser-Cross-CU Supplementation Exclusion,FR-XCU,DU_NA,CK-9006,CHEHALIS RIVER,46042,1987,QualFiltered,NA,NA,TRUE
Fraser-Cross-CU Supplementation Exclusion,FR-XCU,DU_NA,CK-9006,CHEHALIS RIVER,46042,1988,QualFiltered,NA,NA,TRUE
Fraser-Cross-CU Supplementation Exclusion,FR-XCU,DU_NA,CK-9006,CHEHALIS RIVER,46042,1989,QualFiltered,NA,NA,TRUE
Fraser-Cross-CU Supplementation Exclusion,FR-XCU,DU_NA,CK-9006,CHEHALIS RIVER,46042,1990,QualFiltered,NA,NA,TRUE
Fraser-Cross-CU Supplementation Exclusion,FR-XCU,DU_NA,CK-9006,CHEHALIS RIVER,46042,1991,QualFiltered,NA,NA,TRUE
Fraser-Cross-CU Supplementation Exclusion,FR-XCU,DU_NA,CK-9006,CHEHALIS RIVER,46042,1992,QualFiltered,NA,NA,TRUE
Fraser-Cross-CU Supplementation Exclusion,FR-XCU,DU_NA,CK-9006,CHEHALIS RIVER,46042,1993,QualFiltered,NA,NA,TRUE
Fraser-Cross-CU Supplementation Exclusion,FR-XCU,DU_NA,CK-9006,CHEHALIS RIVER,46042,1994,QualFiltered,NA,NA,TRUE
Fraser-Cross-CU Supplementation Exclusion,FR-XCU,DU_NA,CK-9006,CHEHALIS RIVER,46042,1995,QualFiltered,NA,NA,TRUE
Fraser-Cross-CU Supplementation Exclusion,FR-XCU,DU_NA,CK-9006,CHEHALIS RIVER,46042,1996,QualFiltered,NA,NA,TRUE
Fraser-Cross-CU Supplementation Exclusion,FR-XCU,DU_NA,CK-9006,CHEHALIS RIVER,46042,1997,QualFiltered,NA,NA,TRUE
Fraser-Cross-CU Supplementation Exclusion,FR-XCU,DU_NA,CK-9006,CHEHALIS RIVER,46042,1998,QualFiltered,NA,NA,TRUE
Fraser-Cross-CU Supplementation Exclusion,FR-XCU,DU_NA,CK-9006,CHEHALIS RIVER,46042,1999,QualFiltered,NA,NA,TRUE
Fraser-Cross-CU Supplementation Exclusion,FR-XCU,DU_NA,CK-9006,CHEHALIS RIVER,46042,2000,QualFiltered,NA,NA,TRUE
Fraser-Cross-CU Supplementation Exclusion,FR-XCU,DU_NA,CK-9006,CHEHALIS RIVER,46042,2001,QualFiltered,NA,NA,TRUE
Fraser-Cross-CU Supplementation Exclusion,FR-XCU,DU_NA,CK-9006,CHEHALIS RIVER,46042,2002,QualFiltered,NA,NA,TRUE
Fraser-Cross-CU Supplementation Exclusion,FR-XCU,DU_NA,CK-9006,CHEHALIS RIVER,46042,2003,QualFiltered,NA,NA,TRUE
Fraser-Cross-CU Supplementation Exclusion,FR-XCU,DU_NA,CK-9006,CHEHALIS RIVER,46042,2004,QualFiltered,NA,NA,TRUE
Fraser-Cross-CU Supplementation Exclusion,FR-XCU,DU_NA,CK-9006,CHEHALIS RIVER,46042,2005,QualFiltered,NA,NA,TRUE
Fraser-Cross-CU Supplementation Exclusion,FR-XCU,DU_NA,CK-9006,CHEHALIS RIVER,46042,2006,QualFiltered,NA,NA,TRUE
Fraser-Cross-CU Supplementation Exclusion,FR-XCU,DU_NA,CK-9006,CHEHALIS RIVER,46042,2007,QualFiltered,NA,NA,TRUE
Fraser-Cross-CU Supplementation Exclusion,FR-XCU,DU_NA,CK-9006,CHEHALIS RIVER,46042,2008,QualFiltered,NA,NA,TRUE
Fraser-Cross-CU Supplementation Exclusion,FR-XCU,DU_NA,CK-9006,CHEHALIS RIVER,46042,2009,QualFiltered,NA,NA,TRUE
Fraser-Cross-CU Supplementation Exclusion,FR-XCU,DU_NA,CK-9006,CHEHALIS RIVER,46042,2010,QualFiltered,NA,NA,TRUE
Fraser-Cross-CU Supplementation Exclusion,FR-XCU,DU_NA,CK-9006,CHEHALIS RIVER,46042,2011,QualFiltered,NA,NA,TRUE
Fraser-Cross-CU Supplementation Exclusion,FR-XCU,DU_NA,CK-9006,CHEHALIS RIVER,46042,2012,QualFiltered,NA,NA,TRUE
Fraser-Cross-CU Supplementation Exclusion,FR-XCU,DU_NA,CK-9006,CHEHALIS RIVER,46042,2013,QualFiltered,NA,NA,TRUE
Fraser-Cross-CU Supplementation Exclusion,FR-XCU,DU_NA,CK-9006,CHEHALIS RIVER,46042,2014,QualFiltered,NA,NA,TRUE
Fraser-Cross-CU Supplementation Exclusion,FR-XCU,DU_NA,CK-9006,CHEHALIS RIVER,46042,2015,QualFiltered,NA,NA,TRUE
Fraser-Cross-CU Supplementation Exclusion,FR-XCU,DU_NA,CK-9006,CHEHALIS RIVER,46042,2016,QualFiltered,NA,NA,TRUE
Fraser-Cross-CU Supplementation Exclusion,FR-XCU,DU_NA,CK-9006,CHEHALIS RIVER,46042,2017,QualFiltered,NA,NA,TRUE
Fraser-Cross-CU Supplementation Exclusion,FR-XCU,DU_NA,CK-9006,CHEHALIS RIVER,46042,2018,QualFiltered,NA,NA,TRUE
Fraser-Cross-CU Supplementation Exclusion,FR-XCU,DU_NA,CK-9006,CHEHALIS RIVER,46042,2019,QualFiltered,NA,NA,TRUE
Fraser-Cross-CU Supplementation Exclusion,FR-XCU,DU_NA,CK-9006,CHEHALIS RIVER,46042,2020,QualFiltered,NA,NA,TRUE
Fraser-Cross-CU Supplementation Exclusion,FR-XCU,DU_NA,CK-9006,CHEHALIS RIVER,46042,2021,QualFiltered,NA,NA,TRUE
Fraser-Cross-CU Supplementation Exclusion,FR-XCU,DU_NA,CK-9006,CHEHALIS RIVER,46042,2022,RELATIVE ABUNDANCE (TYPE-4),NA,NA,TRUE
Fraser-Cross-CU Supplementation Exclusion,FR-XCU,DU_NA,CK-9006,CHEHALIS RIVER,46042,2023,RELATIVE ABUNDANCE (TYPE-4),NA,NA,TRUE
Fraser-Cross-CU Supplementation Exclusion,FR-XCU,DU_NA,CK-9006,CHEHALIS RIVER,46042,2024,QualFiltered,NA,NA,TRUE
Lower Fraser River_SU_1.3,LFR-summer,DU5,CK-06,WEAVER CREEK,46048,1985,QualFiltered,NA,2005,FALSE
Lower Fraser River_SU_1.3,LFR-summer,DU5,CK-06,WEAVER CREEK,46048,1987,QualFiltered,NA,2005,FALSE
Lower Fraser River_SU_1.3,LFR-summer,DU5,CK-06,WEAVER CREEK,46048,1988,QualFiltered,NA,2005,FALSE
Lower Fraser River_SU_1.3,LFR-summer,DU5,CK-06,WEAVER CREEK,46048,1989,QualFiltered,NA,2005,FALSE
Lower Fraser River_SU_1.3,LFR-summer,DU5,CK-06,WEAVER CREEK,46048,1990,QualFiltered,NA,2005,FALSE
Lower Fraser River_SU_1.3,LFR-summer,DU5,CK-06,COGBURN CREEK,46068,1975,QualFiltered,NA,2005,FALSE
Lower Fraser River_SU_1.3,LFR-summer,DU5,CK-06,COGBURN CREEK,46068,1976,QualFiltered,NA,2005,FALSE
Lower Fraser River_SU_1.3,LFR-summer,DU5,CK-06,COGBURN CREEK,46068,1977,QualFiltered,NA,2005,FALSE
Lower Fraser River_SU_1.3,LFR-summer,DU5,CK-06,COGBURN CREEK,46068,1978,QualFiltered,NA,2005,FALSE
Lower Fraser River_SU_1.3,LFR-summer,DU5,CK-06,COGBURN CREEK,46068,1979,QualFiltered,NA,2005,FALSE
Lower Fraser River_SU_1.3,LFR-summer,DU5,CK-06,COGBURN CREEK,46068,1980,QualFiltered,NA,2005,FALSE
Lower Fraser River_SU_1.3,LFR-summer,DU5,CK-06,COGBURN CREEK,46068,1981,QualFiltered,NA,2005,FALSE
Lower Fraser River_SU_1.3,LFR-summer,DU5,CK-06,COGBURN CREEK,46068,1982,QualFiltered,NA,2005,FALSE
Lower Fraser River_SU_1.3,LFR-summer,DU5,CK-06,COGBURN CREEK,46068,1983,QualFiltered,NA,2005,FALSE
Lower Fraser River_SU_1.3,LFR-summer,DU5,CK-06,COGBURN CREEK,46068,1984,QualFiltered,NA,2005,FALSE
Lower Fraser River_SU_1.3,LFR-summer,DU5,CK-06,COGBURN CREEK,46068,1985,QualFiltered,NA,2005,FALSE
Lower Fraser River_SU_1.3,LFR-summer,DU5,CK-06,COGBURN CREEK,46068,1986,QualFiltered,NA,2005,FALSE
Lower Fraser River_SU_1.3,LFR-summer,DU5,CK-06,COGBURN CREEK,46068,1987,QualFiltered,NA,2005,FALSE
Lower Fraser River_SU_1.3,LFR-summer,DU5,CK-06,COGBURN CREEK,46068,1988,QualFiltered,NA,2005,FALSE
Lower Fraser River_SU_1.3,LFR-summer,DU5,CK-06,COGBURN CREEK,46068,1989,QualFiltered,NA,2005,FALSE
Lower Fraser River_SU_1.3,LFR-summer,DU5,CK-06,COGBURN CREEK,46068,1990,QualFiltered,NA,2005,FALSE
Lower Fraser River_SU_1.3,LFR-summer,DU5,CK-06,COGBURN CREEK,46068,1991,QualFiltered,NA,2005,FALSE
Lower Fraser River_SU_1.3,LFR-summer,DU5,CK-06,COGBURN CREEK,46068,1992,QualFiltered,NA,2005,FALSE
Lower Fraser River_SU_1.3,LFR-summer,DU5,CK-06,COGBURN CREEK,46068,1993,QualFiltered,NA,2005,FALSE
Lower Fraser River_SU_1.3,LFR-summer,DU5,CK-06,COGBURN CREEK,46068,1994,QualFiltered,NA,2005,FALSE
Lower Fraser River_SU_1.3,LFR-summer,DU5,CK-06,COGBURN CREEK,46068,1995,QualFiltered,NA,2005,FALSE
Lower Fraser River_SU_1.3,LFR-summer,DU5,CK-06,COGBURN CREEK,46068,1996,QualFiltered,NA,2005,FALSE
Lower Fraser River_SU_1.3,LFR-summer,DU5,CK-06,COGBURN CREEK,46068,1997,QualFiltered,NA,2005,FALSE
Lower Fraser River_SU_1.3,LFR-summer,DU5,CK-06,COGBURN CREEK,46068,1998,QualFiltered,NA,2005,FALSE
Lower Fraser River_SU_1.3,LFR-summer,DU5,CK-06,COGBURN CREEK,46068,1999,QualFiltered,NA,2005,FALSE
Lower Fraser River_SU_1.3,LFR-summer,DU5,CK-06,COGBURN CREEK,46068,2000,QualFiltered,NA,2005,FALSE
Lower Fraser River_SU_1.3,LFR-summer,DU5,CK-06,COGBURN CREEK,46068,2001,QualFiltered,NA,2005,FALSE
Lower Fraser River_SU_1.3,LFR-summer,DU5,CK-06,COGBURN CREEK,46068,2002,QualFiltered,NA,2005,FALSE
Lower Fraser River_SU_1.3,LFR-summer,DU5,CK-06,COGBURN CREEK,46068,2003,QualFiltered,NA,2005,FALSE
Lower Fraser River_SU_1.3,LFR-summer,DU5,CK-06,COGBURN CREEK,46068,2004,QualFiltered,NA,2005,FALSE
Lower Fraser River_SU_1.3,LFR-summer,DU5,CK-06,COGBURN CREEK,46068,2005,QualFiltered,NA,2005,TRUE
Lower Fraser River_SU_1.3,LFR-summer,DU5,CK-06,COGBURN CREEK,46068,2006,QualFiltered,NA,2005,TRUE
Lower Fraser River_SU_1.3,LFR-summer,DU5,CK-06,COGBURN CREEK,46068,2007,QualFiltered,NA,2005,TRUE
Lower Fraser River_SU_1.3,LFR-summer,DU5,CK-06,COGBURN CREEK,46068,2008,QualFiltered,NA,2005,TRUE
Lower Fraser River_SU_1.3,LFR-summer,DU5,CK-06,COGBURN CREEK,46068,2009,QualFiltered,NA,2005,TRUE
Lower Fraser River_SU_1.3,LFR-summer,DU5,CK-06,COGBURN CREEK,46068,2010,QualFiltered,NA,2005,TRUE
Lower Fraser River_SU_1.3,LFR-summer,DU5,CK-06,COGBURN CREEK,46068,2011,QualFiltered,NA,2005,TRUE
Lower Fraser River_SU_1.3,LFR-summer,DU5,CK-06,COGBURN CREEK,46068,2012,QualFiltered,NA,2005,TRUE
Lower Fraser River_SU_1.3,LFR-summer,DU5,CK-06,COGBURN CREEK,46068,2013,QualFiltered,NA,2005,TRUE
Lower Fraser River_SU_1.3,LFR-summer,DU5,CK-06,COGBURN CREEK,46068,2014,QualFiltered,NA,2005,TRUE
Lower Fraser River_SU_1.3,LFR-summer,DU5,CK-06,COGBURN CREEK,46068,2015,RELATIVE ABUNDANCE (TYPE-4),NA,2005,TRUE
Lower Fraser River_SU_1.3,LFR-summer,DU5,CK-06,COGBURN CREEK,46068,2016,QualFiltered,NA,2005,TRUE
Lower Fraser River_SU_1.3,LFR-summer,DU5,CK-06,COGBURN CREEK,46068,2017,RELATIVE ABUNDANCE (TYPE-4),NA,2005,TRUE
Lower Fraser River_SU_1.3,LFR-summer,DU5,CK-06,COGBURN CREEK,46068,2018,RELATIVE ABUNDANCE (TYPE-3),NA,2005,TRUE
Lower Fraser River_SU_1.3,LFR-summer,DU5,CK-06,COGBURN CREEK,46068,2019,RELATIVE ABUNDANCE (TYPE-3),NA,2005,TRUE
Lower Fraser River_SU_1.3,LFR-summer,DU5,CK-06,COGBURN CREEK,46068,2020,RELATIVE ABUNDANCE (TYPE-4),NA,2005,TRUE
Lower Fraser River_SU_1.3,LFR-summer,DU5,CK-06,COGBURN CREEK,46068,2021,RELATIVE ABUNDANCE (TYPE-4),NA,2005,TRUE
Lower Fraser River_SU_1.3,LFR-summer,DU5,CK-06,COGBURN CREEK,46068,2022,RELATIVE ABUNDANCE (TYPE-4),NA,2005,TRUE
Lower Fraser River_SU_1.3,LFR-summer,DU5,CK-06,COGBURN CREEK,46068,2023,RELATIVE ABUNDANCE (TYPE-4),NA,2005,TRUE
Lower Fraser River_SU_1.3,LFR-summer,DU5,CK-06,BIG SILVER CREEK,46076,1975,QualFiltered,NA,2005,FALSE
Lower Fraser River_SU_1.3,LFR-summer,DU5,CK-06,BIG SILVER CREEK,46076,1976,QualFiltered,NA,2005,FALSE
Lower Fraser River_SU_1.3,LFR-summer,DU5,CK-06,BIG SILVER CREEK,46076,1977,QualFiltered,NA,2005,FALSE
Lower Fraser River_SU_1.3,LFR-summer,DU5,CK-06,BIG SILVER CREEK,46076,1978,QualFiltered,NA,2005,FALSE
Lower Fraser River_SU_1.3,LFR-summer,DU5,CK-06,BIG SILVER CREEK,46076,1979,QualFiltered,NA,2005,FALSE
Lower Fraser River_SU_1.3,LFR-summer,DU5,CK-06,BIG SILVER CREEK,46076,1980,QualFiltered,NA,2005,FALSE
Lower Fraser River_SU_1.3,LFR-summer,DU5,CK-06,BIG SILVER CREEK,46076,1981,QualFiltered,NA,2005,FALSE
Lower Fraser River_SU_1.3,LFR-summer,DU5,CK-06,BIG SILVER CREEK,46076,1982,QualFiltered,NA,2005,FALSE
Lower Fraser River_SU_1.3,LFR-summer,DU5,CK-06,BIG SILVER CREEK,46076,1983,QualFiltered,NA,2005,FALSE
Lower Fraser River_SU_1.3,LFR-summer,DU5,CK-06,BIG SILVER CREEK,46076,1984,QualFiltered,NA,2005,FALSE
Lower Fraser River_SU_1.3,LFR-summer,DU5,CK-06,BIG SILVER CREEK,46076,1985,QualFiltered,NA,2005,FALSE
Lower Fraser River_SU_1.3,LFR-summer,DU5,CK-06,BIG SILVER CREEK,46076,1986,QualFiltered,NA,2005,FALSE
Lower Fraser River_SU_1.3,LFR-summer,DU5,CK-06,BIG SILVER CREEK,46076,1987,QualFiltered,NA,2005,FALSE
Lower Fraser River_SU_1.3,LFR-summer,DU5,CK-06,BIG SILVER CREEK,46076,1988,QualFiltered,NA,2005,FALSE
Lower Fraser River_SU_1.3,LFR-summer,DU5,CK-06,BIG SILVER CREEK,46076,1989,QualFiltered,NA,2005,FALSE
Lower Fraser River_SU_1.3,LFR-summer,DU5,CK-06,BIG SILVER CREEK,46076,1990,QualFiltered,NA,2005,FALSE
Lower Fraser River_SU_1.3,LFR-summer,DU5,CK-06,BIG SILVER CREEK,46076,1991,QualFiltered,NA,2005,FALSE
Lower Fraser River_SU_1.3,LFR-summer,DU5,CK-06,BIG SILVER CREEK,46076,1992,QualFiltered,NA,2005,FALSE
Lower Fraser River_SU_1.3,LFR-summer,DU5,CK-06,BIG SILVER CREEK,46076,1993,QualFiltered,NA,2005,FALSE
Lower Fraser River_SU_1.3,LFR-summer,DU5,CK-06,BIG SILVER CREEK,46076,1994,QualFiltered,NA,2005,FALSE
Lower Fraser River_SU_1.3,LFR-summer,DU5,CK-06,BIG SILVER CREEK,46076,1995,QualFiltered,NA,2005,FALSE
Lower Fraser River_SU_1.3,LFR-summer,DU5,CK-06,BIG SILVER CREEK,46076,1996,QualFiltered,NA,2005,FALSE
Lower Fraser River_SU_1.3,LFR-summer,DU5,CK-06,BIG SILVER CREEK,46076,1997,QualFiltered,NA,2005,FALSE
Lower Fraser River_SU_1.3,LFR-summer,DU5,CK-06,BIG SILVER CREEK,46076,1998,QualFiltered,NA,2005,FALSE
Lower Fraser River_SU_1.3,LFR-summer,DU5,CK-06,BIG SILVER CREEK,46076,1999,QualFiltered,NA,2005,FALSE
Lower Fraser River_SU_1.3,LFR-summer,DU5,CK-06,BIG SILVER CREEK,46076,2000,QualFiltered,NA,2005,FALSE
Lower Fraser River_SU_1.3,LFR-summer,DU5,CK-06,BIG SILVER CREEK,46076,2001,QualFiltered,NA,2005,FALSE
Lower Fraser River_SU_1.3,LFR-summer,DU5,CK-06,BIG SILVER CREEK,46076,2002,QualFiltered,NA,2005,FALSE
Lower Fraser River_SU_1.3,LFR-summer,DU5,CK-06,BIG SILVER CREEK,46076,2003,QualFiltered,NA,2005,FALSE
Lower Fraser River_SU_1.3,LFR-summer,DU5,CK-06,BIG SILVER CREEK,46076,2004,QualFiltered,NA,2005,FALSE
Lower Fraser River_SU_1.3,LFR-summer,DU5,CK-06,BIG SILVER CREEK,46076,2005,QualFiltered,NA,2005,TRUE
Lower Fraser River_SU_1.3,LFR-summer,DU5,CK-06,BIG SILVER CREEK,46076,2006,QualFiltered,NA,2005,TRUE
Lower Fraser River_SU_1.3,LFR-summer,DU5,CK-06,BIG SILVER CREEK,46076,2007,QualFiltered,NA,2005,TRUE
Lower Fraser River_SU_1.3,LFR-summer,DU5,CK-06,BIG SILVER CREEK,46076,2008,QualFiltered,NA,2005,TRUE
Lower Fraser River_SU_1.3,LFR-summer,DU5,CK-06,BIG SILVER CREEK,46076,2009,QualFiltered,NA,2005,TRUE
Lower Fraser River_SU_1.3,LFR-summer,DU5,CK-06,BIG SILVER CREEK,46076,2010,QualFiltered,NA,2005,TRUE
Lower Fraser River_SU_1.3,LFR-summer,DU5,CK-06,BIG SILVER CREEK,46076,2011,QualFiltered,NA,2005,TRUE
Lower Fraser River_SU_1.3,LFR-summer,DU5,CK-06,BIG SILVER CREEK,46076,2012,QualFiltered,NA,2005,TRUE
Lower Fraser River_SU_1.3,LFR-summer,DU5,CK-06,BIG SILVER CREEK,46076,2013,QualFiltered,NA,2005,TRUE
Lower Fraser River_SU_1.3,LFR-summer,DU5,CK-06,BIG SILVER CREEK,46076,2014,QualFiltered,NA,2005,TRUE
Lower Fraser River_SU_1.3,LFR-summer,DU5,CK-06,BIG SILVER CREEK,46076,2015,RELATIVE ABUNDANCE (TYPE-3),94,2005,TRUE
Lower Fraser River_SU_1.3,LFR-summer,DU5,CK-06,BIG SILVER CREEK,46076,2016,RELATIVE ABUNDANCE (TYPE-4),48,2005,TRUE
Lower Fraser River_SU_1.3,LFR-summer,DU5,CK-06,BIG SILVER CREEK,46076,2017,RELATIVE ABUNDANCE (TYPE-3),105,2005,TRUE
Lower Fraser River_SU_1.3,LFR-summer,DU5,CK-06,BIG SILVER CREEK,46076,2018,RELATIVE ABUNDANCE (TYPE-3),20,2005,TRUE
Lower Fraser River_SU_1.3,LFR-summer,DU5,CK-06,BIG SILVER CREEK,46076,2019,RELATIVE ABUNDANCE (TYPE-3),31,2005,TRUE
Lower Fraser River_SU_1.3,LFR-summer,DU5,CK-06,BIG SILVER CREEK,46076,2020,RELATIVE ABUNDANCE (TYPE-4),66,2005,TRUE
Lower Fraser River_SU_1.3,LFR-summer,DU5,CK-06,BIG SILVER CREEK,46076,2021,RELATIVE ABUNDANCE (TYPE-4),60,2005,TRUE
Lower Fraser River_SU_1.3,LFR-summer,DU5,CK-06,BIG SILVER CREEK,46076,2022,RELATIVE ABUNDANCE (TYPE-4),12,2005,TRUE
Lower Fraser River_SU_1.3,LFR-summer,DU5,CK-06,BIG SILVER CREEK,46076,2023,RELATIVE ABUNDANCE (TYPE-3),82,2005,TRUE
Lower Fraser River_SU_1.3,LFR-summer,DU5,CK-06,TIPELLA CREEK,46082,1975,QualFiltered,NA,2005,FALSE
Lower Fraser River_SU_1.3,LFR-summer,DU5,CK-06,TIPELLA CREEK,46082,1976,QualFiltered,NA,2005,FALSE
Lower Fraser River_SU_1.3,LFR-summer,DU5,CK-06,TIPELLA CREEK,46082,1977,QualFiltered,NA,2005,FALSE
Lower Fraser River_SU_1.3,LFR-summer,DU5,CK-06,TIPELLA CREEK,46082,1978,QualFiltered,NA,2005,FALSE
Lower Fraser River_SU_1.3,LFR-summer,DU5,CK-06,TIPELLA CREEK,46082,1979,QualFiltered,NA,2005,FALSE
Lower Fraser River_SU_1.3,LFR-summer,DU5,CK-06,TIPELLA CREEK,46082,1980,QualFiltered,NA,2005,FALSE
Lower Fraser River_SU_1.3,LFR-summer,DU5,CK-06,TIPELLA CREEK,46082,1981,QualFiltered,NA,2005,FALSE
Lower Fraser River_SU_1.3,LFR-summer,DU5,CK-06,TIPELLA CREEK,46082,1982,QualFiltered,NA,2005,FALSE
Lower Fraser River_SU_1.3,LFR-summer,DU5,CK-06,TIPELLA CREEK,46082,1983,QualFiltered,NA,2005,FALSE
Lower Fraser River_SU_1.3,LFR-summer,DU5,CK-06,TIPELLA CREEK,46082,1984,QualFiltered,NA,2005,FALSE
Lower Fraser River_SU_1.3,LFR-summer,DU5,CK-06,TIPELLA CREEK,46082,1985,QualFiltered,NA,2005,FALSE
Lower Fraser River_SU_1.3,LFR-summer,DU5,CK-06,TIPELLA CREEK,46082,1986,QualFiltered,NA,2005,FALSE
Lower Fraser River_SU_1.3,LFR-summer,DU5,CK-06,TIPELLA CREEK,46082,1987,QualFiltered,NA,2005,FALSE
Lower Fraser River_SU_1.3,LFR-summer,DU5,CK-06,TIPELLA CREEK,46082,1988,QualFiltered,NA,2005,FALSE
Lower Fraser River_SU_1.3,LFR-summer,DU5,CK-06,TIPELLA CREEK,46082,1989,QualFiltered,NA,2005,FALSE
Lower Fraser River_SU_1.3,LFR-summer,DU5,CK-06,TIPELLA CREEK,46082,1990,QualFiltered,NA,2005,FALSE
Lower Fraser River_SU_1.3,LFR-summer,DU5,CK-06,TIPELLA CREEK,46082,1991,QualFiltered,NA,2005,FALSE
Lower Fraser River_SU_1.3,LFR-summer,DU5,CK-06,TIPELLA CREEK,46082,1992,QualFiltered,NA,2005,FALSE
Lower Fraser River_SU_1.3,LFR-summer,DU5,CK-06,TIPELLA CREEK,46082,1993,QualFiltered,NA,2005,FALSE
Lower Fraser River_SU_1.3,LFR-summer,DU5,CK-06,TIPELLA CREEK,46082,1994,QualFiltered,NA,2005,FALSE
Lower Fraser River_SU_1.3,LFR-summer,DU5,CK-06,TIPELLA CREEK,46082,1995,QualFiltered,NA,2005,FALSE
Lower Fraser River_SU_1.3,LFR-summer,DU5,CK-06,TIPELLA CREEK,46082,1996,QualFiltered,NA,2005,FALSE
Lower Fraser River_SU_1.3,LFR-summer,DU5,CK-06,TIPELLA CREEK,46082,1997,QualFiltered,NA,2005,FALSE
Lower Fraser River_SU_1.3,LFR-summer,DU5,CK-06,TIPELLA CREEK,46082,1998,QualFiltered,NA,2005,FALSE
Lower Fraser River_SU_1.3,LFR-summer,DU5,CK-06,TIPELLA CREEK,46082,1999,QualFiltered,NA,2005,FALSE
Lower Fraser River_SU_1.3,LFR-summer,DU5,CK-06,TIPELLA CREEK,46082,2000,QualFiltered,NA,2005,FALSE
Lower Fraser River_SU_1.3,LFR-summer,DU5,CK-06,TIPELLA CREEK,46082,2001,QualFiltered,NA,2005,FALSE
Lower Fraser River_SU_1.3,LFR-summer,DU5,CK-06,TIPELLA CREEK,46082,2002,RELATIVE ABUNDANCE (TYPE-4),NA,2005,FALSE
Lower Fraser River_SU_1.3,LFR-summer,DU5,CK-06,TIPELLA CREEK,46082,2003,RELATIVE ABUNDANCE (TYPE-4),NA,2005,FALSE
Lower Fraser River_SU_1.3,LFR-summer,DU5,CK-06,TIPELLA CREEK,46082,2004,RELATIVE ABUNDANCE (TYPE-4),NA,2005,FALSE
Lower Fraser River_SU_1.3,LFR-summer,DU5,CK-06,TIPELLA CREEK,46082,2005,RELATIVE ABUNDANCE (TYPE-4),NA,2005,TRUE
Lower Fraser River_SU_1.3,LFR-summer,DU5,CK-06,TIPELLA CREEK,46082,2006,RELATIVE ABUNDANCE (TYPE-4),NA,2005,TRUE
Lower Fraser River_SU_1.3,LFR-summer,DU5,CK-06,TIPELLA CREEK,46082,2007,QualFiltered,NA,2005,TRUE
Lower Fraser River_SU_1.3,LFR-summer,DU5,CK-06,TIPELLA CREEK,46082,2008,RELATIVE ABUNDANCE (TYPE-4),NA,2005,TRUE
Lower Fraser River_SU_1.3,LFR-summer,DU5,CK-06,TIPELLA CREEK,46082,2009,QualFiltered,NA,2005,TRUE
Lower Fraser River_SU_1.3,LFR-summer,DU5,CK-06,TIPELLA CREEK,46082,2010,QualFiltered,NA,2005,TRUE
Lower Fraser River_SU_1.3,LFR-summer,DU5,CK-06,TIPELLA CREEK,46082,2011,QualFiltered,NA,2005,TRUE
Lower Fraser River_SU_1.3,LFR-summer,DU5,CK-06,TIPELLA CREEK,46082,2012,QualFiltered,NA,2005,TRUE
Lower Fraser River_SU_1.3,LFR-summer,DU5,CK-06,TIPELLA CREEK,46082,2013,QualFiltered,NA,2005,TRUE
Lower Fraser River_SU_1.3,LFR-summer,DU5,CK-06,TIPELLA CREEK,46082,2014,QualFiltered,NA,2005,TRUE
Lower Fraser River_SU_1.3,LFR-summer,DU5,CK-06,TIPELLA CREEK,46082,2015,QualFiltered,NA,2005,TRUE
Lower Fraser River_SU_1.3,LFR-summer,DU5,CK-06,TIPELLA CREEK,46082,2016,QualFiltered,NA,2005,TRUE
Lower Fraser River_SU_1.3,LFR-summer,DU5,CK-06,TIPELLA CREEK,46082,2017,RELATIVE ABUNDANCE (TYPE-3),NA,2005,TRUE
Lower Fraser River_SU_1.3,LFR-summer,DU5,CK-06,TIPELLA CREEK,46082,2018,RELATIVE ABUNDANCE (TYPE-4),NA,2005,TRUE
Lower Fraser River_SU_1.3,LFR-summer,DU5,CK-06,TIPELLA CREEK,46082,2019,RELATIVE ABUNDANCE (TYPE-4),NA,2005,TRUE
Lower Fraser River_SU_1.3,LFR-summer,DU5,CK-06,TIPELLA CREEK,46082,2020,RELATIVE ABUNDANCE (TYPE-4),NA,2005,TRUE
Lower Fraser River_SU_1.3,LFR-summer,DU5,CK-06,TIPELLA CREEK,46082,2021,QualFiltered,NA,2005,TRUE
Lower Fraser River_SU_1.3,LFR-summer,DU5,CK-06,TIPELLA CREEK,46082,2022,RELATIVE ABUNDANCE (TYPE-4),NA,2005,TRUE
Lower Fraser River_SU_1.3,LFR-summer,DU5,CK-06,TIPELLA CREEK,46082,2023,RELATIVE ABUNDANCE (TYPE-4),NA,2005,TRUE
Lower Fraser River_SU_1.3,LFR-summer,DU5,CK-06,DOUGLAS CREEK,46087,1975,QualFiltered,NA,2005,FALSE
Lower Fraser River_SU_1.3,LFR-summer,DU5,CK-06,DOUGLAS CREEK,46087,1976,QualFiltered,NA,2005,FALSE
Lower Fraser River_SU_1.3,LFR-summer,DU5,CK-06,DOUGLAS CREEK,46087,1977,QualFiltered,NA,2005,FALSE
Lower Fraser River_SU_1.3,LFR-summer,DU5,CK-06,DOUGLAS CREEK,46087,1978,QualFiltered,NA,2005,FALSE
Lower Fraser River_SU_1.3,LFR-summer,DU5,CK-06,DOUGLAS CREEK,46087,1982,QualFiltered,NA,2005,FALSE
Lower Fraser River_SU_1.3,LFR-summer,DU5,CK-06,DOUGLAS CREEK,46087,1983,QualFiltered,NA,2005,FALSE
Lower Fraser River_SU_1.3,LFR-summer,DU5,CK-06,DOUGLAS CREEK,46087,1987,QualFiltered,NA,2005,FALSE
Lower Fraser River_SU_1.3,LFR-summer,DU5,CK-06,DOUGLAS CREEK,46087,1997,QualFiltered,NA,2005,FALSE
Lower Fraser River_SU_1.3,LFR-summer,DU5,CK-06,SLOQUET CREEK,46097,1975,QualFiltered,NA,2005,FALSE
Lower Fraser River_SU_1.3,LFR-summer,DU5,CK-06,SLOQUET CREEK,46097,1976,QualFiltered,NA,2005,FALSE
Lower Fraser River_SU_1.3,LFR-summer,DU5,CK-06,SLOQUET CREEK,46097,1977,QualFiltered,NA,2005,FALSE
Lower Fraser River_SU_1.3,LFR-summer,DU5,CK-06,SLOQUET CREEK,46097,1978,QualFiltered,NA,2005,FALSE
Lower Fraser River_SU_1.3,LFR-summer,DU5,CK-06,SLOQUET CREEK,46097,1979,QualFiltered,NA,2005,FALSE
Lower Fraser River_SU_1.3,LFR-summer,DU5,CK-06,SLOQUET CREEK,46097,1980,QualFiltered,NA,2005,FALSE
Lower Fraser River_SU_1.3,LFR-summer,DU5,CK-06,SLOQUET CREEK,46097,1981,QualFiltered,NA,2005,FALSE
Lower Fraser River_SU_1.3,LFR-summer,DU5,CK-06,SLOQUET CREEK,46097,1982,QualFiltered,NA,2005,FALSE
Lower Fraser River_SU_1.3,LFR-summer,DU5,CK-06,SLOQUET CREEK,46097,1983,QualFiltered,NA,2005,FALSE
Lower Fraser River_SU_1.3,LFR-summer,DU5,CK-06,SLOQUET CREEK,46097,1984,QualFiltered,NA,2005,FALSE
Lower Fraser River_SU_1.3,LFR-summer,DU5,CK-06,SLOQUET CREEK,46097,1985,QualFiltered,NA,2005,FALSE
Lower Fraser River_SU_1.3,LFR-summer,DU5,CK-06,SLOQUET CREEK,46097,1986,QualFiltered,NA,2005,FALSE
Lower Fraser River_SU_1.3,LFR-summer,DU5,CK-06,SLOQUET CREEK,46097,1987,QualFiltered,NA,2005,FALSE
Lower Fraser River_SU_1.3,LFR-summer,DU5,CK-06,SLOQUET CREEK,46097,1988,QualFiltered,NA,2005,FALSE
Lower Fraser River_SU_1.3,LFR-summer,DU5,CK-06,SLOQUET CREEK,46097,1989,QualFiltered,NA,2005,FALSE
Lower Fraser River_SU_1.3,LFR-summer,DU5,CK-06,SLOQUET CREEK,46097,1990,QualFiltered,NA,2005,FALSE
Lower Fraser River_SU_1.3,LFR-summer,DU5,CK-06,SLOQUET CREEK,46097,1991,QualFiltered,NA,2005,FALSE
Lower Fraser River_SU_1.3,LFR-summer,DU5,CK-06,SLOQUET CREEK,46097,1992,QualFiltered,NA,2005,FALSE
Lower Fraser River_SU_1.3,LFR-summer,DU5,CK-06,SLOQUET CREEK,46097,1993,QualFiltered,NA,2005,FALSE
Lower Fraser River_SU_1.3,LFR-summer,DU5,CK-06,SLOQUET CREEK,46097,1994,QualFiltered,NA,2005,FALSE
Lower Fraser River_SU_1.3,LFR-summer,DU5,CK-06,SLOQUET CREEK,46097,1995,QualFiltered,NA,2005,FALSE
Lower Fraser River_SU_1.3,LFR-summer,DU5,CK-06,SLOQUET CREEK,46097,1996,QualFiltered,NA,2005,FALSE
Lower Fraser River_SU_1.3,LFR-summer,DU5,CK-06,SLOQUET CREEK,46097,1997,QualFiltered,NA,2005,FALSE
Lower Fraser River_SU_1.3,LFR-summer,DU5,CK-06,SLOQUET CREEK,46097,1998,QualFiltered,NA,2005,FALSE
Lower Fraser River_SU_1.3,LFR-summer,DU5,CK-06,SLOQUET CREEK,46097,1999,QualFiltered,NA,2005,FALSE
Lower Fraser River_SU_1.3,LFR-summer,DU5,CK-06,SLOQUET CREEK,46097,2000,QualFiltered,NA,2005,FALSE
Lower Fraser River_SU_1.3,LFR-summer,DU5,CK-06,SLOQUET CREEK,46097,2001,QualFiltered,NA,2005,FALSE
Lower Fraser River_SU_1.3,LFR-summer,DU5,CK-06,SLOQUET CREEK,46097,2002,RELATIVE ABUNDANCE (TYPE-4),NA,2005,FALSE
Lower Fraser River_SU_1.3,LFR-summer,DU5,CK-06,SLOQUET CREEK,46097,2003,RELATIVE ABUNDANCE (TYPE-4),NA,2005,FALSE
Lower Fraser River_SU_1.3,LFR-summer,DU5,CK-06,SLOQUET CREEK,46097,2004,RELATIVE ABUNDANCE (TYPE-4),NA,2005,FALSE
Lower Fraser River_SU_1.3,LFR-summer,DU5,CK-06,SLOQUET CREEK,46097,2005,RELATIVE ABUNDANCE (TYPE-4),NA,2005,TRUE
Lower Fraser River_SU_1.3,LFR-summer,DU5,CK-06,SLOQUET CREEK,46097,2006,RELATIVE ABUNDANCE (TYPE-4),NA,2005,TRUE
Lower Fraser River_SU_1.3,LFR-summer,DU5,CK-06,SLOQUET CREEK,46097,2007,QualFiltered,NA,2005,TRUE
Lower Fraser River_SU_1.3,LFR-summer,DU5,CK-06,SLOQUET CREEK,46097,2009,QualFiltered,NA,2005,TRUE
Lower Fraser River_SU_1.3,LFR-summer,DU5,CK-06,SLOQUET CREEK,46097,2010,QualFiltered,NA,2005,TRUE
Lower Fraser River_SU_1.3,LFR-summer,DU5,CK-06,SLOQUET CREEK,46097,2011,QualFiltered,NA,2005,TRUE
Lower Fraser River_SU_1.3,LFR-summer,DU5,CK-06,SLOQUET CREEK,46097,2012,QualFiltered,NA,2005,TRUE
Lower Fraser River_SU_1.3,LFR-summer,DU5,CK-06,SLOQUET CREEK,46097,2013,QualFiltered,NA,2005,TRUE
Lower Fraser River_SU_1.3,LFR-summer,DU5,CK-06,SLOQUET CREEK,46097,2014,QualFiltered,NA,2005,TRUE
Lower Fraser River_SU_1.3,LFR-summer,DU5,CK-06,SLOQUET CREEK,46097,2015,QualFiltered,NA,2005,TRUE
Lower Fraser River_SU_1.3,LFR-summer,DU5,CK-06,SLOQUET CREEK,46097,2016,RELATIVE ABUNDANCE (TYPE-4),NA,2005,TRUE
Lower Fraser River_SU_1.3,LFR-summer,DU5,CK-06,SLOQUET CREEK,46097,2017,RELATIVE ABUNDANCE (TYPE-3),NA,2005,TRUE
Lower Fraser River_SU_1.3,LFR-summer,DU5,CK-06,SLOQUET CREEK,46097,2018,RELATIVE ABUNDANCE (TYPE-3),NA,2005,TRUE
Lower Fraser River_SU_1.3,LFR-summer,DU5,CK-06,SLOQUET CREEK,46097,2019,RELATIVE ABUNDANCE (TYPE-3),NA,2005,TRUE
Lower Fraser River_SU_1.3,LFR-summer,DU5,CK-06,SLOQUET CREEK,46097,2020,RELATIVE ABUNDANCE (TYPE-4),NA,2005,TRUE
Lower Fraser River_SU_1.3,LFR-summer,DU5,CK-06,SLOQUET CREEK,46097,2021,QualFiltered,NA,2005,TRUE
Lower Fraser River_SU_1.3,LFR-summer,DU5,CK-06,SLOQUET CREEK,46097,2022,QualFiltered,NA,2005,TRUE
Lower Fraser River_SU_1.3,LFR-summer,DU5,CK-06,SLOQUET CREEK,46097,2023,RELATIVE ABUNDANCE (TYPE-3),NA,2005,TRUE
Lower Fraser River_SP_1.3,LFR-spring,DU3,CK-04,BIRKENHEAD RIVER,46101,1975,RELATIVE ABUNDANCE (TYPE-4),356,1975,TRUE
Lower Fraser River_SP_1.3,LFR-spring,DU3,CK-04,BIRKENHEAD RIVER,46101,1976,RELATIVE ABUNDANCE (TYPE-4),473,1975,TRUE
Lower Fraser River_SP_1.3,LFR-spring,DU3,CK-04,BIRKENHEAD RIVER,46101,1977,RELATIVE ABUNDANCE (TYPE-4),928,1975,TRUE
Lower Fraser River_SP_1.3,LFR-spring,DU3,CK-04,BIRKENHEAD RIVER,46101,1978,RELATIVE ABUNDANCE (TYPE-4),504,1975,TRUE
Lower Fraser River_SP_1.3,LFR-spring,DU3,CK-04,BIRKENHEAD RIVER,46101,1979,RELATIVE ABUNDANCE (TYPE-4),511,1975,TRUE
Lower Fraser River_SP_1.3,LFR-spring,DU3,CK-04,BIRKENHEAD RIVER,46101,1980,RELATIVE ABUNDANCE (TYPE-4),380,1975,TRUE
Lower Fraser River_SP_1.3,LFR-spring,DU3,CK-04,BIRKENHEAD RIVER,46101,1981,RELATIVE ABUNDANCE (TYPE-4),170,1975,TRUE
Lower Fraser River_SP_1.3,LFR-spring,DU3,CK-04,BIRKENHEAD RIVER,46101,1982,RELATIVE ABUNDANCE (TYPE-4),921,1975,TRUE
Lower Fraser River_SP_1.3,LFR-spring,DU3,CK-04,BIRKENHEAD RIVER,46101,1983,RELATIVE ABUNDANCE (TYPE-4),730,1975,TRUE
Lower Fraser River_SP_1.3,LFR-spring,DU3,CK-04,BIRKENHEAD RIVER,46101,1984,RELATIVE ABUNDANCE (TYPE-4),620,1975,TRUE
Lower Fraser River_SP_1.3,LFR-spring,DU3,CK-04,BIRKENHEAD RIVER,46101,1985,RELATIVE ABUNDANCE (TYPE-4),218,1975,TRUE
Lower Fraser River_SP_1.3,LFR-spring,DU3,CK-04,BIRKENHEAD RIVER,46101,1986,RELATIVE ABUNDANCE (TYPE-4),346,1975,TRUE
Lower Fraser River_SP_1.3,LFR-spring,DU3,CK-04,BIRKENHEAD RIVER,46101,1987,RELATIVE ABUNDANCE (TYPE-4),163,1975,TRUE
Lower Fraser River_SP_1.3,LFR-spring,DU3,CK-04,BIRKENHEAD RIVER,46101,1988,RELATIVE ABUNDANCE (TYPE-4),776,1975,TRUE
Lower Fraser River_SP_1.3,LFR-spring,DU3,CK-04,BIRKENHEAD RIVER,46101,1989,RELATIVE ABUNDANCE (TYPE-4),397,1975,TRUE
Lower Fraser River_SP_1.3,LFR-spring,DU3,CK-04,BIRKENHEAD RIVER,46101,1990,RELATIVE ABUNDANCE (TYPE-4),519,1975,TRUE
Lower Fraser River_SP_1.3,LFR-spring,DU3,CK-04,BIRKENHEAD RIVER,46101,1991,RELATIVE ABUNDANCE (TYPE-4),296,1975,TRUE
Lower Fraser River_SP_1.3,LFR-spring,DU3,CK-04,BIRKENHEAD RIVER,46101,1992,RELATIVE ABUNDANCE (TYPE-4),813,1975,TRUE
Lower Fraser River_SP_1.3,LFR-spring,DU3,CK-04,BIRKENHEAD RIVER,46101,1993,RELATIVE ABUNDANCE (TYPE-4),290,1975,TRUE
Lower Fraser River_SP_1.3,LFR-spring,DU3,CK-04,BIRKENHEAD RIVER,46101,1994,RELATIVE ABUNDANCE (TYPE-4),407,1975,TRUE
Lower Fraser River_SP_1.3,LFR-spring,DU3,CK-04,BIRKENHEAD RIVER,46101,1995,RELATIVE ABUNDANCE (TYPE-4),205,1975,TRUE
Lower Fraser River_SP_1.3,LFR-spring,DU3,CK-04,BIRKENHEAD RIVER,46101,1996,RELATIVE ABUNDANCE (TYPE-4),373,1975,TRUE
Lower Fraser River_SP_1.3,LFR-spring,DU3,CK-04,BIRKENHEAD RIVER,46101,1997,RELATIVE ABUNDANCE (TYPE-4),664,1975,TRUE
Lower Fraser River_SP_1.3,LFR-spring,DU3,CK-04,BIRKENHEAD RIVER,46101,1998,RELATIVE ABUNDANCE (TYPE-4),668,1975,TRUE
Lower Fraser River_SP_1.3,LFR-spring,DU3,CK-04,BIRKENHEAD RIVER,46101,1999,RELATIVE ABUNDANCE (TYPE-4),188,1975,TRUE
Lower Fraser River_SP_1.3,LFR-spring,DU3,CK-04,BIRKENHEAD RIVER,46101,2000,RELATIVE ABUNDANCE (TYPE-4),478,1975,TRUE
Lower Fraser River_SP_1.3,LFR-spring,DU3,CK-04,BIRKENHEAD RIVER,46101,2001,RELATIVE ABUNDANCE (TYPE-4),732,1975,TRUE
Lower Fraser River_SP_1.3,LFR-spring,DU3,CK-04,BIRKENHEAD RIVER,46101,2002,RELATIVE ABUNDANCE (TYPE-4),540,1975,TRUE
Lower Fraser River_SP_1.3,LFR-spring,DU3,CK-04,BIRKENHEAD RIVER,46101,2003,RELATIVE ABUNDANCE (TYPE-4),509,1975,TRUE
Lower Fraser River_SP_1.3,LFR-spring,DU3,CK-04,BIRKENHEAD RIVER,46101,2004,RELATIVE ABUNDANCE (TYPE-4),202,1975,TRUE
Lower Fraser River_SP_1.3,LFR-spring,DU3,CK-04,BIRKENHEAD RIVER,46101,2005,RELATIVE ABUNDANCE (TYPE-4),1491,1975,TRUE
Lower Fraser River_SP_1.3,LFR-spring,DU3,CK-04,BIRKENHEAD RIVER,46101,2006,RELATIVE ABUNDANCE (TYPE-4),1259,1975,TRUE
Lower Fraser River_SP_1.3,LFR-spring,DU3,CK-04,BIRKENHEAD RIVER,46101,2007,RELATIVE ABUNDANCE (TYPE-4),1968,1975,TRUE
Lower Fraser River_SP_1.3,LFR-spring,DU3,CK-04,BIRKENHEAD RIVER,46101,2008,RELATIVE ABUNDANCE (TYPE-4),234,1975,TRUE
Lower Fraser River_SP_1.3,LFR-spring,DU3,CK-04,BIRKENHEAD RIVER,46101,2009,RELATIVE ABUNDANCE (TYPE-4),631,1975,TRUE
Lower Fraser River_SP_1.3,LFR-spring,DU3,CK-04,BIRKENHEAD RIVER,46101,2010,RELATIVE ABUNDANCE (TYPE-4),1520,1975,TRUE
Lower Fraser River_SP_1.3,LFR-spring,DU3,CK-04,BIRKENHEAD RIVER,46101,2011,RELATIVE ABUNDANCE (TYPE-4),941,1975,TRUE
Lower Fraser River_SP_1.3,LFR-spring,DU3,CK-04,BIRKENHEAD RIVER,46101,2012,RELATIVE ABUNDANCE (TYPE-4),624,1975,TRUE
Lower Fraser River_SP_1.3,LFR-spring,DU3,CK-04,BIRKENHEAD RIVER,46101,2013,RELATIVE ABUNDANCE (TYPE-4),224,1975,TRUE
Lower Fraser River_SP_1.3,LFR-spring,DU3,CK-04,BIRKENHEAD RIVER,46101,2014,RELATIVE ABUNDANCE (TYPE-4),383,1975,TRUE
Lower Fraser River_SP_1.3,LFR-spring,DU3,CK-04,BIRKENHEAD RIVER,46101,2015,RELATIVE ABUNDANCE (TYPE-3),508,1975,TRUE
Lower Fraser River_SP_1.3,LFR-spring,DU3,CK-04,BIRKENHEAD RIVER,46101,2016,RELATIVE ABUNDANCE (TYPE-4),238,1975,TRUE
Lower Fraser River_SP_1.3,LFR-spring,DU3,CK-04,BIRKENHEAD RIVER,46101,2017,RELATIVE ABUNDANCE (TYPE-3),320,1975,TRUE
Lower Fraser River_SP_1.3,LFR-spring,DU3,CK-04,BIRKENHEAD RIVER,46101,2018,RELATIVE ABUNDANCE (TYPE-3),144,1975,TRUE
Lower Fraser River_SP_1.3,LFR-spring,DU3,CK-04,BIRKENHEAD RIVER,46101,2019,RELATIVE ABUNDANCE (TYPE-3),178,1975,TRUE
Lower Fraser River_SP_1.3,LFR-spring,DU3,CK-04,BIRKENHEAD RIVER,46101,2020,RELATIVE ABUNDANCE (TYPE-4),191,1975,TRUE
Lower Fraser River_SP_1.3,LFR-spring,DU3,CK-04,BIRKENHEAD RIVER,46101,2021,RELATIVE ABUNDANCE (TYPE-4),134,1975,TRUE
Lower Fraser River_SP_1.3,LFR-spring,DU3,CK-04,BIRKENHEAD RIVER,46101,2022,RELATIVE ABUNDANCE (TYPE-3),275,1975,TRUE
Lower Fraser River_SP_1.3,LFR-spring,DU3,CK-04,BIRKENHEAD RIVER,46101,2023,RELATIVE ABUNDANCE (TYPE-3),357,1975,TRUE
Lower Fraser River_SP_1.3,LFR-spring,DU3,CK-04,GREEN RIVER,46111,1977,QualFiltered,NA,1975,TRUE
Lower Fraser River_SP_1.3,LFR-spring,DU3,CK-04,GREEN RIVER,46111,1985,QualFiltered,NA,1975,TRUE
Lower Fraser River_SP_1.3,LFR-spring,DU3,CK-04,GREEN RIVER,46111,1988,QualFiltered,NA,1975,TRUE
Lower Fraser River_SP_1.3,LFR-spring,DU3,CK-04,GREEN RIVER,46111,1990,QualFiltered,NA,1975,TRUE
Lower Fraser River_SP_1.3,LFR-spring,DU3,CK-04,GREEN RIVER,46111,1991,QualFiltered,NA,1975,TRUE
Lower Fraser River_SP_1.3,LFR-spring,DU3,CK-04,GREEN RIVER,46111,1992,QualFiltered,NA,1975,TRUE
Lower Fraser River_SP_1.3,LFR-spring,DU3,CK-04,GREEN RIVER,46111,1993,QualFiltered,NA,1975,TRUE
Lower Fraser River_SP_1.3,LFR-spring,DU3,CK-04,GREEN RIVER,46111,1994,QualFiltered,NA,1975,TRUE
Lower Fraser River_SP_1.3,LFR-spring,DU3,CK-04,GREEN RIVER,46111,1996,QualFiltered,NA,1975,TRUE
Lower Fraser River_SP_1.3,LFR-spring,DU3,CK-04,GREEN RIVER,46111,2016,QualFiltered,NA,1975,TRUE
Lower Fraser River_SP_1.3,LFR-spring,DU3,CK-04,GREEN RIVER,46111,2017,RELATIVE ABUNDANCE (TYPE-3),NA,1975,TRUE
Lower Fraser River_SP_1.3,LFR-spring,DU3,CK-04,GREEN RIVER,46111,2018,RELATIVE ABUNDANCE (TYPE-4),NA,1975,TRUE
Lower Fraser River_SP_1.3,LFR-spring,DU3,CK-04,GREEN RIVER,46111,2019,RELATIVE ABUNDANCE (TYPE-4),NA,1975,TRUE
Lower Fraser River_SP_1.3,LFR-spring,DU3,CK-04,GREEN RIVER,46111,2020,RELATIVE ABUNDANCE (TYPE-4),NA,1975,TRUE
Lower Fraser River_SP_1.3,LFR-spring,DU3,CK-04,GREEN RIVER,46111,2021,RELATIVE ABUNDANCE (TYPE-4),NA,1975,TRUE
Lower Fraser River_SP_1.3,LFR-spring,DU3,CK-04,GREEN RIVER,46111,2022,RELATIVE ABUNDANCE (TYPE-4),NA,1975,TRUE
Lower Fraser River_SP_1.3,LFR-spring,DU3,CK-04,GREEN RIVER,46111,2023,QualFiltered,NA,1975,TRUE
South Thompson_SU_0.3,STh-0.3,DU12,CK-13,THOMPSON RIVER,46165,1975,QualFiltered,NA,1975,TRUE
South Thompson_SU_0.3,STh-0.3,DU12,CK-13,THOMPSON RIVER,46165,1976,QualFiltered,NA,1975,TRUE
South Thompson_SU_0.3,STh-0.3,DU12,CK-13,THOMPSON RIVER,46165,1977,QualFiltered,NA,1975,TRUE
South Thompson_SU_0.3,STh-0.3,DU12,CK-13,THOMPSON RIVER,46165,1978,QualFiltered,NA,1975,TRUE
South Thompson_SU_0.3,STh-0.3,DU12,CK-13,THOMPSON RIVER,46165,1979,QualFiltered,NA,1975,TRUE
South Thompson_SU_0.3,STh-0.3,DU12,CK-13,THOMPSON RIVER,46165,1980,QualFiltered,NA,1975,TRUE
South Thompson_SU_0.3,STh-0.3,DU12,CK-13,THOMPSON RIVER,46165,1981,QualFiltered,NA,1975,TRUE
South Thompson_SU_0.3,STh-0.3,DU12,CK-13,THOMPSON RIVER,46165,1982,QualFiltered,NA,1975,TRUE
South Thompson_SU_0.3,STh-0.3,DU12,CK-13,THOMPSON RIVER,46165,1983,QualFiltered,NA,1975,TRUE
South Thompson_SU_0.3,STh-0.3,DU12,CK-13,THOMPSON RIVER,46165,1984,RELATIVE ABUNDANCE (TYPE-4),NA,1975,TRUE
South Thompson_SU_0.3,STh-0.3,DU12,CK-13,THOMPSON RIVER,46165,1985,QualFiltered,NA,1975,TRUE
South Thompson_SU_0.3,STh-0.3,DU12,CK-13,THOMPSON RIVER,46165,1986,QualFiltered,NA,1975,TRUE
South Thompson_SU_0.3,STh-0.3,DU12,CK-13,THOMPSON RIVER,46165,1987,QualFiltered,NA,1975,TRUE
South Thompson_SU_0.3,STh-0.3,DU12,CK-13,THOMPSON RIVER,46165,1988,QualFiltered,NA,1975,TRUE
South Thompson_SU_0.3,STh-0.3,DU12,CK-13,THOMPSON RIVER,46165,1989,QualFiltered,NA,1975,TRUE
South Thompson_SU_0.3,STh-0.3,DU12,CK-13,THOMPSON RIVER,46165,1990,QualFiltered,NA,1975,TRUE
South Thompson_SU_0.3,STh-0.3,DU12,CK-13,THOMPSON RIVER,46165,1991,QualFiltered,NA,1975,TRUE
South Thompson_SU_0.3,STh-0.3,DU12,CK-13,THOMPSON RIVER,46165,1992,QualFiltered,NA,1975,TRUE
South Thompson_SU_0.3,STh-0.3,DU12,CK-13,THOMPSON RIVER,46165,1993,QualFiltered,NA,1975,TRUE
South Thompson_SU_0.3,STh-0.3,DU12,CK-13,THOMPSON RIVER,46165,1994,QualFiltered,NA,1975,TRUE
South Thompson_SU_0.3,STh-0.3,DU12,CK-13,THOMPSON RIVER,46165,1995,QualFiltered,NA,1975,TRUE
South Thompson_SU_0.3,STh-0.3,DU12,CK-13,THOMPSON RIVER,46165,1996,QualFiltered,NA,1975,TRUE
South Thompson_SU_0.3,STh-0.3,DU12,CK-13,THOMPSON RIVER,46165,1997,QualFiltered,NA,1975,TRUE
South Thompson_SU_0.3,STh-0.3,DU12,CK-13,THOMPSON RIVER,46165,1998,QualFiltered,NA,1975,TRUE
South Thompson_SU_0.3,STh-0.3,DU12,CK-13,THOMPSON RIVER,46165,1999,RELATIVE ABUNDANCE (TYPE-4),NA,1975,TRUE
South Thompson_SU_0.3,STh-0.3,DU12,CK-13,THOMPSON RIVER,46165,2000,RELATIVE ABUNDANCE (TYPE-4),NA,1975,TRUE
South Thompson_SU_0.3,STh-0.3,DU12,CK-13,THOMPSON RIVER,46165,2001,RELATIVE ABUNDANCE (TYPE-4),NA,1975,TRUE
South Thompson_SU_0.3,STh-0.3,DU12,CK-13,THOMPSON RIVER,46165,2002,RELATIVE ABUNDANCE (TYPE-4),NA,1975,TRUE
South Thompson_SU_0.3,STh-0.3,DU12,CK-13,THOMPSON RIVER,46165,2003,QualFiltered,NA,1975,TRUE
South Thompson_SU_0.3,STh-0.3,DU12,CK-13,THOMPSON RIVER,46165,2004,RELATIVE ABUNDANCE (TYPE-4),NA,1975,TRUE
South Thompson_SU_0.3,STh-0.3,DU12,CK-13,THOMPSON RIVER,46165,2005,QualFiltered,NA,1975,TRUE
South Thompson_SU_0.3,STh-0.3,DU12,CK-13,THOMPSON RIVER,46165,2006,RELATIVE ABUNDANCE (TYPE-4),NA,1975,TRUE
South Thompson_SU_0.3,STh-0.3,DU12,CK-13,THOMPSON RIVER,46165,2007,RELATIVE ABUNDANCE (TYPE-4),NA,1975,TRUE
South Thompson_SU_0.3,STh-0.3,DU12,CK-13,THOMPSON RIVER,46165,2008,RELATIVE ABUNDANCE (TYPE-4),NA,1975,TRUE
South Thompson_SU_0.3,STh-0.3,DU12,CK-13,THOMPSON RIVER,46165,2009,QualFiltered,NA,1975,TRUE
South Thompson_SU_0.3,STh-0.3,DU12,CK-13,THOMPSON RIVER,46165,2010,QualFiltered,NA,1975,TRUE
South Thompson_SU_0.3,STh-0.3,DU12,CK-13,THOMPSON RIVER,46165,2011,RELATIVE ABUNDANCE (TYPE-4),NA,1975,TRUE
South Thompson_SU_0.3,STh-0.3,DU12,CK-13,THOMPSON RIVER,46165,2012,RELATIVE ABUNDANCE (TYPE-4),NA,1975,TRUE
South Thompson_SU_0.3,STh-0.3,DU12,CK-13,THOMPSON RIVER,46165,2013,QualFiltered,NA,1975,TRUE
South Thompson_SU_0.3,STh-0.3,DU12,CK-13,THOMPSON RIVER,46165,2014,RELATIVE ABUNDANCE (TYPE-4),NA,1975,TRUE
South Thompson_SU_0.3,STh-0.3,DU12,CK-13,THOMPSON RIVER,46165,2015,RELATIVE ABUNDANCE (TYPE-4),NA,1975,TRUE
South Thompson_SU_0.3,STh-0.3,DU12,CK-13,THOMPSON RIVER,46165,2016,QualFiltered,NA,1975,TRUE
South Thompson_SU_0.3,STh-0.3,DU12,CK-13,THOMPSON RIVER,46165,2017,QualFiltered,NA,1975,TRUE
South Thompson_SU_0.3,STh-0.3,DU12,CK-13,THOMPSON RIVER,46165,2018,RELATIVE ABUNDANCE (TYPE-4),NA,1975,TRUE
South Thompson_SU_0.3,STh-0.3,DU12,CK-13,THOMPSON RIVER,46165,2019,QualFiltered,NA,1975,TRUE
South Thompson_SU_0.3,STh-0.3,DU12,CK-13,THOMPSON RIVER,46165,2020,QualFiltered,NA,1975,TRUE
South Thompson_SU_0.3,STh-0.3,DU12,CK-13,THOMPSON RIVER,46165,2021,QualFiltered,NA,1975,TRUE
South Thompson_SU_0.3,STh-0.3,DU12,CK-13,THOMPSON RIVER,46165,2022,QualFiltered,NA,1975,TRUE
South Thompson_SU_0.3,STh-0.3,DU12,CK-13,THOMPSON RIVER,46165,2023,QualFiltered,NA,1975,TRUE
Lower Thompson_SP_1.2,LTh,DU15,CK-17,NICOLA RIVER,46176,1975,QualFiltered,NA,1986,FALSE
Lower Thompson_SP_1.2,LTh,DU15,CK-17,NICOLA RIVER,46176,1976,QualFiltered,NA,1986,FALSE
Lower Thompson_SP_1.2,LTh,DU15,CK-17,NICOLA RIVER,46176,1977,QualFiltered,NA,1986,FALSE
Lower Thompson_SP_1.2,LTh,DU15,CK-17,NICOLA RIVER,46176,1978,QualFiltered,NA,1986,FALSE
Lower Thompson_SP_1.2,LTh,DU15,CK-17,NICOLA RIVER,46176,1979,QualFiltered,NA,1986,FALSE
Lower Thompson_SP_1.2,LTh,DU15,CK-17,NICOLA RIVER,46176,1980,QualFiltered,NA,1986,FALSE
Lower Thompson_SP_1.2,LTh,DU15,CK-17,NICOLA RIVER,46176,1981,QualFiltered,NA,1986,FALSE
Lower Thompson_SP_1.2,LTh,DU15,CK-17,NICOLA RIVER,46176,1982,QualFiltered,NA,1986,FALSE
Lower Thompson_SP_1.2,LTh,DU15,CK-17,NICOLA RIVER,46176,1983,QualFiltered,NA,1986,FALSE
Lower Thompson_SP_1.2,LTh,DU15,CK-17,NICOLA RIVER,46176,1984,QualFiltered,NA,1986,FALSE
Lower Thompson_SP_1.2,LTh,DU15,CK-17,NICOLA RIVER,46176,1985,QualFiltered,NA,1986,FALSE
Lower Thompson_SP_1.2,LTh,DU15,CK-17,NICOLA RIVER,46176,1986,INFILL,2281.860597,1986,TRUE
Lower Thompson_SP_1.2,LTh,DU15,CK-17,NICOLA RIVER,46176,1987,INFILL,1060.449738,1986,TRUE
Lower Thompson_SP_1.2,LTh,DU15,CK-17,NICOLA RIVER,46176,1988,INFILL,1838.744099,1986,TRUE
Lower Thompson_SP_1.2,LTh,DU15,CK-17,NICOLA RIVER,46176,1989,INFILL,1928.692961,1986,TRUE
Lower Thompson_SP_1.2,LTh,DU15,CK-17,NICOLA RIVER,46176,1990,INFILL,1057.609248,1986,TRUE
Lower Thompson_SP_1.2,LTh,DU15,CK-17,NICOLA RIVER,46176,1991,INFILL,2720.242944,1986,TRUE
Lower Thompson_SP_1.2,LTh,DU15,CK-17,NICOLA RIVER,46176,1992,RELATIVE ABUNDANCE (TYPE-4),4832,1986,TRUE
Lower Thompson_SP_1.2,LTh,DU15,CK-17,NICOLA RIVER,46176,1993,RELATIVE ABUNDANCE (TYPE-4),4696,1986,TRUE
Lower Thompson_SP_1.2,LTh,DU15,CK-17,NICOLA RIVER,46176,1994,RELATIVE ABUNDANCE (TYPE-4),9336,1986,TRUE
Lower Thompson_SP_1.2,LTh,DU15,CK-17,NICOLA RIVER,46176,1995,TRUE ABUNDANCE (TYPE-2),4875,1986,TRUE
Lower Thompson_SP_1.2,LTh,DU15,CK-17,NICOLA RIVER,46176,1996,TRUE ABUNDANCE (TYPE-2),17278,1986,TRUE
Lower Thompson_SP_1.2,LTh,DU15,CK-17,NICOLA RIVER,46176,1997,TRUE ABUNDANCE (TYPE-2),9187,1986,TRUE
Lower Thompson_SP_1.2,LTh,DU15,CK-17,NICOLA RIVER,46176,1998,TRUE ABUNDANCE (TYPE-2),1397,1986,TRUE
Lower Thompson_SP_1.2,LTh,DU15,CK-17,NICOLA RIVER,46176,1999,TRUE ABUNDANCE (TYPE-2),3454,1986,TRUE
Lower Thompson_SP_1.2,LTh,DU15,CK-17,NICOLA RIVER,46176,2000,TRUE ABUNDANCE (TYPE-2),5008,1986,TRUE
Lower Thompson_SP_1.2,LTh,DU15,CK-17,NICOLA RIVER,46176,2001,TRUE ABUNDANCE (TYPE-2),5866,1986,TRUE
Lower Thompson_SP_1.2,LTh,DU15,CK-17,NICOLA RIVER,46176,2002,TRUE ABUNDANCE (TYPE-2),9450,1986,TRUE
Lower Thompson_SP_1.2,LTh,DU15,CK-17,NICOLA RIVER,46176,2003,TRUE ABUNDANCE (TYPE-2),11050,1986,TRUE
Lower Thompson_SP_1.2,LTh,DU15,CK-17,NICOLA RIVER,46176,2004,TRUE ABUNDANCE (TYPE-2),9484,1986,TRUE
Lower Thompson_SP_1.2,LTh,DU15,CK-17,NICOLA RIVER,46176,2005,TRUE ABUNDANCE (TYPE-2),2722,1986,TRUE
Lower Thompson_SP_1.2,LTh,DU15,CK-17,NICOLA RIVER,46176,2006,TRUE ABUNDANCE (TYPE-2),4457,1986,TRUE
Lower Thompson_SP_1.2,LTh,DU15,CK-17,NICOLA RIVER,46176,2007,TRUE ABUNDANCE (TYPE-2),940,1986,TRUE
Lower Thompson_SP_1.2,LTh,DU15,CK-17,NICOLA RIVER,46176,2008,TRUE ABUNDANCE (TYPE-2),3591,1986,TRUE
Lower Thompson_SP_1.2,LTh,DU15,CK-17,NICOLA RIVER,46176,2009,TRUE ABUNDANCE (TYPE-2),490,1986,TRUE
Lower Thompson_SP_1.2,LTh,DU15,CK-17,NICOLA RIVER,46176,2010,TRUE ABUNDANCE (TYPE-2),2829,1986,TRUE
Lower Thompson_SP_1.2,LTh,DU15,CK-17,NICOLA RIVER,46176,2011,TRUE ABUNDANCE (TYPE-2),2199,1986,TRUE
Lower Thompson_SP_1.2,LTh,DU15,CK-17,NICOLA RIVER,46176,2012,TRUE ABUNDANCE (TYPE-2),4626,1986,TRUE
Lower Thompson_SP_1.2,LTh,DU15,CK-17,NICOLA RIVER,46176,2013,TRUE ABUNDANCE (TYPE-2),2062,1986,TRUE
Lower Thompson_SP_1.2,LTh,DU15,CK-17,NICOLA RIVER,46176,2014,TRUE ABUNDANCE (TYPE-2),6306,1986,TRUE
Lower Thompson_SP_1.2,LTh,DU15,CK-17,NICOLA RIVER,46176,2015,TRUE ABUNDANCE (TYPE-2),3422,1986,TRUE
Lower Thompson_SP_1.2,LTh,DU15,CK-17,NICOLA RIVER,46176,2016,TRUE ABUNDANCE (TYPE-2),1342,1986,TRUE
Lower Thompson_SP_1.2,LTh,DU15,CK-17,NICOLA RIVER,46176,2017,TRUE ABUNDANCE (TYPE-2),822,1986,TRUE
Lower Thompson_SP_1.2,LTh,DU15,CK-17,NICOLA RIVER,46176,2018,TRUE ABUNDANCE (TYPE-2),449,1986,TRUE
Lower Thompson_SP_1.2,LTh,DU15,CK-17,NICOLA RIVER,46176,2019,TRUE ABUNDANCE (TYPE-2),1818,1986,TRUE
Lower Thompson_SP_1.2,LTh,DU15,CK-17,NICOLA RIVER,46176,2020,TRUE ABUNDANCE (TYPE-2),2638,1986,TRUE
Lower Thompson_SP_1.2,LTh,DU15,CK-17,NICOLA RIVER,46176,2021,TRUE ABUNDANCE (TYPE-2),1124,1986,TRUE
Lower Thompson_SP_1.2,LTh,DU15,CK-17,NICOLA RIVER,46176,2022,TRUE ABUNDANCE (TYPE-2),3596,1986,TRUE
Lower Thompson_SP_1.2,LTh,DU15,CK-17,NICOLA RIVER,46176,2023,TRUE ABUNDANCE (TYPE-2),1841,1986,TRUE
Lower Thompson_SP_1.2,LTh,DU15,CK-17,NICOLA RIVER,46176,2024,TRUE ABUNDANCE (TYPE-2),893,1986,TRUE
Lower Thompson_SP_1.2,LTh,DU15,CK-17,SPIUS CREEK,46186,1975,QualFiltered,NA,1986,FALSE
Lower Thompson_SP_1.2,LTh,DU15,CK-17,SPIUS CREEK,46186,1976,QualFiltered,NA,1986,FALSE
Lower Thompson_SP_1.2,LTh,DU15,CK-17,SPIUS CREEK,46186,1977,QualFiltered,NA,1986,FALSE
Lower Thompson_SP_1.2,LTh,DU15,CK-17,SPIUS CREEK,46186,1978,QualFiltered,NA,1986,FALSE
Lower Thompson_SP_1.2,LTh,DU15,CK-17,SPIUS CREEK,46186,1979,QualFiltered,NA,1986,FALSE
Lower Thompson_SP_1.2,LTh,DU15,CK-17,SPIUS CREEK,46186,1980,QualFiltered,NA,1986,FALSE
Lower Thompson_SP_1.2,LTh,DU15,CK-17,SPIUS CREEK,46186,1981,QualFiltered,NA,1986,FALSE
Lower Thompson_SP_1.2,LTh,DU15,CK-17,SPIUS CREEK,46186,1982,QualFiltered,NA,1986,FALSE
Lower Thompson_SP_1.2,LTh,DU15,CK-17,SPIUS CREEK,46186,1983,QualFiltered,NA,1986,FALSE
Lower Thompson_SP_1.2,LTh,DU15,CK-17,SPIUS CREEK,46186,1984,QualFiltered,NA,1986,FALSE
Lower Thompson_SP_1.2,LTh,DU15,CK-17,SPIUS CREEK,46186,1985,QualFiltered,NA,1986,FALSE
Lower Thompson_SP_1.2,LTh,DU15,CK-17,SPIUS CREEK,46186,1986,INFILL,722.4084308,1986,TRUE
Lower Thompson_SP_1.2,LTh,DU15,CK-17,SPIUS CREEK,46186,1987,INFILL,335.7250799,1986,TRUE
Lower Thompson_SP_1.2,LTh,DU15,CK-17,SPIUS CREEK,46186,1988,INFILL,582.1233081,1986,TRUE
Lower Thompson_SP_1.2,LTh,DU15,CK-17,SPIUS CREEK,46186,1989,INFILL,610.599989,1986,TRUE
Lower Thompson_SP_1.2,LTh,DU15,CK-17,SPIUS CREEK,46186,1990,INFILL,334.8258163,1986,TRUE
Lower Thompson_SP_1.2,LTh,DU15,CK-17,SPIUS CREEK,46186,1991,INFILL,861.1947808,1986,TRUE
Lower Thompson_SP_1.2,LTh,DU15,CK-17,SPIUS CREEK,46186,1992,INFILL,1088.5719,1986,TRUE
Lower Thompson_SP_1.2,LTh,DU15,CK-17,SPIUS CREEK,46186,1993,RELATIVE ABUNDANCE (TYPE-4),376,1986,TRUE
Lower Thompson_SP_1.2,LTh,DU15,CK-17,SPIUS CREEK,46186,1994,INFILL,2429.501558,1986,TRUE
Lower Thompson_SP_1.2,LTh,DU15,CK-17,SPIUS CREEK,46186,1995,INFILL,1566.496537,1986,TRUE
Lower Thompson_SP_1.2,LTh,DU15,CK-17,SPIUS CREEK,46186,1996,INFILL,3729.629016,1986,TRUE
Lower Thompson_SP_1.2,LTh,DU15,CK-17,SPIUS CREEK,46186,1997,INFILL,3146.234542,1986,TRUE
Lower Thompson_SP_1.2,LTh,DU15,CK-17,SPIUS CREEK,46186,1998,RELATIVE ABUNDANCE (TYPE-4),3376,1986,TRUE
Lower Thompson_SP_1.2,LTh,DU15,CK-17,SPIUS CREEK,46186,1999,RELATIVE ABUNDANCE (TYPE-4),2605,1986,TRUE
Lower Thompson_SP_1.2,LTh,DU15,CK-17,SPIUS CREEK,46186,2000,RELATIVE ABUNDANCE (TYPE-4),792,1986,TRUE
Lower Thompson_SP_1.2,LTh,DU15,CK-17,SPIUS CREEK,46186,2001,RELATIVE ABUNDANCE (TYPE-4),2026,1986,TRUE
Lower Thompson_SP_1.2,LTh,DU15,CK-17,SPIUS CREEK,46186,2002,RELATIVE ABUNDANCE (TYPE-4),1294,1986,TRUE
Lower Thompson_SP_1.2,LTh,DU15,CK-17,SPIUS CREEK,46186,2003,RELATIVE ABUNDANCE (TYPE-4),6258,1986,TRUE
Lower Thompson_SP_1.2,LTh,DU15,CK-17,SPIUS CREEK,46186,2004,RELATIVE ABUNDANCE (TYPE-4),2134,1986,TRUE
Lower Thompson_SP_1.2,LTh,DU15,CK-17,SPIUS CREEK,46186,2005,RELATIVE ABUNDANCE (TYPE-4),4571,1986,TRUE
Lower Thompson_SP_1.2,LTh,DU15,CK-17,SPIUS CREEK,46186,2006,RELATIVE ABUNDANCE (TYPE-4),2006,1986,TRUE
Lower Thompson_SP_1.2,LTh,DU15,CK-17,SPIUS CREEK,46186,2007,RELATIVE ABUNDANCE (TYPE-4),4514,1986,TRUE
Lower Thompson_SP_1.2,LTh,DU15,CK-17,SPIUS CREEK,46186,2008,RELATIVE ABUNDANCE (TYPE-4),264,1986,TRUE
Lower Thompson_SP_1.2,LTh,DU15,CK-17,SPIUS CREEK,46186,2009,RELATIVE ABUNDANCE (TYPE-4),218,1986,TRUE
Lower Thompson_SP_1.2,LTh,DU15,CK-17,SPIUS CREEK,46186,2010,RELATIVE ABUNDANCE (TYPE-4),256,1986,TRUE
Lower Thompson_SP_1.2,LTh,DU15,CK-17,SPIUS CREEK,46186,2011,RELATIVE ABUNDANCE (TYPE-4),46,1986,TRUE
Lower Thompson_SP_1.2,LTh,DU15,CK-17,SPIUS CREEK,46186,2012,RELATIVE ABUNDANCE (TYPE-4),718,1986,TRUE
Lower Thompson_SP_1.2,LTh,DU15,CK-17,SPIUS CREEK,46186,2013,RELATIVE ABUNDANCE (TYPE-4),382,1986,TRUE
Lower Thompson_SP_1.2,LTh,DU15,CK-17,SPIUS CREEK,46186,2014,RELATIVE ABUNDANCE (TYPE-4),1169,1986,TRUE
Lower Thompson_SP_1.2,LTh,DU15,CK-17,SPIUS CREEK,46186,2015,RELATIVE ABUNDANCE (TYPE-4),298,1986,TRUE
Lower Thompson_SP_1.2,LTh,DU15,CK-17,SPIUS CREEK,46186,2016,RELATIVE ABUNDANCE (TYPE-4),314,1986,TRUE
Lower Thompson_SP_1.2,LTh,DU15,CK-17,SPIUS CREEK,46186,2017,RELATIVE ABUNDANCE (TYPE-4),112,1986,TRUE
Lower Thompson_SP_1.2,LTh,DU15,CK-17,SPIUS CREEK,46186,2018,RELATIVE ABUNDANCE (TYPE-4),105,1986,TRUE
Lower Thompson_SP_1.2,LTh,DU15,CK-17,SPIUS CREEK,46186,2019,RELATIVE ABUNDANCE (TYPE-4),278,1986,TRUE
Lower Thompson_SP_1.2,LTh,DU15,CK-17,SPIUS CREEK,46186,2020,RELATIVE ABUNDANCE (TYPE-4),228,1986,TRUE
Lower Thompson_SP_1.2,LTh,DU15,CK-17,SPIUS CREEK,46186,2021,RELATIVE ABUNDANCE (TYPE-4),216,1986,TRUE
Lower Thompson_SP_1.2,LTh,DU15,CK-17,SPIUS CREEK,46186,2022,INFILL,860.8494335,1986,TRUE
Lower Thompson_SP_1.2,LTh,DU15,CK-17,SPIUS CREEK,46186,2023,INFILL,1453.328171,1986,TRUE
Lower Thompson_SP_1.2,LTh,DU15,CK-17,SPIUS CREEK,46186,2024,INFILL,599.2534421,1986,TRUE
Lower Thompson_SP_1.2,LTh,DU15,CK-17,COLDWATER RIVER,46196,1986,INFILL,319.741259,1986,TRUE
Lower Thompson_SP_1.2,LTh,DU15,CK-17,COLDWATER RIVER,46196,1987,INFILL,148.5934482,1986,TRUE
Lower Thompson_SP_1.2,LTh,DU15,CK-17,COLDWATER RIVER,46196,1988,INFILL,257.6504253,1986,TRUE
Lower Thompson_SP_1.2,LTh,DU15,CK-17,COLDWATER RIVER,46196,1989,INFILL,270.2543339,1986,TRUE
Lower Thompson_SP_1.2,LTh,DU15,CK-17,COLDWATER RIVER,46196,1990,INFILL,148.19543,1986,TRUE
Lower Thompson_SP_1.2,LTh,DU15,CK-17,COLDWATER RIVER,46196,1991,INFILL,381.1687291,1986,TRUE
Lower Thompson_SP_1.2,LTh,DU15,CK-17,COLDWATER RIVER,46196,1992,INFILL,481.8068769,1986,TRUE
Lower Thompson_SP_1.2,LTh,DU15,CK-17,COLDWATER RIVER,46196,1993,INFILL,595.5395877,1986,TRUE
Lower Thompson_SP_1.2,LTh,DU15,CK-17,COLDWATER RIVER,46196,1994,INFILL,1075.308446,1986,TRUE
Lower Thompson_SP_1.2,LTh,DU15,CK-17,COLDWATER RIVER,46196,1995,INFILL,693.3384959,1986,TRUE
Lower Thompson_SP_1.2,LTh,DU15,CK-17,COLDWATER RIVER,46196,1996,INFILL,1650.750775,1986,TRUE
Lower Thompson_SP_1.2,LTh,DU15,CK-17,COLDWATER RIVER,46196,1997,INFILL,1392.537726,1986,TRUE
Lower Thompson_SP_1.2,LTh,DU15,CK-17,COLDWATER RIVER,46196,1998,INFILL,441.9107785,1986,TRUE
Lower Thompson_SP_1.2,LTh,DU15,CK-17,COLDWATER RIVER,46196,1999,RELATIVE ABUNDANCE (TYPE-4),336,1986,TRUE
Lower Thompson_SP_1.2,LTh,DU15,CK-17,COLDWATER RIVER,46196,2000,RELATIVE ABUNDANCE (TYPE-4),580,1986,TRUE
Lower Thompson_SP_1.2,LTh,DU15,CK-17,COLDWATER RIVER,46196,2001,RELATIVE ABUNDANCE (TYPE-4),855,1986,TRUE
Lower Thompson_SP_1.2,LTh,DU15,CK-17,COLDWATER RIVER,46196,2002,RELATIVE ABUNDANCE (TYPE-4),1468,1986,TRUE
Lower Thompson_SP_1.2,LTh,DU15,CK-17,COLDWATER RIVER,46196,2003,RELATIVE ABUNDANCE (TYPE-4),1290,1986,TRUE
Lower Thompson_SP_1.2,LTh,DU15,CK-17,COLDWATER RIVER,46196,2004,RELATIVE ABUNDANCE (TYPE-4),1083,1986,TRUE
Lower Thompson_SP_1.2,LTh,DU15,CK-17,COLDWATER RIVER,46196,2005,RELATIVE ABUNDANCE (TYPE-4),260,1986,TRUE
Lower Thompson_SP_1.2,LTh,DU15,CK-17,COLDWATER RIVER,46196,2006,RELATIVE ABUNDANCE (TYPE-4),573,1986,TRUE
Lower Thompson_SP_1.2,LTh,DU15,CK-17,COLDWATER RIVER,46196,2007,RELATIVE ABUNDANCE (TYPE-4),132,1986,TRUE
Lower Thompson_SP_1.2,LTh,DU15,CK-17,COLDWATER RIVER,46196,2008,RELATIVE ABUNDANCE (TYPE-4),463,1986,TRUE
Lower Thompson_SP_1.2,LTh,DU15,CK-17,COLDWATER RIVER,46196,2009,RELATIVE ABUNDANCE (TYPE-4),71,1986,TRUE
Lower Thompson_SP_1.2,LTh,DU15,CK-17,COLDWATER RIVER,46196,2010,RELATIVE ABUNDANCE (TYPE-4),334,1986,TRUE
Lower Thompson_SP_1.2,LTh,DU15,CK-17,COLDWATER RIVER,46196,2011,RELATIVE ABUNDANCE (TYPE-4),259,1986,TRUE
Lower Thompson_SP_1.2,LTh,DU15,CK-17,COLDWATER RIVER,46196,2012,RELATIVE ABUNDANCE (TYPE-4),861,1986,TRUE
Lower Thompson_SP_1.2,LTh,DU15,CK-17,COLDWATER RIVER,46196,2013,INFILL,316.1820538,1986,TRUE
Lower Thompson_SP_1.2,LTh,DU15,CK-17,COLDWATER RIVER,46196,2014,INFILL,1322.484294,1986,TRUE
Lower Thompson_SP_1.2,LTh,DU15,CK-17,COLDWATER RIVER,46196,2015,INFILL,562.2654714,1986,TRUE
Lower Thompson_SP_1.2,LTh,DU15,CK-17,COLDWATER RIVER,46196,2016,INFILL,456.5139397,1986,TRUE
Lower Thompson_SP_1.2,LTh,DU15,CK-17,COLDWATER RIVER,46196,2017,INFILL,256.574198,1986,TRUE
Lower Thompson_SP_1.2,LTh,DU15,CK-17,COLDWATER RIVER,46196,2018,INFILL,54.80331451,1986,TRUE
Lower Thompson_SP_1.2,LTh,DU15,CK-17,COLDWATER RIVER,46196,2019,INFILL,220.6896404,1986,TRUE
Lower Thompson_SP_1.2,LTh,DU15,CK-17,COLDWATER RIVER,46196,2020,INFILL,401.8122327,1986,TRUE
Lower Thompson_SP_1.2,LTh,DU15,CK-17,COLDWATER RIVER,46196,2021,INFILL,210.7683507,1986,TRUE
Lower Thompson_SP_1.2,LTh,DU15,CK-17,COLDWATER RIVER,46196,2022,INFILL,381.0158768,1986,TRUE
Lower Thompson_SP_1.2,LTh,DU15,CK-17,COLDWATER RIVER,46196,2023,INFILL,643.2496622,1986,TRUE
Lower Thompson_SP_1.2,LTh,DU15,CK-17,COLDWATER RIVER,46196,2024,INFILL,265.2323006,1986,TRUE
Lower Thompson_SP_1.2,LTh,DU15,CK-17,BONAPARTE RIVER,46206,1975,QualFiltered,NA,1986,FALSE
Lower Thompson_SP_1.2,LTh,DU15,CK-17,BONAPARTE RIVER,46206,1976,RELATIVE ABUNDANCE (TYPE-4),30,1986,FALSE
Lower Thompson_SP_1.2,LTh,DU15,CK-17,BONAPARTE RIVER,46206,1977,QualFiltered,NA,1986,FALSE
Lower Thompson_SP_1.2,LTh,DU15,CK-17,BONAPARTE RIVER,46206,1978,QualFiltered,NA,1986,FALSE
Lower Thompson_SP_1.2,LTh,DU15,CK-17,BONAPARTE RIVER,46206,1979,QualFiltered,NA,1986,FALSE
Lower Thompson_SP_1.2,LTh,DU15,CK-17,BONAPARTE RIVER,46206,1980,QualFiltered,NA,1986,FALSE
Lower Thompson_SP_1.2,LTh,DU15,CK-17,BONAPARTE RIVER,46206,1981,QualFiltered,NA,1986,FALSE
Lower Thompson_SP_1.2,LTh,DU15,CK-17,BONAPARTE RIVER,46206,1982,RELATIVE ABUNDANCE (TYPE-4),150,1986,FALSE
Lower Thompson_SP_1.2,LTh,DU15,CK-17,BONAPARTE RIVER,46206,1983,QualFiltered,NA,1986,FALSE
Lower Thompson_SP_1.2,LTh,DU15,CK-17,BONAPARTE RIVER,46206,1984,TRUE ABUNDANCE (TYPE-1),800,1986,FALSE
Lower Thompson_SP_1.2,LTh,DU15,CK-17,BONAPARTE RIVER,46206,1985,TRUE ABUNDANCE (TYPE-1),800,1986,FALSE
Lower Thompson_SP_1.2,LTh,DU15,CK-17,BONAPARTE RIVER,46206,1986,TRUE ABUNDANCE (TYPE-1),1186,1986,TRUE
Lower Thompson_SP_1.2,LTh,DU15,CK-17,BONAPARTE RIVER,46206,1987,TRUE ABUNDANCE (TYPE-1),520,1986,TRUE
Lower Thompson_SP_1.2,LTh,DU15,CK-17,BONAPARTE RIVER,46206,1988,TRUE ABUNDANCE (TYPE-1),527,1986,TRUE
Lower Thompson_SP_1.2,LTh,DU15,CK-17,BONAPARTE RIVER,46206,1989,TRUE ABUNDANCE (TYPE-1),1062,1986,TRUE
Lower Thompson_SP_1.2,LTh,DU15,CK-17,BONAPARTE RIVER,46206,1990,TRUE ABUNDANCE (TYPE-1),502,1986,TRUE
Lower Thompson_SP_1.2,LTh,DU15,CK-17,BONAPARTE RIVER,46206,1991,TRUE ABUNDANCE (TYPE-1),2282,1986,TRUE
Lower Thompson_SP_1.2,LTh,DU15,CK-17,BONAPARTE RIVER,46206,1992,TRUE ABUNDANCE (TYPE-1),1838,1986,TRUE
Lower Thompson_SP_1.2,LTh,DU15,CK-17,BONAPARTE RIVER,46206,1993,INFILL,3326.440007,1986,TRUE
Lower Thompson_SP_1.2,LTh,DU15,CK-17,BONAPARTE RIVER,46206,1994,TRUE ABUNDANCE (TYPE-1),4048,1986,TRUE
Lower Thompson_SP_1.2,LTh,DU15,CK-17,BONAPARTE RIVER,46206,1995,TRUE ABUNDANCE (TYPE-1),3986,1986,TRUE
Lower Thompson_SP_1.2,LTh,DU15,CK-17,BONAPARTE RIVER,46206,1996,TRUE ABUNDANCE (TYPE-1),4365,1986,TRUE
Lower Thompson_SP_1.2,LTh,DU15,CK-17,BONAPARTE RIVER,46206,1997,TRUE ABUNDANCE (TYPE-1),9022,1986,TRUE
Lower Thompson_SP_1.2,LTh,DU15,CK-17,BONAPARTE RIVER,46206,1998,TRUE ABUNDANCE (TYPE-1),1851,1986,TRUE
Lower Thompson_SP_1.2,LTh,DU15,CK-17,BONAPARTE RIVER,46206,1999,TRUE ABUNDANCE (TYPE-1),1867,1986,TRUE
Lower Thompson_SP_1.2,LTh,DU15,CK-17,BONAPARTE RIVER,46206,2000,TRUE ABUNDANCE (TYPE-1),5028,1986,TRUE
Lower Thompson_SP_1.2,LTh,DU15,CK-17,BONAPARTE RIVER,46206,2001,TRUE ABUNDANCE (TYPE-1),5933,1986,TRUE
Lower Thompson_SP_1.2,LTh,DU15,CK-17,BONAPARTE RIVER,46206,2002,TRUE ABUNDANCE (TYPE-1),8239,1986,TRUE
Lower Thompson_SP_1.2,LTh,DU15,CK-17,BONAPARTE RIVER,46206,2003,TRUE ABUNDANCE (TYPE-1),9067,1986,TRUE
Lower Thompson_SP_1.2,LTh,DU15,CK-17,BONAPARTE RIVER,46206,2004,TRUE ABUNDANCE (TYPE-1),6037,1986,TRUE
Lower Thompson_SP_1.2,LTh,DU15,CK-17,BONAPARTE RIVER,46206,2005,TRUE ABUNDANCE (TYPE-1),4584,1986,TRUE
Lower Thompson_SP_1.2,LTh,DU15,CK-17,BONAPARTE RIVER,46206,2006,TRUE ABUNDANCE (TYPE-1),1847,1986,TRUE
Lower Thompson_SP_1.2,LTh,DU15,CK-17,BONAPARTE RIVER,46206,2007,TRUE ABUNDANCE (TYPE-1),1022,1986,TRUE
Lower Thompson_SP_1.2,LTh,DU15,CK-17,BONAPARTE RIVER,46206,2008,TRUE ABUNDANCE (TYPE-1),5130,1986,TRUE
Lower Thompson_SP_1.2,LTh,DU15,CK-17,BONAPARTE RIVER,46206,2009,TRUE ABUNDANCE (TYPE-1),1220,1986,TRUE
Lower Thompson_SP_1.2,LTh,DU15,CK-17,BONAPARTE RIVER,46206,2010,TRUE ABUNDANCE (TYPE-1),2279,1986,TRUE
Lower Thompson_SP_1.2,LTh,DU15,CK-17,BONAPARTE RIVER,46206,2011,TRUE ABUNDANCE (TYPE-1),1653,1986,TRUE
Lower Thompson_SP_1.2,LTh,DU15,CK-17,BONAPARTE RIVER,46206,2012,TRUE ABUNDANCE (TYPE-1),2905,1986,TRUE
Lower Thompson_SP_1.2,LTh,DU15,CK-17,BONAPARTE RIVER,46206,2013,TRUE ABUNDANCE (TYPE-1),2378,1986,TRUE
Lower Thompson_SP_1.2,LTh,DU15,CK-17,BONAPARTE RIVER,46206,2014,TRUE ABUNDANCE (TYPE-1),11948,1986,TRUE
Lower Thompson_SP_1.2,LTh,DU15,CK-17,BONAPARTE RIVER,46206,2015,TRUE ABUNDANCE (TYPE-1),5179,1986,TRUE
Lower Thompson_SP_1.2,LTh,DU15,CK-17,BONAPARTE RIVER,46206,2016,TRUE ABUNDANCE (TYPE-1),5011,1986,TRUE
Lower Thompson_SP_1.2,LTh,DU15,CK-17,BONAPARTE RIVER,46206,2017,TRUE ABUNDANCE (TYPE-1),2961,1986,TRUE
Lower Thompson_SP_1.2,LTh,DU15,CK-17,BONAPARTE RIVER,46206,2018,RELATIVE ABUNDANCE (TYPE-4),5,1986,TRUE
Lower Thompson_SP_1.2,LTh,DU15,CK-17,BONAPARTE RIVER,46206,2019,RELATIVE ABUNDANCE (TYPE-4),960,1986,TRUE
Lower Thompson_SP_1.2,LTh,DU15,CK-17,BONAPARTE RIVER,46206,2020,TRUE ABUNDANCE (TYPE-1),3254,1986,TRUE
Lower Thompson_SP_1.2,LTh,DU15,CK-17,BONAPARTE RIVER,46206,2021,TRUE ABUNDANCE (TYPE-1),1286,1986,TRUE
Lower Thompson_SP_1.2,LTh,DU15,CK-17,BONAPARTE RIVER,46206,2022,TRUE ABUNDANCE (TYPE-1),385,1986,TRUE
Lower Thompson_SP_1.2,LTh,DU15,CK-17,BONAPARTE RIVER,46206,2023,TRUE ABUNDANCE (TYPE-1),6278,1986,TRUE
Lower Thompson_SP_1.2,LTh,DU15,CK-17,BONAPARTE RIVER,46206,2024,TRUE ABUNDANCE (TYPE-1),2208,1986,TRUE
Lower Thompson_SP_1.2,LTh,DU15,CK-17,DEADMAN RIVER,46216,1975,QualFiltered,NA,1986,FALSE
Lower Thompson_SP_1.2,LTh,DU15,CK-17,DEADMAN RIVER,46216,1976,QualFiltered,NA,1986,FALSE
Lower Thompson_SP_1.2,LTh,DU15,CK-17,DEADMAN RIVER,46216,1977,QualFiltered,NA,1986,FALSE
Lower Thompson_SP_1.2,LTh,DU15,CK-17,DEADMAN RIVER,46216,1978,QualFiltered,NA,1986,FALSE
Lower Thompson_SP_1.2,LTh,DU15,CK-17,DEADMAN RIVER,46216,1979,QualFiltered,NA,1986,FALSE
Lower Thompson_SP_1.2,LTh,DU15,CK-17,DEADMAN RIVER,46216,1980,QualFiltered,NA,1986,FALSE
Lower Thompson_SP_1.2,LTh,DU15,CK-17,DEADMAN RIVER,46216,1981,QualFiltered,NA,1986,FALSE
Lower Thompson_SP_1.2,LTh,DU15,CK-17,DEADMAN RIVER,46216,1982,QualFiltered,NA,1986,FALSE
Lower Thompson_SP_1.2,LTh,DU15,CK-17,DEADMAN RIVER,46216,1983,QualFiltered,NA,1986,FALSE
Lower Thompson_SP_1.2,LTh,DU15,CK-17,DEADMAN RIVER,46216,1984,RELATIVE ABUNDANCE (TYPE-4),1500,1986,FALSE
Lower Thompson_SP_1.2,LTh,DU15,CK-17,DEADMAN RIVER,46216,1985,QualFiltered,NA,1986,FALSE
Lower Thompson_SP_1.2,LTh,DU15,CK-17,DEADMAN RIVER,46216,1986,TRUE ABUNDANCE (TYPE-1),1074,1986,TRUE
Lower Thompson_SP_1.2,LTh,DU15,CK-17,DEADMAN RIVER,46216,1987,TRUE ABUNDANCE (TYPE-1),575,1986,TRUE
Lower Thompson_SP_1.2,LTh,DU15,CK-17,DEADMAN RIVER,46216,1988,TRUE ABUNDANCE (TYPE-1),1335,1986,TRUE
Lower Thompson_SP_1.2,LTh,DU15,CK-17,DEADMAN RIVER,46216,1989,TRUE ABUNDANCE (TYPE-1),650,1986,TRUE
Lower Thompson_SP_1.2,LTh,DU15,CK-17,DEADMAN RIVER,46216,1990,TRUE ABUNDANCE (TYPE-1),583,1986,TRUE
Lower Thompson_SP_1.2,LTh,DU15,CK-17,DEADMAN RIVER,46216,1991,TRUE ABUNDANCE (TYPE-1),582,1986,TRUE
Lower Thompson_SP_1.2,LTh,DU15,CK-17,DEADMAN RIVER,46216,1992,TRUE ABUNDANCE (TYPE-1),394,1986,TRUE
Lower Thompson_SP_1.2,LTh,DU15,CK-17,DEADMAN RIVER,46216,1993,TRUE ABUNDANCE (TYPE-1),1683,1986,TRUE
Lower Thompson_SP_1.2,LTh,DU15,CK-17,DEADMAN RIVER,46216,1994,TRUE ABUNDANCE (TYPE-1),1627,1986,TRUE
Lower Thompson_SP_1.2,LTh,DU15,CK-17,DEADMAN RIVER,46216,1995,TRUE ABUNDANCE (TYPE-1),919,1986,TRUE
Lower Thompson_SP_1.2,LTh,DU15,CK-17,DEADMAN RIVER,46216,1996,TRUE ABUNDANCE (TYPE-1),2093,1986,TRUE
Lower Thompson_SP_1.2,LTh,DU15,CK-17,DEADMAN RIVER,46216,1997,TRUE ABUNDANCE (TYPE-1),1745,1986,TRUE
Lower Thompson_SP_1.2,LTh,DU15,CK-17,DEADMAN RIVER,46216,1998,TRUE ABUNDANCE (TYPE-1),798,1986,TRUE
Lower Thompson_SP_1.2,LTh,DU15,CK-17,DEADMAN RIVER,46216,1999,TRUE ABUNDANCE (TYPE-1),901,1986,TRUE
Lower Thompson_SP_1.2,LTh,DU15,CK-17,DEADMAN RIVER,46216,2000,TRUE ABUNDANCE (TYPE-1),714,1986,TRUE
Lower Thompson_SP_1.2,LTh,DU15,CK-17,DEADMAN RIVER,46216,2001,TRUE ABUNDANCE (TYPE-1),1270,1986,TRUE
Lower Thompson_SP_1.2,LTh,DU15,CK-17,DEADMAN RIVER,46216,2002,TRUE ABUNDANCE (TYPE-1),551,1986,TRUE
Lower Thompson_SP_1.2,LTh,DU15,CK-17,DEADMAN RIVER,46216,2003,TRUE ABUNDANCE (TYPE-1),2117,1986,TRUE
Lower Thompson_SP_1.2,LTh,DU15,CK-17,DEADMAN RIVER,46216,2004,TRUE ABUNDANCE (TYPE-1),1206,1986,TRUE
Lower Thompson_SP_1.2,LTh,DU15,CK-17,DEADMAN RIVER,46216,2005,TRUE ABUNDANCE (TYPE-1),429,1986,TRUE
Lower Thompson_SP_1.2,LTh,DU15,CK-17,DEADMAN RIVER,46216,2006,TRUE ABUNDANCE (TYPE-1),1239,1986,TRUE
Lower Thompson_SP_1.2,LTh,DU15,CK-17,DEADMAN RIVER,46216,2007,TRUE ABUNDANCE (TYPE-1),295,1986,TRUE
Lower Thompson_SP_1.2,LTh,DU15,CK-17,DEADMAN RIVER,46216,2008,TRUE ABUNDANCE (TYPE-1),1307,1986,TRUE
Lower Thompson_SP_1.2,LTh,DU15,CK-17,DEADMAN RIVER,46216,2009,TRUE ABUNDANCE (TYPE-1),190,1986,TRUE
Lower Thompson_SP_1.2,LTh,DU15,CK-17,DEADMAN RIVER,46216,2010,TRUE ABUNDANCE (TYPE-1),1122,1986,TRUE
Lower Thompson_SP_1.2,LTh,DU15,CK-17,DEADMAN RIVER,46216,2011,TRUE ABUNDANCE (TYPE-1),414,1986,TRUE
Lower Thompson_SP_1.2,LTh,DU15,CK-17,DEADMAN RIVER,46216,2012,TRUE ABUNDANCE (TYPE-1),949,1986,TRUE
Lower Thompson_SP_1.2,LTh,DU15,CK-17,DEADMAN RIVER,46216,2013,TRUE ABUNDANCE (TYPE-1),252,1986,TRUE
Lower Thompson_SP_1.2,LTh,DU15,CK-17,DEADMAN RIVER,46216,2014,TRUE ABUNDANCE (TYPE-1),2281,1986,TRUE
Lower Thompson_SP_1.2,LTh,DU15,CK-17,DEADMAN RIVER,46216,2015,TRUE ABUNDANCE (TYPE-1),431,1986,TRUE
Lower Thompson_SP_1.2,LTh,DU15,CK-17,DEADMAN RIVER,46216,2016,INFILL,693.2794518,1986,TRUE
Lower Thompson_SP_1.2,LTh,DU15,CK-17,DEADMAN RIVER,46216,2017,INFILL,389.6433469,1986,TRUE
Lower Thompson_SP_1.2,LTh,DU15,CK-17,DEADMAN RIVER,46216,2018,TRUE ABUNDANCE (TYPE-1),261,1986,TRUE
Lower Thompson_SP_1.2,LTh,DU15,CK-17,DEADMAN RIVER,46216,2019,TRUE ABUNDANCE (TYPE-1),468,1986,TRUE
Lower Thompson_SP_1.2,LTh,DU15,CK-17,DEADMAN RIVER,46216,2020,TRUE ABUNDANCE (TYPE-1),431,1986,TRUE
Lower Thompson_SP_1.2,LTh,DU15,CK-17,DEADMAN RIVER,46216,2021,TRUE ABUNDANCE (TYPE-1),616,1986,TRUE
Lower Thompson_SP_1.2,LTh,DU15,CK-17,DEADMAN RIVER,46216,2022,TRUE ABUNDANCE (TYPE-1),1445,1986,TRUE
Lower Thompson_SP_1.2,LTh,DU15,CK-17,DEADMAN RIVER,46216,2023,TRUE ABUNDANCE (TYPE-1),713,1986,TRUE
Lower Thompson_SP_1.2,LTh,DU15,CK-17,DEADMAN RIVER,46216,2024,TRUE ABUNDANCE (TYPE-1),716,1986,TRUE
South Thompson_SU_0.3,STh-0.3,DU12,CK-13,SOUTH THOMPSON RIVER,46226,1975,RELATIVE ABUNDANCE (TYPE-4),4486,1975,TRUE
South Thompson_SU_0.3,STh-0.3,DU12,CK-13,SOUTH THOMPSON RIVER,46226,1976,RELATIVE ABUNDANCE (TYPE-4),1920,1975,TRUE
South Thompson_SU_0.3,STh-0.3,DU12,CK-13,SOUTH THOMPSON RIVER,46226,1977,RELATIVE ABUNDANCE (TYPE-4),4486,1975,TRUE
South Thompson_SU_0.3,STh-0.3,DU12,CK-13,SOUTH THOMPSON RIVER,46226,1978,RELATIVE ABUNDANCE (TYPE-4),1920,1975,TRUE
South Thompson_SU_0.3,STh-0.3,DU12,CK-13,SOUTH THOMPSON RIVER,46226,1979,RELATIVE ABUNDANCE (TYPE-4),4486,1975,TRUE
South Thompson_SU_0.3,STh-0.3,DU12,CK-13,SOUTH THOMPSON RIVER,46226,1980,RELATIVE ABUNDANCE (TYPE-4),4486,1975,TRUE
South Thompson_SU_0.3,STh-0.3,DU12,CK-13,SOUTH THOMPSON RIVER,46226,1981,RELATIVE ABUNDANCE (TYPE-4),1920,1975,TRUE
South Thompson_SU_0.3,STh-0.3,DU12,CK-13,SOUTH THOMPSON RIVER,46226,1982,RELATIVE ABUNDANCE (TYPE-4),4486,1975,TRUE
South Thompson_SU_0.3,STh-0.3,DU12,CK-13,SOUTH THOMPSON RIVER,46226,1983,RELATIVE ABUNDANCE (TYPE-4),1920,1975,TRUE
South Thompson_SU_0.3,STh-0.3,DU12,CK-13,SOUTH THOMPSON RIVER,46226,1984,RELATIVE ABUNDANCE (TYPE-4),6186,1975,TRUE
South Thompson_SU_0.3,STh-0.3,DU12,CK-13,SOUTH THOMPSON RIVER,46226,1985,RELATIVE ABUNDANCE (TYPE-4),1920,1975,TRUE
South Thompson_SU_0.3,STh-0.3,DU12,CK-13,SOUTH THOMPSON RIVER,46226,1986,RELATIVE ABUNDANCE (TYPE-4),3303,1975,TRUE
South Thompson_SU_0.3,STh-0.3,DU12,CK-13,SOUTH THOMPSON RIVER,46226,1987,RELATIVE ABUNDANCE (TYPE-4),6186,1975,TRUE
South Thompson_SU_0.3,STh-0.3,DU12,CK-13,SOUTH THOMPSON RIVER,46226,1988,RELATIVE ABUNDANCE (TYPE-4),1231,1975,TRUE
South Thompson_SU_0.3,STh-0.3,DU12,CK-13,SOUTH THOMPSON RIVER,46226,1989,RELATIVE ABUNDANCE (TYPE-4),4486,1975,TRUE
South Thompson_SU_0.3,STh-0.3,DU12,CK-13,SOUTH THOMPSON RIVER,46226,1990,RELATIVE ABUNDANCE (TYPE-4),6186,1975,TRUE
South Thompson_SU_0.3,STh-0.3,DU12,CK-13,SOUTH THOMPSON RIVER,46226,1991,RELATIVE ABUNDANCE (TYPE-4),1231,1975,TRUE
South Thompson_SU_0.3,STh-0.3,DU12,CK-13,SOUTH THOMPSON RIVER,46226,1992,RELATIVE ABUNDANCE (TYPE-4),4486,1975,TRUE
South Thompson_SU_0.3,STh-0.3,DU12,CK-13,SOUTH THOMPSON RIVER,46226,1993,RELATIVE ABUNDANCE (TYPE-4),694,1975,TRUE
South Thompson_SU_0.3,STh-0.3,DU12,CK-13,SOUTH THOMPSON RIVER,46226,1994,RELATIVE ABUNDANCE (TYPE-4),3303,1975,TRUE
South Thompson_SU_0.3,STh-0.3,DU12,CK-13,SOUTH THOMPSON RIVER,46226,1995,RELATIVE ABUNDANCE (TYPE-4),2677,1975,TRUE
South Thompson_SU_0.3,STh-0.3,DU12,CK-13,SOUTH THOMPSON RIVER,46226,1996,RELATIVE ABUNDANCE (TYPE-4),1657,1975,TRUE
South Thompson_SU_0.3,STh-0.3,DU12,CK-13,SOUTH THOMPSON RIVER,46226,1997,RELATIVE ABUNDANCE (TYPE-4),3303,1975,TRUE
South Thompson_SU_0.3,STh-0.3,DU12,CK-13,SOUTH THOMPSON RIVER,46226,1998,RELATIVE ABUNDANCE (TYPE-4),1920,1975,TRUE
South Thompson_SU_0.3,STh-0.3,DU12,CK-13,SOUTH THOMPSON RIVER,46226,1999,RELATIVE ABUNDANCE (TYPE-4),311,1975,TRUE
South Thompson_SU_0.3,STh-0.3,DU12,CK-13,SOUTH THOMPSON RIVER,46226,2000,RELATIVE ABUNDANCE (TYPE-4),3303,1975,TRUE
South Thompson_SU_0.3,STh-0.3,DU12,CK-13,SOUTH THOMPSON RIVER,46226,2001,RELATIVE ABUNDANCE (TYPE-4),4486,1975,TRUE
South Thompson_SU_0.3,STh-0.3,DU12,CK-13,SOUTH THOMPSON RIVER,46226,2002,RELATIVE ABUNDANCE (TYPE-4),6186,1975,TRUE
South Thompson_SU_0.3,STh-0.3,DU12,CK-13,SOUTH THOMPSON RIVER,46226,2003,RELATIVE ABUNDANCE (TYPE-4),4486,1975,TRUE
South Thompson_SU_0.3,STh-0.3,DU12,CK-13,SOUTH THOMPSON RIVER,46226,2004,RELATIVE ABUNDANCE (TYPE-4),2677,1975,TRUE
South Thompson_SU_0.3,STh-0.3,DU12,CK-13,SOUTH THOMPSON RIVER,46226,2005,RELATIVE ABUNDANCE (TYPE-4),2050,1975,TRUE
South Thompson_SU_0.3,STh-0.3,DU12,CK-13,SOUTH THOMPSON RIVER,46226,2006,RELATIVE ABUNDANCE (TYPE-4),4486,1975,TRUE
South Thompson_SU_0.3,STh-0.3,DU12,CK-13,SOUTH THOMPSON RIVER,46226,2007,RELATIVE ABUNDANCE (TYPE-4),2050,1975,TRUE
South Thompson_SU_0.3,STh-0.3,DU12,CK-13,SOUTH THOMPSON RIVER,46226,2008,RELATIVE ABUNDANCE (TYPE-4),57280,1975,TRUE
South Thompson_SU_0.3,STh-0.3,DU12,CK-13,SOUTH THOMPSON RIVER,46226,2009,RELATIVE ABUNDANCE (TYPE-4),45036,1975,TRUE
South Thompson_SU_0.3,STh-0.3,DU12,CK-13,SOUTH THOMPSON RIVER,46226,2010,RELATIVE ABUNDANCE (TYPE-4),58851,1975,TRUE
South Thompson_SU_0.3,STh-0.3,DU12,CK-13,SOUTH THOMPSON RIVER,46226,2011,RELATIVE ABUNDANCE (TYPE-4),84102,1975,TRUE
South Thompson_SU_0.3,STh-0.3,DU12,CK-13,SOUTH THOMPSON RIVER,46226,2012,RELATIVE ABUNDANCE (TYPE-4),32952,1975,TRUE
South Thompson_SU_0.3,STh-0.3,DU12,CK-13,SOUTH THOMPSON RIVER,46226,2013,RELATIVE ABUNDANCE (TYPE-4),63769,1975,TRUE
South Thompson_SU_0.3,STh-0.3,DU12,CK-13,SOUTH THOMPSON RIVER,46226,2014,RELATIVE ABUNDANCE (TYPE-4),29107,1975,TRUE
South Thompson_SU_0.3,STh-0.3,DU12,CK-13,SOUTH THOMPSON RIVER,46226,2015,RELATIVE ABUNDANCE (TYPE-4),96205,1975,TRUE
South Thompson_SU_0.3,STh-0.3,DU12,CK-13,SOUTH THOMPSON RIVER,46226,2016,RELATIVE ABUNDANCE (TYPE-4),62912,1975,TRUE
South Thompson_SU_0.3,STh-0.3,DU12,CK-13,SOUTH THOMPSON RIVER,46226,2017,RELATIVE ABUNDANCE (TYPE-4),43532,1975,TRUE
South Thompson_SU_0.3,STh-0.3,DU12,CK-13,SOUTH THOMPSON RIVER,46226,2018,RELATIVE ABUNDANCE (TYPE-4),18340,1975,TRUE
South Thompson_SU_0.3,STh-0.3,DU12,CK-13,SOUTH THOMPSON RIVER,46226,2019,RELATIVE ABUNDANCE (TYPE-4),94589,1975,TRUE
South Thompson_SU_0.3,STh-0.3,DU12,CK-13,SOUTH THOMPSON RIVER,46226,2020,RELATIVE ABUNDANCE (TYPE-4),91590,1975,TRUE
South Thompson_SU_0.3,STh-0.3,DU12,CK-13,SOUTH THOMPSON RIVER,46226,2021,RELATIVE ABUNDANCE (TYPE-4),98286,1975,TRUE
South Thompson_SU_0.3,STh-0.3,DU12,CK-13,SOUTH THOMPSON RIVER,46226,2022,RELATIVE ABUNDANCE (TYPE-4),48478,1975,TRUE
South Thompson_SU_0.3,STh-0.3,DU12,CK-13,SOUTH THOMPSON RIVER,46226,2023,RELATIVE ABUNDANCE (TYPE-4),321763,1975,TRUE
South Thompson_SU_0.3,STh-0.3,DU12,CK-13,LITTLE RIVER,46236,1975,RELATIVE ABUNDANCE (TYPE-4),400,1975,TRUE
South Thompson_SU_0.3,STh-0.3,DU12,CK-13,LITTLE RIVER,46236,1976,RELATIVE ABUNDANCE (TYPE-4),100,1975,TRUE
South Thompson_SU_0.3,STh-0.3,DU12,CK-13,LITTLE RIVER,46236,1977,RELATIVE ABUNDANCE (TYPE-4),600,1975,TRUE
South Thompson_SU_0.3,STh-0.3,DU12,CK-13,LITTLE RIVER,46236,1978,RELATIVE ABUNDANCE (TYPE-4),100,1975,TRUE
South Thompson_SU_0.3,STh-0.3,DU12,CK-13,LITTLE RIVER,46236,1979,RELATIVE ABUNDANCE (TYPE-4),700,1975,TRUE
South Thompson_SU_0.3,STh-0.3,DU12,CK-13,LITTLE RIVER,46236,1980,RELATIVE ABUNDANCE (TYPE-4),400,1975,TRUE
South Thompson_SU_0.3,STh-0.3,DU12,CK-13,LITTLE RIVER,46236,1981,RELATIVE ABUNDANCE (TYPE-4),400,1975,TRUE
South Thompson_SU_0.3,STh-0.3,DU12,CK-13,LITTLE RIVER,46236,1982,RELATIVE ABUNDANCE (TYPE-4),100,1975,TRUE
South Thompson_SU_0.3,STh-0.3,DU12,CK-13,LITTLE RIVER,46236,1983,RELATIVE ABUNDANCE (TYPE-4),100,1975,TRUE
South Thompson_SU_0.3,STh-0.3,DU12,CK-13,LITTLE RIVER,46236,1984,RELATIVE ABUNDANCE (TYPE-4),250,1975,TRUE
South Thompson_SU_0.3,STh-0.3,DU12,CK-13,LITTLE RIVER,46236,1985,RELATIVE ABUNDANCE (TYPE-4),450,1975,TRUE
South Thompson_SU_0.3,STh-0.3,DU12,CK-13,LITTLE RIVER,46236,1986,RELATIVE ABUNDANCE (TYPE-4),350,1975,TRUE
South Thompson_SU_0.3,STh-0.3,DU12,CK-13,LITTLE RIVER,46236,1987,RELATIVE ABUNDANCE (TYPE-4),200,1975,TRUE
South Thompson_SU_0.3,STh-0.3,DU12,CK-13,LITTLE RIVER,46236,1988,RELATIVE ABUNDANCE (TYPE-4),400,1975,TRUE
South Thompson_SU_0.3,STh-0.3,DU12,CK-13,LITTLE RIVER,46236,1989,RELATIVE ABUNDANCE (TYPE-4),400,1975,TRUE
South Thompson_SU_0.3,STh-0.3,DU12,CK-13,LITTLE RIVER,46236,1990,RELATIVE ABUNDANCE (TYPE-4),461,1975,TRUE
South Thompson_SU_0.3,STh-0.3,DU12,CK-13,LITTLE RIVER,46236,1991,RELATIVE ABUNDANCE (TYPE-4),252,1975,TRUE
South Thompson_SU_0.3,STh-0.3,DU12,CK-13,LITTLE RIVER,46236,1992,RELATIVE ABUNDANCE (TYPE-4),431,1975,TRUE
South Thompson_SU_0.3,STh-0.3,DU12,CK-13,LITTLE RIVER,46236,1993,INFILL,723.9044561,1975,TRUE
South Thompson_SU_0.3,STh-0.3,DU12,CK-13,LITTLE RIVER,46236,1994,RELATIVE ABUNDANCE (TYPE-4),491,1975,TRUE
South Thompson_SU_0.3,STh-0.3,DU12,CK-13,LITTLE RIVER,46236,1995,RELATIVE ABUNDANCE (TYPE-4),200,1975,TRUE
South Thompson_SU_0.3,STh-0.3,DU12,CK-13,LITTLE RIVER,46236,1996,RELATIVE ABUNDANCE (TYPE-4),3522,1975,TRUE
South Thompson_SU_0.3,STh-0.3,DU12,CK-13,LITTLE RIVER,46236,1997,RELATIVE ABUNDANCE (TYPE-4),1492,1975,TRUE
South Thompson_SU_0.3,STh-0.3,DU12,CK-13,LITTLE RIVER,46236,1998,RELATIVE ABUNDANCE (TYPE-4),1246,1975,TRUE
South Thompson_SU_0.3,STh-0.3,DU12,CK-13,LITTLE RIVER,46236,1999,RELATIVE ABUNDANCE (TYPE-4),1163,1975,TRUE
South Thompson_SU_0.3,STh-0.3,DU12,CK-13,LITTLE RIVER,46236,2000,RELATIVE ABUNDANCE (TYPE-4),2043,1975,TRUE
South Thompson_SU_0.3,STh-0.3,DU12,CK-13,LITTLE RIVER,46236,2001,RELATIVE ABUNDANCE (TYPE-4),9885,1975,TRUE
South Thompson_SU_0.3,STh-0.3,DU12,CK-13,LITTLE RIVER,46236,2002,RELATIVE ABUNDANCE (TYPE-4),2799,1975,TRUE
South Thompson_SU_0.3,STh-0.3,DU12,CK-13,LITTLE RIVER,46236,2003,RELATIVE ABUNDANCE (TYPE-4),2488,1975,TRUE
South Thompson_SU_0.3,STh-0.3,DU12,CK-13,LITTLE RIVER,46236,2004,RELATIVE ABUNDANCE (TYPE-4),6014,1975,TRUE
South Thompson_SU_0.3,STh-0.3,DU12,CK-13,LITTLE RIVER,46236,2005,RELATIVE ABUNDANCE (TYPE-4),9046,1975,TRUE
South Thompson_SU_0.3,STh-0.3,DU12,CK-13,LITTLE RIVER,46236,2006,RELATIVE ABUNDANCE (TYPE-4),8590,1975,TRUE
South Thompson_SU_0.3,STh-0.3,DU12,CK-13,LITTLE RIVER,46236,2007,RELATIVE ABUNDANCE (TYPE-4),7352,1975,TRUE
South Thompson_SU_0.3,STh-0.3,DU12,CK-13,LITTLE RIVER,46236,2008,RELATIVE ABUNDANCE (TYPE-4),11446,1975,TRUE
South Thompson_SU_0.3,STh-0.3,DU12,CK-13,LITTLE RIVER,46236,2009,RELATIVE ABUNDANCE (TYPE-4),7286,1975,TRUE
South Thompson_SU_0.3,STh-0.3,DU12,CK-13,LITTLE RIVER,46236,2010,RELATIVE ABUNDANCE (TYPE-4),12454,1975,TRUE
South Thompson_SU_0.3,STh-0.3,DU12,CK-13,LITTLE RIVER,46236,2011,RELATIVE ABUNDANCE (TYPE-4),16954,1975,TRUE
South Thompson_SU_0.3,STh-0.3,DU12,CK-13,LITTLE RIVER,46236,2012,RELATIVE ABUNDANCE (TYPE-4),7196,1975,TRUE
South Thompson_SU_0.3,STh-0.3,DU12,CK-13,LITTLE RIVER,46236,2013,RELATIVE ABUNDANCE (TYPE-4),17227,1975,TRUE
South Thompson_SU_0.3,STh-0.3,DU12,CK-13,LITTLE RIVER,46236,2014,RELATIVE ABUNDANCE (TYPE-4),3411,1975,TRUE
South Thompson_SU_0.3,STh-0.3,DU12,CK-13,LITTLE RIVER,46236,2015,RELATIVE ABUNDANCE (TYPE-4),25296,1975,TRUE
South Thompson_SU_0.3,STh-0.3,DU12,CK-13,LITTLE RIVER,46236,2016,RELATIVE ABUNDANCE (TYPE-4),20047,1975,TRUE
South Thompson_SU_0.3,STh-0.3,DU12,CK-13,LITTLE RIVER,46236,2017,RELATIVE ABUNDANCE (TYPE-4),22331,1975,TRUE
South Thompson_SU_0.3,STh-0.3,DU12,CK-13,LITTLE RIVER,46236,2018,RELATIVE ABUNDANCE (TYPE-4),5577,1975,TRUE
South Thompson_SU_0.3,STh-0.3,DU12,CK-13,LITTLE RIVER,46236,2019,RELATIVE ABUNDANCE (TYPE-4),34190,1975,TRUE
South Thompson_SU_0.3,STh-0.3,DU12,CK-13,LITTLE RIVER,46236,2020,RELATIVE ABUNDANCE (TYPE-4),172698,1975,TRUE
South Thompson_SU_0.3,STh-0.3,DU12,CK-13,LITTLE RIVER,46236,2021,RELATIVE ABUNDANCE (TYPE-4),39416,1975,TRUE
South Thompson_SU_0.3,STh-0.3,DU12,CK-13,LITTLE RIVER,46236,2022,RELATIVE ABUNDANCE (TYPE-4),23604,1975,TRUE
South Thompson_SU_0.3,STh-0.3,DU12,CK-13,LITTLE RIVER,46236,2023,RELATIVE ABUNDANCE (TYPE-4),205359,1975,TRUE
South Thompson_SU_0.3,STh-0.3,DU12,CK-13,ADAMS RIVER,46246,1975,RELATIVE ABUNDANCE (TYPE-4),1300,1975,TRUE
South Thompson_SU_0.3,STh-0.3,DU12,CK-13,ADAMS RIVER,46246,1976,RELATIVE ABUNDANCE (TYPE-4),400,1975,TRUE
South Thompson_SU_0.3,STh-0.3,DU12,CK-13,ADAMS RIVER,46246,1977,RELATIVE ABUNDANCE (TYPE-4),1750,1975,TRUE
South Thompson_SU_0.3,STh-0.3,DU12,CK-13,ADAMS RIVER,46246,1978,RELATIVE ABUNDANCE (TYPE-4),2200,1975,TRUE
South Thompson_SU_0.3,STh-0.3,DU12,CK-13,ADAMS RIVER,46246,1979,RELATIVE ABUNDANCE (TYPE-4),1000,1975,TRUE
South Thompson_SU_0.3,STh-0.3,DU12,CK-13,ADAMS RIVER,46246,1980,RELATIVE ABUNDANCE (TYPE-4),350,1975,TRUE
South Thompson_SU_0.3,STh-0.3,DU12,CK-13,ADAMS RIVER,46246,1981,RELATIVE ABUNDANCE (TYPE-4),750,1975,TRUE
South Thompson_SU_0.3,STh-0.3,DU12,CK-13,ADAMS RIVER,46246,1982,RELATIVE ABUNDANCE (TYPE-4),500,1975,TRUE
South Thompson_SU_0.3,STh-0.3,DU12,CK-13,ADAMS RIVER,46246,1983,RELATIVE ABUNDANCE (TYPE-4),250,1975,TRUE
South Thompson_SU_0.3,STh-0.3,DU12,CK-13,ADAMS RIVER,46246,1984,RELATIVE ABUNDANCE (TYPE-4),650,1975,TRUE
South Thompson_SU_0.3,STh-0.3,DU12,CK-13,ADAMS RIVER,46246,1985,RELATIVE ABUNDANCE (TYPE-4),750,1975,TRUE
South Thompson_SU_0.3,STh-0.3,DU12,CK-13,ADAMS RIVER,46246,1986,RELATIVE ABUNDANCE (TYPE-4),2500,1975,TRUE
South Thompson_SU_0.3,STh-0.3,DU12,CK-13,ADAMS RIVER,46246,1987,RELATIVE ABUNDANCE (TYPE-4),2000,1975,TRUE
South Thompson_SU_0.3,STh-0.3,DU12,CK-13,ADAMS RIVER,46246,1988,RELATIVE ABUNDANCE (TYPE-4),1600,1975,TRUE
South Thompson_SU_0.3,STh-0.3,DU12,CK-13,ADAMS RIVER,46246,1989,RELATIVE ABUNDANCE (TYPE-4),1250,1975,TRUE
South Thompson_SU_0.3,STh-0.3,DU12,CK-13,ADAMS RIVER,46246,1990,RELATIVE ABUNDANCE (TYPE-4),1397,1975,TRUE
South Thompson_SU_0.3,STh-0.3,DU12,CK-13,ADAMS RIVER,46246,1991,RELATIVE ABUNDANCE (TYPE-4),2282,1975,TRUE
South Thompson_SU_0.3,STh-0.3,DU12,CK-13,ADAMS RIVER,46246,1992,RELATIVE ABUNDANCE (TYPE-4),1245,1975,TRUE
South Thompson_SU_0.3,STh-0.3,DU12,CK-13,ADAMS RIVER,46246,1993,RELATIVE ABUNDANCE (TYPE-4),885,1975,TRUE
South Thompson_SU_0.3,STh-0.3,DU12,CK-13,ADAMS RIVER,46246,1994,RELATIVE ABUNDANCE (TYPE-4),1304,1975,TRUE
South Thompson_SU_0.3,STh-0.3,DU12,CK-13,ADAMS RIVER,46246,1995,RELATIVE ABUNDANCE (TYPE-4),1967,1975,TRUE
South Thompson_SU_0.3,STh-0.3,DU12,CK-13,ADAMS RIVER,46246,1996,RELATIVE ABUNDANCE (TYPE-4),2392,1975,TRUE
South Thompson_SU_0.3,STh-0.3,DU12,CK-13,ADAMS RIVER,46246,1997,RELATIVE ABUNDANCE (TYPE-4),3334,1975,TRUE
South Thompson_SU_0.3,STh-0.3,DU12,CK-13,ADAMS RIVER,46246,1998,RELATIVE ABUNDANCE (TYPE-4),4182,1975,TRUE
South Thompson_SU_0.3,STh-0.3,DU12,CK-13,ADAMS RIVER,46246,1999,RELATIVE ABUNDANCE (TYPE-4),2325,1975,TRUE
South Thompson_SU_0.3,STh-0.3,DU12,CK-13,ADAMS RIVER,46246,2000,RELATIVE ABUNDANCE (TYPE-4),2266,1975,TRUE
South Thompson_SU_0.3,STh-0.3,DU12,CK-13,ADAMS RIVER,46246,2001,RELATIVE ABUNDANCE (TYPE-4),5889,1975,TRUE
South Thompson_SU_0.3,STh-0.3,DU12,CK-13,ADAMS RIVER,46246,2002,RELATIVE ABUNDANCE (TYPE-4),3090,1975,TRUE
South Thompson_SU_0.3,STh-0.3,DU12,CK-13,ADAMS RIVER,46246,2003,RELATIVE ABUNDANCE (TYPE-4),1920,1975,TRUE
South Thompson_SU_0.3,STh-0.3,DU12,CK-13,ADAMS RIVER,46246,2004,RELATIVE ABUNDANCE (TYPE-4),1704,1975,TRUE
South Thompson_SU_0.3,STh-0.3,DU12,CK-13,ADAMS RIVER,46246,2005,RELATIVE ABUNDANCE (TYPE-4),3837,1975,TRUE
South Thompson_SU_0.3,STh-0.3,DU12,CK-13,ADAMS RIVER,46246,2006,RELATIVE ABUNDANCE (TYPE-4),6344,1975,TRUE
South Thompson_SU_0.3,STh-0.3,DU12,CK-13,ADAMS RIVER,46246,2007,RELATIVE ABUNDANCE (TYPE-4),3181,1975,TRUE
South Thompson_SU_0.3,STh-0.3,DU12,CK-13,ADAMS RIVER,46246,2008,RELATIVE ABUNDANCE (TYPE-4),3474,1975,TRUE
South Thompson_SU_0.3,STh-0.3,DU12,CK-13,ADAMS RIVER,46246,2009,RELATIVE ABUNDANCE (TYPE-4),6397,1975,TRUE
South Thompson_SU_0.3,STh-0.3,DU12,CK-13,ADAMS RIVER,46246,2010,RELATIVE ABUNDANCE (TYPE-4),9691,1975,TRUE
South Thompson_SU_0.3,STh-0.3,DU12,CK-13,ADAMS RIVER,46246,2011,RELATIVE ABUNDANCE (TYPE-4),4188,1975,TRUE
South Thompson_SU_0.3,STh-0.3,DU12,CK-13,ADAMS RIVER,46246,2012,RELATIVE ABUNDANCE (TYPE-4),2835,1975,TRUE
South Thompson_SU_0.3,STh-0.3,DU12,CK-13,ADAMS RIVER,46246,2013,RELATIVE ABUNDANCE (TYPE-4),6499,1975,TRUE
South Thompson_SU_0.3,STh-0.3,DU12,CK-13,ADAMS RIVER,46246,2014,RELATIVE ABUNDANCE (TYPE-4),5322,1975,TRUE
South Thompson_SU_0.3,STh-0.3,DU12,CK-13,ADAMS RIVER,46246,2015,RELATIVE ABUNDANCE (TYPE-4),12753,1975,TRUE
South Thompson_SU_0.3,STh-0.3,DU12,CK-13,ADAMS RIVER,46246,2016,RELATIVE ABUNDANCE (TYPE-4),3246,1975,TRUE
South Thompson_SU_0.3,STh-0.3,DU12,CK-13,ADAMS RIVER,46246,2017,RELATIVE ABUNDANCE (TYPE-4),4319,1975,TRUE
South Thompson_SU_0.3,STh-0.3,DU12,CK-13,ADAMS RIVER,46246,2018,RELATIVE ABUNDANCE (TYPE-4),3406,1975,TRUE
South Thompson_SU_0.3,STh-0.3,DU12,CK-13,ADAMS RIVER,46246,2019,RELATIVE ABUNDANCE (TYPE-4),8448,1975,TRUE
South Thompson_SU_0.3,STh-0.3,DU12,CK-13,ADAMS RIVER,46246,2020,RELATIVE ABUNDANCE (TYPE-4),5252,1975,TRUE
South Thompson_SU_0.3,STh-0.3,DU12,CK-13,ADAMS RIVER,46246,2021,RELATIVE ABUNDANCE (TYPE-4),6526,1975,TRUE
South Thompson_SU_0.3,STh-0.3,DU12,CK-13,ADAMS RIVER,46246,2022,RELATIVE ABUNDANCE (TYPE-4),3117,1975,TRUE
South Thompson_SU_0.3,STh-0.3,DU12,CK-13,ADAMS RIVER,46246,2023,RELATIVE ABUNDANCE (TYPE-4),21564,1975,TRUE
Upper Adams River_SU_x.x,UADAMS,DU_NA,CK-82,ADAMS RIVER-UPPER,46256,1975,QualFiltered,NA,1991,FALSE
Upper Adams River_SU_x.x,UADAMS,DU_NA,CK-82,ADAMS RIVER-UPPER,46256,1976,QualFiltered,NA,1991,FALSE
Upper Adams River_SU_x.x,UADAMS,DU_NA,CK-82,ADAMS RIVER-UPPER,46256,1977,QualFiltered,NA,1991,FALSE
Upper Adams River_SU_x.x,UADAMS,DU_NA,CK-82,ADAMS RIVER-UPPER,46256,1978,QualFiltered,NA,1991,FALSE
Upper Adams River_SU_x.x,UADAMS,DU_NA,CK-82,ADAMS RIVER-UPPER,46256,1979,QualFiltered,NA,1991,FALSE
Upper Adams River_SU_x.x,UADAMS,DU_NA,CK-82,ADAMS RIVER-UPPER,46256,1980,QualFiltered,NA,1991,FALSE
Upper Adams River_SU_x.x,UADAMS,DU_NA,CK-82,ADAMS RIVER-UPPER,46256,1981,QualFiltered,NA,1991,FALSE
Upper Adams River_SU_x.x,UADAMS,DU_NA,CK-82,ADAMS RIVER-UPPER,46256,1982,QualFiltered,NA,1991,FALSE
Upper Adams River_SU_x.x,UADAMS,DU_NA,CK-82,ADAMS RIVER-UPPER,46256,1983,QualFiltered,NA,1991,FALSE
Upper Adams River_SU_x.x,UADAMS,DU_NA,CK-82,ADAMS RIVER-UPPER,46256,1984,QualFiltered,NA,1991,FALSE
Upper Adams River_SU_x.x,UADAMS,DU_NA,CK-82,ADAMS RIVER-UPPER,46256,1985,QualFiltered,NA,1991,FALSE
Upper Adams River_SU_x.x,UADAMS,DU_NA,CK-82,ADAMS RIVER-UPPER,46256,1986,QualFiltered,NA,1991,FALSE
Upper Adams River_SU_x.x,UADAMS,DU_NA,CK-82,ADAMS RIVER-UPPER,46256,1987,QualFiltered,NA,1991,FALSE
Upper Adams River_SU_x.x,UADAMS,DU_NA,CK-82,ADAMS RIVER-UPPER,46256,1988,QualFiltered,NA,1991,FALSE
Upper Adams River_SU_x.x,UADAMS,DU_NA,CK-82,ADAMS RIVER-UPPER,46256,1989,QualFiltered,NA,1991,FALSE
Upper Adams River_SU_x.x,UADAMS,DU_NA,CK-82,ADAMS RIVER-UPPER,46256,1990,QualFiltered,NA,1991,FALSE
Upper Adams River_SU_x.x,UADAMS,DU_NA,CK-82,ADAMS RIVER-UPPER,46256,1991,QualFiltered,NA,1991,TRUE
Upper Adams River_SU_x.x,UADAMS,DU_NA,CK-82,ADAMS RIVER-UPPER,46256,1992,QualFiltered,NA,1991,TRUE
Upper Adams River_SU_x.x,UADAMS,DU_NA,CK-82,ADAMS RIVER-UPPER,46256,1993,QualFiltered,NA,1991,TRUE
Upper Adams River_SU_x.x,UADAMS,DU_NA,CK-82,ADAMS RIVER-UPPER,46256,1994,QualFiltered,NA,1991,TRUE
Upper Adams River_SU_x.x,UADAMS,DU_NA,CK-82,ADAMS RIVER-UPPER,46256,1995,QualFiltered,NA,1991,TRUE
Upper Adams River_SU_x.x,UADAMS,DU_NA,CK-82,ADAMS RIVER-UPPER,46256,1996,QualFiltered,NA,1991,TRUE
Upper Adams River_SU_x.x,UADAMS,DU_NA,CK-82,ADAMS RIVER-UPPER,46256,1997,QualFiltered,NA,1991,TRUE
Upper Adams River_SU_x.x,UADAMS,DU_NA,CK-82,ADAMS RIVER-UPPER,46256,1998,QualFiltered,NA,1991,TRUE
Upper Adams River_SU_x.x,UADAMS,DU_NA,CK-82,ADAMS RIVER-UPPER,46256,1999,QualFiltered,NA,1991,TRUE
Upper Adams River_SU_x.x,UADAMS,DU_NA,CK-82,ADAMS RIVER-UPPER,46256,2000,QualFiltered,NA,1991,TRUE
Upper Adams River_SU_x.x,UADAMS,DU_NA,CK-82,ADAMS RIVER-UPPER,46256,2001,QualFiltered,NA,1991,TRUE
Upper Adams River_SU_x.x,UADAMS,DU_NA,CK-82,ADAMS RIVER-UPPER,46256,2002,QualFiltered,NA,1991,TRUE
Upper Adams River_SU_x.x,UADAMS,DU_NA,CK-82,ADAMS RIVER-UPPER,46256,2003,QualFiltered,NA,1991,TRUE
Upper Adams River_SU_x.x,UADAMS,DU_NA,CK-82,ADAMS RIVER-UPPER,46256,2004,QualFiltered,NA,1991,TRUE
Upper Adams River_SU_x.x,UADAMS,DU_NA,CK-82,ADAMS RIVER-UPPER,46256,2005,QualFiltered,NA,1991,TRUE
Upper Adams River_SU_x.x,UADAMS,DU_NA,CK-82,ADAMS RIVER-UPPER,46256,2006,QualFiltered,NA,1991,TRUE
Upper Adams River_SU_x.x,UADAMS,DU_NA,CK-82,ADAMS RIVER-UPPER,46256,2007,QualFiltered,NA,1991,TRUE
Upper Adams River_SU_x.x,UADAMS,DU_NA,CK-82,ADAMS RIVER-UPPER,46256,2008,QualFiltered,NA,1991,TRUE
Upper Adams River_SU_x.x,UADAMS,DU_NA,CK-82,ADAMS RIVER-UPPER,46256,2009,QualFiltered,NA,1991,TRUE
Upper Adams River_SU_x.x,UADAMS,DU_NA,CK-82,ADAMS RIVER-UPPER,46256,2010,QualFiltered,NA,1991,TRUE
Upper Adams River_SU_x.x,UADAMS,DU_NA,CK-82,ADAMS RIVER-UPPER,46256,2011,QualFiltered,NA,1991,TRUE
Upper Adams River_SU_x.x,UADAMS,DU_NA,CK-82,ADAMS RIVER-UPPER,46256,2012,QualFiltered,NA,1991,TRUE
Upper Adams River_SU_x.x,UADAMS,DU_NA,CK-82,ADAMS RIVER-UPPER,46256,2013,QualFiltered,NA,1991,TRUE
Upper Adams River_SU_x.x,UADAMS,DU_NA,CK-82,ADAMS RIVER-UPPER,46256,2014,QualFiltered,NA,1991,TRUE
Upper Adams River_SU_x.x,UADAMS,DU_NA,CK-82,ADAMS RIVER-UPPER,46256,2015,QualFiltered,NA,1991,TRUE
Upper Adams River_SU_x.x,UADAMS,DU_NA,CK-82,ADAMS RIVER-UPPER,46256,2016,QualFiltered,NA,1991,TRUE
Upper Adams River_SU_x.x,UADAMS,DU_NA,CK-82,ADAMS RIVER-UPPER,46256,2017,QualFiltered,NA,1991,TRUE
Upper Adams River_SU_x.x,UADAMS,DU_NA,CK-82,ADAMS RIVER-UPPER,46256,2018,QualFiltered,NA,1991,TRUE
Upper Adams River_SU_x.x,UADAMS,DU_NA,CK-82,ADAMS RIVER-UPPER,46256,2019,QualFiltered,NA,1991,TRUE
Upper Adams River_SU_x.x,UADAMS,DU_NA,CK-82,ADAMS RIVER-UPPER,46256,2020,QualFiltered,NA,1991,TRUE
Upper Adams River_SU_x.x,UADAMS,DU_NA,CK-82,ADAMS RIVER-UPPER,46256,2021,QualFiltered,NA,1991,TRUE
Upper Adams River_SU_x.x,UADAMS,DU_NA,CK-82,ADAMS RIVER-UPPER,46256,2022,QualFiltered,NA,1991,TRUE
Upper Adams River_SU_x.x,UADAMS,DU_NA,CK-82,ADAMS RIVER-UPPER,46256,2023,QualFiltered,NA,1991,TRUE
South Thompson_SU_1.3,STh-1.3,DU13,CK-14,SCOTCH CREEK,46296,1975,QualFiltered,NA,1999,FALSE
South Thompson_SU_1.3,STh-1.3,DU13,CK-14,SCOTCH CREEK,46296,1976,QualFiltered,NA,1999,FALSE
South Thompson_SU_1.3,STh-1.3,DU13,CK-14,SCOTCH CREEK,46296,1977,QualFiltered,NA,1999,FALSE
South Thompson_SU_1.3,STh-1.3,DU13,CK-14,SCOTCH CREEK,46296,1978,QualFiltered,NA,1999,FALSE
South Thompson_SU_1.3,STh-1.3,DU13,CK-14,SCOTCH CREEK,46296,1979,QualFiltered,NA,1999,FALSE
South Thompson_SU_1.3,STh-1.3,DU13,CK-14,SCOTCH CREEK,46296,1980,QualFiltered,NA,1999,FALSE
South Thompson_SU_1.3,STh-1.3,DU13,CK-14,SCOTCH CREEK,46296,1981,QualFiltered,NA,1999,FALSE
South Thompson_SU_1.3,STh-1.3,DU13,CK-14,SCOTCH CREEK,46296,1982,QualFiltered,NA,1999,FALSE
South Thompson_SU_1.3,STh-1.3,DU13,CK-14,SCOTCH CREEK,46296,1983,QualFiltered,NA,1999,FALSE
South Thompson_SU_1.3,STh-1.3,DU13,CK-14,SCOTCH CREEK,46296,1984,QualFiltered,NA,1999,FALSE
South Thompson_SU_1.3,STh-1.3,DU13,CK-14,SCOTCH CREEK,46296,1985,QualFiltered,NA,1999,FALSE
South Thompson_SU_1.3,STh-1.3,DU13,CK-14,SCOTCH CREEK,46296,1986,QualFiltered,NA,1999,FALSE
South Thompson_SU_1.3,STh-1.3,DU13,CK-14,SCOTCH CREEK,46296,1987,QualFiltered,NA,1999,FALSE
South Thompson_SU_1.3,STh-1.3,DU13,CK-14,SCOTCH CREEK,46296,1988,QualFiltered,NA,1999,FALSE
South Thompson_SU_1.3,STh-1.3,DU13,CK-14,SCOTCH CREEK,46296,1989,QualFiltered,NA,1999,FALSE
South Thompson_SU_1.3,STh-1.3,DU13,CK-14,SCOTCH CREEK,46296,1990,QualFiltered,NA,1999,FALSE
South Thompson_SU_1.3,STh-1.3,DU13,CK-14,SCOTCH CREEK,46296,1991,QualFiltered,NA,1999,FALSE
South Thompson_SU_1.3,STh-1.3,DU13,CK-14,SCOTCH CREEK,46296,1992,QualFiltered,NA,1999,FALSE
South Thompson_SU_1.3,STh-1.3,DU13,CK-14,SCOTCH CREEK,46296,1993,QualFiltered,NA,1999,FALSE
South Thompson_SU_1.3,STh-1.3,DU13,CK-14,SCOTCH CREEK,46296,1994,QualFiltered,NA,1999,FALSE
South Thompson_SU_1.3,STh-1.3,DU13,CK-14,SCOTCH CREEK,46296,1995,QualFiltered,NA,1999,FALSE
South Thompson_SU_1.3,STh-1.3,DU13,CK-14,SCOTCH CREEK,46296,1996,QualFiltered,NA,1999,FALSE
South Thompson_SU_1.3,STh-1.3,DU13,CK-14,SCOTCH CREEK,46296,1997,QualFiltered,NA,1999,FALSE
South Thompson_SU_1.3,STh-1.3,DU13,CK-14,SCOTCH CREEK,46296,1998,QualFiltered,NA,1999,FALSE
South Thompson_SU_1.3,STh-1.3,DU13,CK-14,SCOTCH CREEK,46296,1999,QualFiltered,NA,1999,TRUE
South Thompson_SU_1.3,STh-1.3,DU13,CK-14,SCOTCH CREEK,46296,2000,QualFiltered,NA,1999,TRUE
South Thompson_SU_1.3,STh-1.3,DU13,CK-14,SCOTCH CREEK,46296,2001,QualFiltered,NA,1999,TRUE
South Thompson_SU_1.3,STh-1.3,DU13,CK-14,SCOTCH CREEK,46296,2002,QualFiltered,NA,1999,TRUE
South Thompson_SU_1.3,STh-1.3,DU13,CK-14,SCOTCH CREEK,46296,2003,QualFiltered,NA,1999,TRUE
South Thompson_SU_1.3,STh-1.3,DU13,CK-14,SCOTCH CREEK,46296,2004,QualFiltered,NA,1999,TRUE
South Thompson_SU_1.3,STh-1.3,DU13,CK-14,SCOTCH CREEK,46296,2005,QualFiltered,NA,1999,TRUE
South Thompson_SU_1.3,STh-1.3,DU13,CK-14,SCOTCH CREEK,46296,2006,QualFiltered,NA,1999,TRUE
South Thompson_SU_1.3,STh-1.3,DU13,CK-14,SCOTCH CREEK,46296,2007,QualFiltered,NA,1999,TRUE
South Thompson_SU_1.3,STh-1.3,DU13,CK-14,SCOTCH CREEK,46296,2008,RELATIVE ABUNDANCE (TYPE-4),NA,1999,TRUE
South Thompson_SU_1.3,STh-1.3,DU13,CK-14,SCOTCH CREEK,46296,2009,QualFiltered,NA,1999,TRUE
South Thompson_SU_1.3,STh-1.3,DU13,CK-14,SCOTCH CREEK,46296,2010,TRUE ABUNDANCE (TYPE-1),NA,1999,TRUE
South Thompson_SU_1.3,STh-1.3,DU13,CK-14,SCOTCH CREEK,46296,2011,RELATIVE ABUNDANCE (TYPE-3),NA,1999,TRUE
South Thompson_SU_1.3,STh-1.3,DU13,CK-14,SCOTCH CREEK,46296,2012,RELATIVE ABUNDANCE (TYPE-3),NA,1999,TRUE
South Thompson_SU_1.3,STh-1.3,DU13,CK-14,SCOTCH CREEK,46296,2013,RELATIVE ABUNDANCE (TYPE-3),NA,1999,TRUE
South Thompson_SU_1.3,STh-1.3,DU13,CK-14,SCOTCH CREEK,46296,2014,RELATIVE ABUNDANCE (TYPE-3),NA,1999,TRUE
South Thompson_SU_1.3,STh-1.3,DU13,CK-14,SCOTCH CREEK,46296,2015,RELATIVE ABUNDANCE (TYPE-4),NA,1999,TRUE
South Thompson_SU_1.3,STh-1.3,DU13,CK-14,SCOTCH CREEK,46296,2016,QualFiltered,NA,1999,TRUE
South Thompson_SU_1.3,STh-1.3,DU13,CK-14,SCOTCH CREEK,46296,2017,RELATIVE ABUNDANCE (TYPE-4),NA,1999,TRUE
South Thompson_SU_1.3,STh-1.3,DU13,CK-14,SCOTCH CREEK,46296,2018,RELATIVE ABUNDANCE (TYPE-3),NA,1999,TRUE
South Thompson_SU_1.3,STh-1.3,DU13,CK-14,SCOTCH CREEK,46296,2019,RELATIVE ABUNDANCE (TYPE-4),NA,1999,TRUE
South Thompson_SU_1.3,STh-1.3,DU13,CK-14,SCOTCH CREEK,46296,2020,QualFiltered,NA,1999,TRUE
South Thompson_SU_1.3,STh-1.3,DU13,CK-14,SCOTCH CREEK,46296,2021,QualFiltered,NA,1999,TRUE
South Thompson_SU_1.3,STh-1.3,DU13,CK-14,SCOTCH CREEK,46296,2022,RELATIVE ABUNDANCE (TYPE-3),NA,1999,TRUE
South Thompson_SU_1.3,STh-1.3,DU13,CK-14,SCOTCH CREEK,46296,2023,RELATIVE ABUNDANCE (TYPE-3),NA,1999,TRUE
South Thompson_SU_1.3,STh-1.3,DU13,CK-14,SEYMOUR RIVER,46336,1975,QualFiltered,NA,1999,FALSE
South Thompson_SU_1.3,STh-1.3,DU13,CK-14,SEYMOUR RIVER,46336,1976,QualFiltered,NA,1999,FALSE
South Thompson_SU_1.3,STh-1.3,DU13,CK-14,SEYMOUR RIVER,46336,1977,QualFiltered,NA,1999,FALSE
South Thompson_SU_1.3,STh-1.3,DU13,CK-14,SEYMOUR RIVER,46336,1978,QualFiltered,NA,1999,FALSE
South Thompson_SU_1.3,STh-1.3,DU13,CK-14,SEYMOUR RIVER,46336,1979,QualFiltered,NA,1999,FALSE
South Thompson_SU_1.3,STh-1.3,DU13,CK-14,SEYMOUR RIVER,46336,1980,QualFiltered,NA,1999,FALSE
South Thompson_SU_1.3,STh-1.3,DU13,CK-14,SEYMOUR RIVER,46336,1981,QualFiltered,NA,1999,FALSE
South Thompson_SU_1.3,STh-1.3,DU13,CK-14,SEYMOUR RIVER,46336,1982,QualFiltered,NA,1999,FALSE
South Thompson_SU_1.3,STh-1.3,DU13,CK-14,SEYMOUR RIVER,46336,1983,QualFiltered,NA,1999,FALSE
South Thompson_SU_1.3,STh-1.3,DU13,CK-14,SEYMOUR RIVER,46336,1984,QualFiltered,NA,1999,FALSE
South Thompson_SU_1.3,STh-1.3,DU13,CK-14,SEYMOUR RIVER,46336,1985,QualFiltered,NA,1999,FALSE
South Thompson_SU_1.3,STh-1.3,DU13,CK-14,SEYMOUR RIVER,46336,1986,QualFiltered,NA,1999,FALSE
South Thompson_SU_1.3,STh-1.3,DU13,CK-14,SEYMOUR RIVER,46336,1987,QualFiltered,NA,1999,FALSE
South Thompson_SU_1.3,STh-1.3,DU13,CK-14,SEYMOUR RIVER,46336,1988,QualFiltered,NA,1999,FALSE
South Thompson_SU_1.3,STh-1.3,DU13,CK-14,SEYMOUR RIVER,46336,1989,QualFiltered,NA,1999,FALSE
South Thompson_SU_1.3,STh-1.3,DU13,CK-14,SEYMOUR RIVER,46336,1990,QualFiltered,NA,1999,FALSE
South Thompson_SU_1.3,STh-1.3,DU13,CK-14,SEYMOUR RIVER,46336,1991,QualFiltered,NA,1999,FALSE
South Thompson_SU_1.3,STh-1.3,DU13,CK-14,SEYMOUR RIVER,46336,1992,QualFiltered,NA,1999,FALSE
South Thompson_SU_1.3,STh-1.3,DU13,CK-14,SEYMOUR RIVER,46336,1993,QualFiltered,NA,1999,FALSE
South Thompson_SU_1.3,STh-1.3,DU13,CK-14,SEYMOUR RIVER,46336,1994,QualFiltered,NA,1999,FALSE
South Thompson_SU_1.3,STh-1.3,DU13,CK-14,SEYMOUR RIVER,46336,1995,QualFiltered,NA,1999,FALSE
South Thompson_SU_1.3,STh-1.3,DU13,CK-14,SEYMOUR RIVER,46336,1996,QualFiltered,NA,1999,FALSE
South Thompson_SU_1.3,STh-1.3,DU13,CK-14,SEYMOUR RIVER,46336,1997,QualFiltered,NA,1999,FALSE
South Thompson_SU_1.3,STh-1.3,DU13,CK-14,SEYMOUR RIVER,46336,1998,QualFiltered,NA,1999,FALSE
South Thompson_SU_1.3,STh-1.3,DU13,CK-14,SEYMOUR RIVER,46336,1999,INFILL,56.91423502,1999,TRUE
South Thompson_SU_1.3,STh-1.3,DU13,CK-14,SEYMOUR RIVER,46336,2000,INFILL,119.239171,1999,TRUE
South Thompson_SU_1.3,STh-1.3,DU13,CK-14,SEYMOUR RIVER,46336,2001,INFILL,81.5227368,1999,TRUE
South Thompson_SU_1.3,STh-1.3,DU13,CK-14,SEYMOUR RIVER,46336,2002,INFILL,82.07739024,1999,TRUE
South Thompson_SU_1.3,STh-1.3,DU13,CK-14,SEYMOUR RIVER,46336,2003,INFILL,83.48100304,1999,TRUE
South Thompson_SU_1.3,STh-1.3,DU13,CK-14,SEYMOUR RIVER,46336,2004,INFILL,47.83602967,1999,TRUE
South Thompson_SU_1.3,STh-1.3,DU13,CK-14,SEYMOUR RIVER,46336,2005,INFILL,60.91000371,1999,TRUE
South Thompson_SU_1.3,STh-1.3,DU13,CK-14,SEYMOUR RIVER,46336,2006,INFILL,61.8834771,1999,TRUE
South Thompson_SU_1.3,STh-1.3,DU13,CK-14,SEYMOUR RIVER,46336,2007,INFILL,69.99952852,1999,TRUE
South Thompson_SU_1.3,STh-1.3,DU13,CK-14,SEYMOUR RIVER,46336,2008,RELATIVE ABUNDANCE (TYPE-4),23,1999,TRUE
South Thompson_SU_1.3,STh-1.3,DU13,CK-14,SEYMOUR RIVER,46336,2009,RELATIVE ABUNDANCE (TYPE-3),14,1999,TRUE
South Thompson_SU_1.3,STh-1.3,DU13,CK-14,SEYMOUR RIVER,46336,2010,RELATIVE ABUNDANCE (TYPE-3),56,1999,TRUE
South Thompson_SU_1.3,STh-1.3,DU13,CK-14,SEYMOUR RIVER,46336,2011,RELATIVE ABUNDANCE (TYPE-3),23,1999,TRUE
South Thompson_SU_1.3,STh-1.3,DU13,CK-14,SEYMOUR RIVER,46336,2012,RELATIVE ABUNDANCE (TYPE-3),17,1999,TRUE
South Thompson_SU_1.3,STh-1.3,DU13,CK-14,SEYMOUR RIVER,46336,2013,RELATIVE ABUNDANCE (TYPE-3),31,1999,TRUE
South Thompson_SU_1.3,STh-1.3,DU13,CK-14,SEYMOUR RIVER,46336,2014,RELATIVE ABUNDANCE (TYPE-3),23,1999,TRUE
South Thompson_SU_1.3,STh-1.3,DU13,CK-14,SEYMOUR RIVER,46336,2015,RELATIVE ABUNDANCE (TYPE-3),51,1999,TRUE
South Thompson_SU_1.3,STh-1.3,DU13,CK-14,SEYMOUR RIVER,46336,2016,RELATIVE ABUNDANCE (TYPE-4),9,1999,TRUE
South Thompson_SU_1.3,STh-1.3,DU13,CK-14,SEYMOUR RIVER,46336,2017,RELATIVE ABUNDANCE (TYPE-3),26,1999,TRUE
South Thompson_SU_1.3,STh-1.3,DU13,CK-14,SEYMOUR RIVER,46336,2018,RELATIVE ABUNDANCE (TYPE-4),62,1999,TRUE
South Thompson_SU_1.3,STh-1.3,DU13,CK-14,SEYMOUR RIVER,46336,2019,RELATIVE ABUNDANCE (TYPE-3),35,1999,TRUE
South Thompson_SU_1.3,STh-1.3,DU13,CK-14,SEYMOUR RIVER,46336,2020,RELATIVE ABUNDANCE (TYPE-4),12,1999,TRUE
South Thompson_SU_1.3,STh-1.3,DU13,CK-14,SEYMOUR RIVER,46336,2021,RELATIVE ABUNDANCE (TYPE-4),143,1999,TRUE
South Thompson_SU_1.3,STh-1.3,DU13,CK-14,SEYMOUR RIVER,46336,2022,RELATIVE ABUNDANCE (TYPE-3),46,1999,TRUE
South Thompson_SU_1.3,STh-1.3,DU13,CK-14,SEYMOUR RIVER,46336,2023,RELATIVE ABUNDANCE (TYPE-4),18,1999,TRUE
South Thompson_SU_1.3,STh-1.3,DU13,CK-14,EAGLE RIVER,46366,1975,QualFiltered,NA,1999,FALSE
South Thompson_SU_1.3,STh-1.3,DU13,CK-14,EAGLE RIVER,46366,1976,QualFiltered,NA,1999,FALSE
South Thompson_SU_1.3,STh-1.3,DU13,CK-14,EAGLE RIVER,46366,1977,QualFiltered,NA,1999,FALSE
South Thompson_SU_1.3,STh-1.3,DU13,CK-14,EAGLE RIVER,46366,1978,QualFiltered,NA,1999,FALSE
South Thompson_SU_1.3,STh-1.3,DU13,CK-14,EAGLE RIVER,46366,1979,QualFiltered,NA,1999,FALSE
South Thompson_SU_1.3,STh-1.3,DU13,CK-14,EAGLE RIVER,46366,1980,QualFiltered,NA,1999,FALSE
South Thompson_SU_1.3,STh-1.3,DU13,CK-14,EAGLE RIVER,46366,1981,QualFiltered,NA,1999,FALSE
South Thompson_SU_1.3,STh-1.3,DU13,CK-14,EAGLE RIVER,46366,1982,QualFiltered,NA,1999,FALSE
South Thompson_SU_1.3,STh-1.3,DU13,CK-14,EAGLE RIVER,46366,1983,QualFiltered,NA,1999,FALSE
South Thompson_SU_1.3,STh-1.3,DU13,CK-14,EAGLE RIVER,46366,1984,QualFiltered,NA,1999,FALSE
South Thompson_SU_1.3,STh-1.3,DU13,CK-14,EAGLE RIVER,46366,1985,QualFiltered,NA,1999,FALSE
South Thompson_SU_1.3,STh-1.3,DU13,CK-14,EAGLE RIVER,46366,1986,QualFiltered,NA,1999,FALSE
South Thompson_SU_1.3,STh-1.3,DU13,CK-14,EAGLE RIVER,46366,1987,QualFiltered,NA,1999,FALSE
South Thompson_SU_1.3,STh-1.3,DU13,CK-14,EAGLE RIVER,46366,1988,QualFiltered,NA,1999,FALSE
South Thompson_SU_1.3,STh-1.3,DU13,CK-14,EAGLE RIVER,46366,1989,QualFiltered,NA,1999,FALSE
South Thompson_SU_1.3,STh-1.3,DU13,CK-14,EAGLE RIVER,46366,1990,QualFiltered,NA,1999,FALSE
South Thompson_SU_1.3,STh-1.3,DU13,CK-14,EAGLE RIVER,46366,1991,QualFiltered,NA,1999,FALSE
South Thompson_SU_1.3,STh-1.3,DU13,CK-14,EAGLE RIVER,46366,1992,QualFiltered,NA,1999,FALSE
South Thompson_SU_1.3,STh-1.3,DU13,CK-14,EAGLE RIVER,46366,1993,QualFiltered,NA,1999,FALSE
South Thompson_SU_1.3,STh-1.3,DU13,CK-14,EAGLE RIVER,46366,1994,QualFiltered,NA,1999,FALSE
South Thompson_SU_1.3,STh-1.3,DU13,CK-14,EAGLE RIVER,46366,1995,QualFiltered,NA,1999,FALSE
South Thompson_SU_1.3,STh-1.3,DU13,CK-14,EAGLE RIVER,46366,1996,QualFiltered,NA,1999,FALSE
South Thompson_SU_1.3,STh-1.3,DU13,CK-14,EAGLE RIVER,46366,1997,QualFiltered,NA,1999,FALSE
South Thompson_SU_1.3,STh-1.3,DU13,CK-14,EAGLE RIVER,46366,1998,QualFiltered,NA,1999,FALSE
South Thompson_SU_1.3,STh-1.3,DU13,CK-14,EAGLE RIVER,46366,1999,RELATIVE ABUNDANCE (TYPE-4),624,1999,TRUE
South Thompson_SU_1.3,STh-1.3,DU13,CK-14,EAGLE RIVER,46366,2000,RELATIVE ABUNDANCE (TYPE-4),1085,1999,TRUE
South Thompson_SU_1.3,STh-1.3,DU13,CK-14,EAGLE RIVER,46366,2001,RELATIVE ABUNDANCE (TYPE-4),1397,1999,TRUE
South Thompson_SU_1.3,STh-1.3,DU13,CK-14,EAGLE RIVER,46366,2002,RELATIVE ABUNDANCE (TYPE-4),1458,1999,TRUE
South Thompson_SU_1.3,STh-1.3,DU13,CK-14,EAGLE RIVER,46366,2003,RELATIVE ABUNDANCE (TYPE-4),1583,1999,TRUE
South Thompson_SU_1.3,STh-1.3,DU13,CK-14,EAGLE RIVER,46366,2004,RELATIVE ABUNDANCE (TYPE-4),867,1999,TRUE
South Thompson_SU_1.3,STh-1.3,DU13,CK-14,EAGLE RIVER,46366,2005,RELATIVE ABUNDANCE (TYPE-4),427,1999,TRUE
South Thompson_SU_1.3,STh-1.3,DU13,CK-14,EAGLE RIVER,46366,2006,RELATIVE ABUNDANCE (TYPE-4),521,1999,TRUE
South Thompson_SU_1.3,STh-1.3,DU13,CK-14,EAGLE RIVER,46366,2007,RELATIVE ABUNDANCE (TYPE-4),334,1999,TRUE
South Thompson_SU_1.3,STh-1.3,DU13,CK-14,EAGLE RIVER,46366,2008,RELATIVE ABUNDANCE (TYPE-4),655,1999,TRUE
South Thompson_SU_1.3,STh-1.3,DU13,CK-14,EAGLE RIVER,46366,2009,RELATIVE ABUNDANCE (TYPE-4),574,1999,TRUE
South Thompson_SU_1.3,STh-1.3,DU13,CK-14,EAGLE RIVER,46366,2010,RELATIVE ABUNDANCE (TYPE-4),1711,1999,TRUE
South Thompson_SU_1.3,STh-1.3,DU13,CK-14,EAGLE RIVER,46366,2011,RELATIVE ABUNDANCE (TYPE-4),426,1999,TRUE
South Thompson_SU_1.3,STh-1.3,DU13,CK-14,EAGLE RIVER,46366,2012,RELATIVE ABUNDANCE (TYPE-4),426,1999,TRUE
South Thompson_SU_1.3,STh-1.3,DU13,CK-14,EAGLE RIVER,46366,2013,RELATIVE ABUNDANCE (TYPE-4),885,1999,TRUE
South Thompson_SU_1.3,STh-1.3,DU13,CK-14,EAGLE RIVER,46366,2014,RELATIVE ABUNDANCE (TYPE-4),828,1999,TRUE
South Thompson_SU_1.3,STh-1.3,DU13,CK-14,EAGLE RIVER,46366,2015,RELATIVE ABUNDANCE (TYPE-4),857,1999,TRUE
South Thompson_SU_1.3,STh-1.3,DU13,CK-14,EAGLE RIVER,46366,2016,RELATIVE ABUNDANCE (TYPE-4),268,1999,TRUE
South Thompson_SU_1.3,STh-1.3,DU13,CK-14,EAGLE RIVER,46366,2017,RELATIVE ABUNDANCE (TYPE-4),909,1999,TRUE
South Thompson_SU_1.3,STh-1.3,DU13,CK-14,EAGLE RIVER,46366,2018,RELATIVE ABUNDANCE (TYPE-4),688,1999,TRUE
South Thompson_SU_1.3,STh-1.3,DU13,CK-14,EAGLE RIVER,46366,2019,RELATIVE ABUNDANCE (TYPE-4),772,1999,TRUE
South Thompson_SU_1.3,STh-1.3,DU13,CK-14,EAGLE RIVER,46366,2020,RELATIVE ABUNDANCE (TYPE-4),711,1999,TRUE
South Thompson_SU_1.3,STh-1.3,DU13,CK-14,EAGLE RIVER,46366,2021,RELATIVE ABUNDANCE (TYPE-4),2526,1999,TRUE
South Thompson_SU_1.3,STh-1.3,DU13,CK-14,EAGLE RIVER,46366,2022,RELATIVE ABUNDANCE (TYPE-4),669,1999,TRUE
South Thompson_SU_1.3,STh-1.3,DU13,CK-14,EAGLE RIVER,46366,2023,RELATIVE ABUNDANCE (TYPE-3),938,1999,TRUE
South Thompson_SU_1.3,STh-1.3,DU13,CK-14,SALMON RIVER,46407,1975,QualFiltered,NA,1999,FALSE
South Thompson_SU_1.3,STh-1.3,DU13,CK-14,SALMON RIVER,46407,1976,QualFiltered,NA,1999,FALSE
South Thompson_SU_1.3,STh-1.3,DU13,CK-14,SALMON RIVER,46407,1977,QualFiltered,NA,1999,FALSE
South Thompson_SU_1.3,STh-1.3,DU13,CK-14,SALMON RIVER,46407,1978,QualFiltered,NA,1999,FALSE
South Thompson_SU_1.3,STh-1.3,DU13,CK-14,SALMON RIVER,46407,1979,QualFiltered,NA,1999,FALSE
South Thompson_SU_1.3,STh-1.3,DU13,CK-14,SALMON RIVER,46407,1980,QualFiltered,NA,1999,FALSE
South Thompson_SU_1.3,STh-1.3,DU13,CK-14,SALMON RIVER,46407,1981,QualFiltered,NA,1999,FALSE
South Thompson_SU_1.3,STh-1.3,DU13,CK-14,SALMON RIVER,46407,1982,QualFiltered,NA,1999,FALSE
South Thompson_SU_1.3,STh-1.3,DU13,CK-14,SALMON RIVER,46407,1983,QualFiltered,NA,1999,FALSE
South Thompson_SU_1.3,STh-1.3,DU13,CK-14,SALMON RIVER,46407,1984,QualFiltered,NA,1999,FALSE
South Thompson_SU_1.3,STh-1.3,DU13,CK-14,SALMON RIVER,46407,1985,QualFiltered,NA,1999,FALSE
South Thompson_SU_1.3,STh-1.3,DU13,CK-14,SALMON RIVER,46407,1986,QualFiltered,NA,1999,FALSE
South Thompson_SU_1.3,STh-1.3,DU13,CK-14,SALMON RIVER,46407,1987,QualFiltered,NA,1999,FALSE
South Thompson_SU_1.3,STh-1.3,DU13,CK-14,SALMON RIVER,46407,1988,QualFiltered,NA,1999,FALSE
South Thompson_SU_1.3,STh-1.3,DU13,CK-14,SALMON RIVER,46407,1989,QualFiltered,NA,1999,FALSE
South Thompson_SU_1.3,STh-1.3,DU13,CK-14,SALMON RIVER,46407,1990,QualFiltered,NA,1999,FALSE
South Thompson_SU_1.3,STh-1.3,DU13,CK-14,SALMON RIVER,46407,1991,QualFiltered,NA,1999,FALSE
South Thompson_SU_1.3,STh-1.3,DU13,CK-14,SALMON RIVER,46407,1992,QualFiltered,NA,1999,FALSE
South Thompson_SU_1.3,STh-1.3,DU13,CK-14,SALMON RIVER,46407,1993,QualFiltered,NA,1999,FALSE
South Thompson_SU_1.3,STh-1.3,DU13,CK-14,SALMON RIVER,46407,1994,QualFiltered,NA,1999,FALSE
South Thompson_SU_1.3,STh-1.3,DU13,CK-14,SALMON RIVER,46407,1995,QualFiltered,NA,1999,FALSE
South Thompson_SU_1.3,STh-1.3,DU13,CK-14,SALMON RIVER,46407,1996,QualFiltered,NA,1999,FALSE
South Thompson_SU_1.3,STh-1.3,DU13,CK-14,SALMON RIVER,46407,1997,QualFiltered,NA,1999,FALSE
South Thompson_SU_1.3,STh-1.3,DU13,CK-14,SALMON RIVER,46407,1998,TRUE ABUNDANCE (TYPE-1),5808,1999,FALSE
South Thompson_SU_1.3,STh-1.3,DU13,CK-14,SALMON RIVER,46407,1999,TRUE ABUNDANCE (TYPE-1),4404,1999,TRUE
South Thompson_SU_1.3,STh-1.3,DU13,CK-14,SALMON RIVER,46407,2000,TRUE ABUNDANCE (TYPE-1),9449,1999,TRUE
South Thompson_SU_1.3,STh-1.3,DU13,CK-14,SALMON RIVER,46407,2001,TRUE ABUNDANCE (TYPE-1),5805,1999,TRUE
South Thompson_SU_1.3,STh-1.3,DU13,CK-14,SALMON RIVER,46407,2002,TRUE ABUNDANCE (TYPE-1),5793,1999,TRUE
South Thompson_SU_1.3,STh-1.3,DU13,CK-14,SALMON RIVER,46407,2003,TRUE ABUNDANCE (TYPE-1),5792,1999,TRUE
South Thompson_SU_1.3,STh-1.3,DU13,CK-14,SALMON RIVER,46407,2004,TRUE ABUNDANCE (TYPE-1),3359,1999,TRUE
South Thompson_SU_1.3,STh-1.3,DU13,CK-14,SALMON RIVER,46407,2005,TRUE ABUNDANCE (TYPE-1),4954,1999,TRUE
South Thompson_SU_1.3,STh-1.3,DU13,CK-14,SALMON RIVER,46407,2006,TRUE ABUNDANCE (TYPE-1),4946,1999,TRUE
South Thompson_SU_1.3,STh-1.3,DU13,CK-14,SALMON RIVER,46407,2007,TRUE ABUNDANCE (TYPE-1),5850,1999,TRUE
South Thompson_SU_1.3,STh-1.3,DU13,CK-14,SALMON RIVER,46407,2008,TRUE ABUNDANCE (TYPE-1),520,1999,TRUE
South Thompson_SU_1.3,STh-1.3,DU13,CK-14,SALMON RIVER,46407,2009,TRUE ABUNDANCE (TYPE-1),392,1999,TRUE
South Thompson_SU_1.3,STh-1.3,DU13,CK-14,SALMON RIVER,46407,2010,TRUE ABUNDANCE (TYPE-1),670,1999,TRUE
South Thompson_SU_1.3,STh-1.3,DU13,CK-14,SALMON RIVER,46407,2011,TRUE ABUNDANCE (TYPE-1),223,1999,TRUE
South Thompson_SU_1.3,STh-1.3,DU13,CK-14,SALMON RIVER,46407,2012,TRUE ABUNDANCE (TYPE-1),394,1999,TRUE
South Thompson_SU_1.3,STh-1.3,DU13,CK-14,SALMON RIVER,46407,2013,TRUE ABUNDANCE (TYPE-1),745,1999,TRUE
South Thompson_SU_1.3,STh-1.3,DU13,CK-14,SALMON RIVER,46407,2014,TRUE ABUNDANCE (TYPE-1),853,1999,TRUE
South Thompson_SU_1.3,STh-1.3,DU13,CK-14,SALMON RIVER,46407,2015,TRUE ABUNDANCE (TYPE-1),187,1999,TRUE
South Thompson_SU_1.3,STh-1.3,DU13,CK-14,SALMON RIVER,46407,2016,INFILL,710.7145793,1999,TRUE
South Thompson_SU_1.3,STh-1.3,DU13,CK-14,SALMON RIVER,46407,2017,TRUE ABUNDANCE (TYPE-1),206,1999,TRUE
South Thompson_SU_1.3,STh-1.3,DU13,CK-14,SALMON RIVER,46407,2018,TRUE ABUNDANCE (TYPE-1),172,1999,TRUE
South Thompson_SU_1.3,STh-1.3,DU13,CK-14,SALMON RIVER,46407,2019,TRUE ABUNDANCE (TYPE-1),421,1999,TRUE
South Thompson_SU_1.3,STh-1.3,DU13,CK-14,SALMON RIVER,46407,2020,TRUE ABUNDANCE (TYPE-1),386,1999,TRUE
South Thompson_SU_1.3,STh-1.3,DU13,CK-14,SALMON RIVER,46407,2021,TRUE ABUNDANCE (TYPE-1),456,1999,TRUE
South Thompson_SU_1.3,STh-1.3,DU13,CK-14,SALMON RIVER,46407,2022,TRUE ABUNDANCE (TYPE-1),538,1999,TRUE
South Thompson_SU_1.3,STh-1.3,DU13,CK-14,SALMON RIVER,46407,2023,TRUE ABUNDANCE (TYPE-1),283,1999,TRUE
South Thompson_SU_1.3,STh-1.3,DU13,CK-14,SALMON RIVER,46407,2024,QualFiltered,NA,1999,TRUE
Shuswap River_SU_0.3,STh-SHUR,DU12,CK-15,SHUSWAP RIVER-LOWER,46437,1975,RELATIVE ABUNDANCE (TYPE-4),824,1975,TRUE
Shuswap River_SU_0.3,STh-SHUR,DU12,CK-15,SHUSWAP RIVER-LOWER,46437,1976,RELATIVE ABUNDANCE (TYPE-4),3468,1975,TRUE
Shuswap River_SU_0.3,STh-SHUR,DU12,CK-15,SHUSWAP RIVER-LOWER,46437,1977,RELATIVE ABUNDANCE (TYPE-4),824,1975,TRUE
Shuswap River_SU_0.3,STh-SHUR,DU12,CK-15,SHUSWAP RIVER-LOWER,46437,1978,RELATIVE ABUNDANCE (TYPE-4),3468,1975,TRUE
Shuswap River_SU_0.3,STh-SHUR,DU12,CK-15,SHUSWAP RIVER-LOWER,46437,1979,RELATIVE ABUNDANCE (TYPE-4),824,1975,TRUE
Shuswap River_SU_0.3,STh-SHUR,DU12,CK-15,SHUSWAP RIVER-LOWER,46437,1980,RELATIVE ABUNDANCE (TYPE-4),824,1975,TRUE
Shuswap River_SU_0.3,STh-SHUR,DU12,CK-15,SHUSWAP RIVER-LOWER,46437,1981,RELATIVE ABUNDANCE (TYPE-4),3468,1975,TRUE
Shuswap River_SU_0.3,STh-SHUR,DU12,CK-15,SHUSWAP RIVER-LOWER,46437,1982,RELATIVE ABUNDANCE (TYPE-4),824,1975,TRUE
Shuswap River_SU_0.3,STh-SHUR,DU12,CK-15,SHUSWAP RIVER-LOWER,46437,1983,TRUE ABUNDANCE (TYPE-2),3468,1975,TRUE
Shuswap River_SU_0.3,STh-SHUR,DU12,CK-15,SHUSWAP RIVER-LOWER,46437,1984,TRUE ABUNDANCE (TYPE-2),334,1975,TRUE
Shuswap River_SU_0.3,STh-SHUR,DU12,CK-15,SHUSWAP RIVER-LOWER,46437,1985,TRUE ABUNDANCE (TYPE-2),3468,1975,TRUE
Shuswap River_SU_0.3,STh-SHUR,DU12,CK-15,SHUSWAP RIVER-LOWER,46437,1986,RELATIVE ABUNDANCE (TYPE-4),978,1975,TRUE
Shuswap River_SU_0.3,STh-SHUR,DU12,CK-15,SHUSWAP RIVER-LOWER,46437,1987,RELATIVE ABUNDANCE (TYPE-4),1033,1975,TRUE
Shuswap River_SU_0.3,STh-SHUR,DU12,CK-15,SHUSWAP RIVER-LOWER,46437,1988,RELATIVE ABUNDANCE (TYPE-4),3304,1975,TRUE
Shuswap River_SU_0.3,STh-SHUR,DU12,CK-15,SHUSWAP RIVER-LOWER,46437,1989,RELATIVE ABUNDANCE (TYPE-4),1422,1975,TRUE
Shuswap River_SU_0.3,STh-SHUR,DU12,CK-15,SHUSWAP RIVER-LOWER,46437,1990,RELATIVE ABUNDANCE (TYPE-4),3832,1975,TRUE
Shuswap River_SU_0.3,STh-SHUR,DU12,CK-15,SHUSWAP RIVER-LOWER,46437,1991,RELATIVE ABUNDANCE (TYPE-4),3097,1975,TRUE
Shuswap River_SU_0.3,STh-SHUR,DU12,CK-15,SHUSWAP RIVER-LOWER,46437,1992,RELATIVE ABUNDANCE (TYPE-4),1035,1975,TRUE
Shuswap River_SU_0.3,STh-SHUR,DU12,CK-15,SHUSWAP RIVER-LOWER,46437,1993,RELATIVE ABUNDANCE (TYPE-4),4981,1975,TRUE
Shuswap River_SU_0.3,STh-SHUR,DU12,CK-15,SHUSWAP RIVER-LOWER,46437,1994,RELATIVE ABUNDANCE (TYPE-4),3211,1975,TRUE
Shuswap River_SU_0.3,STh-SHUR,DU12,CK-15,SHUSWAP RIVER-LOWER,46437,1995,RELATIVE ABUNDANCE (TYPE-4),3123,1975,TRUE
Shuswap River_SU_0.3,STh-SHUR,DU12,CK-15,SHUSWAP RIVER-LOWER,46437,1996,RELATIVE ABUNDANCE (TYPE-4),2453,1975,TRUE
Shuswap River_SU_0.3,STh-SHUR,DU12,CK-15,SHUSWAP RIVER-LOWER,46437,1997,RELATIVE ABUNDANCE (TYPE-4),797,1975,TRUE
Shuswap River_SU_0.3,STh-SHUR,DU12,CK-15,SHUSWAP RIVER-LOWER,46437,1998,RELATIVE ABUNDANCE (TYPE-4),1325,1975,TRUE
Shuswap River_SU_0.3,STh-SHUR,DU12,CK-15,SHUSWAP RIVER-LOWER,46437,1999,RELATIVE ABUNDANCE (TYPE-4),5008,1975,TRUE
Shuswap River_SU_0.3,STh-SHUR,DU12,CK-15,SHUSWAP RIVER-LOWER,46437,2000,TRUE ABUNDANCE (TYPE-2),723,1975,TRUE
Shuswap River_SU_0.3,STh-SHUR,DU12,CK-15,SHUSWAP RIVER-LOWER,46437,2001,TRUE ABUNDANCE (TYPE-2),4753,1975,TRUE
Shuswap River_SU_0.3,STh-SHUR,DU12,CK-15,SHUSWAP RIVER-LOWER,46437,2002,TRUE ABUNDANCE (TYPE-2),3938,1975,TRUE
Shuswap River_SU_0.3,STh-SHUR,DU12,CK-15,SHUSWAP RIVER-LOWER,46437,2003,RELATIVE ABUNDANCE (TYPE-4),4780,1975,TRUE
Shuswap River_SU_0.3,STh-SHUR,DU12,CK-15,SHUSWAP RIVER-LOWER,46437,2004,TRUE ABUNDANCE (TYPE-2),2924,1975,TRUE
Shuswap River_SU_0.3,STh-SHUR,DU12,CK-15,SHUSWAP RIVER-LOWER,46437,2005,TRUE ABUNDANCE (TYPE-2),4679,1975,TRUE
Shuswap River_SU_0.3,STh-SHUR,DU12,CK-15,SHUSWAP RIVER-LOWER,46437,2006,TRUE ABUNDANCE (TYPE-2),1183,1975,TRUE
Shuswap River_SU_0.3,STh-SHUR,DU12,CK-15,SHUSWAP RIVER-LOWER,46437,2007,TRUE ABUNDANCE (TYPE-2),4682,1975,TRUE
Shuswap River_SU_0.3,STh-SHUR,DU12,CK-15,SHUSWAP RIVER-LOWER,46437,2008,TRUE ABUNDANCE (TYPE-2),13352,1975,TRUE
Shuswap River_SU_0.3,STh-SHUR,DU12,CK-15,SHUSWAP RIVER-LOWER,46437,2009,TRUE ABUNDANCE (TYPE-2),21922,1975,TRUE
Shuswap River_SU_0.3,STh-SHUR,DU12,CK-15,SHUSWAP RIVER-LOWER,46437,2010,TRUE ABUNDANCE (TYPE-2),68260,1975,TRUE
Shuswap River_SU_0.3,STh-SHUR,DU12,CK-15,SHUSWAP RIVER-LOWER,46437,2011,TRUE ABUNDANCE (TYPE-2),17460,1975,TRUE
Shuswap River_SU_0.3,STh-SHUR,DU12,CK-15,SHUSWAP RIVER-LOWER,46437,2012,TRUE ABUNDANCE (TYPE-2),3352,1975,TRUE
Shuswap River_SU_0.3,STh-SHUR,DU12,CK-15,SHUSWAP RIVER-LOWER,46437,2013,TRUE ABUNDANCE (TYPE-2),21342,1975,TRUE
Shuswap River_SU_0.3,STh-SHUR,DU12,CK-15,SHUSWAP RIVER-LOWER,46437,2014,TRUE ABUNDANCE (TYPE-2),41510,1975,TRUE
Shuswap River_SU_0.3,STh-SHUR,DU12,CK-15,SHUSWAP RIVER-LOWER,46437,2015,TRUE ABUNDANCE (TYPE-2),37241,1975,TRUE
Shuswap River_SU_0.3,STh-SHUR,DU12,CK-15,SHUSWAP RIVER-LOWER,46437,2016,TRUE ABUNDANCE (TYPE-2),6057,1975,TRUE
Shuswap River_SU_0.3,STh-SHUR,DU12,CK-15,SHUSWAP RIVER-LOWER,46437,2017,TRUE ABUNDANCE (TYPE-2),11741,1975,TRUE
Shuswap River_SU_0.3,STh-SHUR,DU12,CK-15,SHUSWAP RIVER-LOWER,46437,2018,TRUE ABUNDANCE (TYPE-2),15047,1975,TRUE
Shuswap River_SU_0.3,STh-SHUR,DU12,CK-15,SHUSWAP RIVER-LOWER,46437,2019,TRUE ABUNDANCE (TYPE-2),25261,1975,TRUE
Shuswap River_SU_0.3,STh-SHUR,DU12,CK-15,SHUSWAP RIVER-LOWER,46437,2020,TRUE ABUNDANCE (TYPE-2),21456,1975,TRUE
Shuswap River_SU_0.3,STh-SHUR,DU12,CK-15,SHUSWAP RIVER-LOWER,46437,2021,TRUE ABUNDANCE (TYPE-2),26713,1975,TRUE
Shuswap River_SU_0.3,STh-SHUR,DU12,CK-15,SHUSWAP RIVER-LOWER,46437,2022,TRUE ABUNDANCE (TYPE-2),31651,1975,TRUE
Shuswap River_SU_0.3,STh-SHUR,DU12,CK-15,SHUSWAP RIVER-LOWER,46437,2023,TRUE ABUNDANCE (TYPE-2),73037,1975,TRUE
Shuswap River_SU_0.3,STh-SHUR,DU12,CK-15,SHUSWAP RIVER-LOWER,46437,2024,QualFiltered,NA,1975,TRUE
Shuswap River_SU_0.3,STh-SHUR,DU12,CK-15,SHUSWAP RIVER-MIDDLE,46447,1975,RELATIVE ABUNDANCE (TYPE-4),3468,1975,TRUE
Shuswap River_SU_0.3,STh-SHUR,DU12,CK-15,SHUSWAP RIVER-MIDDLE,46447,1976,RELATIVE ABUNDANCE (TYPE-4),334,1975,TRUE
Shuswap River_SU_0.3,STh-SHUR,DU12,CK-15,SHUSWAP RIVER-MIDDLE,46447,1977,RELATIVE ABUNDANCE (TYPE-4),3468,1975,TRUE
Shuswap River_SU_0.3,STh-SHUR,DU12,CK-15,SHUSWAP RIVER-MIDDLE,46447,1978,RELATIVE ABUNDANCE (TYPE-4),334,1975,TRUE
Shuswap River_SU_0.3,STh-SHUR,DU12,CK-15,SHUSWAP RIVER-MIDDLE,46447,1979,RELATIVE ABUNDANCE (TYPE-4),3468,1975,TRUE
Shuswap River_SU_0.3,STh-SHUR,DU12,CK-15,SHUSWAP RIVER-MIDDLE,46447,1980,RELATIVE ABUNDANCE (TYPE-4),3468,1975,TRUE
Shuswap River_SU_0.3,STh-SHUR,DU12,CK-15,SHUSWAP RIVER-MIDDLE,46447,1981,RELATIVE ABUNDANCE (TYPE-4),334,1975,TRUE
Shuswap River_SU_0.3,STh-SHUR,DU12,CK-15,SHUSWAP RIVER-MIDDLE,46447,1982,RELATIVE ABUNDANCE (TYPE-4),3468,1975,TRUE
Shuswap River_SU_0.3,STh-SHUR,DU12,CK-15,SHUSWAP RIVER-MIDDLE,46447,1983,RELATIVE ABUNDANCE (TYPE-4),334,1975,TRUE
Shuswap River_SU_0.3,STh-SHUR,DU12,CK-15,SHUSWAP RIVER-MIDDLE,46447,1984,RELATIVE ABUNDANCE (TYPE-4),2677,1975,TRUE
Shuswap River_SU_0.3,STh-SHUR,DU12,CK-15,SHUSWAP RIVER-MIDDLE,46447,1985,RELATIVE ABUNDANCE (TYPE-4),334,1975,TRUE
Shuswap River_SU_0.3,STh-SHUR,DU12,CK-15,SHUSWAP RIVER-MIDDLE,46447,1986,RELATIVE ABUNDANCE (TYPE-4),2902,1975,TRUE
Shuswap River_SU_0.3,STh-SHUR,DU12,CK-15,SHUSWAP RIVER-MIDDLE,46447,1987,RELATIVE ABUNDANCE (TYPE-4),3026,1975,TRUE
Shuswap River_SU_0.3,STh-SHUR,DU12,CK-15,SHUSWAP RIVER-MIDDLE,46447,1988,RELATIVE ABUNDANCE (TYPE-4),2383,1975,TRUE
Shuswap River_SU_0.3,STh-SHUR,DU12,CK-15,SHUSWAP RIVER-MIDDLE,46447,1989,RELATIVE ABUNDANCE (TYPE-4),4002,1975,TRUE
Shuswap River_SU_0.3,STh-SHUR,DU12,CK-15,SHUSWAP RIVER-MIDDLE,46447,1990,RELATIVE ABUNDANCE (TYPE-4),672,1975,TRUE
Shuswap River_SU_0.3,STh-SHUR,DU12,CK-15,SHUSWAP RIVER-MIDDLE,46447,1991,RELATIVE ABUNDANCE (TYPE-4),2344,1975,TRUE
Shuswap River_SU_0.3,STh-SHUR,DU12,CK-15,SHUSWAP RIVER-MIDDLE,46447,1992,RELATIVE ABUNDANCE (TYPE-4),3468,1975,TRUE
Shuswap River_SU_0.3,STh-SHUR,DU12,CK-15,SHUSWAP RIVER-MIDDLE,46447,1993,RELATIVE ABUNDANCE (TYPE-4),2116,1975,TRUE
Shuswap River_SU_0.3,STh-SHUR,DU12,CK-15,SHUSWAP RIVER-MIDDLE,46447,1994,RELATIVE ABUNDANCE (TYPE-4),2263,1975,TRUE
Shuswap River_SU_0.3,STh-SHUR,DU12,CK-15,SHUSWAP RIVER-MIDDLE,46447,1995,RELATIVE ABUNDANCE (TYPE-4),4537,1975,TRUE
Shuswap River_SU_0.3,STh-SHUR,DU12,CK-15,SHUSWAP RIVER-MIDDLE,46447,1996,RELATIVE ABUNDANCE (TYPE-4),6323,1975,TRUE
Shuswap River_SU_0.3,STh-SHUR,DU12,CK-15,SHUSWAP RIVER-MIDDLE,46447,1997,RELATIVE ABUNDANCE (TYPE-4),2806,1975,TRUE
Shuswap River_SU_0.3,STh-SHUR,DU12,CK-15,SHUSWAP RIVER-MIDDLE,46447,1998,RELATIVE ABUNDANCE (TYPE-4),3603,1975,TRUE
Shuswap River_SU_0.3,STh-SHUR,DU12,CK-15,SHUSWAP RIVER-MIDDLE,46447,1999,RELATIVE ABUNDANCE (TYPE-4),2056,1975,TRUE
Shuswap River_SU_0.3,STh-SHUR,DU12,CK-15,SHUSWAP RIVER-MIDDLE,46447,2000,RELATIVE ABUNDANCE (TYPE-4),2805,1975,TRUE
Shuswap River_SU_0.3,STh-SHUR,DU12,CK-15,SHUSWAP RIVER-MIDDLE,46447,2001,RELATIVE ABUNDANCE (TYPE-4),956,1975,TRUE
Shuswap River_SU_0.3,STh-SHUR,DU12,CK-15,SHUSWAP RIVER-MIDDLE,46447,2002,RELATIVE ABUNDANCE (TYPE-4),463,1975,TRUE
Shuswap River_SU_0.3,STh-SHUR,DU12,CK-15,SHUSWAP RIVER-MIDDLE,46447,2003,RELATIVE ABUNDANCE (TYPE-4),946,1975,TRUE
Shuswap River_SU_0.3,STh-SHUR,DU12,CK-15,SHUSWAP RIVER-MIDDLE,46447,2004,RELATIVE ABUNDANCE (TYPE-4),4459,1975,TRUE
Shuswap River_SU_0.3,STh-SHUR,DU12,CK-15,SHUSWAP RIVER-MIDDLE,46447,2005,RELATIVE ABUNDANCE (TYPE-4),932,1975,TRUE
Shuswap River_SU_0.3,STh-SHUR,DU12,CK-15,SHUSWAP RIVER-MIDDLE,46447,2006,TRUE ABUNDANCE (TYPE-2),3583,1975,TRUE
Shuswap River_SU_0.3,STh-SHUR,DU12,CK-15,SHUSWAP RIVER-MIDDLE,46447,2007,TRUE ABUNDANCE (TYPE-2),936,1975,TRUE
Shuswap River_SU_0.3,STh-SHUR,DU12,CK-15,SHUSWAP RIVER-MIDDLE,46447,2008,TRUE ABUNDANCE (TYPE-2),917,1975,TRUE
Shuswap River_SU_0.3,STh-SHUR,DU12,CK-15,SHUSWAP RIVER-MIDDLE,46447,2009,TRUE ABUNDANCE (TYPE-2),1049,1975,TRUE
Shuswap River_SU_0.3,STh-SHUR,DU12,CK-15,SHUSWAP RIVER-MIDDLE,46447,2010,TRUE ABUNDANCE (TYPE-2),4223,1975,TRUE
Shuswap River_SU_0.3,STh-SHUR,DU12,CK-15,SHUSWAP RIVER-MIDDLE,46447,2011,TRUE ABUNDANCE (TYPE-2),633,1975,TRUE
Shuswap River_SU_0.3,STh-SHUR,DU12,CK-15,SHUSWAP RIVER-MIDDLE,46447,2012,TRUE ABUNDANCE (TYPE-2),190,1975,TRUE
Shuswap River_SU_0.3,STh-SHUR,DU12,CK-15,SHUSWAP RIVER-MIDDLE,46447,2013,TRUE ABUNDANCE (TYPE-2),1072,1975,TRUE
Shuswap River_SU_0.3,STh-SHUR,DU12,CK-15,SHUSWAP RIVER-MIDDLE,46447,2014,TRUE ABUNDANCE (TYPE-2),1432,1975,TRUE
Shuswap River_SU_0.3,STh-SHUR,DU12,CK-15,SHUSWAP RIVER-MIDDLE,46447,2015,RELATIVE ABUNDANCE (TYPE-4),1488,1975,TRUE
Shuswap River_SU_0.3,STh-SHUR,DU12,CK-15,SHUSWAP RIVER-MIDDLE,46447,2016,RELATIVE ABUNDANCE (TYPE-4),331,1975,TRUE
Shuswap River_SU_0.3,STh-SHUR,DU12,CK-15,SHUSWAP RIVER-MIDDLE,46447,2017,TRUE ABUNDANCE (TYPE-2),552,1975,TRUE
Shuswap River_SU_0.3,STh-SHUR,DU12,CK-15,SHUSWAP RIVER-MIDDLE,46447,2018,TRUE ABUNDANCE (TYPE-2),1175,1975,TRUE
Shuswap River_SU_0.3,STh-SHUR,DU12,CK-15,SHUSWAP RIVER-MIDDLE,46447,2019,TRUE ABUNDANCE (TYPE-2),1058,1975,TRUE
Shuswap River_SU_0.3,STh-SHUR,DU12,CK-15,SHUSWAP RIVER-MIDDLE,46447,2020,TRUE ABUNDANCE (TYPE-2),808,1975,TRUE
Shuswap River_SU_0.3,STh-SHUR,DU12,CK-15,SHUSWAP RIVER-MIDDLE,46447,2021,TRUE ABUNDANCE (TYPE-2),1267,1975,TRUE
Shuswap River_SU_0.3,STh-SHUR,DU12,CK-15,SHUSWAP RIVER-MIDDLE,46447,2022,TRUE ABUNDANCE (TYPE-2),1207,1975,TRUE
Shuswap River_SU_0.3,STh-SHUR,DU12,CK-15,SHUSWAP RIVER-MIDDLE,46447,2023,TRUE ABUNDANCE (TYPE-2),2896,1975,TRUE
Shuswap River_SU_0.3,STh-SHUR,DU12,CK-15,SHUSWAP RIVER-MIDDLE,46447,2024,QualFiltered,NA,1975,TRUE
Shuswap River_SU_0.3,STh-SHUR,DU12,CK-15,WAP CREEK,46527,1975,QualFiltered,NA,1975,TRUE
Shuswap River_SU_0.3,STh-SHUR,DU12,CK-15,WAP CREEK,46527,1976,QualFiltered,NA,1975,TRUE
Shuswap River_SU_0.3,STh-SHUR,DU12,CK-15,WAP CREEK,46527,1977,QualFiltered,NA,1975,TRUE
Shuswap River_SU_0.3,STh-SHUR,DU12,CK-15,WAP CREEK,46527,1978,QualFiltered,NA,1975,TRUE
Shuswap River_SU_0.3,STh-SHUR,DU12,CK-15,WAP CREEK,46527,1979,QualFiltered,NA,1975,TRUE
Shuswap River_SU_0.3,STh-SHUR,DU12,CK-15,WAP CREEK,46527,1980,QualFiltered,NA,1975,TRUE
Shuswap River_SU_0.3,STh-SHUR,DU12,CK-15,WAP CREEK,46527,1981,QualFiltered,NA,1975,TRUE
Shuswap River_SU_0.3,STh-SHUR,DU12,CK-15,WAP CREEK,46527,1982,QualFiltered,NA,1975,TRUE
Shuswap River_SU_0.3,STh-SHUR,DU12,CK-15,WAP CREEK,46527,1983,QualFiltered,NA,1975,TRUE
Shuswap River_SU_0.3,STh-SHUR,DU12,CK-15,WAP CREEK,46527,1984,QualFiltered,NA,1975,TRUE
Shuswap River_SU_0.3,STh-SHUR,DU12,CK-15,WAP CREEK,46527,1985,QualFiltered,NA,1975,TRUE
Shuswap River_SU_0.3,STh-SHUR,DU12,CK-15,WAP CREEK,46527,1986,QualFiltered,NA,1975,TRUE
Shuswap River_SU_0.3,STh-SHUR,DU12,CK-15,WAP CREEK,46527,1987,QualFiltered,NA,1975,TRUE
Shuswap River_SU_0.3,STh-SHUR,DU12,CK-15,WAP CREEK,46527,1988,QualFiltered,NA,1975,TRUE
Shuswap River_SU_0.3,STh-SHUR,DU12,CK-15,WAP CREEK,46527,1989,QualFiltered,NA,1975,TRUE
Shuswap River_SU_0.3,STh-SHUR,DU12,CK-15,WAP CREEK,46527,1990,QualFiltered,NA,1975,TRUE
Shuswap River_SU_0.3,STh-SHUR,DU12,CK-15,WAP CREEK,46527,1991,QualFiltered,NA,1975,TRUE
Shuswap River_SU_0.3,STh-SHUR,DU12,CK-15,WAP CREEK,46527,1992,QualFiltered,NA,1975,TRUE
Shuswap River_SU_0.3,STh-SHUR,DU12,CK-15,WAP CREEK,46527,1993,QualFiltered,NA,1975,TRUE
Shuswap River_SU_0.3,STh-SHUR,DU12,CK-15,WAP CREEK,46527,1994,QualFiltered,NA,1975,TRUE
Shuswap River_SU_0.3,STh-SHUR,DU12,CK-15,WAP CREEK,46527,1995,QualFiltered,NA,1975,TRUE
Shuswap River_SU_0.3,STh-SHUR,DU12,CK-15,WAP CREEK,46527,1996,QualFiltered,NA,1975,TRUE
Shuswap River_SU_0.3,STh-SHUR,DU12,CK-15,WAP CREEK,46527,1997,RELATIVE ABUNDANCE (TYPE-4),NA,1975,TRUE
Shuswap River_SU_0.3,STh-SHUR,DU12,CK-15,WAP CREEK,46527,1998,RELATIVE ABUNDANCE (TYPE-4),NA,1975,TRUE
Shuswap River_SU_0.3,STh-SHUR,DU12,CK-15,WAP CREEK,46527,1999,RELATIVE ABUNDANCE (TYPE-4),NA,1975,TRUE
Shuswap River_SU_0.3,STh-SHUR,DU12,CK-15,WAP CREEK,46527,2000,RELATIVE ABUNDANCE (TYPE-4),NA,1975,TRUE
Shuswap River_SU_0.3,STh-SHUR,DU12,CK-15,WAP CREEK,46527,2001,RELATIVE ABUNDANCE (TYPE-4),NA,1975,TRUE
Shuswap River_SU_0.3,STh-SHUR,DU12,CK-15,WAP CREEK,46527,2002,RELATIVE ABUNDANCE (TYPE-4),NA,1975,TRUE
Shuswap River_SU_0.3,STh-SHUR,DU12,CK-15,WAP CREEK,46527,2003,QualFiltered,NA,1975,TRUE
Shuswap River_SU_0.3,STh-SHUR,DU12,CK-15,WAP CREEK,46527,2004,QualFiltered,NA,1975,TRUE
Shuswap River_SU_0.3,STh-SHUR,DU12,CK-15,WAP CREEK,46527,2005,QualFiltered,NA,1975,TRUE
Shuswap River_SU_0.3,STh-SHUR,DU12,CK-15,WAP CREEK,46527,2006,QualFiltered,NA,1975,TRUE
Shuswap River_SU_0.3,STh-SHUR,DU12,CK-15,WAP CREEK,46527,2007,RELATIVE ABUNDANCE (TYPE-4),NA,1975,TRUE
Shuswap River_SU_0.3,STh-SHUR,DU12,CK-15,WAP CREEK,46527,2008,QualFiltered,NA,1975,TRUE
Shuswap River_SU_0.3,STh-SHUR,DU12,CK-15,WAP CREEK,46527,2009,RELATIVE ABUNDANCE (TYPE-4),NA,1975,TRUE
Shuswap River_SU_0.3,STh-SHUR,DU12,CK-15,WAP CREEK,46527,2010,RELATIVE ABUNDANCE (TYPE-4),NA,1975,TRUE
Shuswap River_SU_0.3,STh-SHUR,DU12,CK-15,WAP CREEK,46527,2011,RELATIVE ABUNDANCE (TYPE-4),NA,1975,TRUE
Shuswap River_SU_0.3,STh-SHUR,DU12,CK-15,WAP CREEK,46527,2012,QualFiltered,NA,1975,TRUE
Shuswap River_SU_0.3,STh-SHUR,DU12,CK-15,WAP CREEK,46527,2013,RELATIVE ABUNDANCE (TYPE-4),NA,1975,TRUE
Shuswap River_SU_0.3,STh-SHUR,DU12,CK-15,WAP CREEK,46527,2014,RELATIVE ABUNDANCE (TYPE-4),NA,1975,TRUE
Shuswap River_SU_0.3,STh-SHUR,DU12,CK-15,WAP CREEK,46527,2015,RELATIVE ABUNDANCE (TYPE-4),NA,1975,TRUE
Shuswap River_SU_0.3,STh-SHUR,DU12,CK-15,WAP CREEK,46527,2016,QualFiltered,NA,1975,TRUE
Shuswap River_SU_0.3,STh-SHUR,DU12,CK-15,WAP CREEK,46527,2017,RELATIVE ABUNDANCE (TYPE-4),NA,1975,TRUE
Shuswap River_SU_0.3,STh-SHUR,DU12,CK-15,WAP CREEK,46527,2018,RELATIVE ABUNDANCE (TYPE-4),NA,1975,TRUE
Shuswap River_SU_0.3,STh-SHUR,DU12,CK-15,WAP CREEK,46527,2019,RELATIVE ABUNDANCE (TYPE-4),NA,1975,TRUE
Shuswap River_SU_0.3,STh-SHUR,DU12,CK-15,WAP CREEK,46527,2020,QualFiltered,NA,1975,TRUE
Shuswap River_SU_0.3,STh-SHUR,DU12,CK-15,WAP CREEK,46527,2021,QualFiltered,NA,1975,TRUE
Shuswap River_SU_0.3,STh-SHUR,DU12,CK-15,WAP CREEK,46527,2022,RELATIVE ABUNDANCE (TYPE-4),NA,1975,TRUE
Shuswap River_SU_0.3,STh-SHUR,DU12,CK-15,WAP CREEK,46527,2023,RELATIVE ABUNDANCE (TYPE-4),NA,1975,TRUE
South Thompson-Bessette Creek_SU_1.2,STh-BESS,DU14,CK-16,BESSETTE CREEK,46548,1975,QualFiltered,NA,1995,FALSE
South Thompson-Bessette Creek_SU_1.2,STh-BESS,DU14,CK-16,BESSETTE CREEK,46548,1976,QualFiltered,NA,1995,FALSE
South Thompson-Bessette Creek_SU_1.2,STh-BESS,DU14,CK-16,BESSETTE CREEK,46548,1977,QualFiltered,NA,1995,FALSE
South Thompson-Bessette Creek_SU_1.2,STh-BESS,DU14,CK-16,BESSETTE CREEK,46548,1978,QualFiltered,NA,1995,FALSE
South Thompson-Bessette Creek_SU_1.2,STh-BESS,DU14,CK-16,BESSETTE CREEK,46548,1979,QualFiltered,NA,1995,FALSE
South Thompson-Bessette Creek_SU_1.2,STh-BESS,DU14,CK-16,BESSETTE CREEK,46548,1980,QualFiltered,NA,1995,FALSE
South Thompson-Bessette Creek_SU_1.2,STh-BESS,DU14,CK-16,BESSETTE CREEK,46548,1981,QualFiltered,NA,1995,FALSE
South Thompson-Bessette Creek_SU_1.2,STh-BESS,DU14,CK-16,BESSETTE CREEK,46548,1982,QualFiltered,NA,1995,FALSE
South Thompson-Bessette Creek_SU_1.2,STh-BESS,DU14,CK-16,BESSETTE CREEK,46548,1983,QualFiltered,NA,1995,FALSE
South Thompson-Bessette Creek_SU_1.2,STh-BESS,DU14,CK-16,BESSETTE CREEK,46548,1984,QualFiltered,NA,1995,FALSE
South Thompson-Bessette Creek_SU_1.2,STh-BESS,DU14,CK-16,BESSETTE CREEK,46548,1985,QualFiltered,NA,1995,FALSE
South Thompson-Bessette Creek_SU_1.2,STh-BESS,DU14,CK-16,BESSETTE CREEK,46548,1986,QualFiltered,NA,1995,FALSE
South Thompson-Bessette Creek_SU_1.2,STh-BESS,DU14,CK-16,BESSETTE CREEK,46548,1987,QualFiltered,NA,1995,FALSE
South Thompson-Bessette Creek_SU_1.2,STh-BESS,DU14,CK-16,BESSETTE CREEK,46548,1988,QualFiltered,NA,1995,FALSE
South Thompson-Bessette Creek_SU_1.2,STh-BESS,DU14,CK-16,BESSETTE CREEK,46548,1989,QualFiltered,NA,1995,FALSE
South Thompson-Bessette Creek_SU_1.2,STh-BESS,DU14,CK-16,BESSETTE CREEK,46548,1990,QualFiltered,NA,1995,FALSE
South Thompson-Bessette Creek_SU_1.2,STh-BESS,DU14,CK-16,BESSETTE CREEK,46548,1991,QualFiltered,NA,1995,FALSE
South Thompson-Bessette Creek_SU_1.2,STh-BESS,DU14,CK-16,BESSETTE CREEK,46548,1992,QualFiltered,NA,1995,FALSE
South Thompson-Bessette Creek_SU_1.2,STh-BESS,DU14,CK-16,BESSETTE CREEK,46548,1993,QualFiltered,NA,1995,FALSE
South Thompson-Bessette Creek_SU_1.2,STh-BESS,DU14,CK-16,BESSETTE CREEK,46548,1994,QualFiltered,NA,1995,FALSE
South Thompson-Bessette Creek_SU_1.2,STh-BESS,DU14,CK-16,BESSETTE CREEK,46548,1995,INFILL,93.67630435,1995,TRUE
South Thompson-Bessette Creek_SU_1.2,STh-BESS,DU14,CK-16,BESSETTE CREEK,46548,1996,INFILL,140.560774,1995,TRUE
South Thompson-Bessette Creek_SU_1.2,STh-BESS,DU14,CK-16,BESSETTE CREEK,46548,1997,INFILL,123.2989246,1995,TRUE
South Thompson-Bessette Creek_SU_1.2,STh-BESS,DU14,CK-16,BESSETTE CREEK,46548,1998,INFILL,26.33895191,1995,TRUE
South Thompson-Bessette Creek_SU_1.2,STh-BESS,DU14,CK-16,BESSETTE CREEK,46548,1999,RELATIVE ABUNDANCE (TYPE-4),234,1995,TRUE
South Thompson-Bessette Creek_SU_1.2,STh-BESS,DU14,CK-16,BESSETTE CREEK,46548,2000,RELATIVE ABUNDANCE (TYPE-3),49,1995,TRUE
South Thompson-Bessette Creek_SU_1.2,STh-BESS,DU14,CK-16,BESSETTE CREEK,46548,2001,RELATIVE ABUNDANCE (TYPE-3),258,1995,TRUE
South Thompson-Bessette Creek_SU_1.2,STh-BESS,DU14,CK-16,BESSETTE CREEK,46548,2002,INFILL,177.1893129,1995,TRUE
South Thompson-Bessette Creek_SU_1.2,STh-BESS,DU14,CK-16,BESSETTE CREEK,46548,2003,RELATIVE ABUNDANCE (TYPE-3),194,1995,TRUE
South Thompson-Bessette Creek_SU_1.2,STh-BESS,DU14,CK-16,BESSETTE CREEK,46548,2004,INFILL,117.3280585,1995,TRUE
South Thompson-Bessette Creek_SU_1.2,STh-BESS,DU14,CK-16,BESSETTE CREEK,46548,2005,RELATIVE ABUNDANCE (TYPE-4),72,1995,TRUE
South Thompson-Bessette Creek_SU_1.2,STh-BESS,DU14,CK-16,BESSETTE CREEK,46548,2006,RELATIVE ABUNDANCE (TYPE-4),186,1995,TRUE
South Thompson-Bessette Creek_SU_1.2,STh-BESS,DU14,CK-16,BESSETTE CREEK,46548,2007,INFILL,0,1995,TRUE
South Thompson-Bessette Creek_SU_1.2,STh-BESS,DU14,CK-16,BESSETTE CREEK,46548,2008,RELATIVE ABUNDANCE (TYPE-4),71,1995,TRUE
South Thompson-Bessette Creek_SU_1.2,STh-BESS,DU14,CK-16,BESSETTE CREEK,46548,2009,RELATIVE ABUNDANCE (TYPE-3),25,1995,TRUE
South Thompson-Bessette Creek_SU_1.2,STh-BESS,DU14,CK-16,BESSETTE CREEK,46548,2010,RELATIVE ABUNDANCE (TYPE-3),135,1995,TRUE
South Thompson-Bessette Creek_SU_1.2,STh-BESS,DU14,CK-16,BESSETTE CREEK,46548,2011,RELATIVE ABUNDANCE (TYPE-3),8,1995,TRUE
South Thompson-Bessette Creek_SU_1.2,STh-BESS,DU14,CK-16,BESSETTE CREEK,46548,2012,RELATIVE ABUNDANCE (TYPE-3),9,1995,TRUE
South Thompson-Bessette Creek_SU_1.2,STh-BESS,DU14,CK-16,BESSETTE CREEK,46548,2013,RELATIVE ABUNDANCE (TYPE-3),165,1995,TRUE
South Thompson-Bessette Creek_SU_1.2,STh-BESS,DU14,CK-16,BESSETTE CREEK,46548,2014,RELATIVE ABUNDANCE (TYPE-3),82,1995,TRUE
South Thompson-Bessette Creek_SU_1.2,STh-BESS,DU14,CK-16,BESSETTE CREEK,46548,2015,RELATIVE ABUNDANCE (TYPE-3),128,1995,TRUE
South Thompson-Bessette Creek_SU_1.2,STh-BESS,DU14,CK-16,BESSETTE CREEK,46548,2016,RELATIVE ABUNDANCE (TYPE-4),6,1995,TRUE
South Thompson-Bessette Creek_SU_1.2,STh-BESS,DU14,CK-16,BESSETTE CREEK,46548,2017,RELATIVE ABUNDANCE (TYPE-3),9,1995,TRUE
South Thompson-Bessette Creek_SU_1.2,STh-BESS,DU14,CK-16,BESSETTE CREEK,46548,2018,RELATIVE ABUNDANCE (TYPE-3),3,1995,TRUE
South Thompson-Bessette Creek_SU_1.2,STh-BESS,DU14,CK-16,BESSETTE CREEK,46548,2019,INFILL,0,1995,TRUE
South Thompson-Bessette Creek_SU_1.2,STh-BESS,DU14,CK-16,BESSETTE CREEK,46548,2020,QualFiltered,NA,1995,TRUE
South Thompson-Bessette Creek_SU_1.2,STh-BESS,DU14,CK-16,BESSETTE CREEK,46548,2021,RELATIVE ABUNDANCE (TYPE-3),0,1995,TRUE
South Thompson-Bessette Creek_SU_1.2,STh-BESS,DU14,CK-16,BESSETTE CREEK,46548,2022,RELATIVE ABUNDANCE (TYPE-4),15,1995,TRUE
South Thompson-Bessette Creek_SU_1.2,STh-BESS,DU14,CK-16,BESSETTE CREEK,46548,2023,INFILL,4.788900348,1995,TRUE
South Thompson-Bessette Creek_SU_1.2,STh-BESS,DU14,CK-16,BESSETTE CREEK,46548,2024,RELATIVE ABUNDANCE (TYPE-3),2,1995,TRUE
South Thompson-Bessette Creek_SU_1.2,STh-BESS,DU14,CK-16,DUTEAU CREEK,46568,1975,QualFiltered,NA,1995,FALSE
South Thompson-Bessette Creek_SU_1.2,STh-BESS,DU14,CK-16,DUTEAU CREEK,46568,1976,QualFiltered,NA,1995,FALSE
South Thompson-Bessette Creek_SU_1.2,STh-BESS,DU14,CK-16,DUTEAU CREEK,46568,1977,QualFiltered,NA,1995,FALSE
South Thompson-Bessette Creek_SU_1.2,STh-BESS,DU14,CK-16,DUTEAU CREEK,46568,1978,QualFiltered,NA,1995,FALSE
South Thompson-Bessette Creek_SU_1.2,STh-BESS,DU14,CK-16,DUTEAU CREEK,46568,1979,QualFiltered,NA,1995,FALSE
South Thompson-Bessette Creek_SU_1.2,STh-BESS,DU14,CK-16,DUTEAU CREEK,46568,1980,QualFiltered,NA,1995,FALSE
South Thompson-Bessette Creek_SU_1.2,STh-BESS,DU14,CK-16,DUTEAU CREEK,46568,1981,QualFiltered,NA,1995,FALSE
South Thompson-Bessette Creek_SU_1.2,STh-BESS,DU14,CK-16,DUTEAU CREEK,46568,1982,QualFiltered,NA,1995,FALSE
South Thompson-Bessette Creek_SU_1.2,STh-BESS,DU14,CK-16,DUTEAU CREEK,46568,1983,QualFiltered,NA,1995,FALSE
South Thompson-Bessette Creek_SU_1.2,STh-BESS,DU14,CK-16,DUTEAU CREEK,46568,1984,QualFiltered,NA,1995,FALSE
South Thompson-Bessette Creek_SU_1.2,STh-BESS,DU14,CK-16,DUTEAU CREEK,46568,1985,QualFiltered,NA,1995,FALSE
South Thompson-Bessette Creek_SU_1.2,STh-BESS,DU14,CK-16,DUTEAU CREEK,46568,1986,RELATIVE ABUNDANCE (TYPE-3),30,1995,FALSE
South Thompson-Bessette Creek_SU_1.2,STh-BESS,DU14,CK-16,DUTEAU CREEK,46568,1987,QualFiltered,NA,1995,FALSE
South Thompson-Bessette Creek_SU_1.2,STh-BESS,DU14,CK-16,DUTEAU CREEK,46568,1988,QualFiltered,NA,1995,FALSE
South Thompson-Bessette Creek_SU_1.2,STh-BESS,DU14,CK-16,DUTEAU CREEK,46568,1989,QualFiltered,NA,1995,FALSE
South Thompson-Bessette Creek_SU_1.2,STh-BESS,DU14,CK-16,DUTEAU CREEK,46568,1990,RELATIVE ABUNDANCE (TYPE-3),15,1995,FALSE
South Thompson-Bessette Creek_SU_1.2,STh-BESS,DU14,CK-16,DUTEAU CREEK,46568,1991,RELATIVE ABUNDANCE (TYPE-3),0,1995,FALSE
South Thompson-Bessette Creek_SU_1.2,STh-BESS,DU14,CK-16,DUTEAU CREEK,46568,1992,RELATIVE ABUNDANCE (TYPE-3),0,1995,FALSE
South Thompson-Bessette Creek_SU_1.2,STh-BESS,DU14,CK-16,DUTEAU CREEK,46568,1993,RELATIVE ABUNDANCE (TYPE-3),115,1995,FALSE
South Thompson-Bessette Creek_SU_1.2,STh-BESS,DU14,CK-16,DUTEAU CREEK,46568,1994,RELATIVE ABUNDANCE (TYPE-3),68,1995,FALSE
South Thompson-Bessette Creek_SU_1.2,STh-BESS,DU14,CK-16,DUTEAU CREEK,46568,1995,RELATIVE ABUNDANCE (TYPE-3),29,1995,TRUE
South Thompson-Bessette Creek_SU_1.2,STh-BESS,DU14,CK-16,DUTEAU CREEK,46568,1996,RELATIVE ABUNDANCE (TYPE-3),42,1995,TRUE
South Thompson-Bessette Creek_SU_1.2,STh-BESS,DU14,CK-16,DUTEAU CREEK,46568,1997,RELATIVE ABUNDANCE (TYPE-3),48,1995,TRUE
South Thompson-Bessette Creek_SU_1.2,STh-BESS,DU14,CK-16,DUTEAU CREEK,46568,1998,RELATIVE ABUNDANCE (TYPE-3),9,1995,TRUE
South Thompson-Bessette Creek_SU_1.2,STh-BESS,DU14,CK-16,DUTEAU CREEK,46568,1999,RELATIVE ABUNDANCE (TYPE-3),41,1995,TRUE
South Thompson-Bessette Creek_SU_1.2,STh-BESS,DU14,CK-16,DUTEAU CREEK,46568,2000,RELATIVE ABUNDANCE (TYPE-3),31,1995,TRUE
South Thompson-Bessette Creek_SU_1.2,STh-BESS,DU14,CK-16,DUTEAU CREEK,46568,2001,RELATIVE ABUNDANCE (TYPE-3),118,1995,TRUE
South Thompson-Bessette Creek_SU_1.2,STh-BESS,DU14,CK-16,DUTEAU CREEK,46568,2002,RELATIVE ABUNDANCE (TYPE-3),68,1995,TRUE
South Thompson-Bessette Creek_SU_1.2,STh-BESS,DU14,CK-16,DUTEAU CREEK,46568,2003,RELATIVE ABUNDANCE (TYPE-3),5,1995,TRUE
South Thompson-Bessette Creek_SU_1.2,STh-BESS,DU14,CK-16,DUTEAU CREEK,46568,2004,RELATIVE ABUNDANCE (TYPE-3),23,1995,TRUE
South Thompson-Bessette Creek_SU_1.2,STh-BESS,DU14,CK-16,DUTEAU CREEK,46568,2005,RELATIVE ABUNDANCE (TYPE-4),91,1995,TRUE
South Thompson-Bessette Creek_SU_1.2,STh-BESS,DU14,CK-16,DUTEAU CREEK,46568,2006,RELATIVE ABUNDANCE (TYPE-3),68,1995,TRUE
South Thompson-Bessette Creek_SU_1.2,STh-BESS,DU14,CK-16,DUTEAU CREEK,46568,2007,RELATIVE ABUNDANCE (TYPE-3),0,1995,TRUE
South Thompson-Bessette Creek_SU_1.2,STh-BESS,DU14,CK-16,DUTEAU CREEK,46568,2008,RELATIVE ABUNDANCE (TYPE-4),6,1995,TRUE
South Thompson-Bessette Creek_SU_1.2,STh-BESS,DU14,CK-16,DUTEAU CREEK,46568,2009,RELATIVE ABUNDANCE (TYPE-3),3,1995,TRUE
South Thompson-Bessette Creek_SU_1.2,STh-BESS,DU14,CK-16,DUTEAU CREEK,46568,2010,RELATIVE ABUNDANCE (TYPE-3),49,1995,TRUE
South Thompson-Bessette Creek_SU_1.2,STh-BESS,DU14,CK-16,DUTEAU CREEK,46568,2011,RELATIVE ABUNDANCE (TYPE-3),0,1995,TRUE
South Thompson-Bessette Creek_SU_1.2,STh-BESS,DU14,CK-16,DUTEAU CREEK,46568,2012,RELATIVE ABUNDANCE (TYPE-3),5,1995,TRUE
South Thompson-Bessette Creek_SU_1.2,STh-BESS,DU14,CK-16,DUTEAU CREEK,46568,2013,RELATIVE ABUNDANCE (TYPE-3),22,1995,TRUE
South Thompson-Bessette Creek_SU_1.2,STh-BESS,DU14,CK-16,DUTEAU CREEK,46568,2014,RELATIVE ABUNDANCE (TYPE-3),3,1995,TRUE
South Thompson-Bessette Creek_SU_1.2,STh-BESS,DU14,CK-16,DUTEAU CREEK,46568,2015,RELATIVE ABUNDANCE (TYPE-3),14,1995,TRUE
South Thompson-Bessette Creek_SU_1.2,STh-BESS,DU14,CK-16,DUTEAU CREEK,46568,2016,RELATIVE ABUNDANCE (TYPE-3),0,1995,TRUE
South Thompson-Bessette Creek_SU_1.2,STh-BESS,DU14,CK-16,DUTEAU CREEK,46568,2017,RELATIVE ABUNDANCE (TYPE-3),5,1995,TRUE
South Thompson-Bessette Creek_SU_1.2,STh-BESS,DU14,CK-16,DUTEAU CREEK,46568,2018,INFILL,0.917614203,1995,TRUE
South Thompson-Bessette Creek_SU_1.2,STh-BESS,DU14,CK-16,DUTEAU CREEK,46568,2019,INFILL,0,1995,TRUE
South Thompson-Bessette Creek_SU_1.2,STh-BESS,DU14,CK-16,DUTEAU CREEK,46568,2020,QualFiltered,NA,1995,TRUE
South Thompson-Bessette Creek_SU_1.2,STh-BESS,DU14,CK-16,DUTEAU CREEK,46568,2021,RELATIVE ABUNDANCE (TYPE-4),0,1995,TRUE
South Thompson-Bessette Creek_SU_1.2,STh-BESS,DU14,CK-16,DUTEAU CREEK,46568,2022,RELATIVE ABUNDANCE (TYPE-4),8,1995,TRUE
South Thompson-Bessette Creek_SU_1.2,STh-BESS,DU14,CK-16,DUTEAU CREEK,46568,2023,RELATIVE ABUNDANCE (TYPE-3),2,1995,TRUE
South Thompson-Bessette Creek_SU_1.2,STh-BESS,DU14,CK-16,DUTEAU CREEK,46568,2024,RELATIVE ABUNDANCE (TYPE-3),0,1995,TRUE
South Thompson-Bessette Creek_SU_1.2,STh-BESS,DU14,CK-16,HARRIS CREEK,46578,1975,QualFiltered,NA,1995,FALSE
South Thompson-Bessette Creek_SU_1.2,STh-BESS,DU14,CK-16,HARRIS CREEK,46578,1976,QualFiltered,NA,1995,FALSE
South Thompson-Bessette Creek_SU_1.2,STh-BESS,DU14,CK-16,HARRIS CREEK,46578,1977,QualFiltered,NA,1995,FALSE
South Thompson-Bessette Creek_SU_1.2,STh-BESS,DU14,CK-16,HARRIS CREEK,46578,1978,QualFiltered,NA,1995,FALSE
South Thompson-Bessette Creek_SU_1.2,STh-BESS,DU14,CK-16,HARRIS CREEK,46578,1979,QualFiltered,NA,1995,FALSE
South Thompson-Bessette Creek_SU_1.2,STh-BESS,DU14,CK-16,HARRIS CREEK,46578,1980,QualFiltered,NA,1995,FALSE
South Thompson-Bessette Creek_SU_1.2,STh-BESS,DU14,CK-16,HARRIS CREEK,46578,1981,QualFiltered,NA,1995,FALSE
South Thompson-Bessette Creek_SU_1.2,STh-BESS,DU14,CK-16,HARRIS CREEK,46578,1982,QualFiltered,NA,1995,FALSE
South Thompson-Bessette Creek_SU_1.2,STh-BESS,DU14,CK-16,HARRIS CREEK,46578,1983,QualFiltered,NA,1995,FALSE
South Thompson-Bessette Creek_SU_1.2,STh-BESS,DU14,CK-16,HARRIS CREEK,46578,1984,QualFiltered,NA,1995,FALSE
South Thompson-Bessette Creek_SU_1.2,STh-BESS,DU14,CK-16,HARRIS CREEK,46578,1985,QualFiltered,NA,1995,FALSE
South Thompson-Bessette Creek_SU_1.2,STh-BESS,DU14,CK-16,HARRIS CREEK,46578,1986,QualFiltered,NA,1995,FALSE
South Thompson-Bessette Creek_SU_1.2,STh-BESS,DU14,CK-16,HARRIS CREEK,46578,1987,QualFiltered,NA,1995,FALSE
South Thompson-Bessette Creek_SU_1.2,STh-BESS,DU14,CK-16,HARRIS CREEK,46578,1988,QualFiltered,NA,1995,FALSE
South Thompson-Bessette Creek_SU_1.2,STh-BESS,DU14,CK-16,HARRIS CREEK,46578,1989,QualFiltered,NA,1995,FALSE
South Thompson-Bessette Creek_SU_1.2,STh-BESS,DU14,CK-16,HARRIS CREEK,46578,1990,QualFiltered,NA,1995,FALSE
South Thompson-Bessette Creek_SU_1.2,STh-BESS,DU14,CK-16,HARRIS CREEK,46578,1991,QualFiltered,NA,1995,FALSE
South Thompson-Bessette Creek_SU_1.2,STh-BESS,DU14,CK-16,HARRIS CREEK,46578,1992,QualFiltered,NA,1995,FALSE
South Thompson-Bessette Creek_SU_1.2,STh-BESS,DU14,CK-16,HARRIS CREEK,46578,1993,QualFiltered,NA,1995,FALSE
South Thompson-Bessette Creek_SU_1.2,STh-BESS,DU14,CK-16,HARRIS CREEK,46578,1994,RELATIVE ABUNDANCE (TYPE-4),17,1995,FALSE
South Thompson-Bessette Creek_SU_1.2,STh-BESS,DU14,CK-16,HARRIS CREEK,46578,1995,INFILL,8.987478261,1995,TRUE
South Thompson-Bessette Creek_SU_1.2,STh-BESS,DU14,CK-16,HARRIS CREEK,46578,1996,RELATIVE ABUNDANCE (TYPE-4),15,1995,TRUE
South Thompson-Bessette Creek_SU_1.2,STh-BESS,DU14,CK-16,HARRIS CREEK,46578,1997,RELATIVE ABUNDANCE (TYPE-3),2,1995,TRUE
South Thompson-Bessette Creek_SU_1.2,STh-BESS,DU14,CK-16,HARRIS CREEK,46578,1998,RELATIVE ABUNDANCE (TYPE-3),0,1995,TRUE
South Thompson-Bessette Creek_SU_1.2,STh-BESS,DU14,CK-16,HARRIS CREEK,46578,1999,RELATIVE ABUNDANCE (TYPE-4),6,1995,TRUE
South Thompson-Bessette Creek_SU_1.2,STh-BESS,DU14,CK-16,HARRIS CREEK,46578,2000,RELATIVE ABUNDANCE (TYPE-3),11,1995,TRUE
South Thompson-Bessette Creek_SU_1.2,STh-BESS,DU14,CK-16,HARRIS CREEK,46578,2001,RELATIVE ABUNDANCE (TYPE-3),78,1995,TRUE
South Thompson-Bessette Creek_SU_1.2,STh-BESS,DU14,CK-16,HARRIS CREEK,46578,2002,RELATIVE ABUNDANCE (TYPE-3),3,1995,TRUE
South Thompson-Bessette Creek_SU_1.2,STh-BESS,DU14,CK-16,HARRIS CREEK,46578,2003,RELATIVE ABUNDANCE (TYPE-3),6,1995,TRUE
South Thompson-Bessette Creek_SU_1.2,STh-BESS,DU14,CK-16,HARRIS CREEK,46578,2004,RELATIVE ABUNDANCE (TYPE-3),18,1995,TRUE
South Thompson-Bessette Creek_SU_1.2,STh-BESS,DU14,CK-16,HARRIS CREEK,46578,2005,RELATIVE ABUNDANCE (TYPE-3),14,1995,TRUE
South Thompson-Bessette Creek_SU_1.2,STh-BESS,DU14,CK-16,HARRIS CREEK,46578,2006,RELATIVE ABUNDANCE (TYPE-3),3,1995,TRUE
South Thompson-Bessette Creek_SU_1.2,STh-BESS,DU14,CK-16,HARRIS CREEK,46578,2007,RELATIVE ABUNDANCE (TYPE-3),0,1995,TRUE
South Thompson-Bessette Creek_SU_1.2,STh-BESS,DU14,CK-16,HARRIS CREEK,46578,2008,RELATIVE ABUNDANCE (TYPE-3),0,1995,TRUE
South Thompson-Bessette Creek_SU_1.2,STh-BESS,DU14,CK-16,HARRIS CREEK,46578,2009,RELATIVE ABUNDANCE (TYPE-3),0,1995,TRUE
South Thompson-Bessette Creek_SU_1.2,STh-BESS,DU14,CK-16,HARRIS CREEK,46578,2010,RELATIVE ABUNDANCE (TYPE-3),18,1995,TRUE
South Thompson-Bessette Creek_SU_1.2,STh-BESS,DU14,CK-16,HARRIS CREEK,46578,2011,RELATIVE ABUNDANCE (TYPE-3),0,1995,TRUE
South Thompson-Bessette Creek_SU_1.2,STh-BESS,DU14,CK-16,HARRIS CREEK,46578,2012,RELATIVE ABUNDANCE (TYPE-3),0,1995,TRUE
South Thompson-Bessette Creek_SU_1.2,STh-BESS,DU14,CK-16,HARRIS CREEK,46578,2013,RELATIVE ABUNDANCE (TYPE-3),8,1995,TRUE
South Thompson-Bessette Creek_SU_1.2,STh-BESS,DU14,CK-16,HARRIS CREEK,46578,2014,RELATIVE ABUNDANCE (TYPE-3),11,1995,TRUE
South Thompson-Bessette Creek_SU_1.2,STh-BESS,DU14,CK-16,HARRIS CREEK,46578,2015,RELATIVE ABUNDANCE (TYPE-3),0,1995,TRUE
South Thompson-Bessette Creek_SU_1.2,STh-BESS,DU14,CK-16,HARRIS CREEK,46578,2016,INFILL,0.435541525,1995,TRUE
South Thompson-Bessette Creek_SU_1.2,STh-BESS,DU14,CK-16,HARRIS CREEK,46578,2017,RELATIVE ABUNDANCE (TYPE-3),3,1995,TRUE
South Thompson-Bessette Creek_SU_1.2,STh-BESS,DU14,CK-16,HARRIS CREEK,46578,2018,INFILL,0.28438061,1995,TRUE
South Thompson-Bessette Creek_SU_1.2,STh-BESS,DU14,CK-16,HARRIS CREEK,46578,2019,INFILL,0,1995,TRUE
South Thompson-Bessette Creek_SU_1.2,STh-BESS,DU14,CK-16,HARRIS CREEK,46578,2020,QualFiltered,NA,1995,TRUE
South Thompson-Bessette Creek_SU_1.2,STh-BESS,DU14,CK-16,HARRIS CREEK,46578,2021,RELATIVE ABUNDANCE (TYPE-4),0,1995,TRUE
South Thompson-Bessette Creek_SU_1.2,STh-BESS,DU14,CK-16,HARRIS CREEK,46578,2022,RELATIVE ABUNDANCE (TYPE-4),2,1995,TRUE
South Thompson-Bessette Creek_SU_1.2,STh-BESS,DU14,CK-16,HARRIS CREEK,46578,2023,RELATIVE ABUNDANCE (TYPE-4),0,1995,TRUE
South Thompson-Bessette Creek_SU_1.2,STh-BESS,DU14,CK-16,HARRIS CREEK,46578,2024,RELATIVE ABUNDANCE (TYPE-4),0,1995,TRUE
North Thompson_SU_1.3,NTh-sum,DU17,CK-19,NORTH THOMPSON RIVER,46588,1975,QualFiltered,NA,1996,FALSE
North Thompson_SU_1.3,NTh-sum,DU17,CK-19,NORTH THOMPSON RIVER,46588,1976,QualFiltered,NA,1996,FALSE
North Thompson_SU_1.3,NTh-sum,DU17,CK-19,NORTH THOMPSON RIVER,46588,1977,QualFiltered,NA,1996,FALSE
North Thompson_SU_1.3,NTh-sum,DU17,CK-19,NORTH THOMPSON RIVER,46588,1978,QualFiltered,NA,1996,FALSE
North Thompson_SU_1.3,NTh-sum,DU17,CK-19,NORTH THOMPSON RIVER,46588,1979,QualFiltered,NA,1996,FALSE
North Thompson_SU_1.3,NTh-sum,DU17,CK-19,NORTH THOMPSON RIVER,46588,1980,QualFiltered,NA,1996,FALSE
North Thompson_SU_1.3,NTh-sum,DU17,CK-19,NORTH THOMPSON RIVER,46588,1981,QualFiltered,NA,1996,FALSE
North Thompson_SU_1.3,NTh-sum,DU17,CK-19,NORTH THOMPSON RIVER,46588,1982,QualFiltered,NA,1996,FALSE
North Thompson_SU_1.3,NTh-sum,DU17,CK-19,NORTH THOMPSON RIVER,46588,1983,QualFiltered,NA,1996,FALSE
North Thompson_SU_1.3,NTh-sum,DU17,CK-19,NORTH THOMPSON RIVER,46588,1984,QualFiltered,NA,1996,FALSE
North Thompson_SU_1.3,NTh-sum,DU17,CK-19,NORTH THOMPSON RIVER,46588,1985,QualFiltered,NA,1996,FALSE
North Thompson_SU_1.3,NTh-sum,DU17,CK-19,NORTH THOMPSON RIVER,46588,1986,QualFiltered,NA,1996,FALSE
North Thompson_SU_1.3,NTh-sum,DU17,CK-19,NORTH THOMPSON RIVER,46588,1987,QualFiltered,NA,1996,FALSE
North Thompson_SU_1.3,NTh-sum,DU17,CK-19,NORTH THOMPSON RIVER,46588,1988,QualFiltered,NA,1996,FALSE
North Thompson_SU_1.3,NTh-sum,DU17,CK-19,NORTH THOMPSON RIVER,46588,1989,QualFiltered,NA,1996,FALSE
North Thompson_SU_1.3,NTh-sum,DU17,CK-19,NORTH THOMPSON RIVER,46588,1990,QualFiltered,NA,1996,FALSE
North Thompson_SU_1.3,NTh-sum,DU17,CK-19,NORTH THOMPSON RIVER,46588,1991,QualFiltered,NA,1996,FALSE
North Thompson_SU_1.3,NTh-sum,DU17,CK-19,NORTH THOMPSON RIVER,46588,1992,QualFiltered,NA,1996,FALSE
North Thompson_SU_1.3,NTh-sum,DU17,CK-19,NORTH THOMPSON RIVER,46588,1993,QualFiltered,NA,1996,FALSE
North Thompson_SU_1.3,NTh-sum,DU17,CK-19,NORTH THOMPSON RIVER,46588,1994,QualFiltered,NA,1996,FALSE
North Thompson_SU_1.3,NTh-sum,DU17,CK-19,NORTH THOMPSON RIVER,46588,1995,QualFiltered,NA,1996,FALSE
North Thompson_SU_1.3,NTh-sum,DU17,CK-19,NORTH THOMPSON RIVER,46588,1996,QualFiltered,NA,1996,TRUE
North Thompson_SU_1.3,NTh-sum,DU17,CK-19,NORTH THOMPSON RIVER,46588,1997,QualFiltered,NA,1996,TRUE
North Thompson_SU_1.3,NTh-sum,DU17,CK-19,NORTH THOMPSON RIVER,46588,1998,RELATIVE ABUNDANCE (TYPE-4),NA,1996,TRUE
North Thompson_SU_1.3,NTh-sum,DU17,CK-19,NORTH THOMPSON RIVER,46588,1999,QualFiltered,NA,1996,TRUE
North Thompson_SU_1.3,NTh-sum,DU17,CK-19,NORTH THOMPSON RIVER,46588,2000,RELATIVE ABUNDANCE (TYPE-4),NA,1996,TRUE
North Thompson_SU_1.3,NTh-sum,DU17,CK-19,NORTH THOMPSON RIVER,46588,2001,RELATIVE ABUNDANCE (TYPE-4),NA,1996,TRUE
North Thompson_SU_1.3,NTh-sum,DU17,CK-19,NORTH THOMPSON RIVER,46588,2002,QualFiltered,NA,1996,TRUE
North Thompson_SU_1.3,NTh-sum,DU17,CK-19,NORTH THOMPSON RIVER,46588,2003,RELATIVE ABUNDANCE (TYPE-4),NA,1996,TRUE
North Thompson_SU_1.3,NTh-sum,DU17,CK-19,NORTH THOMPSON RIVER,46588,2004,QualFiltered,NA,1996,TRUE
North Thompson_SU_1.3,NTh-sum,DU17,CK-19,NORTH THOMPSON RIVER,46588,2005,QualFiltered,NA,1996,TRUE
North Thompson_SU_1.3,NTh-sum,DU17,CK-19,NORTH THOMPSON RIVER,46588,2006,RELATIVE ABUNDANCE (TYPE-4),NA,1996,TRUE
North Thompson_SU_1.3,NTh-sum,DU17,CK-19,NORTH THOMPSON RIVER,46588,2007,QualFiltered,NA,1996,TRUE
North Thompson_SU_1.3,NTh-sum,DU17,CK-19,NORTH THOMPSON RIVER,46588,2008,RELATIVE ABUNDANCE (TYPE-4),NA,1996,TRUE
North Thompson_SU_1.3,NTh-sum,DU17,CK-19,NORTH THOMPSON RIVER,46588,2009,QualFiltered,NA,1996,TRUE
North Thompson_SU_1.3,NTh-sum,DU17,CK-19,NORTH THOMPSON RIVER,46588,2010,RELATIVE ABUNDANCE (TYPE-4),NA,1996,TRUE
North Thompson_SU_1.3,NTh-sum,DU17,CK-19,NORTH THOMPSON RIVER,46588,2011,RELATIVE ABUNDANCE (TYPE-4),NA,1996,TRUE
North Thompson_SU_1.3,NTh-sum,DU17,CK-19,NORTH THOMPSON RIVER,46588,2012,RELATIVE ABUNDANCE (TYPE-4),NA,1996,TRUE
North Thompson_SU_1.3,NTh-sum,DU17,CK-19,NORTH THOMPSON RIVER,46588,2013,RELATIVE ABUNDANCE (TYPE-4),NA,1996,TRUE
North Thompson_SU_1.3,NTh-sum,DU17,CK-19,NORTH THOMPSON RIVER,46588,2014,RELATIVE ABUNDANCE (TYPE-4),NA,1996,TRUE
North Thompson_SU_1.3,NTh-sum,DU17,CK-19,NORTH THOMPSON RIVER,46588,2015,RELATIVE ABUNDANCE (TYPE-4),NA,1996,TRUE
North Thompson_SU_1.3,NTh-sum,DU17,CK-19,NORTH THOMPSON RIVER,46588,2016,RELATIVE ABUNDANCE (TYPE-4),NA,1996,TRUE
North Thompson_SU_1.3,NTh-sum,DU17,CK-19,NORTH THOMPSON RIVER,46588,2017,RELATIVE ABUNDANCE (TYPE-4),NA,1996,TRUE
North Thompson_SU_1.3,NTh-sum,DU17,CK-19,NORTH THOMPSON RIVER,46588,2018,QualFiltered,NA,1996,TRUE
North Thompson_SU_1.3,NTh-sum,DU17,CK-19,NORTH THOMPSON RIVER,46588,2019,QualFiltered,NA,1996,TRUE
North Thompson_SU_1.3,NTh-sum,DU17,CK-19,NORTH THOMPSON RIVER,46588,2020,QualFiltered,NA,1996,TRUE
North Thompson_SU_1.3,NTh-sum,DU17,CK-19,NORTH THOMPSON RIVER,46588,2021,QualFiltered,NA,1996,TRUE
North Thompson_SU_1.3,NTh-sum,DU17,CK-19,NORTH THOMPSON RIVER,46588,2022,QualFiltered,NA,1996,TRUE
North Thompson_SU_1.3,NTh-sum,DU17,CK-19,NORTH THOMPSON RIVER,46588,2023,QualFiltered,NA,1996,TRUE
Lower Thompson_SP_1.2,LTh,DU15,CK-17,LOUIS CREEK,46598,1975,QualFiltered,NA,1986,FALSE
Lower Thompson_SP_1.2,LTh,DU15,CK-17,LOUIS CREEK,46598,1976,QualFiltered,NA,1986,FALSE
Lower Thompson_SP_1.2,LTh,DU15,CK-17,LOUIS CREEK,46598,1977,QualFiltered,NA,1986,FALSE
Lower Thompson_SP_1.2,LTh,DU15,CK-17,LOUIS CREEK,46598,1978,QualFiltered,NA,1986,FALSE
Lower Thompson_SP_1.2,LTh,DU15,CK-17,LOUIS CREEK,46598,1979,QualFiltered,NA,1986,FALSE
Lower Thompson_SP_1.2,LTh,DU15,CK-17,LOUIS CREEK,46598,1980,QualFiltered,NA,1986,FALSE
Lower Thompson_SP_1.2,LTh,DU15,CK-17,LOUIS CREEK,46598,1981,QualFiltered,NA,1986,FALSE
Lower Thompson_SP_1.2,LTh,DU15,CK-17,LOUIS CREEK,46598,1982,QualFiltered,NA,1986,FALSE
Lower Thompson_SP_1.2,LTh,DU15,CK-17,LOUIS CREEK,46598,1983,QualFiltered,NA,1986,FALSE
Lower Thompson_SP_1.2,LTh,DU15,CK-17,LOUIS CREEK,46598,1984,QualFiltered,NA,1986,FALSE
Lower Thompson_SP_1.2,LTh,DU15,CK-17,LOUIS CREEK,46598,1985,RELATIVE ABUNDANCE (TYPE-4),110,1986,FALSE
Lower Thompson_SP_1.2,LTh,DU15,CK-17,LOUIS CREEK,46598,1986,RELATIVE ABUNDANCE (TYPE-4),150,1986,TRUE
Lower Thompson_SP_1.2,LTh,DU15,CK-17,LOUIS CREEK,46598,1987,RELATIVE ABUNDANCE (TYPE-4),25,1986,TRUE
Lower Thompson_SP_1.2,LTh,DU15,CK-17,LOUIS CREEK,46598,1988,RELATIVE ABUNDANCE (TYPE-4),80,1986,TRUE
Lower Thompson_SP_1.2,LTh,DU15,CK-17,LOUIS CREEK,46598,1989,RELATIVE ABUNDANCE (TYPE-4),325,1986,TRUE
Lower Thompson_SP_1.2,LTh,DU15,CK-17,LOUIS CREEK,46598,1990,RELATIVE ABUNDANCE (TYPE-4),32,1986,TRUE
Lower Thompson_SP_1.2,LTh,DU15,CK-17,LOUIS CREEK,46598,1991,RELATIVE ABUNDANCE (TYPE-4),9,1986,TRUE
Lower Thompson_SP_1.2,LTh,DU15,CK-17,LOUIS CREEK,46598,1992,TRUE ABUNDANCE (TYPE-1),6,1986,TRUE
Lower Thompson_SP_1.2,LTh,DU15,CK-17,LOUIS CREEK,46598,1993,RELATIVE ABUNDANCE (TYPE-4),3,1986,TRUE
Lower Thompson_SP_1.2,LTh,DU15,CK-17,LOUIS CREEK,46598,1994,RELATIVE ABUNDANCE (TYPE-4),768,1986,TRUE
Lower Thompson_SP_1.2,LTh,DU15,CK-17,LOUIS CREEK,46598,1995,RELATIVE ABUNDANCE (TYPE-4),394,1986,TRUE
Lower Thompson_SP_1.2,LTh,DU15,CK-17,LOUIS CREEK,46598,1996,RELATIVE ABUNDANCE (TYPE-4),487,1986,TRUE
Lower Thompson_SP_1.2,LTh,DU15,CK-17,LOUIS CREEK,46598,1997,TRUE ABUNDANCE (TYPE-1),480,1986,TRUE
Lower Thompson_SP_1.2,LTh,DU15,CK-17,LOUIS CREEK,46598,1998,RELATIVE ABUNDANCE (TYPE-4),61,1986,TRUE
Lower Thompson_SP_1.2,LTh,DU15,CK-17,LOUIS CREEK,46598,1999,TRUE ABUNDANCE (TYPE-1),183,1986,TRUE
Lower Thompson_SP_1.2,LTh,DU15,CK-17,LOUIS CREEK,46598,2000,TRUE ABUNDANCE (TYPE-1),611,1986,TRUE
Lower Thompson_SP_1.2,LTh,DU15,CK-17,LOUIS CREEK,46598,2001,TRUE ABUNDANCE (TYPE-1),403,1986,TRUE
Lower Thompson_SP_1.2,LTh,DU15,CK-17,LOUIS CREEK,46598,2002,TRUE ABUNDANCE (TYPE-1),503,1986,TRUE
Lower Thompson_SP_1.2,LTh,DU15,CK-17,LOUIS CREEK,46598,2003,RELATIVE ABUNDANCE (TYPE-4),198,1986,TRUE
Lower Thompson_SP_1.2,LTh,DU15,CK-17,LOUIS CREEK,46598,2004,TRUE ABUNDANCE (TYPE-1),152,1986,TRUE
Lower Thompson_SP_1.2,LTh,DU15,CK-17,LOUIS CREEK,46598,2005,RELATIVE ABUNDANCE (TYPE-4),96,1986,TRUE
Lower Thompson_SP_1.2,LTh,DU15,CK-17,LOUIS CREEK,46598,2006,RELATIVE ABUNDANCE (TYPE-4),753,1986,TRUE
Lower Thompson_SP_1.2,LTh,DU15,CK-17,LOUIS CREEK,46598,2007,RELATIVE ABUNDANCE (TYPE-4),43,1986,TRUE
Lower Thompson_SP_1.2,LTh,DU15,CK-17,LOUIS CREEK,46598,2008,RELATIVE ABUNDANCE (TYPE-4),227,1986,TRUE
Lower Thompson_SP_1.2,LTh,DU15,CK-17,LOUIS CREEK,46598,2009,RELATIVE ABUNDANCE (TYPE-4),14,1986,TRUE
Lower Thompson_SP_1.2,LTh,DU15,CK-17,LOUIS CREEK,46598,2010,RELATIVE ABUNDANCE (TYPE-4),368,1986,TRUE
Lower Thompson_SP_1.2,LTh,DU15,CK-17,LOUIS CREEK,46598,2011,RELATIVE ABUNDANCE (TYPE-4),172,1986,TRUE
Lower Thompson_SP_1.2,LTh,DU15,CK-17,LOUIS CREEK,46598,2012,RELATIVE ABUNDANCE (TYPE-4),452,1986,TRUE
Lower Thompson_SP_1.2,LTh,DU15,CK-17,LOUIS CREEK,46598,2013,RELATIVE ABUNDANCE (TYPE-4),280,1986,TRUE
Lower Thompson_SP_1.2,LTh,DU15,CK-17,LOUIS CREEK,46598,2014,RELATIVE ABUNDANCE (TYPE-3),690,1986,TRUE
Lower Thompson_SP_1.2,LTh,DU15,CK-17,LOUIS CREEK,46598,2015,RELATIVE ABUNDANCE (TYPE-3),191,1986,TRUE
Lower Thompson_SP_1.2,LTh,DU15,CK-17,LOUIS CREEK,46598,2016,RELATIVE ABUNDANCE (TYPE-4),370,1986,TRUE
Lower Thompson_SP_1.2,LTh,DU15,CK-17,LOUIS CREEK,46598,2017,RELATIVE ABUNDANCE (TYPE-3),60,1986,TRUE
Lower Thompson_SP_1.2,LTh,DU15,CK-17,LOUIS CREEK,46598,2018,RELATIVE ABUNDANCE (TYPE-3),108,1986,TRUE
Lower Thompson_SP_1.2,LTh,DU15,CK-17,LOUIS CREEK,46598,2019,RELATIVE ABUNDANCE (TYPE-3),213,1986,TRUE
Lower Thompson_SP_1.2,LTh,DU15,CK-17,LOUIS CREEK,46598,2020,RELATIVE ABUNDANCE (TYPE-4),253,1986,TRUE
Lower Thompson_SP_1.2,LTh,DU15,CK-17,LOUIS CREEK,46598,2021,RELATIVE ABUNDANCE (TYPE-4),327,1986,TRUE
Lower Thompson_SP_1.2,LTh,DU15,CK-17,LOUIS CREEK,46598,2022,RELATIVE ABUNDANCE (TYPE-4),165,1986,TRUE
Lower Thompson_SP_1.2,LTh,DU15,CK-17,LOUIS CREEK,46598,2023,RELATIVE ABUNDANCE (TYPE-3),607,1986,TRUE
Lower Thompson_SP_1.2,LTh,DU15,CK-17,LOUIS CREEK,46598,2024,RELATIVE ABUNDANCE (TYPE-3),75,1986,TRUE
North Thompson_SU_1.3,NTh-sum,DU17,CK-19,BARRIERE RIVER,46608,1975,QualFiltered,NA,1996,FALSE
North Thompson_SU_1.3,NTh-sum,DU17,CK-19,BARRIERE RIVER,46608,1976,QualFiltered,NA,1996,FALSE
North Thompson_SU_1.3,NTh-sum,DU17,CK-19,BARRIERE RIVER,46608,1977,QualFiltered,NA,1996,FALSE
North Thompson_SU_1.3,NTh-sum,DU17,CK-19,BARRIERE RIVER,46608,1978,QualFiltered,NA,1996,FALSE
North Thompson_SU_1.3,NTh-sum,DU17,CK-19,BARRIERE RIVER,46608,1979,QualFiltered,NA,1996,FALSE
North Thompson_SU_1.3,NTh-sum,DU17,CK-19,BARRIERE RIVER,46608,1980,QualFiltered,NA,1996,FALSE
North Thompson_SU_1.3,NTh-sum,DU17,CK-19,BARRIERE RIVER,46608,1981,QualFiltered,NA,1996,FALSE
North Thompson_SU_1.3,NTh-sum,DU17,CK-19,BARRIERE RIVER,46608,1982,QualFiltered,NA,1996,FALSE
North Thompson_SU_1.3,NTh-sum,DU17,CK-19,BARRIERE RIVER,46608,1983,QualFiltered,NA,1996,FALSE
North Thompson_SU_1.3,NTh-sum,DU17,CK-19,BARRIERE RIVER,46608,1984,QualFiltered,NA,1996,FALSE
North Thompson_SU_1.3,NTh-sum,DU17,CK-19,BARRIERE RIVER,46608,1985,QualFiltered,NA,1996,FALSE
North Thompson_SU_1.3,NTh-sum,DU17,CK-19,BARRIERE RIVER,46608,1986,QualFiltered,NA,1996,FALSE
North Thompson_SU_1.3,NTh-sum,DU17,CK-19,BARRIERE RIVER,46608,1987,QualFiltered,NA,1996,FALSE
North Thompson_SU_1.3,NTh-sum,DU17,CK-19,BARRIERE RIVER,46608,1988,QualFiltered,NA,1996,FALSE
North Thompson_SU_1.3,NTh-sum,DU17,CK-19,BARRIERE RIVER,46608,1989,QualFiltered,NA,1996,FALSE
North Thompson_SU_1.3,NTh-sum,DU17,CK-19,BARRIERE RIVER,46608,1990,QualFiltered,NA,1996,FALSE
North Thompson_SU_1.3,NTh-sum,DU17,CK-19,BARRIERE RIVER,46608,1991,QualFiltered,NA,1996,FALSE
North Thompson_SU_1.3,NTh-sum,DU17,CK-19,BARRIERE RIVER,46608,1992,QualFiltered,NA,1996,FALSE
North Thompson_SU_1.3,NTh-sum,DU17,CK-19,BARRIERE RIVER,46608,1993,QualFiltered,NA,1996,FALSE
North Thompson_SU_1.3,NTh-sum,DU17,CK-19,BARRIERE RIVER,46608,1994,QualFiltered,NA,1996,FALSE
North Thompson_SU_1.3,NTh-sum,DU17,CK-19,BARRIERE RIVER,46608,1995,QualFiltered,NA,1996,FALSE
North Thompson_SU_1.3,NTh-sum,DU17,CK-19,BARRIERE RIVER,46608,1996,INFILL,319.4996372,1996,TRUE
North Thompson_SU_1.3,NTh-sum,DU17,CK-19,BARRIERE RIVER,46608,1997,INFILL,320.211682,1996,TRUE
North Thompson_SU_1.3,NTh-sum,DU17,CK-19,BARRIERE RIVER,46608,1998,INFILL,340.3734648,1996,TRUE
North Thompson_SU_1.3,NTh-sum,DU17,CK-19,BARRIERE RIVER,46608,1999,INFILL,415.1300687,1996,TRUE
North Thompson_SU_1.3,NTh-sum,DU17,CK-19,BARRIERE RIVER,46608,2000,RELATIVE ABUNDANCE (TYPE-4),77,1996,TRUE
North Thompson_SU_1.3,NTh-sum,DU17,CK-19,BARRIERE RIVER,46608,2001,RELATIVE ABUNDANCE (TYPE-4),362,1996,TRUE
North Thompson_SU_1.3,NTh-sum,DU17,CK-19,BARRIERE RIVER,46608,2002,RELATIVE ABUNDANCE (TYPE-4),377,1996,TRUE
North Thompson_SU_1.3,NTh-sum,DU17,CK-19,BARRIERE RIVER,46608,2003,RELATIVE ABUNDANCE (TYPE-4),131,1996,TRUE
North Thompson_SU_1.3,NTh-sum,DU17,CK-19,BARRIERE RIVER,46608,2004,RELATIVE ABUNDANCE (TYPE-4),306,1996,TRUE
North Thompson_SU_1.3,NTh-sum,DU17,CK-19,BARRIERE RIVER,46608,2005,RELATIVE ABUNDANCE (TYPE-4),220,1996,TRUE
North Thompson_SU_1.3,NTh-sum,DU17,CK-19,BARRIERE RIVER,46608,2006,RELATIVE ABUNDANCE (TYPE-4),215,1996,TRUE
North Thompson_SU_1.3,NTh-sum,DU17,CK-19,BARRIERE RIVER,46608,2007,RELATIVE ABUNDANCE (TYPE-4),100,1996,TRUE
North Thompson_SU_1.3,NTh-sum,DU17,CK-19,BARRIERE RIVER,46608,2008,RELATIVE ABUNDANCE (TYPE-4),101,1996,TRUE
North Thompson_SU_1.3,NTh-sum,DU17,CK-19,BARRIERE RIVER,46608,2009,RELATIVE ABUNDANCE (TYPE-4),37,1996,TRUE
North Thompson_SU_1.3,NTh-sum,DU17,CK-19,BARRIERE RIVER,46608,2010,RELATIVE ABUNDANCE (TYPE-4),132,1996,TRUE
North Thompson_SU_1.3,NTh-sum,DU17,CK-19,BARRIERE RIVER,46608,2011,RELATIVE ABUNDANCE (TYPE-4),112,1996,TRUE
North Thompson_SU_1.3,NTh-sum,DU17,CK-19,BARRIERE RIVER,46608,2012,RELATIVE ABUNDANCE (TYPE-4),192,1996,TRUE
North Thompson_SU_1.3,NTh-sum,DU17,CK-19,BARRIERE RIVER,46608,2013,RELATIVE ABUNDANCE (TYPE-4),115,1996,TRUE
North Thompson_SU_1.3,NTh-sum,DU17,CK-19,BARRIERE RIVER,46608,2014,RELATIVE ABUNDANCE (TYPE-4),132,1996,TRUE
North Thompson_SU_1.3,NTh-sum,DU17,CK-19,BARRIERE RIVER,46608,2015,RELATIVE ABUNDANCE (TYPE-4),149,1996,TRUE
North Thompson_SU_1.3,NTh-sum,DU17,CK-19,BARRIERE RIVER,46608,2016,RELATIVE ABUNDANCE (TYPE-4),62,1996,TRUE
North Thompson_SU_1.3,NTh-sum,DU17,CK-19,BARRIERE RIVER,46608,2017,RELATIVE ABUNDANCE (TYPE-4),11,1996,TRUE
North Thompson_SU_1.3,NTh-sum,DU17,CK-19,BARRIERE RIVER,46608,2018,RELATIVE ABUNDANCE (TYPE-4),60,1996,TRUE
North Thompson_SU_1.3,NTh-sum,DU17,CK-19,BARRIERE RIVER,46608,2019,RELATIVE ABUNDANCE (TYPE-4),89,1996,TRUE
North Thompson_SU_1.3,NTh-sum,DU17,CK-19,BARRIERE RIVER,46608,2020,RELATIVE ABUNDANCE (TYPE-4),329,1996,TRUE
North Thompson_SU_1.3,NTh-sum,DU17,CK-19,BARRIERE RIVER,46608,2021,RELATIVE ABUNDANCE (TYPE-4),29,1996,TRUE
North Thompson_SU_1.3,NTh-sum,DU17,CK-19,BARRIERE RIVER,46608,2022,RELATIVE ABUNDANCE (TYPE-4),309,1996,TRUE
North Thompson_SU_1.3,NTh-sum,DU17,CK-19,BARRIERE RIVER,46608,2023,RELATIVE ABUNDANCE (TYPE-4),40,1996,TRUE
North Thompson_SU_1.3,NTh-sum,DU17,CK-19,LEMIEUX CREEK,46648,1975,QualFiltered,NA,1996,FALSE
North Thompson_SU_1.3,NTh-sum,DU17,CK-19,LEMIEUX CREEK,46648,1976,QualFiltered,NA,1996,FALSE
North Thompson_SU_1.3,NTh-sum,DU17,CK-19,LEMIEUX CREEK,46648,1977,QualFiltered,NA,1996,FALSE
North Thompson_SU_1.3,NTh-sum,DU17,CK-19,LEMIEUX CREEK,46648,1978,QualFiltered,NA,1996,FALSE
North Thompson_SU_1.3,NTh-sum,DU17,CK-19,LEMIEUX CREEK,46648,1979,QualFiltered,NA,1996,FALSE
North Thompson_SU_1.3,NTh-sum,DU17,CK-19,LEMIEUX CREEK,46648,1980,QualFiltered,NA,1996,FALSE
North Thompson_SU_1.3,NTh-sum,DU17,CK-19,LEMIEUX CREEK,46648,1981,QualFiltered,NA,1996,FALSE
North Thompson_SU_1.3,NTh-sum,DU17,CK-19,LEMIEUX CREEK,46648,1982,QualFiltered,NA,1996,FALSE
North Thompson_SU_1.3,NTh-sum,DU17,CK-19,LEMIEUX CREEK,46648,1983,QualFiltered,NA,1996,FALSE
North Thompson_SU_1.3,NTh-sum,DU17,CK-19,LEMIEUX CREEK,46648,1984,QualFiltered,NA,1996,FALSE
North Thompson_SU_1.3,NTh-sum,DU17,CK-19,LEMIEUX CREEK,46648,1985,QualFiltered,NA,1996,FALSE
North Thompson_SU_1.3,NTh-sum,DU17,CK-19,LEMIEUX CREEK,46648,1986,QualFiltered,NA,1996,FALSE
North Thompson_SU_1.3,NTh-sum,DU17,CK-19,LEMIEUX CREEK,46648,1987,QualFiltered,NA,1996,FALSE
North Thompson_SU_1.3,NTh-sum,DU17,CK-19,LEMIEUX CREEK,46648,1988,QualFiltered,NA,1996,FALSE
North Thompson_SU_1.3,NTh-sum,DU17,CK-19,LEMIEUX CREEK,46648,1989,QualFiltered,NA,1996,FALSE
North Thompson_SU_1.3,NTh-sum,DU17,CK-19,LEMIEUX CREEK,46648,1990,QualFiltered,NA,1996,FALSE
North Thompson_SU_1.3,NTh-sum,DU17,CK-19,LEMIEUX CREEK,46648,1991,QualFiltered,NA,1996,FALSE
North Thompson_SU_1.3,NTh-sum,DU17,CK-19,LEMIEUX CREEK,46648,1992,QualFiltered,NA,1996,FALSE
North Thompson_SU_1.3,NTh-sum,DU17,CK-19,LEMIEUX CREEK,46648,1993,QualFiltered,NA,1996,FALSE
North Thompson_SU_1.3,NTh-sum,DU17,CK-19,LEMIEUX CREEK,46648,1994,QualFiltered,NA,1996,FALSE
North Thompson_SU_1.3,NTh-sum,DU17,CK-19,LEMIEUX CREEK,46648,1995,QualFiltered,NA,1996,FALSE
North Thompson_SU_1.3,NTh-sum,DU17,CK-19,LEMIEUX CREEK,46648,1996,INFILL,92.2883411,1996,TRUE
North Thompson_SU_1.3,NTh-sum,DU17,CK-19,LEMIEUX CREEK,46648,1997,INFILL,92.49401718,1996,TRUE
North Thompson_SU_1.3,NTh-sum,DU17,CK-19,LEMIEUX CREEK,46648,1998,INFILL,98.3178031,1996,TRUE
North Thompson_SU_1.3,NTh-sum,DU17,CK-19,LEMIEUX CREEK,46648,1999,RELATIVE ABUNDANCE (TYPE-3),198,1996,TRUE
North Thompson_SU_1.3,NTh-sum,DU17,CK-19,LEMIEUX CREEK,46648,2000,INFILL,83.14138397,1996,TRUE
North Thompson_SU_1.3,NTh-sum,DU17,CK-19,LEMIEUX CREEK,46648,2001,RELATIVE ABUNDANCE (TYPE-4),117,1996,TRUE
North Thompson_SU_1.3,NTh-sum,DU17,CK-19,LEMIEUX CREEK,46648,2002,RELATIVE ABUNDANCE (TYPE-4),155,1996,TRUE
North Thompson_SU_1.3,NTh-sum,DU17,CK-19,LEMIEUX CREEK,46648,2003,RELATIVE ABUNDANCE (TYPE-4),0,1996,TRUE
North Thompson_SU_1.3,NTh-sum,DU17,CK-19,LEMIEUX CREEK,46648,2004,RELATIVE ABUNDANCE (TYPE-4),194,1996,TRUE
North Thompson_SU_1.3,NTh-sum,DU17,CK-19,LEMIEUX CREEK,46648,2005,RELATIVE ABUNDANCE (TYPE-4),42,1996,TRUE
North Thompson_SU_1.3,NTh-sum,DU17,CK-19,LEMIEUX CREEK,46648,2006,RELATIVE ABUNDANCE (TYPE-4),45,1996,TRUE
North Thompson_SU_1.3,NTh-sum,DU17,CK-19,LEMIEUX CREEK,46648,2007,RELATIVE ABUNDANCE (TYPE-4),5,1996,TRUE
North Thompson_SU_1.3,NTh-sum,DU17,CK-19,LEMIEUX CREEK,46648,2008,RELATIVE ABUNDANCE (TYPE-4),54,1996,TRUE
North Thompson_SU_1.3,NTh-sum,DU17,CK-19,LEMIEUX CREEK,46648,2009,RELATIVE ABUNDANCE (TYPE-4),17,1996,TRUE
North Thompson_SU_1.3,NTh-sum,DU17,CK-19,LEMIEUX CREEK,46648,2010,RELATIVE ABUNDANCE (TYPE-4),34,1996,TRUE
North Thompson_SU_1.3,NTh-sum,DU17,CK-19,LEMIEUX CREEK,46648,2011,RELATIVE ABUNDANCE (TYPE-4),0,1996,TRUE
North Thompson_SU_1.3,NTh-sum,DU17,CK-19,LEMIEUX CREEK,46648,2012,RELATIVE ABUNDANCE (TYPE-4),22,1996,TRUE
North Thompson_SU_1.3,NTh-sum,DU17,CK-19,LEMIEUX CREEK,46648,2013,RELATIVE ABUNDANCE (TYPE-4),29,1996,TRUE
North Thompson_SU_1.3,NTh-sum,DU17,CK-19,LEMIEUX CREEK,46648,2014,RELATIVE ABUNDANCE (TYPE-3),54,1996,TRUE
North Thompson_SU_1.3,NTh-sum,DU17,CK-19,LEMIEUX CREEK,46648,2015,RELATIVE ABUNDANCE (TYPE-3),5,1996,TRUE
North Thompson_SU_1.3,NTh-sum,DU17,CK-19,LEMIEUX CREEK,46648,2016,RELATIVE ABUNDANCE (TYPE-4),8,1996,TRUE
North Thompson_SU_1.3,NTh-sum,DU17,CK-19,LEMIEUX CREEK,46648,2017,RELATIVE ABUNDANCE (TYPE-4),5,1996,TRUE
North Thompson_SU_1.3,NTh-sum,DU17,CK-19,LEMIEUX CREEK,46648,2018,RELATIVE ABUNDANCE (TYPE-3),5,1996,TRUE
North Thompson_SU_1.3,NTh-sum,DU17,CK-19,LEMIEUX CREEK,46648,2019,RELATIVE ABUNDANCE (TYPE-3),11,1996,TRUE
North Thompson_SU_1.3,NTh-sum,DU17,CK-19,LEMIEUX CREEK,46648,2020,RELATIVE ABUNDANCE (TYPE-3),2,1996,TRUE
North Thompson_SU_1.3,NTh-sum,DU17,CK-19,LEMIEUX CREEK,46648,2021,RELATIVE ABUNDANCE (TYPE-4),11,1996,TRUE
North Thompson_SU_1.3,NTh-sum,DU17,CK-19,LEMIEUX CREEK,46648,2022,RELATIVE ABUNDANCE (TYPE-3),23,1996,TRUE
North Thompson_SU_1.3,NTh-sum,DU17,CK-19,LEMIEUX CREEK,46648,2023,RELATIVE ABUNDANCE (TYPE-3),29,1996,TRUE
North Thompson_SP_1.3,NTh-spr,DU16,CK-18,DUNN CREEK,46658,1986,QualFiltered,NA,1997,FALSE
North Thompson_SP_1.3,NTh-spr,DU16,CK-18,DUNN CREEK,46658,1987,QualFiltered,NA,1997,FALSE
North Thompson_SP_1.3,NTh-spr,DU16,CK-18,DUNN CREEK,46658,1988,QualFiltered,NA,1997,FALSE
North Thompson_SP_1.3,NTh-spr,DU16,CK-18,DUNN CREEK,46658,1989,QualFiltered,NA,1997,FALSE
North Thompson_SP_1.3,NTh-spr,DU16,CK-18,DUNN CREEK,46658,1994,QualFiltered,NA,1997,FALSE
North Thompson_SP_1.3,NTh-spr,DU16,CK-18,DUNN CREEK,46658,1999,QualFiltered,NA,1997,TRUE
North Thompson_SP_1.3,NTh-spr,DU16,CK-18,DUNN CREEK,46658,2000,QualFiltered,NA,1997,TRUE
North Thompson_SP_1.3,NTh-spr,DU16,CK-18,MCTAGGART CREEK,46668,1976,QualFiltered,NA,1997,FALSE
North Thompson_SP_1.3,NTh-spr,DU16,CK-18,MCTAGGART CREEK,46668,1980,QualFiltered,NA,1997,FALSE
North Thompson_SP_1.3,NTh-spr,DU16,CK-18,MCTAGGART CREEK,46668,1987,QualFiltered,NA,1997,FALSE
North Thompson_SP_1.3,NTh-spr,DU16,CK-18,MCTAGGART CREEK,46668,1999,QualFiltered,NA,1997,TRUE
North Thompson_SP_1.3,NTh-spr,DU16,CK-18,MCTAGGART CREEK,46668,2000,QualFiltered,NA,1997,TRUE
North Thompson_SU_1.3,NTh-sum,DU17,CK-19,MANN CREEK,46678,1975,QualFiltered,NA,1996,FALSE
North Thompson_SU_1.3,NTh-sum,DU17,CK-19,MANN CREEK,46678,1976,QualFiltered,NA,1996,FALSE
North Thompson_SU_1.3,NTh-sum,DU17,CK-19,MANN CREEK,46678,1977,QualFiltered,NA,1996,FALSE
North Thompson_SU_1.3,NTh-sum,DU17,CK-19,MANN CREEK,46678,1978,QualFiltered,NA,1996,FALSE
North Thompson_SU_1.3,NTh-sum,DU17,CK-19,MANN CREEK,46678,1979,QualFiltered,NA,1996,FALSE
North Thompson_SU_1.3,NTh-sum,DU17,CK-19,MANN CREEK,46678,1980,QualFiltered,NA,1996,FALSE
North Thompson_SU_1.3,NTh-sum,DU17,CK-19,MANN CREEK,46678,1981,QualFiltered,NA,1996,FALSE
North Thompson_SU_1.3,NTh-sum,DU17,CK-19,MANN CREEK,46678,1982,QualFiltered,NA,1996,FALSE
North Thompson_SU_1.3,NTh-sum,DU17,CK-19,MANN CREEK,46678,1983,QualFiltered,NA,1996,FALSE
North Thompson_SU_1.3,NTh-sum,DU17,CK-19,MANN CREEK,46678,1984,QualFiltered,NA,1996,FALSE
North Thompson_SU_1.3,NTh-sum,DU17,CK-19,MANN CREEK,46678,1985,QualFiltered,NA,1996,FALSE
North Thompson_SU_1.3,NTh-sum,DU17,CK-19,MANN CREEK,46678,1986,QualFiltered,NA,1996,FALSE
North Thompson_SU_1.3,NTh-sum,DU17,CK-19,MANN CREEK,46678,1987,QualFiltered,NA,1996,FALSE
North Thompson_SU_1.3,NTh-sum,DU17,CK-19,MANN CREEK,46678,1988,QualFiltered,NA,1996,FALSE
North Thompson_SU_1.3,NTh-sum,DU17,CK-19,MANN CREEK,46678,1989,QualFiltered,NA,1996,FALSE
North Thompson_SU_1.3,NTh-sum,DU17,CK-19,MANN CREEK,46678,1990,QualFiltered,NA,1996,FALSE
North Thompson_SU_1.3,NTh-sum,DU17,CK-19,MANN CREEK,46678,1991,QualFiltered,NA,1996,FALSE
North Thompson_SU_1.3,NTh-sum,DU17,CK-19,MANN CREEK,46678,1992,QualFiltered,NA,1996,FALSE
North Thompson_SU_1.3,NTh-sum,DU17,CK-19,MANN CREEK,46678,1993,QualFiltered,NA,1996,FALSE
North Thompson_SU_1.3,NTh-sum,DU17,CK-19,MANN CREEK,46678,1994,QualFiltered,NA,1996,FALSE
North Thompson_SU_1.3,NTh-sum,DU17,CK-19,MANN CREEK,46678,1995,QualFiltered,NA,1996,FALSE
North Thompson_SU_1.3,NTh-sum,DU17,CK-19,MANN CREEK,46678,1996,QualFiltered,NA,1996,TRUE
North Thompson_SU_1.3,NTh-sum,DU17,CK-19,MANN CREEK,46678,1997,QualFiltered,NA,1996,TRUE
North Thompson_SU_1.3,NTh-sum,DU17,CK-19,MANN CREEK,46678,1998,QualFiltered,NA,1996,TRUE
North Thompson_SU_1.3,NTh-sum,DU17,CK-19,MANN CREEK,46678,1999,QualFiltered,NA,1996,TRUE
North Thompson_SU_1.3,NTh-sum,DU17,CK-19,MANN CREEK,46678,2000,QualFiltered,NA,1996,TRUE
North Thompson_SU_1.3,NTh-sum,DU17,CK-19,MANN CREEK,46678,2001,QualFiltered,NA,1996,TRUE
North Thompson_SU_1.3,NTh-sum,DU17,CK-19,MANN CREEK,46678,2002,QualFiltered,NA,1996,TRUE
North Thompson_SU_1.3,NTh-sum,DU17,CK-19,MANN CREEK,46678,2003,QualFiltered,NA,1996,TRUE
North Thompson_SU_1.3,NTh-sum,DU17,CK-19,MANN CREEK,46678,2004,QualFiltered,NA,1996,TRUE
North Thompson_SU_1.3,NTh-sum,DU17,CK-19,MANN CREEK,46678,2005,QualFiltered,NA,1996,TRUE
North Thompson_SU_1.3,NTh-sum,DU17,CK-19,MANN CREEK,46678,2006,QualFiltered,NA,1996,TRUE
North Thompson_SU_1.3,NTh-sum,DU17,CK-19,MANN CREEK,46678,2007,QualFiltered,NA,1996,TRUE
North Thompson_SU_1.3,NTh-sum,DU17,CK-19,MANN CREEK,46678,2008,QualFiltered,NA,1996,TRUE
North Thompson_SU_1.3,NTh-sum,DU17,CK-19,MANN CREEK,46678,2009,QualFiltered,NA,1996,TRUE
North Thompson_SU_1.3,NTh-sum,DU17,CK-19,MANN CREEK,46678,2010,QualFiltered,NA,1996,TRUE
North Thompson_SU_1.3,NTh-sum,DU17,CK-19,MANN CREEK,46678,2011,QualFiltered,NA,1996,TRUE
North Thompson_SU_1.3,NTh-sum,DU17,CK-19,MANN CREEK,46678,2012,QualFiltered,NA,1996,TRUE
North Thompson_SU_1.3,NTh-sum,DU17,CK-19,MANN CREEK,46678,2013,QualFiltered,NA,1996,TRUE
North Thompson_SU_1.3,NTh-sum,DU17,CK-19,MANN CREEK,46678,2014,QualFiltered,NA,1996,TRUE
North Thompson_SU_1.3,NTh-sum,DU17,CK-19,MANN CREEK,46678,2015,QualFiltered,NA,1996,TRUE
North Thompson_SU_1.3,NTh-sum,DU17,CK-19,MANN CREEK,46678,2016,QualFiltered,NA,1996,TRUE
North Thompson_SU_1.3,NTh-sum,DU17,CK-19,MANN CREEK,46678,2017,RELATIVE ABUNDANCE (TYPE-4),NA,1996,TRUE
North Thompson_SU_1.3,NTh-sum,DU17,CK-19,MANN CREEK,46678,2018,RELATIVE ABUNDANCE (TYPE-4),NA,1996,TRUE
North Thompson_SU_1.3,NTh-sum,DU17,CK-19,MANN CREEK,46678,2019,RELATIVE ABUNDANCE (TYPE-4),NA,1996,TRUE
North Thompson_SU_1.3,NTh-sum,DU17,CK-19,MANN CREEK,46678,2020,RELATIVE ABUNDANCE (TYPE-4),NA,1996,TRUE
North Thompson_SU_1.3,NTh-sum,DU17,CK-19,MANN CREEK,46678,2021,QualFiltered,NA,1996,TRUE
North Thompson_SU_1.3,NTh-sum,DU17,CK-19,MANN CREEK,46678,2022,RELATIVE ABUNDANCE (TYPE-4),NA,1996,TRUE
North Thompson_SU_1.3,NTh-sum,DU17,CK-19,MANN CREEK,46678,2023,QualFiltered,NA,1996,TRUE
North Thompson_SU_1.3,NTh-sum,DU17,CK-19,CLEARWATER RIVER,46688,1975,QualFiltered,NA,1996,FALSE
North Thompson_SU_1.3,NTh-sum,DU17,CK-19,CLEARWATER RIVER,46688,1976,QualFiltered,NA,1996,FALSE
North Thompson_SU_1.3,NTh-sum,DU17,CK-19,CLEARWATER RIVER,46688,1977,QualFiltered,NA,1996,FALSE
North Thompson_SU_1.3,NTh-sum,DU17,CK-19,CLEARWATER RIVER,46688,1978,QualFiltered,NA,1996,FALSE
North Thompson_SU_1.3,NTh-sum,DU17,CK-19,CLEARWATER RIVER,46688,1979,QualFiltered,NA,1996,FALSE
North Thompson_SU_1.3,NTh-sum,DU17,CK-19,CLEARWATER RIVER,46688,1980,QualFiltered,NA,1996,FALSE
North Thompson_SU_1.3,NTh-sum,DU17,CK-19,CLEARWATER RIVER,46688,1981,QualFiltered,NA,1996,FALSE
North Thompson_SU_1.3,NTh-sum,DU17,CK-19,CLEARWATER RIVER,46688,1982,QualFiltered,NA,1996,FALSE
North Thompson_SU_1.3,NTh-sum,DU17,CK-19,CLEARWATER RIVER,46688,1983,QualFiltered,NA,1996,FALSE
North Thompson_SU_1.3,NTh-sum,DU17,CK-19,CLEARWATER RIVER,46688,1984,QualFiltered,NA,1996,FALSE
North Thompson_SU_1.3,NTh-sum,DU17,CK-19,CLEARWATER RIVER,46688,1985,QualFiltered,NA,1996,FALSE
North Thompson_SU_1.3,NTh-sum,DU17,CK-19,CLEARWATER RIVER,46688,1986,QualFiltered,NA,1996,FALSE
North Thompson_SU_1.3,NTh-sum,DU17,CK-19,CLEARWATER RIVER,46688,1987,QualFiltered,NA,1996,FALSE
North Thompson_SU_1.3,NTh-sum,DU17,CK-19,CLEARWATER RIVER,46688,1988,QualFiltered,NA,1996,FALSE
North Thompson_SU_1.3,NTh-sum,DU17,CK-19,CLEARWATER RIVER,46688,1989,QualFiltered,NA,1996,FALSE
North Thompson_SU_1.3,NTh-sum,DU17,CK-19,CLEARWATER RIVER,46688,1990,QualFiltered,NA,1996,FALSE
North Thompson_SU_1.3,NTh-sum,DU17,CK-19,CLEARWATER RIVER,46688,1991,QualFiltered,NA,1996,FALSE
North Thompson_SU_1.3,NTh-sum,DU17,CK-19,CLEARWATER RIVER,46688,1992,QualFiltered,NA,1996,FALSE
North Thompson_SU_1.3,NTh-sum,DU17,CK-19,CLEARWATER RIVER,46688,1993,QualFiltered,NA,1996,FALSE
North Thompson_SU_1.3,NTh-sum,DU17,CK-19,CLEARWATER RIVER,46688,1994,QualFiltered,NA,1996,FALSE
North Thompson_SU_1.3,NTh-sum,DU17,CK-19,CLEARWATER RIVER,46688,1995,QualFiltered,NA,1996,FALSE
North Thompson_SU_1.3,NTh-sum,DU17,CK-19,CLEARWATER RIVER,46688,1996,RELATIVE ABUNDANCE (TYPE-4),7780,1996,TRUE
North Thompson_SU_1.3,NTh-sum,DU17,CK-19,CLEARWATER RIVER,46688,1997,RELATIVE ABUNDANCE (TYPE-4),7830,1996,TRUE
North Thompson_SU_1.3,NTh-sum,DU17,CK-19,CLEARWATER RIVER,46688,1998,RELATIVE ABUNDANCE (TYPE-4),7007,1996,TRUE
North Thompson_SU_1.3,NTh-sum,DU17,CK-19,CLEARWATER RIVER,46688,1999,RELATIVE ABUNDANCE (TYPE-4),3837,1996,TRUE
North Thompson_SU_1.3,NTh-sum,DU17,CK-19,CLEARWATER RIVER,46688,2000,RELATIVE ABUNDANCE (TYPE-4),4563,1996,TRUE
North Thompson_SU_1.3,NTh-sum,DU17,CK-19,CLEARWATER RIVER,46688,2001,RELATIVE ABUNDANCE (TYPE-4),3588,1996,TRUE
North Thompson_SU_1.3,NTh-sum,DU17,CK-19,CLEARWATER RIVER,46688,2002,RELATIVE ABUNDANCE (TYPE-4),5689,1996,TRUE
North Thompson_SU_1.3,NTh-sum,DU17,CK-19,CLEARWATER RIVER,46688,2003,RELATIVE ABUNDANCE (TYPE-4),6234,1996,TRUE
North Thompson_SU_1.3,NTh-sum,DU17,CK-19,CLEARWATER RIVER,46688,2004,RELATIVE ABUNDANCE (TYPE-4),4622,1996,TRUE
North Thompson_SU_1.3,NTh-sum,DU17,CK-19,CLEARWATER RIVER,46688,2005,RELATIVE ABUNDANCE (TYPE-4),3519,1996,TRUE
North Thompson_SU_1.3,NTh-sum,DU17,CK-19,CLEARWATER RIVER,46688,2006,RELATIVE ABUNDANCE (TYPE-4),3768,1996,TRUE
North Thompson_SU_1.3,NTh-sum,DU17,CK-19,CLEARWATER RIVER,46688,2007,RELATIVE ABUNDANCE (TYPE-4),1895,1996,TRUE
North Thompson_SU_1.3,NTh-sum,DU17,CK-19,CLEARWATER RIVER,46688,2008,RELATIVE ABUNDANCE (TYPE-4),3307,1996,TRUE
North Thompson_SU_1.3,NTh-sum,DU17,CK-19,CLEARWATER RIVER,46688,2009,RELATIVE ABUNDANCE (TYPE-4),5980,1996,TRUE
North Thompson_SU_1.3,NTh-sum,DU17,CK-19,CLEARWATER RIVER,46688,2010,RELATIVE ABUNDANCE (TYPE-4),1102,1996,TRUE
North Thompson_SU_1.3,NTh-sum,DU17,CK-19,CLEARWATER RIVER,46688,2011,RELATIVE ABUNDANCE (TYPE-4),1198,1996,TRUE
North Thompson_SU_1.3,NTh-sum,DU17,CK-19,CLEARWATER RIVER,46688,2012,RELATIVE ABUNDANCE (TYPE-4),1988,1996,TRUE
North Thompson_SU_1.3,NTh-sum,DU17,CK-19,CLEARWATER RIVER,46688,2013,RELATIVE ABUNDANCE (TYPE-4),2163,1996,TRUE
North Thompson_SU_1.3,NTh-sum,DU17,CK-19,CLEARWATER RIVER,46688,2014,RELATIVE ABUNDANCE (TYPE-4),2769,1996,TRUE
North Thompson_SU_1.3,NTh-sum,DU17,CK-19,CLEARWATER RIVER,46688,2015,RELATIVE ABUNDANCE (TYPE-4),5194,1996,TRUE
North Thompson_SU_1.3,NTh-sum,DU17,CK-19,CLEARWATER RIVER,46688,2016,RELATIVE ABUNDANCE (TYPE-4),697,1996,TRUE
North Thompson_SU_1.3,NTh-sum,DU17,CK-19,CLEARWATER RIVER,46688,2017,RELATIVE ABUNDANCE (TYPE-4),1406,1996,TRUE
North Thompson_SU_1.3,NTh-sum,DU17,CK-19,CLEARWATER RIVER,46688,2018,RELATIVE ABUNDANCE (TYPE-4),514,1996,TRUE
North Thompson_SU_1.3,NTh-sum,DU17,CK-19,CLEARWATER RIVER,46688,2019,RELATIVE ABUNDANCE (TYPE-4),783,1996,TRUE
North Thompson_SU_1.3,NTh-sum,DU17,CK-19,CLEARWATER RIVER,46688,2020,RELATIVE ABUNDANCE (TYPE-4),3532,1996,TRUE
North Thompson_SU_1.3,NTh-sum,DU17,CK-19,CLEARWATER RIVER,46688,2021,RELATIVE ABUNDANCE (TYPE-4),3780,1996,TRUE
North Thompson_SU_1.3,NTh-sum,DU17,CK-19,CLEARWATER RIVER,46688,2022,RELATIVE ABUNDANCE (TYPE-4),5580,1996,TRUE
North Thompson_SU_1.3,NTh-sum,DU17,CK-19,CLEARWATER RIVER,46688,2023,RELATIVE ABUNDANCE (TYPE-4),4419,1996,TRUE
North Thompson_SU_1.3,NTh-sum,DU17,CK-19,MAHOOD RIVER,46708,1975,QualFiltered,NA,1996,FALSE
North Thompson_SU_1.3,NTh-sum,DU17,CK-19,MAHOOD RIVER,46708,1976,QualFiltered,NA,1996,FALSE
North Thompson_SU_1.3,NTh-sum,DU17,CK-19,MAHOOD RIVER,46708,1977,QualFiltered,NA,1996,FALSE
North Thompson_SU_1.3,NTh-sum,DU17,CK-19,MAHOOD RIVER,46708,1978,QualFiltered,NA,1996,FALSE
North Thompson_SU_1.3,NTh-sum,DU17,CK-19,MAHOOD RIVER,46708,1979,QualFiltered,NA,1996,FALSE
North Thompson_SU_1.3,NTh-sum,DU17,CK-19,MAHOOD RIVER,46708,1980,QualFiltered,NA,1996,FALSE
North Thompson_SU_1.3,NTh-sum,DU17,CK-19,MAHOOD RIVER,46708,1981,QualFiltered,NA,1996,FALSE
North Thompson_SU_1.3,NTh-sum,DU17,CK-19,MAHOOD RIVER,46708,1982,QualFiltered,NA,1996,FALSE
North Thompson_SU_1.3,NTh-sum,DU17,CK-19,MAHOOD RIVER,46708,1983,QualFiltered,NA,1996,FALSE
North Thompson_SU_1.3,NTh-sum,DU17,CK-19,MAHOOD RIVER,46708,1984,QualFiltered,NA,1996,FALSE
North Thompson_SU_1.3,NTh-sum,DU17,CK-19,MAHOOD RIVER,46708,1985,QualFiltered,NA,1996,FALSE
North Thompson_SU_1.3,NTh-sum,DU17,CK-19,MAHOOD RIVER,46708,1986,QualFiltered,NA,1996,FALSE
North Thompson_SU_1.3,NTh-sum,DU17,CK-19,MAHOOD RIVER,46708,1987,QualFiltered,NA,1996,FALSE
North Thompson_SU_1.3,NTh-sum,DU17,CK-19,MAHOOD RIVER,46708,1988,QualFiltered,NA,1996,FALSE
North Thompson_SU_1.3,NTh-sum,DU17,CK-19,MAHOOD RIVER,46708,1989,QualFiltered,NA,1996,FALSE
North Thompson_SU_1.3,NTh-sum,DU17,CK-19,MAHOOD RIVER,46708,1990,QualFiltered,NA,1996,FALSE
North Thompson_SU_1.3,NTh-sum,DU17,CK-19,MAHOOD RIVER,46708,1991,QualFiltered,NA,1996,FALSE
North Thompson_SU_1.3,NTh-sum,DU17,CK-19,MAHOOD RIVER,46708,1992,QualFiltered,NA,1996,FALSE
North Thompson_SU_1.3,NTh-sum,DU17,CK-19,MAHOOD RIVER,46708,1993,QualFiltered,NA,1996,FALSE
North Thompson_SU_1.3,NTh-sum,DU17,CK-19,MAHOOD RIVER,46708,1994,QualFiltered,NA,1996,FALSE
North Thompson_SU_1.3,NTh-sum,DU17,CK-19,MAHOOD RIVER,46708,1995,QualFiltered,NA,1996,FALSE
North Thompson_SU_1.3,NTh-sum,DU17,CK-19,MAHOOD RIVER,46708,1996,INFILL,292.0105174,1996,TRUE
North Thompson_SU_1.3,NTh-sum,DU17,CK-19,MAHOOD RIVER,46708,1997,RELATIVE ABUNDANCE (TYPE-4),260,1996,TRUE
North Thompson_SU_1.3,NTh-sum,DU17,CK-19,MAHOOD RIVER,46708,1998,RELATIVE ABUNDANCE (TYPE-4),341,1996,TRUE
North Thompson_SU_1.3,NTh-sum,DU17,CK-19,MAHOOD RIVER,46708,1999,RELATIVE ABUNDANCE (TYPE-4),91,1996,TRUE
North Thompson_SU_1.3,NTh-sum,DU17,CK-19,MAHOOD RIVER,46708,2000,RELATIVE ABUNDANCE (TYPE-4),245,1996,TRUE
North Thompson_SU_1.3,NTh-sum,DU17,CK-19,MAHOOD RIVER,46708,2001,RELATIVE ABUNDANCE (TYPE-4),172,1996,TRUE
North Thompson_SU_1.3,NTh-sum,DU17,CK-19,MAHOOD RIVER,46708,2002,RELATIVE ABUNDANCE (TYPE-4),166,1996,TRUE
North Thompson_SU_1.3,NTh-sum,DU17,CK-19,MAHOOD RIVER,46708,2003,RELATIVE ABUNDANCE (TYPE-4),929,1996,TRUE
North Thompson_SU_1.3,NTh-sum,DU17,CK-19,MAHOOD RIVER,46708,2004,RELATIVE ABUNDANCE (TYPE-4),317,1996,TRUE
North Thompson_SU_1.3,NTh-sum,DU17,CK-19,MAHOOD RIVER,46708,2005,RELATIVE ABUNDANCE (TYPE-4),269,1996,TRUE
North Thompson_SU_1.3,NTh-sum,DU17,CK-19,MAHOOD RIVER,46708,2006,RELATIVE ABUNDANCE (TYPE-4),217,1996,TRUE
North Thompson_SU_1.3,NTh-sum,DU17,CK-19,MAHOOD RIVER,46708,2007,RELATIVE ABUNDANCE (TYPE-4),74,1996,TRUE
North Thompson_SU_1.3,NTh-sum,DU17,CK-19,MAHOOD RIVER,46708,2008,RELATIVE ABUNDANCE (TYPE-4),52,1996,TRUE
North Thompson_SU_1.3,NTh-sum,DU17,CK-19,MAHOOD RIVER,46708,2009,RELATIVE ABUNDANCE (TYPE-4),214,1996,TRUE
North Thompson_SU_1.3,NTh-sum,DU17,CK-19,MAHOOD RIVER,46708,2010,RELATIVE ABUNDANCE (TYPE-4),6,1996,TRUE
North Thompson_SU_1.3,NTh-sum,DU17,CK-19,MAHOOD RIVER,46708,2011,RELATIVE ABUNDANCE (TYPE-4),65,1996,TRUE
North Thompson_SU_1.3,NTh-sum,DU17,CK-19,MAHOOD RIVER,46708,2012,RELATIVE ABUNDANCE (TYPE-4),46,1996,TRUE
North Thompson_SU_1.3,NTh-sum,DU17,CK-19,MAHOOD RIVER,46708,2013,RELATIVE ABUNDANCE (TYPE-4),38,1996,TRUE
North Thompson_SU_1.3,NTh-sum,DU17,CK-19,MAHOOD RIVER,46708,2014,RELATIVE ABUNDANCE (TYPE-4),62,1996,TRUE
North Thompson_SU_1.3,NTh-sum,DU17,CK-19,MAHOOD RIVER,46708,2015,RELATIVE ABUNDANCE (TYPE-4),105,1996,TRUE
North Thompson_SU_1.3,NTh-sum,DU17,CK-19,MAHOOD RIVER,46708,2016,RELATIVE ABUNDANCE (TYPE-4),2,1996,TRUE
North Thompson_SU_1.3,NTh-sum,DU17,CK-19,MAHOOD RIVER,46708,2017,RELATIVE ABUNDANCE (TYPE-4),2,1996,TRUE
North Thompson_SU_1.3,NTh-sum,DU17,CK-19,MAHOOD RIVER,46708,2018,RELATIVE ABUNDANCE (TYPE-4),0,1996,TRUE
North Thompson_SU_1.3,NTh-sum,DU17,CK-19,MAHOOD RIVER,46708,2019,RELATIVE ABUNDANCE (TYPE-4),26,1996,TRUE
North Thompson_SU_1.3,NTh-sum,DU17,CK-19,MAHOOD RIVER,46708,2020,RELATIVE ABUNDANCE (TYPE-4),17,1996,TRUE
North Thompson_SU_1.3,NTh-sum,DU17,CK-19,MAHOOD RIVER,46708,2021,RELATIVE ABUNDANCE (TYPE-4),35,1996,TRUE
North Thompson_SU_1.3,NTh-sum,DU17,CK-19,MAHOOD RIVER,46708,2022,RELATIVE ABUNDANCE (TYPE-4),18,1996,TRUE
North Thompson_SU_1.3,NTh-sum,DU17,CK-19,MAHOOD RIVER,46708,2023,RELATIVE ABUNDANCE (TYPE-4),22,1996,TRUE
North Thompson_SU_1.3,NTh-sum,DU17,CK-19,RAFT RIVER,46718,1975,QualFiltered,NA,1996,FALSE
North Thompson_SU_1.3,NTh-sum,DU17,CK-19,RAFT RIVER,46718,1976,QualFiltered,NA,1996,FALSE
North Thompson_SU_1.3,NTh-sum,DU17,CK-19,RAFT RIVER,46718,1977,QualFiltered,NA,1996,FALSE
North Thompson_SU_1.3,NTh-sum,DU17,CK-19,RAFT RIVER,46718,1978,QualFiltered,NA,1996,FALSE
North Thompson_SU_1.3,NTh-sum,DU17,CK-19,RAFT RIVER,46718,1979,QualFiltered,NA,1996,FALSE
North Thompson_SU_1.3,NTh-sum,DU17,CK-19,RAFT RIVER,46718,1980,QualFiltered,NA,1996,FALSE
North Thompson_SU_1.3,NTh-sum,DU17,CK-19,RAFT RIVER,46718,1981,QualFiltered,NA,1996,FALSE
North Thompson_SU_1.3,NTh-sum,DU17,CK-19,RAFT RIVER,46718,1982,QualFiltered,NA,1996,FALSE
North Thompson_SU_1.3,NTh-sum,DU17,CK-19,RAFT RIVER,46718,1983,QualFiltered,NA,1996,FALSE
North Thompson_SU_1.3,NTh-sum,DU17,CK-19,RAFT RIVER,46718,1984,QualFiltered,NA,1996,FALSE
North Thompson_SU_1.3,NTh-sum,DU17,CK-19,RAFT RIVER,46718,1985,QualFiltered,NA,1996,FALSE
North Thompson_SU_1.3,NTh-sum,DU17,CK-19,RAFT RIVER,46718,1986,QualFiltered,NA,1996,FALSE
North Thompson_SU_1.3,NTh-sum,DU17,CK-19,RAFT RIVER,46718,1987,QualFiltered,NA,1996,FALSE
North Thompson_SU_1.3,NTh-sum,DU17,CK-19,RAFT RIVER,46718,1988,QualFiltered,NA,1996,FALSE
North Thompson_SU_1.3,NTh-sum,DU17,CK-19,RAFT RIVER,46718,1989,QualFiltered,NA,1996,FALSE
North Thompson_SU_1.3,NTh-sum,DU17,CK-19,RAFT RIVER,46718,1990,QualFiltered,NA,1996,FALSE
North Thompson_SU_1.3,NTh-sum,DU17,CK-19,RAFT RIVER,46718,1991,QualFiltered,NA,1996,FALSE
North Thompson_SU_1.3,NTh-sum,DU17,CK-19,RAFT RIVER,46718,1992,QualFiltered,NA,1996,FALSE
North Thompson_SU_1.3,NTh-sum,DU17,CK-19,RAFT RIVER,46718,1993,QualFiltered,NA,1996,FALSE
North Thompson_SU_1.3,NTh-sum,DU17,CK-19,RAFT RIVER,46718,1994,QualFiltered,NA,1996,FALSE
North Thompson_SU_1.3,NTh-sum,DU17,CK-19,RAFT RIVER,46718,1995,QualFiltered,NA,1996,FALSE
North Thompson_SU_1.3,NTh-sum,DU17,CK-19,RAFT RIVER,46718,1996,INFILL,3407.969467,1996,TRUE
North Thompson_SU_1.3,NTh-sum,DU17,CK-19,RAFT RIVER,46718,1997,INFILL,3415.564552,1996,TRUE
North Thompson_SU_1.3,NTh-sum,DU17,CK-19,RAFT RIVER,46718,1998,RELATIVE ABUNDANCE (TYPE-3),4882,1996,TRUE
North Thompson_SU_1.3,NTh-sum,DU17,CK-19,RAFT RIVER,46718,1999,RELATIVE ABUNDANCE (TYPE-3),10910,1996,TRUE
North Thompson_SU_1.3,NTh-sum,DU17,CK-19,RAFT RIVER,46718,2000,RELATIVE ABUNDANCE (TYPE-3),5745,1996,TRUE
North Thompson_SU_1.3,NTh-sum,DU17,CK-19,RAFT RIVER,46718,2001,RELATIVE ABUNDANCE (TYPE-4),3303,1996,TRUE
North Thompson_SU_1.3,NTh-sum,DU17,CK-19,RAFT RIVER,46718,2002,RELATIVE ABUNDANCE (TYPE-3),3303,1996,TRUE
North Thompson_SU_1.3,NTh-sum,DU17,CK-19,RAFT RIVER,46718,2003,RELATIVE ABUNDANCE (TYPE-4),3303,1996,TRUE
North Thompson_SU_1.3,NTh-sum,DU17,CK-19,RAFT RIVER,46718,2004,RELATIVE ABUNDANCE (TYPE-3),1220,1996,TRUE
North Thompson_SU_1.3,NTh-sum,DU17,CK-19,RAFT RIVER,46718,2005,RELATIVE ABUNDANCE (TYPE-4),1220,1996,TRUE
North Thompson_SU_1.3,NTh-sum,DU17,CK-19,RAFT RIVER,46718,2006,RELATIVE ABUNDANCE (TYPE-3),3303,1996,TRUE
North Thompson_SU_1.3,NTh-sum,DU17,CK-19,RAFT RIVER,46718,2007,RELATIVE ABUNDANCE (TYPE-3),3303,1996,TRUE
North Thompson_SU_1.3,NTh-sum,DU17,CK-19,RAFT RIVER,46718,2008,RELATIVE ABUNDANCE (TYPE-3),395,1996,TRUE
North Thompson_SU_1.3,NTh-sum,DU17,CK-19,RAFT RIVER,46718,2009,RELATIVE ABUNDANCE (TYPE-3),194,1996,TRUE
North Thompson_SU_1.3,NTh-sum,DU17,CK-19,RAFT RIVER,46718,2010,RELATIVE ABUNDANCE (TYPE-3),128,1996,TRUE
North Thompson_SU_1.3,NTh-sum,DU17,CK-19,RAFT RIVER,46718,2011,RELATIVE ABUNDANCE (TYPE-3),37,1996,TRUE
North Thompson_SU_1.3,NTh-sum,DU17,CK-19,RAFT RIVER,46718,2012,RELATIVE ABUNDANCE (TYPE-3),166,1996,TRUE
North Thompson_SU_1.3,NTh-sum,DU17,CK-19,RAFT RIVER,46718,2013,RELATIVE ABUNDANCE (TYPE-3),134,1996,TRUE
North Thompson_SU_1.3,NTh-sum,DU17,CK-19,RAFT RIVER,46718,2014,RELATIVE ABUNDANCE (TYPE-3),203,1996,TRUE
North Thompson_SU_1.3,NTh-sum,DU17,CK-19,RAFT RIVER,46718,2015,RELATIVE ABUNDANCE (TYPE-3),134,1996,TRUE
North Thompson_SU_1.3,NTh-sum,DU17,CK-19,RAFT RIVER,46718,2016,RELATIVE ABUNDANCE (TYPE-4),35,1996,TRUE
North Thompson_SU_1.3,NTh-sum,DU17,CK-19,RAFT RIVER,46718,2017,RELATIVE ABUNDANCE (TYPE-3),29,1996,TRUE
North Thompson_SU_1.3,NTh-sum,DU17,CK-19,RAFT RIVER,46718,2018,RELATIVE ABUNDANCE (TYPE-3),95,1996,TRUE
North Thompson_SU_1.3,NTh-sum,DU17,CK-19,RAFT RIVER,46718,2019,RELATIVE ABUNDANCE (TYPE-4),106,1996,TRUE
North Thompson_SU_1.3,NTh-sum,DU17,CK-19,RAFT RIVER,46718,2020,RELATIVE ABUNDANCE (TYPE-4),122,1996,TRUE
North Thompson_SU_1.3,NTh-sum,DU17,CK-19,RAFT RIVER,46718,2021,RELATIVE ABUNDANCE (TYPE-4),106,1996,TRUE
North Thompson_SU_1.3,NTh-sum,DU17,CK-19,RAFT RIVER,46718,2022,RELATIVE ABUNDANCE (TYPE-3),146,1996,TRUE
North Thompson_SU_1.3,NTh-sum,DU17,CK-19,RAFT RIVER,46718,2023,RELATIVE ABUNDANCE (TYPE-3),83,1996,TRUE
North Thompson_SP_1.3,NTh-spr,DU16,CK-18,MAD RIVER,46730,1995,QualFiltered,NA,1997,FALSE
North Thompson_SP_1.3,NTh-spr,DU16,CK-18,MAD RIVER,46730,1997,QualFiltered,NA,1997,TRUE
North Thompson_SP_1.3,NTh-spr,DU16,CK-18,MAD RIVER,46730,1999,QualFiltered,NA,1997,TRUE
North Thompson_SP_1.3,NTh-spr,DU16,CK-18,MAD RIVER,46730,2000,QualFiltered,NA,1997,TRUE
North Thompson_SP_1.3,NTh-spr,DU16,CK-18,LYON CREEK,46780,1975,QualFiltered,NA,1997,FALSE
North Thompson_SP_1.3,NTh-spr,DU16,CK-18,LYON CREEK,46780,1976,QualFiltered,NA,1997,FALSE
North Thompson_SP_1.3,NTh-spr,DU16,CK-18,LYON CREEK,46780,1977,QualFiltered,NA,1997,FALSE
North Thompson_SP_1.3,NTh-spr,DU16,CK-18,LYON CREEK,46780,1978,QualFiltered,NA,1997,FALSE
North Thompson_SP_1.3,NTh-spr,DU16,CK-18,LYON CREEK,46780,1979,QualFiltered,NA,1997,FALSE
North Thompson_SP_1.3,NTh-spr,DU16,CK-18,LYON CREEK,46780,1980,QualFiltered,NA,1997,FALSE
North Thompson_SP_1.3,NTh-spr,DU16,CK-18,LYON CREEK,46780,1981,QualFiltered,NA,1997,FALSE
North Thompson_SP_1.3,NTh-spr,DU16,CK-18,LYON CREEK,46780,1982,QualFiltered,NA,1997,FALSE
North Thompson_SP_1.3,NTh-spr,DU16,CK-18,LYON CREEK,46780,1983,QualFiltered,NA,1997,FALSE
North Thompson_SP_1.3,NTh-spr,DU16,CK-18,LYON CREEK,46780,1984,QualFiltered,NA,1997,FALSE
North Thompson_SP_1.3,NTh-spr,DU16,CK-18,LYON CREEK,46780,1985,QualFiltered,NA,1997,FALSE
North Thompson_SP_1.3,NTh-spr,DU16,CK-18,LYON CREEK,46780,1986,QualFiltered,NA,1997,FALSE
North Thompson_SP_1.3,NTh-spr,DU16,CK-18,LYON CREEK,46780,1987,QualFiltered,NA,1997,FALSE
North Thompson_SP_1.3,NTh-spr,DU16,CK-18,LYON CREEK,46780,1988,QualFiltered,NA,1997,FALSE
North Thompson_SP_1.3,NTh-spr,DU16,CK-18,LYON CREEK,46780,1989,QualFiltered,NA,1997,FALSE
North Thompson_SP_1.3,NTh-spr,DU16,CK-18,LYON CREEK,46780,1990,QualFiltered,NA,1997,FALSE
North Thompson_SP_1.3,NTh-spr,DU16,CK-18,LYON CREEK,46780,1991,QualFiltered,NA,1997,FALSE
North Thompson_SP_1.3,NTh-spr,DU16,CK-18,LYON CREEK,46780,1992,QualFiltered,NA,1997,FALSE
North Thompson_SP_1.3,NTh-spr,DU16,CK-18,LYON CREEK,46780,1993,QualFiltered,NA,1997,FALSE
North Thompson_SP_1.3,NTh-spr,DU16,CK-18,LYON CREEK,46780,1994,QualFiltered,NA,1997,FALSE
North Thompson_SP_1.3,NTh-spr,DU16,CK-18,LYON CREEK,46780,1995,QualFiltered,NA,1997,FALSE
North Thompson_SP_1.3,NTh-spr,DU16,CK-18,LYON CREEK,46780,1996,QualFiltered,NA,1997,FALSE
North Thompson_SP_1.3,NTh-spr,DU16,CK-18,LYON CREEK,46780,1997,QualFiltered,NA,1997,TRUE
North Thompson_SP_1.3,NTh-spr,DU16,CK-18,LYON CREEK,46780,1998,QualFiltered,NA,1997,TRUE
North Thompson_SP_1.3,NTh-spr,DU16,CK-18,LYON CREEK,46780,1999,RELATIVE ABUNDANCE (TYPE-4),NA,1997,TRUE
North Thompson_SP_1.3,NTh-spr,DU16,CK-18,LYON CREEK,46780,2000,QualFiltered,NA,1997,TRUE
North Thompson_SP_1.3,NTh-spr,DU16,CK-18,LYON CREEK,46780,2001,RELATIVE ABUNDANCE (TYPE-4),NA,1997,TRUE
North Thompson_SP_1.3,NTh-spr,DU16,CK-18,LYON CREEK,46780,2002,QualFiltered,NA,1997,TRUE
North Thompson_SP_1.3,NTh-spr,DU16,CK-18,LYON CREEK,46780,2003,QualFiltered,NA,1997,TRUE
North Thompson_SP_1.3,NTh-spr,DU16,CK-18,LYON CREEK,46780,2004,QualFiltered,NA,1997,TRUE
North Thompson_SP_1.3,NTh-spr,DU16,CK-18,LYON CREEK,46780,2005,QualFiltered,NA,1997,TRUE
North Thompson_SP_1.3,NTh-spr,DU16,CK-18,LYON CREEK,46780,2006,QualFiltered,NA,1997,TRUE
North Thompson_SP_1.3,NTh-spr,DU16,CK-18,LYON CREEK,46780,2007,QualFiltered,NA,1997,TRUE
North Thompson_SP_1.3,NTh-spr,DU16,CK-18,LYON CREEK,46780,2008,RELATIVE ABUNDANCE (TYPE-4),NA,1997,TRUE
North Thompson_SP_1.3,NTh-spr,DU16,CK-18,LYON CREEK,46780,2009,RELATIVE ABUNDANCE (TYPE-4),NA,1997,TRUE
North Thompson_SP_1.3,NTh-spr,DU16,CK-18,LYON CREEK,46780,2010,RELATIVE ABUNDANCE (TYPE-4),NA,1997,TRUE
North Thompson_SP_1.3,NTh-spr,DU16,CK-18,LYON CREEK,46780,2011,RELATIVE ABUNDANCE (TYPE-4),NA,1997,TRUE
North Thompson_SP_1.3,NTh-spr,DU16,CK-18,LYON CREEK,46780,2012,RELATIVE ABUNDANCE (TYPE-4),NA,1997,TRUE
North Thompson_SP_1.3,NTh-spr,DU16,CK-18,LYON CREEK,46780,2013,RELATIVE ABUNDANCE (TYPE-4),NA,1997,TRUE
North Thompson_SP_1.3,NTh-spr,DU16,CK-18,LYON CREEK,46780,2014,QualFiltered,NA,1997,TRUE
North Thompson_SP_1.3,NTh-spr,DU16,CK-18,LYON CREEK,46780,2015,QualFiltered,NA,1997,TRUE
North Thompson_SP_1.3,NTh-spr,DU16,CK-18,LYON CREEK,46780,2016,QualFiltered,NA,1997,TRUE
North Thompson_SP_1.3,NTh-spr,DU16,CK-18,LYON CREEK,46780,2017,QualFiltered,NA,1997,TRUE
North Thompson_SP_1.3,NTh-spr,DU16,CK-18,LYON CREEK,46780,2018,QualFiltered,NA,1997,TRUE
North Thompson_SP_1.3,NTh-spr,DU16,CK-18,LYON CREEK,46780,2019,QualFiltered,NA,1997,TRUE
North Thompson_SP_1.3,NTh-spr,DU16,CK-18,LYON CREEK,46780,2020,QualFiltered,NA,1997,TRUE
North Thompson_SP_1.3,NTh-spr,DU16,CK-18,LYON CREEK,46780,2021,QualFiltered,NA,1997,TRUE
North Thompson_SP_1.3,NTh-spr,DU16,CK-18,LYON CREEK,46780,2022,QualFiltered,NA,1997,TRUE
North Thompson_SP_1.3,NTh-spr,DU16,CK-18,LYON CREEK,46780,2023,QualFiltered,NA,1997,TRUE
North Thompson_SP_1.3,NTh-spr,DU16,CK-18,FINN CREEK,46790,1975,QualFiltered,NA,1997,FALSE
North Thompson_SP_1.3,NTh-spr,DU16,CK-18,FINN CREEK,46790,1976,QualFiltered,NA,1997,FALSE
North Thompson_SP_1.3,NTh-spr,DU16,CK-18,FINN CREEK,46790,1977,QualFiltered,NA,1997,FALSE
North Thompson_SP_1.3,NTh-spr,DU16,CK-18,FINN CREEK,46790,1978,QualFiltered,NA,1997,FALSE
North Thompson_SP_1.3,NTh-spr,DU16,CK-18,FINN CREEK,46790,1979,QualFiltered,NA,1997,FALSE
North Thompson_SP_1.3,NTh-spr,DU16,CK-18,FINN CREEK,46790,1980,QualFiltered,NA,1997,FALSE
North Thompson_SP_1.3,NTh-spr,DU16,CK-18,FINN CREEK,46790,1981,QualFiltered,NA,1997,FALSE
North Thompson_SP_1.3,NTh-spr,DU16,CK-18,FINN CREEK,46790,1982,QualFiltered,NA,1997,FALSE
North Thompson_SP_1.3,NTh-spr,DU16,CK-18,FINN CREEK,46790,1983,QualFiltered,NA,1997,FALSE
North Thompson_SP_1.3,NTh-spr,DU16,CK-18,FINN CREEK,46790,1984,QualFiltered,NA,1997,FALSE
North Thompson_SP_1.3,NTh-spr,DU16,CK-18,FINN CREEK,46790,1985,QualFiltered,NA,1997,FALSE
North Thompson_SP_1.3,NTh-spr,DU16,CK-18,FINN CREEK,46790,1986,QualFiltered,NA,1997,FALSE
North Thompson_SP_1.3,NTh-spr,DU16,CK-18,FINN CREEK,46790,1987,QualFiltered,NA,1997,FALSE
North Thompson_SP_1.3,NTh-spr,DU16,CK-18,FINN CREEK,46790,1988,QualFiltered,NA,1997,FALSE
North Thompson_SP_1.3,NTh-spr,DU16,CK-18,FINN CREEK,46790,1989,QualFiltered,NA,1997,FALSE
North Thompson_SP_1.3,NTh-spr,DU16,CK-18,FINN CREEK,46790,1990,QualFiltered,NA,1997,FALSE
North Thompson_SP_1.3,NTh-spr,DU16,CK-18,FINN CREEK,46790,1991,QualFiltered,NA,1997,FALSE
North Thompson_SP_1.3,NTh-spr,DU16,CK-18,FINN CREEK,46790,1992,QualFiltered,NA,1997,FALSE
North Thompson_SP_1.3,NTh-spr,DU16,CK-18,FINN CREEK,46790,1993,QualFiltered,NA,1997,FALSE
North Thompson_SP_1.3,NTh-spr,DU16,CK-18,FINN CREEK,46790,1994,QualFiltered,NA,1997,FALSE
North Thompson_SP_1.3,NTh-spr,DU16,CK-18,FINN CREEK,46790,1995,QualFiltered,NA,1997,FALSE
North Thompson_SP_1.3,NTh-spr,DU16,CK-18,FINN CREEK,46790,1996,QualFiltered,NA,1997,FALSE
North Thompson_SP_1.3,NTh-spr,DU16,CK-18,FINN CREEK,46790,1997,QualFiltered,NA,1997,TRUE
North Thompson_SP_1.3,NTh-spr,DU16,CK-18,FINN CREEK,46790,1998,RELATIVE ABUNDANCE (TYPE-3),369,1997,TRUE
North Thompson_SP_1.3,NTh-spr,DU16,CK-18,FINN CREEK,46790,1999,RELATIVE ABUNDANCE (TYPE-3),524,1997,TRUE
North Thompson_SP_1.3,NTh-spr,DU16,CK-18,FINN CREEK,46790,2000,RELATIVE ABUNDANCE (TYPE-3),1511,1997,TRUE
North Thompson_SP_1.3,NTh-spr,DU16,CK-18,FINN CREEK,46790,2001,RELATIVE ABUNDANCE (TYPE-4),1121,1997,TRUE
North Thompson_SP_1.3,NTh-spr,DU16,CK-18,FINN CREEK,46790,2002,RELATIVE ABUNDANCE (TYPE-3),480,1997,TRUE
North Thompson_SP_1.3,NTh-spr,DU16,CK-18,FINN CREEK,46790,2003,RELATIVE ABUNDANCE (TYPE-4),45,1997,TRUE
North Thompson_SP_1.3,NTh-spr,DU16,CK-18,FINN CREEK,46790,2004,RELATIVE ABUNDANCE (TYPE-4),538,1997,TRUE
North Thompson_SP_1.3,NTh-spr,DU16,CK-18,FINN CREEK,46790,2005,RELATIVE ABUNDANCE (TYPE-4),189,1997,TRUE
North Thompson_SP_1.3,NTh-spr,DU16,CK-18,FINN CREEK,46790,2006,RELATIVE ABUNDANCE (TYPE-4),198,1997,TRUE
North Thompson_SP_1.3,NTh-spr,DU16,CK-18,FINN CREEK,46790,2007,RELATIVE ABUNDANCE (TYPE-4),38,1997,TRUE
North Thompson_SP_1.3,NTh-spr,DU16,CK-18,FINN CREEK,46790,2008,RELATIVE ABUNDANCE (TYPE-4),97,1997,TRUE
North Thompson_SP_1.3,NTh-spr,DU16,CK-18,FINN CREEK,46790,2009,RELATIVE ABUNDANCE (TYPE-3),91,1997,TRUE
North Thompson_SP_1.3,NTh-spr,DU16,CK-18,FINN CREEK,46790,2010,RELATIVE ABUNDANCE (TYPE-3),72,1997,TRUE
North Thompson_SP_1.3,NTh-spr,DU16,CK-18,FINN CREEK,46790,2011,RELATIVE ABUNDANCE (TYPE-3),91,1997,TRUE
North Thompson_SP_1.3,NTh-spr,DU16,CK-18,FINN CREEK,46790,2012,RELATIVE ABUNDANCE (TYPE-3),91,1997,TRUE
North Thompson_SP_1.3,NTh-spr,DU16,CK-18,FINN CREEK,46790,2013,RELATIVE ABUNDANCE (TYPE-3),17,1997,TRUE
North Thompson_SP_1.3,NTh-spr,DU16,CK-18,FINN CREEK,46790,2014,RELATIVE ABUNDANCE (TYPE-3),62,1997,TRUE
North Thompson_SP_1.3,NTh-spr,DU16,CK-18,FINN CREEK,46790,2015,RELATIVE ABUNDANCE (TYPE-3),58,1997,TRUE
North Thompson_SP_1.3,NTh-spr,DU16,CK-18,FINN CREEK,46790,2016,RELATIVE ABUNDANCE (TYPE-4),40,1997,TRUE
North Thompson_SP_1.3,NTh-spr,DU16,CK-18,FINN CREEK,46790,2017,RELATIVE ABUNDANCE (TYPE-3),20,1997,TRUE
North Thompson_SP_1.3,NTh-spr,DU16,CK-18,FINN CREEK,46790,2018,RELATIVE ABUNDANCE (TYPE-4),9,1997,TRUE
North Thompson_SP_1.3,NTh-spr,DU16,CK-18,FINN CREEK,46790,2019,RELATIVE ABUNDANCE (TYPE-3),149,1997,TRUE
North Thompson_SP_1.3,NTh-spr,DU16,CK-18,FINN CREEK,46790,2020,RELATIVE ABUNDANCE (TYPE-4),111,1997,TRUE
North Thompson_SP_1.3,NTh-spr,DU16,CK-18,FINN CREEK,46790,2021,RELATIVE ABUNDANCE (TYPE-4),32,1997,TRUE
North Thompson_SP_1.3,NTh-spr,DU16,CK-18,FINN CREEK,46790,2022,RELATIVE ABUNDANCE (TYPE-4),109,1997,TRUE
North Thompson_SP_1.3,NTh-spr,DU16,CK-18,FINN CREEK,46790,2023,RELATIVE ABUNDANCE (TYPE-4),48,1997,TRUE
North Thompson_SP_1.3,NTh-spr,DU16,CK-18,BLUE RIVER,46801,1975,QualFiltered,NA,1997,FALSE
North Thompson_SP_1.3,NTh-spr,DU16,CK-18,BLUE RIVER,46801,1976,QualFiltered,NA,1997,FALSE
North Thompson_SP_1.3,NTh-spr,DU16,CK-18,BLUE RIVER,46801,1977,QualFiltered,NA,1997,FALSE
North Thompson_SP_1.3,NTh-spr,DU16,CK-18,BLUE RIVER,46801,1978,QualFiltered,NA,1997,FALSE
North Thompson_SP_1.3,NTh-spr,DU16,CK-18,BLUE RIVER,46801,1979,QualFiltered,NA,1997,FALSE
North Thompson_SP_1.3,NTh-spr,DU16,CK-18,BLUE RIVER,46801,1980,QualFiltered,NA,1997,FALSE
North Thompson_SP_1.3,NTh-spr,DU16,CK-18,BLUE RIVER,46801,1981,QualFiltered,NA,1997,FALSE
North Thompson_SP_1.3,NTh-spr,DU16,CK-18,BLUE RIVER,46801,1982,QualFiltered,NA,1997,FALSE
North Thompson_SP_1.3,NTh-spr,DU16,CK-18,BLUE RIVER,46801,1983,QualFiltered,NA,1997,FALSE
North Thompson_SP_1.3,NTh-spr,DU16,CK-18,BLUE RIVER,46801,1984,QualFiltered,NA,1997,FALSE
North Thompson_SP_1.3,NTh-spr,DU16,CK-18,BLUE RIVER,46801,1985,QualFiltered,NA,1997,FALSE
North Thompson_SP_1.3,NTh-spr,DU16,CK-18,BLUE RIVER,46801,1986,QualFiltered,NA,1997,FALSE
North Thompson_SP_1.3,NTh-spr,DU16,CK-18,BLUE RIVER,46801,1987,QualFiltered,NA,1997,FALSE
North Thompson_SP_1.3,NTh-spr,DU16,CK-18,BLUE RIVER,46801,1988,QualFiltered,NA,1997,FALSE
North Thompson_SP_1.3,NTh-spr,DU16,CK-18,BLUE RIVER,46801,1989,QualFiltered,NA,1997,FALSE
North Thompson_SP_1.3,NTh-spr,DU16,CK-18,BLUE RIVER,46801,1990,QualFiltered,NA,1997,FALSE
North Thompson_SP_1.3,NTh-spr,DU16,CK-18,BLUE RIVER,46801,1991,QualFiltered,NA,1997,FALSE
North Thompson_SP_1.3,NTh-spr,DU16,CK-18,BLUE RIVER,46801,1992,QualFiltered,NA,1997,FALSE
North Thompson_SP_1.3,NTh-spr,DU16,CK-18,BLUE RIVER,46801,1993,QualFiltered,NA,1997,FALSE
North Thompson_SP_1.3,NTh-spr,DU16,CK-18,BLUE RIVER,46801,1994,QualFiltered,NA,1997,FALSE
North Thompson_SP_1.3,NTh-spr,DU16,CK-18,BLUE RIVER,46801,1995,QualFiltered,NA,1997,FALSE
North Thompson_SP_1.3,NTh-spr,DU16,CK-18,BLUE RIVER,46801,1996,QualFiltered,NA,1997,FALSE
North Thompson_SP_1.3,NTh-spr,DU16,CK-18,BLUE RIVER,46801,1997,QualFiltered,NA,1997,TRUE
North Thompson_SP_1.3,NTh-spr,DU16,CK-18,BLUE RIVER,46801,1998,RELATIVE ABUNDANCE (TYPE-4),110,1997,TRUE
North Thompson_SP_1.3,NTh-spr,DU16,CK-18,BLUE RIVER,46801,1999,RELATIVE ABUNDANCE (TYPE-4),11,1997,TRUE
North Thompson_SP_1.3,NTh-spr,DU16,CK-18,BLUE RIVER,46801,2000,RELATIVE ABUNDANCE (TYPE-4),235,1997,TRUE
North Thompson_SP_1.3,NTh-spr,DU16,CK-18,BLUE RIVER,46801,2001,RELATIVE ABUNDANCE (TYPE-4),88,1997,TRUE
North Thompson_SP_1.3,NTh-spr,DU16,CK-18,BLUE RIVER,46801,2002,RELATIVE ABUNDANCE (TYPE-4),480,1997,TRUE
North Thompson_SP_1.3,NTh-spr,DU16,CK-18,BLUE RIVER,46801,2003,RELATIVE ABUNDANCE (TYPE-4),329,1997,TRUE
North Thompson_SP_1.3,NTh-spr,DU16,CK-18,BLUE RIVER,46801,2004,RELATIVE ABUNDANCE (TYPE-4),152,1997,TRUE
North Thompson_SP_1.3,NTh-spr,DU16,CK-18,BLUE RIVER,46801,2005,INFILL,149.2898936,1997,TRUE
North Thompson_SP_1.3,NTh-spr,DU16,CK-18,BLUE RIVER,46801,2006,RELATIVE ABUNDANCE (TYPE-4),212,1997,TRUE
North Thompson_SP_1.3,NTh-spr,DU16,CK-18,BLUE RIVER,46801,2007,RELATIVE ABUNDANCE (TYPE-4),117,1997,TRUE
North Thompson_SP_1.3,NTh-spr,DU16,CK-18,BLUE RIVER,46801,2008,RELATIVE ABUNDANCE (TYPE-4),141,1997,TRUE
North Thompson_SP_1.3,NTh-spr,DU16,CK-18,BLUE RIVER,46801,2009,RELATIVE ABUNDANCE (TYPE-4),63,1997,TRUE
North Thompson_SP_1.3,NTh-spr,DU16,CK-18,BLUE RIVER,46801,2010,RELATIVE ABUNDANCE (TYPE-4),152,1997,TRUE
North Thompson_SP_1.3,NTh-spr,DU16,CK-18,BLUE RIVER,46801,2011,RELATIVE ABUNDANCE (TYPE-4),228,1997,TRUE
North Thompson_SP_1.3,NTh-spr,DU16,CK-18,BLUE RIVER,46801,2012,RELATIVE ABUNDANCE (TYPE-4),105,1997,TRUE
North Thompson_SP_1.3,NTh-spr,DU16,CK-18,BLUE RIVER,46801,2013,RELATIVE ABUNDANCE (TYPE-4),142,1997,TRUE
North Thompson_SP_1.3,NTh-spr,DU16,CK-18,BLUE RIVER,46801,2014,RELATIVE ABUNDANCE (TYPE-4),80,1997,TRUE
North Thompson_SP_1.3,NTh-spr,DU16,CK-18,BLUE RIVER,46801,2015,INFILL,45.81382979,1997,TRUE
North Thompson_SP_1.3,NTh-spr,DU16,CK-18,BLUE RIVER,46801,2016,RELATIVE ABUNDANCE (TYPE-4),134,1997,TRUE
North Thompson_SP_1.3,NTh-spr,DU16,CK-18,BLUE RIVER,46801,2017,RELATIVE ABUNDANCE (TYPE-4),72,1997,TRUE
North Thompson_SP_1.3,NTh-spr,DU16,CK-18,BLUE RIVER,46801,2018,RELATIVE ABUNDANCE (TYPE-4),52,1997,TRUE
North Thompson_SP_1.3,NTh-spr,DU16,CK-18,BLUE RIVER,46801,2019,RELATIVE ABUNDANCE (TYPE-4),275,1997,TRUE
North Thompson_SP_1.3,NTh-spr,DU16,CK-18,BLUE RIVER,46801,2020,RELATIVE ABUNDANCE (TYPE-4),362,1997,TRUE
North Thompson_SP_1.3,NTh-spr,DU16,CK-18,BLUE RIVER,46801,2021,RELATIVE ABUNDANCE (TYPE-4),249,1997,TRUE
North Thompson_SP_1.3,NTh-spr,DU16,CK-18,BLUE RIVER,46801,2022,RELATIVE ABUNDANCE (TYPE-4),260,1997,TRUE
North Thompson_SP_1.3,NTh-spr,DU16,CK-18,BLUE RIVER,46801,2023,RELATIVE ABUNDANCE (TYPE-4),406,1997,TRUE
Middle Fraser River_SP_1.3,MFR-spring,DU9,CK-10,CHILCOTIN RIVER-UPPER,46841,1990,QualFiltered,NA,1995,FALSE
Middle Fraser River_SP_1.3,MFR-spring,DU9,CK-10,CHILCOTIN RIVER-UPPER,46841,1991,QualFiltered,NA,1995,FALSE
Middle Fraser River_SP_1.3,MFR-spring,DU9,CK-10,CHILCOTIN RIVER-UPPER,46841,1992,QualFiltered,NA,1995,FALSE
Middle Fraser River_SP_1.3,MFR-spring,DU9,CK-10,CHILCOTIN RIVER-UPPER,46841,1993,QualFiltered,NA,1995,FALSE
Middle Fraser River_SP_1.3,MFR-spring,DU9,CK-10,CHILCOTIN RIVER-UPPER,46841,1995,RELATIVE ABUNDANCE (TYPE-4),289,1995,TRUE
Middle Fraser River_SP_1.3,MFR-spring,DU9,CK-10,CHILCOTIN RIVER-UPPER,46841,1996,RELATIVE ABUNDANCE (TYPE-4),732,1995,TRUE
Middle Fraser River_SP_1.3,MFR-spring,DU9,CK-10,CHILCOTIN RIVER-UPPER,46841,1997,RELATIVE ABUNDANCE (TYPE-4),358,1995,TRUE
Middle Fraser River_SP_1.3,MFR-spring,DU9,CK-10,CHILCOTIN RIVER-UPPER,46841,1998,RELATIVE ABUNDANCE (TYPE-4),589,1995,TRUE
Middle Fraser River_SP_1.3,MFR-spring,DU9,CK-10,CHILCOTIN RIVER-UPPER,46841,1999,RELATIVE ABUNDANCE (TYPE-4),277,1995,TRUE
Middle Fraser River_SP_1.3,MFR-spring,DU9,CK-10,CHILCOTIN RIVER-UPPER,46841,2000,RELATIVE ABUNDANCE (TYPE-4),229,1995,TRUE
Middle Fraser River_SP_1.3,MFR-spring,DU9,CK-10,CHILCOTIN RIVER-UPPER,46841,2001,RELATIVE ABUNDANCE (TYPE-4),243,1995,TRUE
Middle Fraser River_SP_1.3,MFR-spring,DU9,CK-10,CHILCOTIN RIVER-UPPER,46841,2002,RELATIVE ABUNDANCE (TYPE-4),520,1995,TRUE
Middle Fraser River_SP_1.3,MFR-spring,DU9,CK-10,CHILCOTIN RIVER-UPPER,46841,2003,RELATIVE ABUNDANCE (TYPE-4),686,1995,TRUE
Middle Fraser River_SP_1.3,MFR-spring,DU9,CK-10,CHILCOTIN RIVER-UPPER,46841,2004,RELATIVE ABUNDANCE (TYPE-4),220,1995,TRUE
Middle Fraser River_SP_1.3,MFR-spring,DU9,CK-10,CHILCOTIN RIVER-UPPER,46841,2005,RELATIVE ABUNDANCE (TYPE-4),102,1995,TRUE
Middle Fraser River_SP_1.3,MFR-spring,DU9,CK-10,CHILCOTIN RIVER-UPPER,46841,2006,RELATIVE ABUNDANCE (TYPE-4),160,1995,TRUE
Middle Fraser River_SP_1.3,MFR-spring,DU9,CK-10,CHILCOTIN RIVER-UPPER,46841,2007,RELATIVE ABUNDANCE (TYPE-4),89,1995,TRUE
Middle Fraser River_SP_1.3,MFR-spring,DU9,CK-10,CHILCOTIN RIVER-UPPER,46841,2008,RELATIVE ABUNDANCE (TYPE-4),2019,1995,TRUE
Middle Fraser River_SP_1.3,MFR-spring,DU9,CK-10,CHILCOTIN RIVER-UPPER,46841,2009,RELATIVE ABUNDANCE (TYPE-4),243,1995,TRUE
Middle Fraser River_SP_1.3,MFR-spring,DU9,CK-10,CHILCOTIN RIVER-UPPER,46841,2010,RELATIVE ABUNDANCE (TYPE-4),1695,1995,TRUE
Middle Fraser River_SP_1.3,MFR-spring,DU9,CK-10,CHILCOTIN RIVER-UPPER,46841,2011,RELATIVE ABUNDANCE (TYPE-4),754,1995,TRUE
Middle Fraser River_SP_1.3,MFR-spring,DU9,CK-10,CHILCOTIN RIVER-UPPER,46841,2012,RELATIVE ABUNDANCE (TYPE-4),82,1995,TRUE
Middle Fraser River_SP_1.3,MFR-spring,DU9,CK-10,CHILCOTIN RIVER-UPPER,46841,2013,RELATIVE ABUNDANCE (TYPE-4),223,1995,TRUE
Middle Fraser River_SP_1.3,MFR-spring,DU9,CK-10,CHILCOTIN RIVER-UPPER,46841,2014,RELATIVE ABUNDANCE (TYPE-4),392,1995,TRUE
Middle Fraser River_SP_1.3,MFR-spring,DU9,CK-10,CHILCOTIN RIVER-UPPER,46841,2015,RELATIVE ABUNDANCE (TYPE-4),215,1995,TRUE
Middle Fraser River_SP_1.3,MFR-spring,DU9,CK-10,CHILCOTIN RIVER-UPPER,46841,2016,RELATIVE ABUNDANCE (TYPE-4),115,1995,TRUE
Middle Fraser River_SP_1.3,MFR-spring,DU9,CK-10,CHILCOTIN RIVER-UPPER,46841,2017,INFILL,113.3506361,1995,TRUE
Middle Fraser River_SP_1.3,MFR-spring,DU9,CK-10,CHILCOTIN RIVER-UPPER,46841,2018,RELATIVE ABUNDANCE (TYPE-4),63,1995,TRUE
Middle Fraser River_SP_1.3,MFR-spring,DU9,CK-10,CHILCOTIN RIVER-UPPER,46841,2019,RELATIVE ABUNDANCE (TYPE-4),15,1995,TRUE
Middle Fraser River_SP_1.3,MFR-spring,DU9,CK-10,CHILCOTIN RIVER-UPPER,46841,2020,RELATIVE ABUNDANCE (TYPE-4),30,1995,TRUE
Middle Fraser River_SP_1.3,MFR-spring,DU9,CK-10,CHILCOTIN RIVER-UPPER,46841,2021,RELATIVE ABUNDANCE (TYPE-4),194,1995,TRUE
Middle Fraser River_SP_1.3,MFR-spring,DU9,CK-10,CHILCOTIN RIVER-UPPER,46841,2022,RELATIVE ABUNDANCE (TYPE-4),270,1995,TRUE
Middle Fraser River_SP_1.3,MFR-spring,DU9,CK-10,CHILCOTIN RIVER-UPPER,46841,2023,RELATIVE ABUNDANCE (TYPE-4),137,1995,TRUE
Middle Fraser River_SP_1.3,MFR-spring,DU9,CK-10,CHILCOTIN RIVER-UPPER,46841,2024,QualFiltered,NA,1995,TRUE
Middle Fraser River_SP_1.3,MFR-spring,DU9,CK-10,CHILCOTIN RIVER-LOWER,46842,1975,RELATIVE ABUNDANCE (TYPE-4),1359.130822,1995,FALSE
Middle Fraser River_SP_1.3,MFR-spring,DU9,CK-10,CHILCOTIN RIVER-LOWER,46842,1976,RELATIVE ABUNDANCE (TYPE-4),1279.18195,1995,FALSE
Middle Fraser River_SP_1.3,MFR-spring,DU9,CK-10,CHILCOTIN RIVER-LOWER,46842,1977,RELATIVE ABUNDANCE (TYPE-4),1119.284206,1995,FALSE
Middle Fraser River_SP_1.3,MFR-spring,DU9,CK-10,CHILCOTIN RIVER-LOWER,46842,1978,RELATIVE ABUNDANCE (TYPE-4),1359.130822,1995,FALSE
Middle Fraser River_SP_1.3,MFR-spring,DU9,CK-10,CHILCOTIN RIVER-LOWER,46842,1979,RELATIVE ABUNDANCE (TYPE-4),2398.466156,1995,FALSE
Middle Fraser River_SP_1.3,MFR-spring,DU9,CK-10,CHILCOTIN RIVER-LOWER,46842,1980,RELATIVE ABUNDANCE (TYPE-4),2238.568412,1995,FALSE
Middle Fraser River_SP_1.3,MFR-spring,DU9,CK-10,CHILCOTIN RIVER-LOWER,46842,1981,RELATIVE ABUNDANCE (TYPE-4),959.3864623,1995,FALSE
Middle Fraser River_SP_1.3,MFR-spring,DU9,CK-10,CHILCOTIN RIVER-LOWER,46842,1982,RELATIVE ABUNDANCE (TYPE-4),879.4375905,1995,FALSE
Middle Fraser River_SP_1.3,MFR-spring,DU9,CK-10,CHILCOTIN RIVER-LOWER,46842,1983,RELATIVE ABUNDANCE (TYPE-4),1598.977437,1995,FALSE
Middle Fraser River_SP_1.3,MFR-spring,DU9,CK-10,CHILCOTIN RIVER-LOWER,46842,1984,RELATIVE ABUNDANCE (TYPE-4),1519.028565,1995,FALSE
Middle Fraser River_SP_1.3,MFR-spring,DU9,CK-10,CHILCOTIN RIVER-LOWER,46842,1985,RELATIVE ABUNDANCE (TYPE-4),2398.466156,1995,FALSE
Middle Fraser River_SP_1.3,MFR-spring,DU9,CK-10,CHILCOTIN RIVER-LOWER,46842,1986,RELATIVE ABUNDANCE (TYPE-4),5276.625543,1995,FALSE
Middle Fraser River_SP_1.3,MFR-spring,DU9,CK-10,CHILCOTIN RIVER-LOWER,46842,1987,RELATIVE ABUNDANCE (TYPE-4),6076.114261,1995,FALSE
Middle Fraser River_SP_1.3,MFR-spring,DU9,CK-10,CHILCOTIN RIVER-LOWER,46842,1988,RELATIVE ABUNDANCE (TYPE-4),5452.513061,1995,FALSE
Middle Fraser River_SP_1.3,MFR-spring,DU9,CK-10,CHILCOTIN RIVER-LOWER,46842,1989,RELATIVE ABUNDANCE (TYPE-4),4157.341337,1995,FALSE
Middle Fraser River_SP_1.3,MFR-spring,DU9,CK-10,CHILCOTIN RIVER-LOWER,46842,1990,RELATIVE ABUNDANCE (TYPE-4),4317.239081,1995,FALSE
Middle Fraser River_SP_1.3,MFR-spring,DU9,CK-10,CHILCOTIN RIVER-LOWER,46842,1991,RELATIVE ABUNDANCE (TYPE-4),5020.789153,1995,FALSE
Middle Fraser River_SP_1.3,MFR-spring,DU9,CK-10,CHILCOTIN RIVER-LOWER,46842,1992,RELATIVE ABUNDANCE (TYPE-4),3975.057909,1995,FALSE
Middle Fraser River_SP_1.3,MFR-spring,DU9,CK-10,CHILCOTIN RIVER-LOWER,46842,1993,RELATIVE ABUNDANCE (TYPE-4),5276.625543,1995,FALSE
Middle Fraser River_SP_1.3,MFR-spring,DU9,CK-10,CHILCOTIN RIVER-LOWER,46842,1994,RELATIVE ABUNDANCE (TYPE-4),10879.44248,1995,FALSE
Middle Fraser River_SP_1.3,MFR-spring,DU9,CK-10,CHILCOTIN RIVER-LOWER,46842,1995,RELATIVE ABUNDANCE (TYPE-4),5983.37357,1995,TRUE
Middle Fraser River_SP_1.3,MFR-spring,DU9,CK-10,CHILCOTIN RIVER-LOWER,46842,1996,RELATIVE ABUNDANCE (TYPE-4),3653.663444,1995,TRUE
Middle Fraser River_SP_1.3,MFR-spring,DU9,CK-10,CHILCOTIN RIVER-LOWER,46842,1997,RELATIVE ABUNDANCE (TYPE-4),6395.909749,1995,TRUE
Middle Fraser River_SP_1.3,MFR-spring,DU9,CK-10,CHILCOTIN RIVER-LOWER,46842,1998,RELATIVE ABUNDANCE (TYPE-4),2334.507058,1995,TRUE
Middle Fraser River_SP_1.3,MFR-spring,DU9,CK-10,CHILCOTIN RIVER-LOWER,46842,1999,RELATIVE ABUNDANCE (TYPE-4),4630.638658,1995,TRUE
Middle Fraser River_SP_1.3,MFR-spring,DU9,CK-10,CHILCOTIN RIVER-LOWER,46842,2000,RELATIVE ABUNDANCE (TYPE-4),4750.561966,1995,TRUE
Middle Fraser River_SP_1.3,MFR-spring,DU9,CK-10,CHILCOTIN RIVER-LOWER,46842,2001,RELATIVE ABUNDANCE (TYPE-4),2516.790486,1995,TRUE
Middle Fraser River_SP_1.3,MFR-spring,DU9,CK-10,CHILCOTIN RIVER-LOWER,46842,2002,RELATIVE ABUNDANCE (TYPE-4),3345.060799,1995,TRUE
Middle Fraser River_SP_1.3,MFR-spring,DU9,CK-10,CHILCOTIN RIVER-LOWER,46842,2003,RELATIVE ABUNDANCE (TYPE-4),5430.127377,1995,TRUE
Middle Fraser River_SP_1.3,MFR-spring,DU9,CK-10,CHILCOTIN RIVER-LOWER,46842,2004,RELATIVE ABUNDANCE (TYPE-4),1701.311993,1995,TRUE
Middle Fraser River_SP_1.3,MFR-spring,DU9,CK-10,CHILCOTIN RIVER-LOWER,46842,2005,RELATIVE ABUNDANCE (TYPE-4),2412.856953,1995,TRUE
Middle Fraser River_SP_1.3,MFR-spring,DU9,CK-10,CHILCOTIN RIVER-LOWER,46842,2006,RELATIVE ABUNDANCE (TYPE-4),1642.149828,1995,TRUE
Middle Fraser River_SP_1.3,MFR-spring,DU9,CK-10,CHILCOTIN RIVER-LOWER,46842,2007,RELATIVE ABUNDANCE (TYPE-4),575.6318774,1995,TRUE
Middle Fraser River_SP_1.3,MFR-spring,DU9,CK-10,CHILCOTIN RIVER-LOWER,46842,2008,RELATIVE ABUNDANCE (TYPE-4),2018,1995,TRUE
Middle Fraser River_SP_1.3,MFR-spring,DU9,CK-10,CHILCOTIN RIVER-LOWER,46842,2009,RELATIVE ABUNDANCE (TYPE-4),986,1995,TRUE
Middle Fraser River_SP_1.3,MFR-spring,DU9,CK-10,CHILCOTIN RIVER-LOWER,46842,2010,RELATIVE ABUNDANCE (TYPE-4),2710.266756,1995,TRUE
Middle Fraser River_SP_1.3,MFR-spring,DU9,CK-10,CHILCOTIN RIVER-LOWER,46842,2011,RELATIVE ABUNDANCE (TYPE-4),1205.628988,1995,TRUE
Middle Fraser River_SP_1.3,MFR-spring,DU9,CK-10,CHILCOTIN RIVER-LOWER,46842,2012,RELATIVE ABUNDANCE (TYPE-4),802,1995,TRUE
Middle Fraser River_SP_1.3,MFR-spring,DU9,CK-10,CHILCOTIN RIVER-LOWER,46842,2013,RELATIVE ABUNDANCE (TYPE-4),1296.770702,1995,TRUE
Middle Fraser River_SP_1.3,MFR-spring,DU9,CK-10,CHILCOTIN RIVER-LOWER,46842,2014,RELATIVE ABUNDANCE (TYPE-4),9232.495723,1995,TRUE
Middle Fraser River_SP_1.3,MFR-spring,DU9,CK-10,CHILCOTIN RIVER-LOWER,46842,2015,RELATIVE ABUNDANCE (TYPE-4),4235.691231,1995,TRUE
Middle Fraser River_SP_1.3,MFR-spring,DU9,CK-10,CHILCOTIN RIVER-LOWER,46842,2016,RELATIVE ABUNDANCE (TYPE-4),1256.796266,1995,TRUE
Middle Fraser River_SP_1.3,MFR-spring,DU9,CK-10,CHILCOTIN RIVER-LOWER,46842,2017,RELATIVE ABUNDANCE (TYPE-4),644.3879072,1995,TRUE
Middle Fraser River_SP_1.3,MFR-spring,DU9,CK-10,CHILCOTIN RIVER-LOWER,46842,2018,RELATIVE ABUNDANCE (TYPE-4),1223,1995,TRUE
Middle Fraser River_SP_1.3,MFR-spring,DU9,CK-10,CHILCOTIN RIVER-LOWER,46842,2019,RELATIVE ABUNDANCE (TYPE-4),570.8349451,1995,TRUE
Middle Fraser River_SP_1.3,MFR-spring,DU9,CK-10,CHILCOTIN RIVER-LOWER,46842,2020,TRUE ABUNDANCE (TYPE-1),3285,1995,TRUE
Middle Fraser River_SP_1.3,MFR-spring,DU9,CK-10,CHILCOTIN RIVER-LOWER,46842,2021,TRUE ABUNDANCE (TYPE-1),2450,1995,TRUE
Middle Fraser River_SP_1.3,MFR-spring,DU9,CK-10,CHILCOTIN RIVER-LOWER,46842,2022,TRUE ABUNDANCE (TYPE-1),4135,1995,TRUE
Middle Fraser River_SP_1.3,MFR-spring,DU9,CK-10,CHILCOTIN RIVER-LOWER,46842,2023,TRUE ABUNDANCE (TYPE-1),1707,1995,TRUE
Middle Fraser River_SU_1.3,MFR-summer,DU10,CK-11,CHILKO RIVER,46851,1975,RELATIVE ABUNDANCE (TYPE-4),12139.65524,1995,FALSE
Middle Fraser River_SU_1.3,MFR-summer,DU10,CK-11,CHILKO RIVER,46851,1976,RELATIVE ABUNDANCE (TYPE-4),7319.873026,1995,FALSE
Middle Fraser River_SU_1.3,MFR-summer,DU10,CK-11,CHILKO RIVER,46851,1977,RELATIVE ABUNDANCE (TYPE-4),7859.77696,1995,FALSE
Middle Fraser River_SU_1.3,MFR-summer,DU10,CK-11,CHILKO RIVER,46851,1978,RELATIVE ABUNDANCE (TYPE-4),8398.38811,1995,FALSE
Middle Fraser River_SU_1.3,MFR-summer,DU10,CK-11,CHILKO RIVER,46851,1979,RELATIVE ABUNDANCE (TYPE-4),3823.217732,1995,FALSE
Middle Fraser River_SU_1.3,MFR-summer,DU10,CK-11,CHILKO RIVER,46851,1980,RELATIVE ABUNDANCE (TYPE-4),5691.079395,1995,FALSE
Middle Fraser River_SU_1.3,MFR-summer,DU10,CK-11,CHILKO RIVER,46851,1981,RELATIVE ABUNDANCE (TYPE-4),4155.005249,1995,FALSE
Middle Fraser River_SU_1.3,MFR-summer,DU10,CK-11,CHILKO RIVER,46851,1982,RELATIVE ABUNDANCE (TYPE-4),6018.058843,1995,FALSE
Middle Fraser River_SU_1.3,MFR-summer,DU10,CK-11,CHILKO RIVER,46851,1983,RELATIVE ABUNDANCE (TYPE-4),6778.555548,1995,FALSE
Middle Fraser River_SU_1.3,MFR-summer,DU10,CK-11,CHILKO RIVER,46851,1984,RELATIVE ABUNDANCE (TYPE-4),4815.579394,1995,FALSE
Middle Fraser River_SU_1.3,MFR-summer,DU10,CK-11,CHILKO RIVER,46851,1985,RELATIVE ABUNDANCE (TYPE-4),5144.539444,1995,FALSE
Middle Fraser River_SU_1.3,MFR-summer,DU10,CK-11,CHILKO RIVER,46851,1986,RELATIVE ABUNDANCE (TYPE-4),8551.38811,1995,FALSE
Middle Fraser River_SU_1.3,MFR-summer,DU10,CK-11,CHILKO RIVER,46851,1987,RELATIVE ABUNDANCE (TYPE-4),10007.42968,1995,FALSE
Middle Fraser River_SU_1.3,MFR-summer,DU10,CK-11,CHILKO RIVER,46851,1988,RELATIVE ABUNDANCE (TYPE-4),8975.534179,1995,FALSE
Middle Fraser River_SU_1.3,MFR-summer,DU10,CK-11,CHILKO RIVER,46851,1989,RELATIVE ABUNDANCE (TYPE-4),3490.285795,1995,FALSE
Middle Fraser River_SU_1.3,MFR-summer,DU10,CK-11,CHILKO RIVER,46851,1990,RELATIVE ABUNDANCE (TYPE-4),7606.934679,1995,FALSE
Middle Fraser River_SU_1.3,MFR-summer,DU10,CK-11,CHILKO RIVER,46851,1991,RELATIVE ABUNDANCE (TYPE-4),8290.764126,1995,FALSE
Middle Fraser River_SU_1.3,MFR-summer,DU10,CK-11,CHILKO RIVER,46851,1992,RELATIVE ABUNDANCE (TYPE-4),12318.17665,1995,FALSE
Middle Fraser River_SU_1.3,MFR-summer,DU10,CK-11,CHILKO RIVER,46851,1993,RELATIVE ABUNDANCE (TYPE-4),7150.057831,1995,FALSE
Middle Fraser River_SU_1.3,MFR-summer,DU10,CK-11,CHILKO RIVER,46851,1994,RELATIVE ABUNDANCE (TYPE-4),6415.011939,1995,FALSE
Middle Fraser River_SU_1.3,MFR-summer,DU10,CK-11,CHILKO RIVER,46851,1995,RELATIVE ABUNDANCE (TYPE-4),11566.32122,1995,TRUE
Middle Fraser River_SU_1.3,MFR-summer,DU10,CK-11,CHILKO RIVER,46851,1996,RELATIVE ABUNDANCE (TYPE-4),18472.32347,1995,TRUE
Middle Fraser River_SU_1.3,MFR-summer,DU10,CK-11,CHILKO RIVER,46851,1997,RELATIVE ABUNDANCE (TYPE-4),17708.01811,1995,TRUE
Middle Fraser River_SU_1.3,MFR-summer,DU10,CK-11,CHILKO RIVER,46851,1998,RELATIVE ABUNDANCE (TYPE-4),15895.07113,1995,TRUE
Middle Fraser River_SU_1.3,MFR-summer,DU10,CK-11,CHILKO RIVER,46851,1999,RELATIVE ABUNDANCE (TYPE-4),9921.847685,1995,TRUE
Middle Fraser River_SU_1.3,MFR-summer,DU10,CK-11,CHILKO RIVER,46851,2000,RELATIVE ABUNDANCE (TYPE-4),10190.27965,1995,TRUE
Middle Fraser River_SU_1.3,MFR-summer,DU10,CK-11,CHILKO RIVER,46851,2001,RELATIVE ABUNDANCE (TYPE-4),12023.7838,1995,TRUE
Middle Fraser River_SU_1.3,MFR-summer,DU10,CK-11,CHILKO RIVER,46851,2002,RELATIVE ABUNDANCE (TYPE-4),12168.35184,1995,TRUE
Middle Fraser River_SU_1.3,MFR-summer,DU10,CK-11,CHILKO RIVER,46851,2003,RELATIVE ABUNDANCE (TYPE-4),23307.99415,1995,TRUE
Middle Fraser River_SU_1.3,MFR-summer,DU10,CK-11,CHILKO RIVER,46851,2004,RELATIVE ABUNDANCE (TYPE-4),17723.7759,1995,TRUE
Middle Fraser River_SU_1.3,MFR-summer,DU10,CK-11,CHILKO RIVER,46851,2005,RELATIVE ABUNDANCE (TYPE-4),8579.089774,1995,TRUE
Middle Fraser River_SU_1.3,MFR-summer,DU10,CK-11,CHILKO RIVER,46851,2006,RELATIVE ABUNDANCE (TYPE-4),5910.229625,1995,TRUE
Middle Fraser River_SU_1.3,MFR-summer,DU10,CK-11,CHILKO RIVER,46851,2007,RELATIVE ABUNDANCE (TYPE-4),4997.705426,1995,TRUE
Middle Fraser River_SU_1.3,MFR-summer,DU10,CK-11,CHILKO RIVER,46851,2008,RELATIVE ABUNDANCE (TYPE-4),5893.885597,1995,TRUE
Middle Fraser River_SU_1.3,MFR-summer,DU10,CK-11,CHILKO RIVER,46851,2009,RELATIVE ABUNDANCE (TYPE-4),9679.944342,1995,TRUE
Middle Fraser River_SU_1.3,MFR-summer,DU10,CK-11,CHILKO RIVER,46851,2010,TRUE ABUNDANCE (TYPE-2),7490,1995,TRUE
Middle Fraser River_SU_1.3,MFR-summer,DU10,CK-11,CHILKO RIVER,46851,2011,TRUE ABUNDANCE (TYPE-2),8396,1995,TRUE
Middle Fraser River_SU_1.3,MFR-summer,DU10,CK-11,CHILKO RIVER,46851,2012,TRUE ABUNDANCE (TYPE-2),4255,1995,TRUE
Middle Fraser River_SU_1.3,MFR-summer,DU10,CK-11,CHILKO RIVER,46851,2013,TRUE ABUNDANCE (TYPE-2),4200,1995,TRUE
Middle Fraser River_SU_1.3,MFR-summer,DU10,CK-11,CHILKO RIVER,46851,2014,TRUE ABUNDANCE (TYPE-2),13336,1995,TRUE
Middle Fraser River_SU_1.3,MFR-summer,DU10,CK-11,CHILKO RIVER,46851,2015,TRUE ABUNDANCE (TYPE-2),10985,1995,TRUE
Middle Fraser River_SU_1.3,MFR-summer,DU10,CK-11,CHILKO RIVER,46851,2016,TRUE ABUNDANCE (TYPE-2),4174,1995,TRUE
Middle Fraser River_SU_1.3,MFR-summer,DU10,CK-11,CHILKO RIVER,46851,2017,TRUE ABUNDANCE (TYPE-2),3679,1995,TRUE
Middle Fraser River_SU_1.3,MFR-summer,DU10,CK-11,CHILKO RIVER,46851,2018,TRUE ABUNDANCE (TYPE-2),2246,1995,TRUE
Middle Fraser River_SU_1.3,MFR-summer,DU10,CK-11,CHILKO RIVER,46851,2019,RELATIVE ABUNDANCE (TYPE-4),2542.769246,1995,TRUE
Middle Fraser River_SU_1.3,MFR-summer,DU10,CK-11,CHILKO RIVER,46851,2020,TRUE ABUNDANCE (TYPE-2),6293,1995,TRUE
Middle Fraser River_SU_1.3,MFR-summer,DU10,CK-11,CHILKO RIVER,46851,2021,TRUE ABUNDANCE (TYPE-2),5369,1995,TRUE
Middle Fraser River_SU_1.3,MFR-summer,DU10,CK-11,CHILKO RIVER,46851,2022,TRUE ABUNDANCE (TYPE-2),13629,1995,TRUE
Middle Fraser River_SU_1.3,MFR-summer,DU10,CK-11,CHILKO RIVER,46851,2023,TRUE ABUNDANCE (TYPE-2),7218,1995,TRUE
Middle Fraser River_SU_1.3,MFR-summer,DU10,CK-11,CHILKO RIVER,46851,2024,QualFiltered,NA,1995,TRUE
Middle Fraser River_SP_1.3,MFR-spring,DU9,CK-10,TASEKO LAKE,46861,1975,QualFiltered,NA,1995,FALSE
Middle Fraser River_SP_1.3,MFR-spring,DU9,CK-10,TASEKO LAKE,46861,1976,QualFiltered,NA,1995,FALSE
Middle Fraser River_SP_1.3,MFR-spring,DU9,CK-10,TASEKO LAKE,46861,1977,QualFiltered,NA,1995,FALSE
Middle Fraser River_SP_1.3,MFR-spring,DU9,CK-10,TASEKO LAKE,46861,1978,QualFiltered,NA,1995,FALSE
Middle Fraser River_SP_1.3,MFR-spring,DU9,CK-10,TASEKO LAKE,46861,1979,QualFiltered,NA,1995,FALSE
Middle Fraser River_SP_1.3,MFR-spring,DU9,CK-10,TASEKO LAKE,46861,1980,QualFiltered,NA,1995,FALSE
Middle Fraser River_SP_1.3,MFR-spring,DU9,CK-10,TASEKO LAKE,46861,1981,QualFiltered,NA,1995,FALSE
Middle Fraser River_SP_1.3,MFR-spring,DU9,CK-10,TASEKO LAKE,46861,1982,QualFiltered,NA,1995,FALSE
Middle Fraser River_SP_1.3,MFR-spring,DU9,CK-10,TASEKO LAKE,46861,1983,QualFiltered,NA,1995,FALSE
Middle Fraser River_SP_1.3,MFR-spring,DU9,CK-10,TASEKO LAKE,46861,1984,QualFiltered,NA,1995,FALSE
Middle Fraser River_SP_1.3,MFR-spring,DU9,CK-10,TASEKO LAKE,46861,1985,QualFiltered,NA,1995,FALSE
Middle Fraser River_SP_1.3,MFR-spring,DU9,CK-10,TASEKO LAKE,46861,1987,QualFiltered,NA,1995,FALSE
Middle Fraser River_SP_1.3,MFR-spring,DU9,CK-10,TASEKO LAKE,46861,1988,QualFiltered,NA,1995,FALSE
Middle Fraser River_SP_1.3,MFR-spring,DU9,CK-10,TASEKO LAKE,46861,1989,QualFiltered,NA,1995,FALSE
Middle Fraser River_SP_1.3,MFR-spring,DU9,CK-10,TASEKO LAKE,46861,1990,QualFiltered,NA,1995,FALSE
Middle Fraser River_SP_1.3,MFR-spring,DU9,CK-10,TASEKO LAKE,46861,1991,QualFiltered,NA,1995,FALSE
Middle Fraser River_SP_1.3,MFR-spring,DU9,CK-10,TASEKO LAKE,46861,1992,QualFiltered,NA,1995,FALSE
Middle Fraser River_SP_1.3,MFR-spring,DU9,CK-10,TASEKO LAKE,46861,1993,QualFiltered,NA,1995,FALSE
Middle Fraser River_SP_1.3,MFR-spring,DU9,CK-10,TASEKO LAKE,46861,1996,QualFiltered,NA,1995,TRUE
Middle Fraser River_SP_1.3,MFR-spring,DU9,CK-10,TASEKO LAKE,46861,1998,QualFiltered,NA,1995,TRUE
Middle Fraser River_SP_1.3,MFR-spring,DU9,CK-10,TASEKO LAKE,46861,1999,QualFiltered,NA,1995,TRUE
Middle Fraser River_SU_1.3,MFR-summer,DU10,CK-11,ELKIN CREEK,46871,1975,QualFiltered,NA,1995,FALSE
Middle Fraser River_SU_1.3,MFR-summer,DU10,CK-11,ELKIN CREEK,46871,1976,QualFiltered,NA,1995,FALSE
Middle Fraser River_SU_1.3,MFR-summer,DU10,CK-11,ELKIN CREEK,46871,1977,QualFiltered,NA,1995,FALSE
Middle Fraser River_SU_1.3,MFR-summer,DU10,CK-11,ELKIN CREEK,46871,1978,QualFiltered,NA,1995,FALSE
Middle Fraser River_SU_1.3,MFR-summer,DU10,CK-11,ELKIN CREEK,46871,1979,QualFiltered,NA,1995,FALSE
Middle Fraser River_SU_1.3,MFR-summer,DU10,CK-11,ELKIN CREEK,46871,1980,QualFiltered,NA,1995,FALSE
Middle Fraser River_SU_1.3,MFR-summer,DU10,CK-11,ELKIN CREEK,46871,1981,QualFiltered,NA,1995,FALSE
Middle Fraser River_SU_1.3,MFR-summer,DU10,CK-11,ELKIN CREEK,46871,1982,QualFiltered,NA,1995,FALSE
Middle Fraser River_SU_1.3,MFR-summer,DU10,CK-11,ELKIN CREEK,46871,1983,QualFiltered,NA,1995,FALSE
Middle Fraser River_SU_1.3,MFR-summer,DU10,CK-11,ELKIN CREEK,46871,1984,QualFiltered,NA,1995,FALSE
Middle Fraser River_SU_1.3,MFR-summer,DU10,CK-11,ELKIN CREEK,46871,1985,QualFiltered,NA,1995,FALSE
Middle Fraser River_SU_1.3,MFR-summer,DU10,CK-11,ELKIN CREEK,46871,1986,QualFiltered,NA,1995,FALSE
Middle Fraser River_SU_1.3,MFR-summer,DU10,CK-11,ELKIN CREEK,46871,1987,QualFiltered,NA,1995,FALSE
Middle Fraser River_SU_1.3,MFR-summer,DU10,CK-11,ELKIN CREEK,46871,1988,QualFiltered,NA,1995,FALSE
Middle Fraser River_SU_1.3,MFR-summer,DU10,CK-11,ELKIN CREEK,46871,1989,QualFiltered,NA,1995,FALSE
Middle Fraser River_SU_1.3,MFR-summer,DU10,CK-11,ELKIN CREEK,46871,1990,QualFiltered,NA,1995,FALSE
Middle Fraser River_SU_1.3,MFR-summer,DU10,CK-11,ELKIN CREEK,46871,1991,QualFiltered,NA,1995,FALSE
Middle Fraser River_SU_1.3,MFR-summer,DU10,CK-11,ELKIN CREEK,46871,1992,QualFiltered,NA,1995,FALSE
Middle Fraser River_SU_1.3,MFR-summer,DU10,CK-11,ELKIN CREEK,46871,1993,QualFiltered,NA,1995,FALSE
Middle Fraser River_SU_1.3,MFR-summer,DU10,CK-11,ELKIN CREEK,46871,1994,QualFiltered,NA,1995,FALSE
Middle Fraser River_SU_1.3,MFR-summer,DU10,CK-11,ELKIN CREEK,46871,1995,INFILL,428.763605,1995,TRUE
Middle Fraser River_SU_1.3,MFR-summer,DU10,CK-11,ELKIN CREEK,46871,1996,INFILL,634.9619184,1995,TRUE
Middle Fraser River_SU_1.3,MFR-summer,DU10,CK-11,ELKIN CREEK,46871,1997,INFILL,631.0233288,1995,TRUE
Middle Fraser River_SU_1.3,MFR-summer,DU10,CK-11,ELKIN CREEK,46871,1998,INFILL,575.3811519,1995,TRUE
Middle Fraser River_SU_1.3,MFR-summer,DU10,CK-11,ELKIN CREEK,46871,1999,INFILL,496.5333498,1995,TRUE
Middle Fraser River_SU_1.3,MFR-summer,DU10,CK-11,ELKIN CREEK,46871,2000,RELATIVE ABUNDANCE (TYPE-4),493,1995,TRUE
Middle Fraser River_SU_1.3,MFR-summer,DU10,CK-11,ELKIN CREEK,46871,2001,INFILL,652.0429425,1995,TRUE
Middle Fraser River_SU_1.3,MFR-summer,DU10,CK-11,ELKIN CREEK,46871,2002,INFILL,469.2541791,1995,TRUE
Middle Fraser River_SU_1.3,MFR-summer,DU10,CK-11,ELKIN CREEK,46871,2003,INFILL,905.6002721,1995,TRUE
Middle Fraser River_SU_1.3,MFR-summer,DU10,CK-11,ELKIN CREEK,46871,2004,INFILL,908.6310075,1995,TRUE
Middle Fraser River_SU_1.3,MFR-summer,DU10,CK-11,ELKIN CREEK,46871,2005,INFILL,778.6889189,1995,TRUE
Middle Fraser River_SU_1.3,MFR-summer,DU10,CK-11,ELKIN CREEK,46871,2006,INFILL,467.8386176,1995,TRUE
Middle Fraser River_SU_1.3,MFR-summer,DU10,CK-11,ELKIN CREEK,46871,2007,INFILL,401.9616544,1995,TRUE
Middle Fraser River_SU_1.3,MFR-summer,DU10,CK-11,ELKIN CREEK,46871,2008,INFILL,274.1940923,1995,TRUE
Middle Fraser River_SU_1.3,MFR-summer,DU10,CK-11,ELKIN CREEK,46871,2009,INFILL,323.5045402,1995,TRUE
Middle Fraser River_SU_1.3,MFR-summer,DU10,CK-11,ELKIN CREEK,46871,2010,RELATIVE ABUNDANCE (TYPE-4),1085,1995,TRUE
Middle Fraser River_SU_1.3,MFR-summer,DU10,CK-11,ELKIN CREEK,46871,2011,INFILL,316.1669262,1995,TRUE
Middle Fraser River_SU_1.3,MFR-summer,DU10,CK-11,ELKIN CREEK,46871,2012,INFILL,148.8746448,1995,TRUE
Middle Fraser River_SU_1.3,MFR-summer,DU10,CK-11,ELKIN CREEK,46871,2013,INFILL,178.6035149,1995,TRUE
Middle Fraser River_SU_1.3,MFR-summer,DU10,CK-11,ELKIN CREEK,46871,2014,INFILL,433.7484025,1995,TRUE
Middle Fraser River_SU_1.3,MFR-summer,DU10,CK-11,ELKIN CREEK,46871,2015,RELATIVE ABUNDANCE (TYPE-4),1052,1995,TRUE
Middle Fraser River_SU_1.3,MFR-summer,DU10,CK-11,ELKIN CREEK,46871,2016,RELATIVE ABUNDANCE (TYPE-4),205,1995,TRUE
Middle Fraser River_SU_1.3,MFR-summer,DU10,CK-11,ELKIN CREEK,46871,2017,RELATIVE ABUNDANCE (TYPE-4),48,1995,TRUE
Middle Fraser River_SU_1.3,MFR-summer,DU10,CK-11,ELKIN CREEK,46871,2018,RELATIVE ABUNDANCE (TYPE-4),94,1995,TRUE
Middle Fraser River_SU_1.3,MFR-summer,DU10,CK-11,ELKIN CREEK,46871,2019,RELATIVE ABUNDANCE (TYPE-4),145,1995,TRUE
Middle Fraser River_SU_1.3,MFR-summer,DU10,CK-11,ELKIN CREEK,46871,2020,RELATIVE ABUNDANCE (TYPE-4),485,1995,TRUE
Middle Fraser River_SU_1.3,MFR-summer,DU10,CK-11,ELKIN CREEK,46871,2021,RELATIVE ABUNDANCE (TYPE-4),118,1995,TRUE
Middle Fraser River_SU_1.3,MFR-summer,DU10,CK-11,ELKIN CREEK,46871,2022,RELATIVE ABUNDANCE (TYPE-4),402,1995,TRUE
Middle Fraser River_SU_1.3,MFR-summer,DU10,CK-11,ELKIN CREEK,46871,2023,RELATIVE ABUNDANCE (TYPE-4),449,1995,TRUE
Middle Fraser River_SU_1.3,MFR-summer,DU10,CK-11,QUESNEL RIVER,46881,1975,QualFiltered,NA,1995,FALSE
Middle Fraser River_SU_1.3,MFR-summer,DU10,CK-11,QUESNEL RIVER,46881,1976,QualFiltered,NA,1995,FALSE
Middle Fraser River_SU_1.3,MFR-summer,DU10,CK-11,QUESNEL RIVER,46881,1977,QualFiltered,NA,1995,FALSE
Middle Fraser River_SU_1.3,MFR-summer,DU10,CK-11,QUESNEL RIVER,46881,1978,QualFiltered,NA,1995,FALSE
Middle Fraser River_SU_1.3,MFR-summer,DU10,CK-11,QUESNEL RIVER,46881,1979,QualFiltered,NA,1995,FALSE
Middle Fraser River_SU_1.3,MFR-summer,DU10,CK-11,QUESNEL RIVER,46881,1980,QualFiltered,NA,1995,FALSE
Middle Fraser River_SU_1.3,MFR-summer,DU10,CK-11,QUESNEL RIVER,46881,1981,QualFiltered,NA,1995,FALSE
Middle Fraser River_SU_1.3,MFR-summer,DU10,CK-11,QUESNEL RIVER,46881,1982,QualFiltered,NA,1995,FALSE
Middle Fraser River_SU_1.3,MFR-summer,DU10,CK-11,QUESNEL RIVER,46881,1983,QualFiltered,NA,1995,FALSE
Middle Fraser River_SU_1.3,MFR-summer,DU10,CK-11,QUESNEL RIVER,46881,1984,QualFiltered,NA,1995,FALSE
Middle Fraser River_SU_1.3,MFR-summer,DU10,CK-11,QUESNEL RIVER,46881,1985,QualFiltered,NA,1995,FALSE
Middle Fraser River_SU_1.3,MFR-summer,DU10,CK-11,QUESNEL RIVER,46881,1986,QualFiltered,NA,1995,FALSE
Middle Fraser River_SU_1.3,MFR-summer,DU10,CK-11,QUESNEL RIVER,46881,1987,QualFiltered,NA,1995,FALSE
Middle Fraser River_SU_1.3,MFR-summer,DU10,CK-11,QUESNEL RIVER,46881,1988,QualFiltered,NA,1995,FALSE
Middle Fraser River_SU_1.3,MFR-summer,DU10,CK-11,QUESNEL RIVER,46881,1989,QualFiltered,NA,1995,FALSE
Middle Fraser River_SU_1.3,MFR-summer,DU10,CK-11,QUESNEL RIVER,46881,1990,QualFiltered,NA,1995,FALSE
Middle Fraser River_SU_1.3,MFR-summer,DU10,CK-11,QUESNEL RIVER,46881,1991,QualFiltered,NA,1995,FALSE
Middle Fraser River_SU_1.3,MFR-summer,DU10,CK-11,QUESNEL RIVER,46881,1992,QualFiltered,NA,1995,FALSE
Middle Fraser River_SU_1.3,MFR-summer,DU10,CK-11,QUESNEL RIVER,46881,1993,QualFiltered,NA,1995,FALSE
Middle Fraser River_SU_1.3,MFR-summer,DU10,CK-11,QUESNEL RIVER,46881,1994,QualFiltered,NA,1995,FALSE
Middle Fraser River_SU_1.3,MFR-summer,DU10,CK-11,QUESNEL RIVER,46881,1995,INFILL,2620.98403,1995,TRUE
Middle Fraser River_SU_1.3,MFR-summer,DU10,CK-11,QUESNEL RIVER,46881,1996,INFILL,3881.45129,1995,TRUE
Middle Fraser River_SU_1.3,MFR-summer,DU10,CK-11,QUESNEL RIVER,46881,1997,INFILL,3857.375132,1995,TRUE
Middle Fraser River_SU_1.3,MFR-summer,DU10,CK-11,QUESNEL RIVER,46881,1998,RELATIVE ABUNDANCE (TYPE-4),3588,1995,TRUE
Middle Fraser River_SU_1.3,MFR-summer,DU10,CK-11,QUESNEL RIVER,46881,1999,RELATIVE ABUNDANCE (TYPE-4),9463,1995,TRUE
Middle Fraser River_SU_1.3,MFR-summer,DU10,CK-11,QUESNEL RIVER,46881,2000,RELATIVE ABUNDANCE (TYPE-4),4942,1995,TRUE
Middle Fraser River_SU_1.3,MFR-summer,DU10,CK-11,QUESNEL RIVER,46881,2001,RELATIVE ABUNDANCE (TYPE-4),1220,1995,TRUE
Middle Fraser River_SU_1.3,MFR-summer,DU10,CK-11,QUESNEL RIVER,46881,2002,RELATIVE ABUNDANCE (TYPE-4),1220,1995,TRUE
Middle Fraser River_SU_1.3,MFR-summer,DU10,CK-11,QUESNEL RIVER,46881,2003,RELATIVE ABUNDANCE (TYPE-4),1220,1995,TRUE
Middle Fraser River_SU_1.3,MFR-summer,DU10,CK-11,QUESNEL RIVER,46881,2004,RELATIVE ABUNDANCE (TYPE-4),9052,1995,TRUE
Middle Fraser River_SU_1.3,MFR-summer,DU10,CK-11,QUESNEL RIVER,46881,2005,RELATIVE ABUNDANCE (TYPE-4),9052,1995,TRUE
Middle Fraser River_SU_1.3,MFR-summer,DU10,CK-11,QUESNEL RIVER,46881,2006,RELATIVE ABUNDANCE (TYPE-4),1220,1995,TRUE
Middle Fraser River_SU_1.3,MFR-summer,DU10,CK-11,QUESNEL RIVER,46881,2007,RELATIVE ABUNDANCE (TYPE-4),1220,1995,TRUE
Middle Fraser River_SU_1.3,MFR-summer,DU10,CK-11,QUESNEL RIVER,46881,2008,RELATIVE ABUNDANCE (TYPE-4),1383,1995,TRUE
Middle Fraser River_SU_1.3,MFR-summer,DU10,CK-11,QUESNEL RIVER,46881,2009,RELATIVE ABUNDANCE (TYPE-4),1875,1995,TRUE
Middle Fraser River_SU_1.3,MFR-summer,DU10,CK-11,QUESNEL RIVER,46881,2010,RELATIVE ABUNDANCE (TYPE-4),2319,1995,TRUE
Middle Fraser River_SU_1.3,MFR-summer,DU10,CK-11,QUESNEL RIVER,46881,2011,RELATIVE ABUNDANCE (TYPE-4),1428,1995,TRUE
Middle Fraser River_SU_1.3,MFR-summer,DU10,CK-11,QUESNEL RIVER,46881,2012,RELATIVE ABUNDANCE (TYPE-4),1560,1995,TRUE
Middle Fraser River_SU_1.3,MFR-summer,DU10,CK-11,QUESNEL RIVER,46881,2013,RELATIVE ABUNDANCE (TYPE-4),2579,1995,TRUE
Middle Fraser River_SU_1.3,MFR-summer,DU10,CK-11,QUESNEL RIVER,46881,2014,RELATIVE ABUNDANCE (TYPE-4),1859,1995,TRUE
Middle Fraser River_SU_1.3,MFR-summer,DU10,CK-11,QUESNEL RIVER,46881,2015,RELATIVE ABUNDANCE (TYPE-4),3882,1995,TRUE
Middle Fraser River_SU_1.3,MFR-summer,DU10,CK-11,QUESNEL RIVER,46881,2016,RELATIVE ABUNDANCE (TYPE-4),1021,1995,TRUE
Middle Fraser River_SU_1.3,MFR-summer,DU10,CK-11,QUESNEL RIVER,46881,2017,RELATIVE ABUNDANCE (TYPE-4),502,1995,TRUE
Middle Fraser River_SU_1.3,MFR-summer,DU10,CK-11,QUESNEL RIVER,46881,2018,RELATIVE ABUNDANCE (TYPE-4),512,1995,TRUE
Middle Fraser River_SU_1.3,MFR-summer,DU10,CK-11,QUESNEL RIVER,46881,2019,RELATIVE ABUNDANCE (TYPE-4),171,1995,TRUE
Middle Fraser River_SU_1.3,MFR-summer,DU10,CK-11,QUESNEL RIVER,46881,2020,RELATIVE ABUNDANCE (TYPE-4),289,1995,TRUE
Middle Fraser River_SU_1.3,MFR-summer,DU10,CK-11,QUESNEL RIVER,46881,2021,RELATIVE ABUNDANCE (TYPE-4),1560,1995,TRUE
Middle Fraser River_SU_1.3,MFR-summer,DU10,CK-11,QUESNEL RIVER,46881,2022,RELATIVE ABUNDANCE (TYPE-4),1637,1995,TRUE
Middle Fraser River_SU_1.3,MFR-summer,DU10,CK-11,QUESNEL RIVER,46881,2023,RELATIVE ABUNDANCE (TYPE-4),1343,1995,TRUE
Middle Fraser River_SU_1.3,MFR-summer,DU10,CK-11,CARIBOO RIVER,46891,1975,QualFiltered,NA,1995,FALSE
Middle Fraser River_SU_1.3,MFR-summer,DU10,CK-11,CARIBOO RIVER,46891,1976,QualFiltered,NA,1995,FALSE
Middle Fraser River_SU_1.3,MFR-summer,DU10,CK-11,CARIBOO RIVER,46891,1977,QualFiltered,NA,1995,FALSE
Middle Fraser River_SU_1.3,MFR-summer,DU10,CK-11,CARIBOO RIVER,46891,1978,QualFiltered,NA,1995,FALSE
Middle Fraser River_SU_1.3,MFR-summer,DU10,CK-11,CARIBOO RIVER,46891,1979,QualFiltered,NA,1995,FALSE
Middle Fraser River_SU_1.3,MFR-summer,DU10,CK-11,CARIBOO RIVER,46891,1980,QualFiltered,NA,1995,FALSE
Middle Fraser River_SU_1.3,MFR-summer,DU10,CK-11,CARIBOO RIVER,46891,1981,QualFiltered,NA,1995,FALSE
Middle Fraser River_SU_1.3,MFR-summer,DU10,CK-11,CARIBOO RIVER,46891,1982,QualFiltered,NA,1995,FALSE
Middle Fraser River_SU_1.3,MFR-summer,DU10,CK-11,CARIBOO RIVER,46891,1983,QualFiltered,NA,1995,FALSE
Middle Fraser River_SU_1.3,MFR-summer,DU10,CK-11,CARIBOO RIVER,46891,1984,QualFiltered,NA,1995,FALSE
Middle Fraser River_SU_1.3,MFR-summer,DU10,CK-11,CARIBOO RIVER,46891,1985,QualFiltered,NA,1995,FALSE
Middle Fraser River_SU_1.3,MFR-summer,DU10,CK-11,CARIBOO RIVER,46891,1986,QualFiltered,NA,1995,FALSE
Middle Fraser River_SU_1.3,MFR-summer,DU10,CK-11,CARIBOO RIVER,46891,1987,QualFiltered,NA,1995,FALSE
Middle Fraser River_SU_1.3,MFR-summer,DU10,CK-11,CARIBOO RIVER,46891,1988,QualFiltered,NA,1995,FALSE
Middle Fraser River_SU_1.3,MFR-summer,DU10,CK-11,CARIBOO RIVER,46891,1989,QualFiltered,NA,1995,FALSE
Middle Fraser River_SU_1.3,MFR-summer,DU10,CK-11,CARIBOO RIVER,46891,1990,QualFiltered,NA,1995,FALSE
Middle Fraser River_SU_1.3,MFR-summer,DU10,CK-11,CARIBOO RIVER,46891,1991,QualFiltered,NA,1995,FALSE
Middle Fraser River_SU_1.3,MFR-summer,DU10,CK-11,CARIBOO RIVER,46891,1992,QualFiltered,NA,1995,FALSE
Middle Fraser River_SU_1.3,MFR-summer,DU10,CK-11,CARIBOO RIVER,46891,1993,QualFiltered,NA,1995,FALSE
Middle Fraser River_SU_1.3,MFR-summer,DU10,CK-11,CARIBOO RIVER,46891,1994,QualFiltered,NA,1995,FALSE
Middle Fraser River_SU_1.3,MFR-summer,DU10,CK-11,CARIBOO RIVER,46891,1995,INFILL,554.5067776,1995,TRUE
Middle Fraser River_SU_1.3,MFR-summer,DU10,CK-11,CARIBOO RIVER,46891,1996,INFILL,821.1767117,1995,TRUE
Middle Fraser River_SU_1.3,MFR-summer,DU10,CK-11,CARIBOO RIVER,46891,1997,INFILL,816.0830551,1995,TRUE
Middle Fraser River_SU_1.3,MFR-summer,DU10,CK-11,CARIBOO RIVER,46891,1998,RELATIVE ABUNDANCE (TYPE-4),480,1995,TRUE
Middle Fraser River_SU_1.3,MFR-summer,DU10,CK-11,CARIBOO RIVER,46891,1999,RELATIVE ABUNDANCE (TYPE-4),364,1995,TRUE
Middle Fraser River_SU_1.3,MFR-summer,DU10,CK-11,CARIBOO RIVER,46891,2000,RELATIVE ABUNDANCE (TYPE-4),382,1995,TRUE
Middle Fraser River_SU_1.3,MFR-summer,DU10,CK-11,CARIBOO RIVER,46891,2001,RELATIVE ABUNDANCE (TYPE-4),503,1995,TRUE
Middle Fraser River_SU_1.3,MFR-summer,DU10,CK-11,CARIBOO RIVER,46891,2002,RELATIVE ABUNDANCE (TYPE-4),1097,1995,TRUE
Middle Fraser River_SU_1.3,MFR-summer,DU10,CK-11,CARIBOO RIVER,46891,2003,RELATIVE ABUNDANCE (TYPE-4),2198,1995,TRUE
Middle Fraser River_SU_1.3,MFR-summer,DU10,CK-11,CARIBOO RIVER,46891,2004,RELATIVE ABUNDANCE (TYPE-4),289,1995,TRUE
Middle Fraser River_SU_1.3,MFR-summer,DU10,CK-11,CARIBOO RIVER,46891,2005,RELATIVE ABUNDANCE (TYPE-4),526,1995,TRUE
Middle Fraser River_SU_1.3,MFR-summer,DU10,CK-11,CARIBOO RIVER,46891,2006,RELATIVE ABUNDANCE (TYPE-4),949,1995,TRUE
Middle Fraser River_SU_1.3,MFR-summer,DU10,CK-11,CARIBOO RIVER,46891,2007,RELATIVE ABUNDANCE (TYPE-4),546,1995,TRUE
Middle Fraser River_SU_1.3,MFR-summer,DU10,CK-11,CARIBOO RIVER,46891,2008,RELATIVE ABUNDANCE (TYPE-4),449,1995,TRUE
Middle Fraser River_SU_1.3,MFR-summer,DU10,CK-11,CARIBOO RIVER,46891,2009,RELATIVE ABUNDANCE (TYPE-4),877,1995,TRUE
Middle Fraser River_SU_1.3,MFR-summer,DU10,CK-11,CARIBOO RIVER,46891,2010,RELATIVE ABUNDANCE (TYPE-4),852,1995,TRUE
Middle Fraser River_SU_1.3,MFR-summer,DU10,CK-11,CARIBOO RIVER,46891,2011,RELATIVE ABUNDANCE (TYPE-4),408,1995,TRUE
Middle Fraser River_SU_1.3,MFR-summer,DU10,CK-11,CARIBOO RIVER,46891,2012,RELATIVE ABUNDANCE (TYPE-4),238,1995,TRUE
Middle Fraser River_SU_1.3,MFR-summer,DU10,CK-11,CARIBOO RIVER,46891,2013,RELATIVE ABUNDANCE (TYPE-4),537,1995,TRUE
Middle Fraser River_SU_1.3,MFR-summer,DU10,CK-11,CARIBOO RIVER,46891,2014,RELATIVE ABUNDANCE (TYPE-4),242,1995,TRUE
Middle Fraser River_SU_1.3,MFR-summer,DU10,CK-11,CARIBOO RIVER,46891,2015,RELATIVE ABUNDANCE (TYPE-4),518,1995,TRUE
Middle Fraser River_SU_1.3,MFR-summer,DU10,CK-11,CARIBOO RIVER,46891,2016,RELATIVE ABUNDANCE (TYPE-4),145,1995,TRUE
Middle Fraser River_SU_1.3,MFR-summer,DU10,CK-11,CARIBOO RIVER,46891,2017,RELATIVE ABUNDANCE (TYPE-4),138,1995,TRUE
Middle Fraser River_SU_1.3,MFR-summer,DU10,CK-11,CARIBOO RIVER,46891,2018,RELATIVE ABUNDANCE (TYPE-4),214,1995,TRUE
Middle Fraser River_SU_1.3,MFR-summer,DU10,CK-11,CARIBOO RIVER,46891,2019,RELATIVE ABUNDANCE (TYPE-4),29,1995,TRUE
Middle Fraser River_SU_1.3,MFR-summer,DU10,CK-11,CARIBOO RIVER,46891,2020,RELATIVE ABUNDANCE (TYPE-4),245,1995,TRUE
Middle Fraser River_SU_1.3,MFR-summer,DU10,CK-11,CARIBOO RIVER,46891,2021,RELATIVE ABUNDANCE (TYPE-4),160,1995,TRUE
Middle Fraser River_SU_1.3,MFR-summer,DU10,CK-11,CARIBOO RIVER,46891,2022,RELATIVE ABUNDANCE (TYPE-4),700,1995,TRUE
Middle Fraser River_SU_1.3,MFR-summer,DU10,CK-11,CARIBOO RIVER,46891,2023,RELATIVE ABUNDANCE (TYPE-4),902,1995,TRUE
Middle Fraser River_SP_1.3,MFR-spring,DU9,CK-10,CARIBOO RIVER-UPPER,46892,1975,QualFiltered,NA,1995,FALSE
Middle Fraser River_SP_1.3,MFR-spring,DU9,CK-10,CARIBOO RIVER-UPPER,46892,1976,QualFiltered,NA,1995,FALSE
Middle Fraser River_SP_1.3,MFR-spring,DU9,CK-10,CARIBOO RIVER-UPPER,46892,1977,QualFiltered,NA,1995,FALSE
Middle Fraser River_SP_1.3,MFR-spring,DU9,CK-10,CARIBOO RIVER-UPPER,46892,1978,QualFiltered,NA,1995,FALSE
Middle Fraser River_SP_1.3,MFR-spring,DU9,CK-10,CARIBOO RIVER-UPPER,46892,1979,QualFiltered,NA,1995,FALSE
Middle Fraser River_SP_1.3,MFR-spring,DU9,CK-10,CARIBOO RIVER-UPPER,46892,1980,QualFiltered,NA,1995,FALSE
Middle Fraser River_SP_1.3,MFR-spring,DU9,CK-10,CARIBOO RIVER-UPPER,46892,1981,QualFiltered,NA,1995,FALSE
Middle Fraser River_SP_1.3,MFR-spring,DU9,CK-10,CARIBOO RIVER-UPPER,46892,1982,QualFiltered,NA,1995,FALSE
Middle Fraser River_SP_1.3,MFR-spring,DU9,CK-10,CARIBOO RIVER-UPPER,46892,1983,QualFiltered,NA,1995,FALSE
Middle Fraser River_SP_1.3,MFR-spring,DU9,CK-10,CARIBOO RIVER-UPPER,46892,1984,QualFiltered,NA,1995,FALSE
Middle Fraser River_SP_1.3,MFR-spring,DU9,CK-10,CARIBOO RIVER-UPPER,46892,1985,QualFiltered,NA,1995,FALSE
Middle Fraser River_SP_1.3,MFR-spring,DU9,CK-10,CARIBOO RIVER-UPPER,46892,1986,QualFiltered,NA,1995,FALSE
Middle Fraser River_SP_1.3,MFR-spring,DU9,CK-10,CARIBOO RIVER-UPPER,46892,1987,QualFiltered,NA,1995,FALSE
Middle Fraser River_SP_1.3,MFR-spring,DU9,CK-10,CARIBOO RIVER-UPPER,46892,1988,QualFiltered,NA,1995,FALSE
Middle Fraser River_SP_1.3,MFR-spring,DU9,CK-10,CARIBOO RIVER-UPPER,46892,1989,QualFiltered,NA,1995,FALSE
Middle Fraser River_SP_1.3,MFR-spring,DU9,CK-10,CARIBOO RIVER-UPPER,46892,1990,QualFiltered,NA,1995,FALSE
Middle Fraser River_SP_1.3,MFR-spring,DU9,CK-10,CARIBOO RIVER-UPPER,46892,1991,QualFiltered,NA,1995,FALSE
Middle Fraser River_SP_1.3,MFR-spring,DU9,CK-10,CARIBOO RIVER-UPPER,46892,1992,QualFiltered,NA,1995,FALSE
Middle Fraser River_SP_1.3,MFR-spring,DU9,CK-10,CARIBOO RIVER-UPPER,46892,1993,QualFiltered,NA,1995,FALSE
Middle Fraser River_SP_1.3,MFR-spring,DU9,CK-10,CARIBOO RIVER-UPPER,46892,1994,QualFiltered,NA,1995,FALSE
Middle Fraser River_SP_1.3,MFR-spring,DU9,CK-10,CARIBOO RIVER-UPPER,46892,1995,QualFiltered,NA,1995,TRUE
Middle Fraser River_SP_1.3,MFR-spring,DU9,CK-10,CARIBOO RIVER-UPPER,46892,1996,QualFiltered,NA,1995,TRUE
Middle Fraser River_SP_1.3,MFR-spring,DU9,CK-10,CARIBOO RIVER-UPPER,46892,1997,QualFiltered,NA,1995,TRUE
Middle Fraser River_SP_1.3,MFR-spring,DU9,CK-10,CARIBOO RIVER-UPPER,46892,1998,QualFiltered,NA,1995,TRUE
Middle Fraser River_SP_1.3,MFR-spring,DU9,CK-10,CARIBOO RIVER-UPPER,46892,1999,QualFiltered,NA,1995,TRUE
Middle Fraser River_SP_1.3,MFR-spring,DU9,CK-10,CARIBOO RIVER-UPPER,46892,2000,QualFiltered,NA,1995,TRUE
Middle Fraser River_SP_1.3,MFR-spring,DU9,CK-10,CARIBOO RIVER-UPPER,46892,2001,RELATIVE ABUNDANCE (TYPE-4),NA,1995,TRUE
Middle Fraser River_SP_1.3,MFR-spring,DU9,CK-10,CARIBOO RIVER-UPPER,46892,2002,RELATIVE ABUNDANCE (TYPE-4),NA,1995,TRUE
Middle Fraser River_SP_1.3,MFR-spring,DU9,CK-10,CARIBOO RIVER-UPPER,46892,2003,RELATIVE ABUNDANCE (TYPE-4),NA,1995,TRUE
Middle Fraser River_SP_1.3,MFR-spring,DU9,CK-10,CARIBOO RIVER-UPPER,46892,2004,QualFiltered,NA,1995,TRUE
Middle Fraser River_SP_1.3,MFR-spring,DU9,CK-10,CARIBOO RIVER-UPPER,46892,2005,QualFiltered,NA,1995,TRUE
Middle Fraser River_SP_1.3,MFR-spring,DU9,CK-10,CARIBOO RIVER-UPPER,46892,2006,RELATIVE ABUNDANCE (TYPE-4),NA,1995,TRUE
Middle Fraser River_SP_1.3,MFR-spring,DU9,CK-10,CARIBOO RIVER-UPPER,46892,2007,RELATIVE ABUNDANCE (TYPE-4),NA,1995,TRUE
Middle Fraser River_SP_1.3,MFR-spring,DU9,CK-10,CARIBOO RIVER-UPPER,46892,2008,QualFiltered,NA,1995,TRUE
Middle Fraser River_SP_1.3,MFR-spring,DU9,CK-10,CARIBOO RIVER-UPPER,46892,2009,RELATIVE ABUNDANCE (TYPE-4),NA,1995,TRUE
Middle Fraser River_SP_1.3,MFR-spring,DU9,CK-10,CARIBOO RIVER-UPPER,46892,2010,RELATIVE ABUNDANCE (TYPE-4),NA,1995,TRUE
Middle Fraser River_SP_1.3,MFR-spring,DU9,CK-10,CARIBOO RIVER-UPPER,46892,2011,QualFiltered,NA,1995,TRUE
Middle Fraser River_SP_1.3,MFR-spring,DU9,CK-10,CARIBOO RIVER-UPPER,46892,2012,QualFiltered,NA,1995,TRUE
Middle Fraser River_SP_1.3,MFR-spring,DU9,CK-10,CARIBOO RIVER-UPPER,46892,2013,QualFiltered,NA,1995,TRUE
Middle Fraser River_SP_1.3,MFR-spring,DU9,CK-10,CARIBOO RIVER-UPPER,46892,2014,RELATIVE ABUNDANCE (TYPE-4),NA,1995,TRUE
Middle Fraser River_SP_1.3,MFR-spring,DU9,CK-10,CARIBOO RIVER-UPPER,46892,2015,RELATIVE ABUNDANCE (TYPE-4),NA,1995,TRUE
Middle Fraser River_SP_1.3,MFR-spring,DU9,CK-10,CARIBOO RIVER-UPPER,46892,2016,RELATIVE ABUNDANCE (TYPE-4),NA,1995,TRUE
Middle Fraser River_SP_1.3,MFR-spring,DU9,CK-10,CARIBOO RIVER-UPPER,46892,2017,RELATIVE ABUNDANCE (TYPE-4),NA,1995,TRUE
Middle Fraser River_SP_1.3,MFR-spring,DU9,CK-10,CARIBOO RIVER-UPPER,46892,2018,RELATIVE ABUNDANCE (TYPE-4),NA,1995,TRUE
Middle Fraser River_SP_1.3,MFR-spring,DU9,CK-10,CARIBOO RIVER-UPPER,46892,2019,QualFiltered,NA,1995,TRUE
Middle Fraser River_SP_1.3,MFR-spring,DU9,CK-10,CARIBOO RIVER-UPPER,46892,2020,QualFiltered,NA,1995,TRUE
Middle Fraser River_SP_1.3,MFR-spring,DU9,CK-10,CARIBOO RIVER-UPPER,46892,2021,RELATIVE ABUNDANCE (TYPE-4),NA,1995,TRUE
Middle Fraser River_SP_1.3,MFR-spring,DU9,CK-10,CARIBOO RIVER-UPPER,46892,2022,RELATIVE ABUNDANCE (TYPE-4),NA,1995,TRUE
Middle Fraser River_SP_1.3,MFR-spring,DU9,CK-10,CARIBOO RIVER-UPPER,46892,2023,RELATIVE ABUNDANCE (TYPE-4),NA,1995,TRUE
Middle Fraser River_SP_1.3,MFR-spring,DU9,CK-10,HORSEFLY RIVER,46901,1975,QualFiltered,NA,1995,FALSE
Middle Fraser River_SP_1.3,MFR-spring,DU9,CK-10,HORSEFLY RIVER,46901,1976,QualFiltered,NA,1995,FALSE
Middle Fraser River_SP_1.3,MFR-spring,DU9,CK-10,HORSEFLY RIVER,46901,1977,QualFiltered,NA,1995,FALSE
Middle Fraser River_SP_1.3,MFR-spring,DU9,CK-10,HORSEFLY RIVER,46901,1978,QualFiltered,NA,1995,FALSE
Middle Fraser River_SP_1.3,MFR-spring,DU9,CK-10,HORSEFLY RIVER,46901,1979,QualFiltered,NA,1995,FALSE
Middle Fraser River_SP_1.3,MFR-spring,DU9,CK-10,HORSEFLY RIVER,46901,1980,QualFiltered,NA,1995,FALSE
Middle Fraser River_SP_1.3,MFR-spring,DU9,CK-10,HORSEFLY RIVER,46901,1981,QualFiltered,NA,1995,FALSE
Middle Fraser River_SP_1.3,MFR-spring,DU9,CK-10,HORSEFLY RIVER,46901,1982,QualFiltered,NA,1995,FALSE
Middle Fraser River_SP_1.3,MFR-spring,DU9,CK-10,HORSEFLY RIVER,46901,1983,QualFiltered,NA,1995,FALSE
Middle Fraser River_SP_1.3,MFR-spring,DU9,CK-10,HORSEFLY RIVER,46901,1984,QualFiltered,NA,1995,FALSE
Middle Fraser River_SP_1.3,MFR-spring,DU9,CK-10,HORSEFLY RIVER,46901,1985,QualFiltered,NA,1995,FALSE
Middle Fraser River_SP_1.3,MFR-spring,DU9,CK-10,HORSEFLY RIVER,46901,1986,QualFiltered,NA,1995,FALSE
Middle Fraser River_SP_1.3,MFR-spring,DU9,CK-10,HORSEFLY RIVER,46901,1987,QualFiltered,NA,1995,FALSE
Middle Fraser River_SP_1.3,MFR-spring,DU9,CK-10,HORSEFLY RIVER,46901,1988,QualFiltered,NA,1995,FALSE
Middle Fraser River_SP_1.3,MFR-spring,DU9,CK-10,HORSEFLY RIVER,46901,1989,QualFiltered,NA,1995,FALSE
Middle Fraser River_SP_1.3,MFR-spring,DU9,CK-10,HORSEFLY RIVER,46901,1990,QualFiltered,NA,1995,FALSE
Middle Fraser River_SP_1.3,MFR-spring,DU9,CK-10,HORSEFLY RIVER,46901,1991,QualFiltered,NA,1995,FALSE
Middle Fraser River_SP_1.3,MFR-spring,DU9,CK-10,HORSEFLY RIVER,46901,1992,QualFiltered,NA,1995,FALSE
Middle Fraser River_SP_1.3,MFR-spring,DU9,CK-10,HORSEFLY RIVER,46901,1993,QualFiltered,NA,1995,FALSE
Middle Fraser River_SP_1.3,MFR-spring,DU9,CK-10,HORSEFLY RIVER,46901,1994,QualFiltered,NA,1995,FALSE
Middle Fraser River_SP_1.3,MFR-spring,DU9,CK-10,HORSEFLY RIVER,46901,1995,INFILL,405.1838808,1995,TRUE
Middle Fraser River_SP_1.3,MFR-spring,DU9,CK-10,HORSEFLY RIVER,46901,1996,INFILL,420.9279112,1995,TRUE
Middle Fraser River_SP_1.3,MFR-spring,DU9,CK-10,HORSEFLY RIVER,46901,1997,INFILL,344.2162925,1995,TRUE
Middle Fraser River_SP_1.3,MFR-spring,DU9,CK-10,HORSEFLY RIVER,46901,1998,RELATIVE ABUNDANCE (TYPE-4),22,1995,TRUE
Middle Fraser River_SP_1.3,MFR-spring,DU9,CK-10,HORSEFLY RIVER,46901,1999,RELATIVE ABUNDANCE (TYPE-4),22,1995,TRUE
Middle Fraser River_SP_1.3,MFR-spring,DU9,CK-10,HORSEFLY RIVER,46901,2000,RELATIVE ABUNDANCE (TYPE-4),174,1995,TRUE
Middle Fraser River_SP_1.3,MFR-spring,DU9,CK-10,HORSEFLY RIVER,46901,2001,RELATIVE ABUNDANCE (TYPE-4),281,1995,TRUE
Middle Fraser River_SP_1.3,MFR-spring,DU9,CK-10,HORSEFLY RIVER,46901,2002,RELATIVE ABUNDANCE (TYPE-4),380,1995,TRUE
Middle Fraser River_SP_1.3,MFR-spring,DU9,CK-10,HORSEFLY RIVER,46901,2003,RELATIVE ABUNDANCE (TYPE-4),245,1995,TRUE
Middle Fraser River_SP_1.3,MFR-spring,DU9,CK-10,HORSEFLY RIVER,46901,2004,RELATIVE ABUNDANCE (TYPE-4),375,1995,TRUE
Middle Fraser River_SP_1.3,MFR-spring,DU9,CK-10,HORSEFLY RIVER,46901,2005,RELATIVE ABUNDANCE (TYPE-4),509,1995,TRUE
Middle Fraser River_SP_1.3,MFR-spring,DU9,CK-10,HORSEFLY RIVER,46901,2006,RELATIVE ABUNDANCE (TYPE-4),344,1995,TRUE
Middle Fraser River_SP_1.3,MFR-spring,DU9,CK-10,HORSEFLY RIVER,46901,2007,RELATIVE ABUNDANCE (TYPE-4),51,1995,TRUE
Middle Fraser River_SP_1.3,MFR-spring,DU9,CK-10,HORSEFLY RIVER,46901,2008,RELATIVE ABUNDANCE (TYPE-4),102,1995,TRUE
Middle Fraser River_SP_1.3,MFR-spring,DU9,CK-10,HORSEFLY RIVER,46901,2009,RELATIVE ABUNDANCE (TYPE-4),209,1995,TRUE
Middle Fraser River_SP_1.3,MFR-spring,DU9,CK-10,HORSEFLY RIVER,46901,2010,RELATIVE ABUNDANCE (TYPE-4),237,1995,TRUE
Middle Fraser River_SP_1.3,MFR-spring,DU9,CK-10,HORSEFLY RIVER,46901,2011,RELATIVE ABUNDANCE (TYPE-4),143,1995,TRUE
Middle Fraser River_SP_1.3,MFR-spring,DU9,CK-10,HORSEFLY RIVER,46901,2012,RELATIVE ABUNDANCE (TYPE-4),46,1995,TRUE
Middle Fraser River_SP_1.3,MFR-spring,DU9,CK-10,HORSEFLY RIVER,46901,2013,RELATIVE ABUNDANCE (TYPE-4),268,1995,TRUE
Middle Fraser River_SP_1.3,MFR-spring,DU9,CK-10,HORSEFLY RIVER,46901,2014,RELATIVE ABUNDANCE (TYPE-4),192,1995,TRUE
Middle Fraser River_SP_1.3,MFR-spring,DU9,CK-10,HORSEFLY RIVER,46901,2015,RELATIVE ABUNDANCE (TYPE-3),334,1995,TRUE
Middle Fraser River_SP_1.3,MFR-spring,DU9,CK-10,HORSEFLY RIVER,46901,2016,RELATIVE ABUNDANCE (TYPE-3),225,1995,TRUE
Middle Fraser River_SP_1.3,MFR-spring,DU9,CK-10,HORSEFLY RIVER,46901,2017,RELATIVE ABUNDANCE (TYPE-3),71,1995,TRUE
Middle Fraser River_SP_1.3,MFR-spring,DU9,CK-10,HORSEFLY RIVER,46901,2018,RELATIVE ABUNDANCE (TYPE-4),25,1995,TRUE
Middle Fraser River_SP_1.3,MFR-spring,DU9,CK-10,HORSEFLY RIVER,46901,2019,RELATIVE ABUNDANCE (TYPE-3),34,1995,TRUE
Middle Fraser River_SP_1.3,MFR-spring,DU9,CK-10,HORSEFLY RIVER,46901,2020,RELATIVE ABUNDANCE (TYPE-4),168,1995,TRUE
Middle Fraser River_SP_1.3,MFR-spring,DU9,CK-10,HORSEFLY RIVER,46901,2021,RELATIVE ABUNDANCE (TYPE-4),260,1995,TRUE
Middle Fraser River_SP_1.3,MFR-spring,DU9,CK-10,HORSEFLY RIVER,46901,2022,RELATIVE ABUNDANCE (TYPE-4),31,1995,TRUE
Middle Fraser River_SP_1.3,MFR-spring,DU9,CK-10,HORSEFLY RIVER,46901,2023,RELATIVE ABUNDANCE (TYPE-3),55,1995,TRUE
Upper Fraser River_SP_1.3,UFR-spring,DU11,CK-12,HOLMES RIVER,46931,1975,QualFiltered,NA,1995,FALSE
Upper Fraser River_SP_1.3,UFR-spring,DU11,CK-12,HOLMES RIVER,46931,1976,QualFiltered,NA,1995,FALSE
Upper Fraser River_SP_1.3,UFR-spring,DU11,CK-12,HOLMES RIVER,46931,1977,QualFiltered,NA,1995,FALSE
Upper Fraser River_SP_1.3,UFR-spring,DU11,CK-12,HOLMES RIVER,46931,1978,QualFiltered,NA,1995,FALSE
Upper Fraser River_SP_1.3,UFR-spring,DU11,CK-12,HOLMES RIVER,46931,1979,QualFiltered,NA,1995,FALSE
Upper Fraser River_SP_1.3,UFR-spring,DU11,CK-12,HOLMES RIVER,46931,1980,QualFiltered,NA,1995,FALSE
Upper Fraser River_SP_1.3,UFR-spring,DU11,CK-12,HOLMES RIVER,46931,1981,QualFiltered,NA,1995,FALSE
Upper Fraser River_SP_1.3,UFR-spring,DU11,CK-12,HOLMES RIVER,46931,1982,QualFiltered,NA,1995,FALSE
Upper Fraser River_SP_1.3,UFR-spring,DU11,CK-12,HOLMES RIVER,46931,1983,QualFiltered,NA,1995,FALSE
Upper Fraser River_SP_1.3,UFR-spring,DU11,CK-12,HOLMES RIVER,46931,1984,QualFiltered,NA,1995,FALSE
Upper Fraser River_SP_1.3,UFR-spring,DU11,CK-12,HOLMES RIVER,46931,1985,QualFiltered,NA,1995,FALSE
Upper Fraser River_SP_1.3,UFR-spring,DU11,CK-12,HOLMES RIVER,46931,1986,QualFiltered,NA,1995,FALSE
Upper Fraser River_SP_1.3,UFR-spring,DU11,CK-12,HOLMES RIVER,46931,1987,QualFiltered,NA,1995,FALSE
Upper Fraser River_SP_1.3,UFR-spring,DU11,CK-12,HOLMES RIVER,46931,1988,QualFiltered,NA,1995,FALSE
Upper Fraser River_SP_1.3,UFR-spring,DU11,CK-12,HOLMES RIVER,46931,1989,QualFiltered,NA,1995,FALSE
Upper Fraser River_SP_1.3,UFR-spring,DU11,CK-12,HOLMES RIVER,46931,1990,QualFiltered,NA,1995,FALSE
Upper Fraser River_SP_1.3,UFR-spring,DU11,CK-12,HOLMES RIVER,46931,1991,QualFiltered,NA,1995,FALSE
Upper Fraser River_SP_1.3,UFR-spring,DU11,CK-12,HOLMES RIVER,46931,1992,QualFiltered,NA,1995,FALSE
Upper Fraser River_SP_1.3,UFR-spring,DU11,CK-12,HOLMES RIVER,46931,1993,QualFiltered,NA,1995,FALSE
Upper Fraser River_SP_1.3,UFR-spring,DU11,CK-12,HOLMES RIVER,46931,1994,QualFiltered,NA,1995,FALSE
Upper Fraser River_SP_1.3,UFR-spring,DU11,CK-12,HOLMES RIVER,46931,1995,INFILL,1785.719807,1995,TRUE
Upper Fraser River_SP_1.3,UFR-spring,DU11,CK-12,HOLMES RIVER,46931,1996,INFILL,1218.275453,1995,TRUE
Upper Fraser River_SP_1.3,UFR-spring,DU11,CK-12,HOLMES RIVER,46931,1997,INFILL,1152.511683,1995,TRUE
Upper Fraser River_SP_1.3,UFR-spring,DU11,CK-12,HOLMES RIVER,46931,1998,RELATIVE ABUNDANCE (TYPE-4),1262,1995,TRUE
Upper Fraser River_SP_1.3,UFR-spring,DU11,CK-12,HOLMES RIVER,46931,1999,RELATIVE ABUNDANCE (TYPE-4),523,1995,TRUE
Upper Fraser River_SP_1.3,UFR-spring,DU11,CK-12,HOLMES RIVER,46931,2000,RELATIVE ABUNDANCE (TYPE-4),1784,1995,TRUE
Upper Fraser River_SP_1.3,UFR-spring,DU11,CK-12,HOLMES RIVER,46931,2001,RELATIVE ABUNDANCE (TYPE-4),1018,1995,TRUE
Upper Fraser River_SP_1.3,UFR-spring,DU11,CK-12,HOLMES RIVER,46931,2002,RELATIVE ABUNDANCE (TYPE-4),3740,1995,TRUE
Upper Fraser River_SP_1.3,UFR-spring,DU11,CK-12,HOLMES RIVER,46931,2003,RELATIVE ABUNDANCE (TYPE-4),4110,1995,TRUE
Upper Fraser River_SP_1.3,UFR-spring,DU11,CK-12,HOLMES RIVER,46931,2004,RELATIVE ABUNDANCE (TYPE-4),1376,1995,TRUE
Upper Fraser River_SP_1.3,UFR-spring,DU11,CK-12,HOLMES RIVER,46931,2005,RELATIVE ABUNDANCE (TYPE-4),821,1995,TRUE
Upper Fraser River_SP_1.3,UFR-spring,DU11,CK-12,HOLMES RIVER,46931,2006,RELATIVE ABUNDANCE (TYPE-4),1456,1995,TRUE
Upper Fraser River_SP_1.3,UFR-spring,DU11,CK-12,HOLMES RIVER,46931,2007,RELATIVE ABUNDANCE (TYPE-4),763,1995,TRUE
Upper Fraser River_SP_1.3,UFR-spring,DU11,CK-12,HOLMES RIVER,46931,2008,RELATIVE ABUNDANCE (TYPE-4),454,1995,TRUE
Upper Fraser River_SP_1.3,UFR-spring,DU11,CK-12,HOLMES RIVER,46931,2009,RELATIVE ABUNDANCE (TYPE-4),2187,1995,TRUE
Upper Fraser River_SP_1.3,UFR-spring,DU11,CK-12,HOLMES RIVER,46931,2010,RELATIVE ABUNDANCE (TYPE-4),212,1995,TRUE
Upper Fraser River_SP_1.3,UFR-spring,DU11,CK-12,HOLMES RIVER,46931,2011,RELATIVE ABUNDANCE (TYPE-4),420,1995,TRUE
Upper Fraser River_SP_1.3,UFR-spring,DU11,CK-12,HOLMES RIVER,46931,2012,RELATIVE ABUNDANCE (TYPE-4),203,1995,TRUE
Upper Fraser River_SP_1.3,UFR-spring,DU11,CK-12,HOLMES RIVER,46931,2013,RELATIVE ABUNDANCE (TYPE-4),1069,1995,TRUE
Upper Fraser River_SP_1.3,UFR-spring,DU11,CK-12,HOLMES RIVER,46931,2014,RELATIVE ABUNDANCE (TYPE-4),2011,1995,TRUE
Upper Fraser River_SP_1.3,UFR-spring,DU11,CK-12,HOLMES RIVER,46931,2015,RELATIVE ABUNDANCE (TYPE-4),860,1995,TRUE
Upper Fraser River_SP_1.3,UFR-spring,DU11,CK-12,HOLMES RIVER,46931,2016,RELATIVE ABUNDANCE (TYPE-4),658,1995,TRUE
Upper Fraser River_SP_1.3,UFR-spring,DU11,CK-12,HOLMES RIVER,46931,2017,RELATIVE ABUNDANCE (TYPE-4),428,1995,TRUE
Upper Fraser River_SP_1.3,UFR-spring,DU11,CK-12,HOLMES RIVER,46931,2018,RELATIVE ABUNDANCE (TYPE-4),637,1995,TRUE
Upper Fraser River_SP_1.3,UFR-spring,DU11,CK-12,HOLMES RIVER,46931,2019,RELATIVE ABUNDANCE (TYPE-4),28,1995,TRUE
Upper Fraser River_SP_1.3,UFR-spring,DU11,CK-12,HOLMES RIVER,46931,2020,RELATIVE ABUNDANCE (TYPE-4),417,1995,TRUE
Upper Fraser River_SP_1.3,UFR-spring,DU11,CK-12,HOLMES RIVER,46931,2021,RELATIVE ABUNDANCE (TYPE-4),188,1995,TRUE
Upper Fraser River_SP_1.3,UFR-spring,DU11,CK-12,HOLMES RIVER,46931,2022,RELATIVE ABUNDANCE (TYPE-4),805,1995,TRUE
Upper Fraser River_SP_1.3,UFR-spring,DU11,CK-12,HOLMES RIVER,46931,2023,RELATIVE ABUNDANCE (TYPE-4),566,1995,TRUE
Upper Fraser River_SP_1.3,UFR-spring,DU11,CK-12,NEVIN CREEK,46941,1975,QualFiltered,NA,1995,FALSE
Upper Fraser River_SP_1.3,UFR-spring,DU11,CK-12,NEVIN CREEK,46941,1976,QualFiltered,NA,1995,FALSE
Upper Fraser River_SP_1.3,UFR-spring,DU11,CK-12,NEVIN CREEK,46941,1977,QualFiltered,NA,1995,FALSE
Upper Fraser River_SP_1.3,UFR-spring,DU11,CK-12,NEVIN CREEK,46941,1978,QualFiltered,NA,1995,FALSE
Upper Fraser River_SP_1.3,UFR-spring,DU11,CK-12,NEVIN CREEK,46941,1979,QualFiltered,NA,1995,FALSE
Upper Fraser River_SP_1.3,UFR-spring,DU11,CK-12,NEVIN CREEK,46941,1980,QualFiltered,NA,1995,FALSE
Upper Fraser River_SP_1.3,UFR-spring,DU11,CK-12,NEVIN CREEK,46941,1981,QualFiltered,NA,1995,FALSE
Upper Fraser River_SP_1.3,UFR-spring,DU11,CK-12,NEVIN CREEK,46941,1982,QualFiltered,NA,1995,FALSE
Upper Fraser River_SP_1.3,UFR-spring,DU11,CK-12,NEVIN CREEK,46941,1983,QualFiltered,NA,1995,FALSE
Upper Fraser River_SP_1.3,UFR-spring,DU11,CK-12,NEVIN CREEK,46941,1984,QualFiltered,NA,1995,FALSE
Upper Fraser River_SP_1.3,UFR-spring,DU11,CK-12,NEVIN CREEK,46941,1985,QualFiltered,NA,1995,FALSE
Upper Fraser River_SP_1.3,UFR-spring,DU11,CK-12,NEVIN CREEK,46941,1986,QualFiltered,NA,1995,FALSE
Upper Fraser River_SP_1.3,UFR-spring,DU11,CK-12,NEVIN CREEK,46941,1987,QualFiltered,NA,1995,FALSE
Upper Fraser River_SP_1.3,UFR-spring,DU11,CK-12,NEVIN CREEK,46941,1988,QualFiltered,NA,1995,FALSE
Upper Fraser River_SP_1.3,UFR-spring,DU11,CK-12,NEVIN CREEK,46941,1989,QualFiltered,NA,1995,FALSE
Upper Fraser River_SP_1.3,UFR-spring,DU11,CK-12,NEVIN CREEK,46941,1990,QualFiltered,NA,1995,FALSE
Upper Fraser River_SP_1.3,UFR-spring,DU11,CK-12,NEVIN CREEK,46941,1991,QualFiltered,NA,1995,FALSE
Upper Fraser River_SP_1.3,UFR-spring,DU11,CK-12,NEVIN CREEK,46941,1992,QualFiltered,NA,1995,FALSE
Upper Fraser River_SP_1.3,UFR-spring,DU11,CK-12,NEVIN CREEK,46941,1993,QualFiltered,NA,1995,FALSE
Upper Fraser River_SP_1.3,UFR-spring,DU11,CK-12,NEVIN CREEK,46941,1994,QualFiltered,NA,1995,FALSE
Upper Fraser River_SP_1.3,UFR-spring,DU11,CK-12,NEVIN CREEK,46941,1995,RELATIVE ABUNDANCE (TYPE-4),131,1995,TRUE
Upper Fraser River_SP_1.3,UFR-spring,DU11,CK-12,NEVIN CREEK,46941,1996,RELATIVE ABUNDANCE (TYPE-4),29,1995,TRUE
Upper Fraser River_SP_1.3,UFR-spring,DU11,CK-12,NEVIN CREEK,46941,1997,RELATIVE ABUNDANCE (TYPE-4),45,1995,TRUE
Upper Fraser River_SP_1.3,UFR-spring,DU11,CK-12,NEVIN CREEK,46941,1998,RELATIVE ABUNDANCE (TYPE-4),161,1995,TRUE
Upper Fraser River_SP_1.3,UFR-spring,DU11,CK-12,NEVIN CREEK,46941,1999,RELATIVE ABUNDANCE (TYPE-4),46,1995,TRUE
Upper Fraser River_SP_1.3,UFR-spring,DU11,CK-12,NEVIN CREEK,46941,2000,RELATIVE ABUNDANCE (TYPE-4),62,1995,TRUE
Upper Fraser River_SP_1.3,UFR-spring,DU11,CK-12,NEVIN CREEK,46941,2001,RELATIVE ABUNDANCE (TYPE-4),57,1995,TRUE
Upper Fraser River_SP_1.3,UFR-spring,DU11,CK-12,NEVIN CREEK,46941,2002,RELATIVE ABUNDANCE (TYPE-4),132,1995,TRUE
Upper Fraser River_SP_1.3,UFR-spring,DU11,CK-12,NEVIN CREEK,46941,2003,RELATIVE ABUNDANCE (TYPE-4),385,1995,TRUE
Upper Fraser River_SP_1.3,UFR-spring,DU11,CK-12,NEVIN CREEK,46941,2004,RELATIVE ABUNDANCE (TYPE-4),238,1995,TRUE
Upper Fraser River_SP_1.3,UFR-spring,DU11,CK-12,NEVIN CREEK,46941,2005,RELATIVE ABUNDANCE (TYPE-4),77,1995,TRUE
Upper Fraser River_SP_1.3,UFR-spring,DU11,CK-12,NEVIN CREEK,46941,2006,RELATIVE ABUNDANCE (TYPE-4),174,1995,TRUE
Upper Fraser River_SP_1.3,UFR-spring,DU11,CK-12,NEVIN CREEK,46941,2007,RELATIVE ABUNDANCE (TYPE-4),42,1995,TRUE
Upper Fraser River_SP_1.3,UFR-spring,DU11,CK-12,NEVIN CREEK,46941,2008,RELATIVE ABUNDANCE (TYPE-4),20,1995,TRUE
Upper Fraser River_SP_1.3,UFR-spring,DU11,CK-12,NEVIN CREEK,46941,2009,RELATIVE ABUNDANCE (TYPE-4),174,1995,TRUE
Upper Fraser River_SP_1.3,UFR-spring,DU11,CK-12,NEVIN CREEK,46941,2010,RELATIVE ABUNDANCE (TYPE-4),58,1995,TRUE
Upper Fraser River_SP_1.3,UFR-spring,DU11,CK-12,NEVIN CREEK,46941,2011,RELATIVE ABUNDANCE (TYPE-4),86,1995,TRUE
Upper Fraser River_SP_1.3,UFR-spring,DU11,CK-12,NEVIN CREEK,46941,2012,RELATIVE ABUNDANCE (TYPE-4),38,1995,TRUE
Upper Fraser River_SP_1.3,UFR-spring,DU11,CK-12,NEVIN CREEK,46941,2013,RELATIVE ABUNDANCE (TYPE-4),66,1995,TRUE
Upper Fraser River_SP_1.3,UFR-spring,DU11,CK-12,NEVIN CREEK,46941,2014,RELATIVE ABUNDANCE (TYPE-4),145,1995,TRUE
Upper Fraser River_SP_1.3,UFR-spring,DU11,CK-12,NEVIN CREEK,46941,2015,RELATIVE ABUNDANCE (TYPE-4),71,1995,TRUE
Upper Fraser River_SP_1.3,UFR-spring,DU11,CK-12,NEVIN CREEK,46941,2016,RELATIVE ABUNDANCE (TYPE-4),51,1995,TRUE
Upper Fraser River_SP_1.3,UFR-spring,DU11,CK-12,NEVIN CREEK,46941,2017,RELATIVE ABUNDANCE (TYPE-4),68,1995,TRUE
Upper Fraser River_SP_1.3,UFR-spring,DU11,CK-12,NEVIN CREEK,46941,2018,RELATIVE ABUNDANCE (TYPE-4),23,1995,TRUE
Upper Fraser River_SP_1.3,UFR-spring,DU11,CK-12,NEVIN CREEK,46941,2019,RELATIVE ABUNDANCE (TYPE-4),0,1995,TRUE
Upper Fraser River_SP_1.3,UFR-spring,DU11,CK-12,NEVIN CREEK,46941,2020,RELATIVE ABUNDANCE (TYPE-4),15,1995,TRUE
Upper Fraser River_SP_1.3,UFR-spring,DU11,CK-12,NEVIN CREEK,46941,2021,RELATIVE ABUNDANCE (TYPE-4),74,1995,TRUE
Upper Fraser River_SP_1.3,UFR-spring,DU11,CK-12,NEVIN CREEK,46941,2022,INFILL,79.26608893,1995,TRUE
Upper Fraser River_SP_1.3,UFR-spring,DU11,CK-12,NEVIN CREEK,46941,2023,RELATIVE ABUNDANCE (TYPE-4),12,1995,TRUE
Upper Fraser River_SP_1.3,UFR-spring,DU11,CK-12,HORSEY CREEK,46951,1975,QualFiltered,NA,1995,FALSE
Upper Fraser River_SP_1.3,UFR-spring,DU11,CK-12,HORSEY CREEK,46951,1976,QualFiltered,NA,1995,FALSE
Upper Fraser River_SP_1.3,UFR-spring,DU11,CK-12,HORSEY CREEK,46951,1977,QualFiltered,NA,1995,FALSE
Upper Fraser River_SP_1.3,UFR-spring,DU11,CK-12,HORSEY CREEK,46951,1978,QualFiltered,NA,1995,FALSE
Upper Fraser River_SP_1.3,UFR-spring,DU11,CK-12,HORSEY CREEK,46951,1979,QualFiltered,NA,1995,FALSE
Upper Fraser River_SP_1.3,UFR-spring,DU11,CK-12,HORSEY CREEK,46951,1980,QualFiltered,NA,1995,FALSE
Upper Fraser River_SP_1.3,UFR-spring,DU11,CK-12,HORSEY CREEK,46951,1981,QualFiltered,NA,1995,FALSE
Upper Fraser River_SP_1.3,UFR-spring,DU11,CK-12,HORSEY CREEK,46951,1982,QualFiltered,NA,1995,FALSE
Upper Fraser River_SP_1.3,UFR-spring,DU11,CK-12,HORSEY CREEK,46951,1983,QualFiltered,NA,1995,FALSE
Upper Fraser River_SP_1.3,UFR-spring,DU11,CK-12,HORSEY CREEK,46951,1984,QualFiltered,NA,1995,FALSE
Upper Fraser River_SP_1.3,UFR-spring,DU11,CK-12,HORSEY CREEK,46951,1985,QualFiltered,NA,1995,FALSE
Upper Fraser River_SP_1.3,UFR-spring,DU11,CK-12,HORSEY CREEK,46951,1986,QualFiltered,NA,1995,FALSE
Upper Fraser River_SP_1.3,UFR-spring,DU11,CK-12,HORSEY CREEK,46951,1987,QualFiltered,NA,1995,FALSE
Upper Fraser River_SP_1.3,UFR-spring,DU11,CK-12,HORSEY CREEK,46951,1988,QualFiltered,NA,1995,FALSE
Upper Fraser River_SP_1.3,UFR-spring,DU11,CK-12,HORSEY CREEK,46951,1989,QualFiltered,NA,1995,FALSE
Upper Fraser River_SP_1.3,UFR-spring,DU11,CK-12,HORSEY CREEK,46951,1990,QualFiltered,NA,1995,FALSE
Upper Fraser River_SP_1.3,UFR-spring,DU11,CK-12,HORSEY CREEK,46951,1991,QualFiltered,NA,1995,FALSE
Upper Fraser River_SP_1.3,UFR-spring,DU11,CK-12,HORSEY CREEK,46951,1992,QualFiltered,NA,1995,FALSE
Upper Fraser River_SP_1.3,UFR-spring,DU11,CK-12,HORSEY CREEK,46951,1993,QualFiltered,NA,1995,FALSE
Upper Fraser River_SP_1.3,UFR-spring,DU11,CK-12,HORSEY CREEK,46951,1994,QualFiltered,NA,1995,FALSE
Upper Fraser River_SP_1.3,UFR-spring,DU11,CK-12,HORSEY CREEK,46951,1995,RELATIVE ABUNDANCE (TYPE-4),172,1995,TRUE
Upper Fraser River_SP_1.3,UFR-spring,DU11,CK-12,HORSEY CREEK,46951,1996,RELATIVE ABUNDANCE (TYPE-4),22,1995,TRUE
Upper Fraser River_SP_1.3,UFR-spring,DU11,CK-12,HORSEY CREEK,46951,1997,RELATIVE ABUNDANCE (TYPE-4),111,1995,TRUE
Upper Fraser River_SP_1.3,UFR-spring,DU11,CK-12,HORSEY CREEK,46951,1998,RELATIVE ABUNDANCE (TYPE-4),57,1995,TRUE
Upper Fraser River_SP_1.3,UFR-spring,DU11,CK-12,HORSEY CREEK,46951,1999,RELATIVE ABUNDANCE (TYPE-4),14,1995,TRUE
Upper Fraser River_SP_1.3,UFR-spring,DU11,CK-12,HORSEY CREEK,46951,2000,RELATIVE ABUNDANCE (TYPE-4),128,1995,TRUE
Upper Fraser River_SP_1.3,UFR-spring,DU11,CK-12,HORSEY CREEK,46951,2001,RELATIVE ABUNDANCE (TYPE-4),94,1995,TRUE
Upper Fraser River_SP_1.3,UFR-spring,DU11,CK-12,HORSEY CREEK,46951,2002,RELATIVE ABUNDANCE (TYPE-4),308,1995,TRUE
Upper Fraser River_SP_1.3,UFR-spring,DU11,CK-12,HORSEY CREEK,46951,2003,RELATIVE ABUNDANCE (TYPE-4),288,1995,TRUE
Upper Fraser River_SP_1.3,UFR-spring,DU11,CK-12,HORSEY CREEK,46951,2004,RELATIVE ABUNDANCE (TYPE-4),62,1995,TRUE
Upper Fraser River_SP_1.3,UFR-spring,DU11,CK-12,HORSEY CREEK,46951,2005,RELATIVE ABUNDANCE (TYPE-4),34,1995,TRUE
Upper Fraser River_SP_1.3,UFR-spring,DU11,CK-12,HORSEY CREEK,46951,2006,RELATIVE ABUNDANCE (TYPE-4),146,1995,TRUE
Upper Fraser River_SP_1.3,UFR-spring,DU11,CK-12,HORSEY CREEK,46951,2007,RELATIVE ABUNDANCE (TYPE-4),22,1995,TRUE
Upper Fraser River_SP_1.3,UFR-spring,DU11,CK-12,HORSEY CREEK,46951,2008,INFILL,37.75913118,1995,TRUE
Upper Fraser River_SP_1.3,UFR-spring,DU11,CK-12,HORSEY CREEK,46951,2009,RELATIVE ABUNDANCE (TYPE-4),111,1995,TRUE
Upper Fraser River_SP_1.3,UFR-spring,DU11,CK-12,HORSEY CREEK,46951,2010,RELATIVE ABUNDANCE (TYPE-4),68,1995,TRUE
Upper Fraser River_SP_1.3,UFR-spring,DU11,CK-12,HORSEY CREEK,46951,2011,RELATIVE ABUNDANCE (TYPE-4),49,1995,TRUE
Upper Fraser River_SP_1.3,UFR-spring,DU11,CK-12,HORSEY CREEK,46951,2012,RELATIVE ABUNDANCE (TYPE-4),48,1995,TRUE
Upper Fraser River_SP_1.3,UFR-spring,DU11,CK-12,HORSEY CREEK,46951,2013,RELATIVE ABUNDANCE (TYPE-4),80,1995,TRUE
Upper Fraser River_SP_1.3,UFR-spring,DU11,CK-12,HORSEY CREEK,46951,2014,RELATIVE ABUNDANCE (TYPE-4),132,1995,TRUE
Upper Fraser River_SP_1.3,UFR-spring,DU11,CK-12,HORSEY CREEK,46951,2015,RELATIVE ABUNDANCE (TYPE-4),52,1995,TRUE
Upper Fraser River_SP_1.3,UFR-spring,DU11,CK-12,HORSEY CREEK,46951,2016,RELATIVE ABUNDANCE (TYPE-4),68,1995,TRUE
Upper Fraser River_SP_1.3,UFR-spring,DU11,CK-12,HORSEY CREEK,46951,2017,RELATIVE ABUNDANCE (TYPE-4),22,1995,TRUE
Upper Fraser River_SP_1.3,UFR-spring,DU11,CK-12,HORSEY CREEK,46951,2018,RELATIVE ABUNDANCE (TYPE-4),23,1995,TRUE
Upper Fraser River_SP_1.3,UFR-spring,DU11,CK-12,HORSEY CREEK,46951,2019,RELATIVE ABUNDANCE (TYPE-4),0,1995,TRUE
Upper Fraser River_SP_1.3,UFR-spring,DU11,CK-12,HORSEY CREEK,46951,2020,RELATIVE ABUNDANCE (TYPE-4),14,1995,TRUE
Upper Fraser River_SP_1.3,UFR-spring,DU11,CK-12,HORSEY CREEK,46951,2021,RELATIVE ABUNDANCE (TYPE-4),29,1995,TRUE
Upper Fraser River_SP_1.3,UFR-spring,DU11,CK-12,HORSEY CREEK,46951,2022,RELATIVE ABUNDANCE (TYPE-4),2,1995,TRUE
Upper Fraser River_SP_1.3,UFR-spring,DU11,CK-12,HORSEY CREEK,46951,2023,RELATIVE ABUNDANCE (TYPE-4),0,1995,TRUE
Upper Fraser River_SP_1.3,UFR-spring,DU11,CK-12,SWIFT CREEK,46961,1975,QualFiltered,NA,1995,FALSE
Upper Fraser River_SP_1.3,UFR-spring,DU11,CK-12,SWIFT CREEK,46961,1976,QualFiltered,NA,1995,FALSE
Upper Fraser River_SP_1.3,UFR-spring,DU11,CK-12,SWIFT CREEK,46961,1977,QualFiltered,NA,1995,FALSE
Upper Fraser River_SP_1.3,UFR-spring,DU11,CK-12,SWIFT CREEK,46961,1978,QualFiltered,NA,1995,FALSE
Upper Fraser River_SP_1.3,UFR-spring,DU11,CK-12,SWIFT CREEK,46961,1979,QualFiltered,NA,1995,FALSE
Upper Fraser River_SP_1.3,UFR-spring,DU11,CK-12,SWIFT CREEK,46961,1980,QualFiltered,NA,1995,FALSE
Upper Fraser River_SP_1.3,UFR-spring,DU11,CK-12,SWIFT CREEK,46961,1981,QualFiltered,NA,1995,FALSE
Upper Fraser River_SP_1.3,UFR-spring,DU11,CK-12,SWIFT CREEK,46961,1982,QualFiltered,NA,1995,FALSE
Upper Fraser River_SP_1.3,UFR-spring,DU11,CK-12,SWIFT CREEK,46961,1983,QualFiltered,NA,1995,FALSE
Upper Fraser River_SP_1.3,UFR-spring,DU11,CK-12,SWIFT CREEK,46961,1984,QualFiltered,NA,1995,FALSE
Upper Fraser River_SP_1.3,UFR-spring,DU11,CK-12,SWIFT CREEK,46961,1985,QualFiltered,NA,1995,FALSE
Upper Fraser River_SP_1.3,UFR-spring,DU11,CK-12,SWIFT CREEK,46961,1986,QualFiltered,NA,1995,FALSE
Upper Fraser River_SP_1.3,UFR-spring,DU11,CK-12,SWIFT CREEK,46961,1987,QualFiltered,NA,1995,FALSE
Upper Fraser River_SP_1.3,UFR-spring,DU11,CK-12,SWIFT CREEK,46961,1988,QualFiltered,NA,1995,FALSE
Upper Fraser River_SP_1.3,UFR-spring,DU11,CK-12,SWIFT CREEK,46961,1989,QualFiltered,NA,1995,FALSE
Upper Fraser River_SP_1.3,UFR-spring,DU11,CK-12,SWIFT CREEK,46961,1990,QualFiltered,NA,1995,FALSE
Upper Fraser River_SP_1.3,UFR-spring,DU11,CK-12,SWIFT CREEK,46961,1991,QualFiltered,NA,1995,FALSE
Upper Fraser River_SP_1.3,UFR-spring,DU11,CK-12,SWIFT CREEK,46961,1992,QualFiltered,NA,1995,FALSE
Upper Fraser River_SP_1.3,UFR-spring,DU11,CK-12,SWIFT CREEK,46961,1993,QualFiltered,NA,1995,FALSE
Upper Fraser River_SP_1.3,UFR-spring,DU11,CK-12,SWIFT CREEK,46961,1994,QualFiltered,NA,1995,FALSE
Upper Fraser River_SP_1.3,UFR-spring,DU11,CK-12,SWIFT CREEK,46961,1995,RELATIVE ABUNDANCE (TYPE-4),3303,1995,TRUE
Upper Fraser River_SP_1.3,UFR-spring,DU11,CK-12,SWIFT CREEK,46961,1996,RELATIVE ABUNDANCE (TYPE-4),1508,1995,TRUE
Upper Fraser River_SP_1.3,UFR-spring,DU11,CK-12,SWIFT CREEK,46961,1997,RELATIVE ABUNDANCE (TYPE-4),3447,1995,TRUE
Upper Fraser River_SP_1.3,UFR-spring,DU11,CK-12,SWIFT CREEK,46961,1998,RELATIVE ABUNDANCE (TYPE-4),1657,1995,TRUE
Upper Fraser River_SP_1.3,UFR-spring,DU11,CK-12,SWIFT CREEK,46961,1999,RELATIVE ABUNDANCE (TYPE-3),375,1995,TRUE
Upper Fraser River_SP_1.3,UFR-spring,DU11,CK-12,SWIFT CREEK,46961,2000,RELATIVE ABUNDANCE (TYPE-4),1688,1995,TRUE
Upper Fraser River_SP_1.3,UFR-spring,DU11,CK-12,SWIFT CREEK,46961,2001,RELATIVE ABUNDANCE (TYPE-4),694,1995,TRUE
Upper Fraser River_SP_1.3,UFR-spring,DU11,CK-12,SWIFT CREEK,46961,2002,RELATIVE ABUNDANCE (TYPE-4),1657,1995,TRUE
Upper Fraser River_SP_1.3,UFR-spring,DU11,CK-12,SWIFT CREEK,46961,2003,RELATIVE ABUNDANCE (TYPE-4),694,1995,TRUE
Upper Fraser River_SP_1.3,UFR-spring,DU11,CK-12,SWIFT CREEK,46961,2004,RELATIVE ABUNDANCE (TYPE-4),6186,1995,TRUE
Upper Fraser River_SP_1.3,UFR-spring,DU11,CK-12,SWIFT CREEK,46961,2005,RELATIVE ABUNDANCE (TYPE-4),3303,1995,TRUE
Upper Fraser River_SP_1.3,UFR-spring,DU11,CK-12,SWIFT CREEK,46961,2006,RELATIVE ABUNDANCE (TYPE-4),1231,1995,TRUE
Upper Fraser River_SP_1.3,UFR-spring,DU11,CK-12,SWIFT CREEK,46961,2007,RELATIVE ABUNDANCE (TYPE-4),3303,1995,TRUE
Upper Fraser River_SP_1.3,UFR-spring,DU11,CK-12,SWIFT CREEK,46961,2008,RELATIVE ABUNDANCE (TYPE-4),422,1995,TRUE
Upper Fraser River_SP_1.3,UFR-spring,DU11,CK-12,SWIFT CREEK,46961,2009,RELATIVE ABUNDANCE (TYPE-4),747,1995,TRUE
Upper Fraser River_SP_1.3,UFR-spring,DU11,CK-12,SWIFT CREEK,46961,2010,RELATIVE ABUNDANCE (TYPE-4),378,1995,TRUE
Upper Fraser River_SP_1.3,UFR-spring,DU11,CK-12,SWIFT CREEK,46961,2011,RELATIVE ABUNDANCE (TYPE-4),363,1995,TRUE
Upper Fraser River_SP_1.3,UFR-spring,DU11,CK-12,SWIFT CREEK,46961,2012,RELATIVE ABUNDANCE (TYPE-4),208,1995,TRUE
Upper Fraser River_SP_1.3,UFR-spring,DU11,CK-12,SWIFT CREEK,46961,2013,RELATIVE ABUNDANCE (TYPE-3),392,1995,TRUE
Upper Fraser River_SP_1.3,UFR-spring,DU11,CK-12,SWIFT CREEK,46961,2014,RELATIVE ABUNDANCE (TYPE-3),823,1995,TRUE
Upper Fraser River_SP_1.3,UFR-spring,DU11,CK-12,SWIFT CREEK,46961,2015,RELATIVE ABUNDANCE (TYPE-4),435,1995,TRUE
Upper Fraser River_SP_1.3,UFR-spring,DU11,CK-12,SWIFT CREEK,46961,2016,RELATIVE ABUNDANCE (TYPE-4),260,1995,TRUE
Upper Fraser River_SP_1.3,UFR-spring,DU11,CK-12,SWIFT CREEK,46961,2017,RELATIVE ABUNDANCE (TYPE-4),174,1995,TRUE
Upper Fraser River_SP_1.3,UFR-spring,DU11,CK-12,SWIFT CREEK,46961,2018,RELATIVE ABUNDANCE (TYPE-4),134,1995,TRUE
Upper Fraser River_SP_1.3,UFR-spring,DU11,CK-12,SWIFT CREEK,46961,2019,RELATIVE ABUNDANCE (TYPE-4),2,1995,TRUE
Upper Fraser River_SP_1.3,UFR-spring,DU11,CK-12,SWIFT CREEK,46961,2020,RELATIVE ABUNDANCE (TYPE-4),268,1995,TRUE
Upper Fraser River_SP_1.3,UFR-spring,DU11,CK-12,SWIFT CREEK,46961,2021,RELATIVE ABUNDANCE (TYPE-4),183,1995,TRUE
Upper Fraser River_SP_1.3,UFR-spring,DU11,CK-12,SWIFT CREEK,46961,2022,INFILL,1121.492045,1995,TRUE
Upper Fraser River_SP_1.3,UFR-spring,DU11,CK-12,SWIFT CREEK,46961,2023,INFILL,773.4410088,1995,TRUE
Lower Fraser River_SU_1.3,LFR-summer,DU5,CK-06,CHILLIWACK,46985,1975,QualFiltered,NA,2005,FALSE
Lower Fraser River_SU_1.3,LFR-summer,DU5,CK-06,CHILLIWACK,46985,1976,QualFiltered,NA,2005,FALSE
Lower Fraser River_SU_1.3,LFR-summer,DU5,CK-06,CHILLIWACK,46985,1977,QualFiltered,NA,2005,FALSE
Lower Fraser River_SU_1.3,LFR-summer,DU5,CK-06,CHILLIWACK,46985,1978,QualFiltered,NA,2005,FALSE
Lower Fraser River_SU_1.3,LFR-summer,DU5,CK-06,CHILLIWACK,46985,1979,QualFiltered,NA,2005,FALSE
Lower Fraser River_SU_1.3,LFR-summer,DU5,CK-06,CHILLIWACK,46985,1980,QualFiltered,NA,2005,FALSE
Lower Fraser River_SU_1.3,LFR-summer,DU5,CK-06,CHILLIWACK,46985,1981,QualFiltered,NA,2005,FALSE
Lower Fraser River_SU_1.3,LFR-summer,DU5,CK-06,CHILLIWACK,46985,1982,QualFiltered,NA,2005,FALSE
Lower Fraser River_SU_1.3,LFR-summer,DU5,CK-06,CHILLIWACK,46985,1983,QualFiltered,NA,2005,FALSE
Lower Fraser River_SU_1.3,LFR-summer,DU5,CK-06,CHILLIWACK,46985,1984,QualFiltered,NA,2005,FALSE
Lower Fraser River_SU_1.3,LFR-summer,DU5,CK-06,CHILLIWACK,46985,1985,QualFiltered,NA,2005,FALSE
Lower Fraser River_SU_1.3,LFR-summer,DU5,CK-06,CHILLIWACK,46985,1986,QualFiltered,NA,2005,FALSE
Lower Fraser River_SU_1.3,LFR-summer,DU5,CK-06,CHILLIWACK,46985,1987,QualFiltered,NA,2005,FALSE
Lower Fraser River_SU_1.3,LFR-summer,DU5,CK-06,CHILLIWACK,46985,1988,QualFiltered,NA,2005,FALSE
Lower Fraser River_SU_1.3,LFR-summer,DU5,CK-06,CHILLIWACK,46985,1989,QualFiltered,NA,2005,FALSE
Lower Fraser River_SU_1.3,LFR-summer,DU5,CK-06,CHILLIWACK,46985,1990,RELATIVE ABUNDANCE (TYPE-4),NA,2005,FALSE
Lower Fraser River_SU_1.3,LFR-summer,DU5,CK-06,CHILLIWACK,46985,1991,RELATIVE ABUNDANCE (TYPE-4),NA,2005,FALSE
Lower Fraser River_SU_1.3,LFR-summer,DU5,CK-06,CHILLIWACK,46985,1992,QualFiltered,NA,2005,FALSE
Lower Fraser River_SU_1.3,LFR-summer,DU5,CK-06,CHILLIWACK,46985,1993,QualFiltered,NA,2005,FALSE
Lower Fraser River_SU_1.3,LFR-summer,DU5,CK-06,CHILLIWACK,46985,1994,RELATIVE ABUNDANCE (TYPE-4),NA,2005,FALSE
Lower Fraser River_SU_1.3,LFR-summer,DU5,CK-06,CHILLIWACK,46985,1995,QualFiltered,NA,2005,FALSE
Lower Fraser River_SU_1.3,LFR-summer,DU5,CK-06,CHILLIWACK,46985,1996,QualFiltered,NA,2005,FALSE
Lower Fraser River_SU_1.3,LFR-summer,DU5,CK-06,CHILLIWACK,46985,1997,QualFiltered,NA,2005,FALSE
Lower Fraser River_SU_1.3,LFR-summer,DU5,CK-06,CHILLIWACK,46985,1998,RELATIVE ABUNDANCE (TYPE-4),NA,2005,FALSE
Lower Fraser River_SU_1.3,LFR-summer,DU5,CK-06,CHILLIWACK,46985,1999,QualFiltered,NA,2005,FALSE
Lower Fraser River_SU_1.3,LFR-summer,DU5,CK-06,CHILLIWACK,46985,2000,QualFiltered,NA,2005,FALSE
Lower Fraser River_SU_1.3,LFR-summer,DU5,CK-06,CHILLIWACK,46985,2001,QualFiltered,NA,2005,FALSE
Lower Fraser River_SU_1.3,LFR-summer,DU5,CK-06,CHILLIWACK,46985,2002,RELATIVE ABUNDANCE (TYPE-4),NA,2005,FALSE
Lower Fraser River_SU_1.3,LFR-summer,DU5,CK-06,CHILLIWACK,46985,2003,RELATIVE ABUNDANCE (TYPE-4),NA,2005,FALSE
Lower Fraser River_SU_1.3,LFR-summer,DU5,CK-06,CHILLIWACK,46985,2004,RELATIVE ABUNDANCE (TYPE-4),NA,2005,FALSE
Lower Fraser River_SU_1.3,LFR-summer,DU5,CK-06,CHILLIWACK,46985,2005,RELATIVE ABUNDANCE (TYPE-4),NA,2005,TRUE
Lower Fraser River_SU_1.3,LFR-summer,DU5,CK-06,CHILLIWACK,46985,2006,QualFiltered,NA,2005,TRUE
Lower Fraser River_SU_1.3,LFR-summer,DU5,CK-06,CHILLIWACK,46985,2007,QualFiltered,NA,2005,TRUE
Lower Fraser River_SU_1.3,LFR-summer,DU5,CK-06,CHILLIWACK,46985,2008,RELATIVE ABUNDANCE (TYPE-4),NA,2005,TRUE
Lower Fraser River_SU_1.3,LFR-summer,DU5,CK-06,CHILLIWACK,46985,2009,RELATIVE ABUNDANCE (TYPE-4),NA,2005,TRUE
Lower Fraser River_SU_1.3,LFR-summer,DU5,CK-06,CHILLIWACK,46985,2010,QualFiltered,NA,2005,TRUE
Lower Fraser River_SU_1.3,LFR-summer,DU5,CK-06,CHILLIWACK,46985,2011,QualFiltered,NA,2005,TRUE
Lower Fraser River_SU_1.3,LFR-summer,DU5,CK-06,CHILLIWACK,46985,2012,QualFiltered,NA,2005,TRUE
Lower Fraser River_SU_1.3,LFR-summer,DU5,CK-06,CHILLIWACK,46985,2013,RELATIVE ABUNDANCE (TYPE-4),NA,2005,TRUE
Lower Fraser River_SU_1.3,LFR-summer,DU5,CK-06,CHILLIWACK,46985,2014,QualFiltered,NA,2005,TRUE
Lower Fraser River_SU_1.3,LFR-summer,DU5,CK-06,CHILLIWACK,46985,2015,QualFiltered,NA,2005,TRUE
Lower Fraser River_SU_1.3,LFR-summer,DU5,CK-06,CHILLIWACK,46985,2016,QualFiltered,NA,2005,TRUE
Lower Fraser River_SU_1.3,LFR-summer,DU5,CK-06,CHILLIWACK,46985,2017,QualFiltered,NA,2005,TRUE
Lower Fraser River_SU_1.3,LFR-summer,DU5,CK-06,CHILLIWACK,46985,2018,QualFiltered,NA,2005,TRUE
Lower Fraser River_SU_1.3,LFR-summer,DU5,CK-06,CHILLIWACK,46985,2019,QualFiltered,NA,2005,TRUE
Lower Fraser River_SU_1.3,LFR-summer,DU5,CK-06,CHILLIWACK,46985,2020,QualFiltered,NA,2005,TRUE
Lower Fraser River_SU_1.3,LFR-summer,DU5,CK-06,CHILLIWACK,46985,2021,QualFiltered,NA,2005,TRUE
Lower Fraser River_SU_1.3,LFR-summer,DU5,CK-06,CHILLIWACK,46985,2022,QualFiltered,NA,2005,TRUE
Lower Fraser River_SU_1.3,LFR-summer,DU5,CK-06,CHILLIWACK,46985,2023,QualFiltered,NA,2005,TRUE
Lower Fraser River_SU_1.3,LFR-summer,DU5,CK-06,CHILLIWACK,46985,2024,QualFiltered,NA,2005,TRUE
Maria Slough_SU_0.3,Maria,DU6,CK-07,MARIA SLOUGH,47096,1975,QualFiltered,NA,1996,FALSE
Maria Slough_SU_0.3,Maria,DU6,CK-07,MARIA SLOUGH,47096,1976,QualFiltered,NA,1996,FALSE
Maria Slough_SU_0.3,Maria,DU6,CK-07,MARIA SLOUGH,47096,1977,QualFiltered,NA,1996,FALSE
Maria Slough_SU_0.3,Maria,DU6,CK-07,MARIA SLOUGH,47096,1978,QualFiltered,NA,1996,FALSE
Maria Slough_SU_0.3,Maria,DU6,CK-07,MARIA SLOUGH,47096,1979,QualFiltered,NA,1996,FALSE
Maria Slough_SU_0.3,Maria,DU6,CK-07,MARIA SLOUGH,47096,1980,QualFiltered,NA,1996,FALSE
Maria Slough_SU_0.3,Maria,DU6,CK-07,MARIA SLOUGH,47096,1981,QualFiltered,NA,1996,FALSE
Maria Slough_SU_0.3,Maria,DU6,CK-07,MARIA SLOUGH,47096,1982,QualFiltered,NA,1996,FALSE
Maria Slough_SU_0.3,Maria,DU6,CK-07,MARIA SLOUGH,47096,1983,QualFiltered,NA,1996,FALSE
Maria Slough_SU_0.3,Maria,DU6,CK-07,MARIA SLOUGH,47096,1984,QualFiltered,NA,1996,FALSE
Maria Slough_SU_0.3,Maria,DU6,CK-07,MARIA SLOUGH,47096,1985,TRUE ABUNDANCE (TYPE-1),155,1996,FALSE
Maria Slough_SU_0.3,Maria,DU6,CK-07,MARIA SLOUGH,47096,1986,TRUE ABUNDANCE (TYPE-1),107,1996,FALSE
Maria Slough_SU_0.3,Maria,DU6,CK-07,MARIA SLOUGH,47096,1987,TRUE ABUNDANCE (TYPE-1),4,1996,FALSE
Maria Slough_SU_0.3,Maria,DU6,CK-07,MARIA SLOUGH,47096,1988,TRUE ABUNDANCE (TYPE-1),67,1996,FALSE
Maria Slough_SU_0.3,Maria,DU6,CK-07,MARIA SLOUGH,47096,1989,QualFiltered,NA,1996,FALSE
Maria Slough_SU_0.3,Maria,DU6,CK-07,MARIA SLOUGH,47096,1990,QualFiltered,NA,1996,FALSE
Maria Slough_SU_0.3,Maria,DU6,CK-07,MARIA SLOUGH,47096,1991,QualFiltered,NA,1996,FALSE
Maria Slough_SU_0.3,Maria,DU6,CK-07,MARIA SLOUGH,47096,1992,QualFiltered,NA,1996,FALSE
Maria Slough_SU_0.3,Maria,DU6,CK-07,MARIA SLOUGH,47096,1993,QualFiltered,NA,1996,FALSE
Maria Slough_SU_0.3,Maria,DU6,CK-07,MARIA SLOUGH,47096,1994,QualFiltered,NA,1996,FALSE
Maria Slough_SU_0.3,Maria,DU6,CK-07,MARIA SLOUGH,47096,1995,QualFiltered,NA,1996,FALSE
Maria Slough_SU_0.3,Maria,DU6,CK-07,MARIA SLOUGH,47096,1996,RELATIVE ABUNDANCE (TYPE-4),100,1996,TRUE
Maria Slough_SU_0.3,Maria,DU6,CK-07,MARIA SLOUGH,47096,1997,RELATIVE ABUNDANCE (TYPE-4),100,1996,TRUE
Maria Slough_SU_0.3,Maria,DU6,CK-07,MARIA SLOUGH,47096,1998,RELATIVE ABUNDANCE (TYPE-4),176,1996,TRUE
Maria Slough_SU_0.3,Maria,DU6,CK-07,MARIA SLOUGH,47096,1999,RELATIVE ABUNDANCE (TYPE-4),220,1996,TRUE
Maria Slough_SU_0.3,Maria,DU6,CK-07,MARIA SLOUGH,47096,2000,RELATIVE ABUNDANCE (TYPE-4),282,1996,TRUE
Maria Slough_SU_0.3,Maria,DU6,CK-07,MARIA SLOUGH,47096,2001,RELATIVE ABUNDANCE (TYPE-4),422,1996,TRUE
Maria Slough_SU_0.3,Maria,DU6,CK-07,MARIA SLOUGH,47096,2002,RELATIVE ABUNDANCE (TYPE-4),927,1996,TRUE
Maria Slough_SU_0.3,Maria,DU6,CK-07,MARIA SLOUGH,47096,2003,RELATIVE ABUNDANCE (TYPE-4),782,1996,TRUE
Maria Slough_SU_0.3,Maria,DU6,CK-07,MARIA SLOUGH,47096,2004,QualFiltered,NA,1996,TRUE
Maria Slough_SU_0.3,Maria,DU6,CK-07,MARIA SLOUGH,47096,2005,RELATIVE ABUNDANCE (TYPE-4),419,1996,TRUE
Maria Slough_SU_0.3,Maria,DU6,CK-07,MARIA SLOUGH,47096,2006,RELATIVE ABUNDANCE (TYPE-4),321,1996,TRUE
Maria Slough_SU_0.3,Maria,DU6,CK-07,MARIA SLOUGH,47096,2007,RELATIVE ABUNDANCE (TYPE-4),713,1996,TRUE
Maria Slough_SU_0.3,Maria,DU6,CK-07,MARIA SLOUGH,47096,2008,RELATIVE ABUNDANCE (TYPE-4),682,1996,TRUE
Maria Slough_SU_0.3,Maria,DU6,CK-07,MARIA SLOUGH,47096,2009,RELATIVE ABUNDANCE (TYPE-4),645,1996,TRUE
Maria Slough_SU_0.3,Maria,DU6,CK-07,MARIA SLOUGH,47096,2010,RELATIVE ABUNDANCE (TYPE-4),617,1996,TRUE
Maria Slough_SU_0.3,Maria,DU6,CK-07,MARIA SLOUGH,47096,2011,RELATIVE ABUNDANCE (TYPE-4),1509,1996,TRUE
Maria Slough_SU_0.3,Maria,DU6,CK-07,MARIA SLOUGH,47096,2012,RELATIVE ABUNDANCE (TYPE-4),328,1996,TRUE
Maria Slough_SU_0.3,Maria,DU6,CK-07,MARIA SLOUGH,47096,2013,RELATIVE ABUNDANCE (TYPE-4),1043,1996,TRUE
Maria Slough_SU_0.3,Maria,DU6,CK-07,MARIA SLOUGH,47096,2014,RELATIVE ABUNDANCE (TYPE-4),346,1996,TRUE
Maria Slough_SU_0.3,Maria,DU6,CK-07,MARIA SLOUGH,47096,2015,RELATIVE ABUNDANCE (TYPE-4),1238,1996,TRUE
Maria Slough_SU_0.3,Maria,DU6,CK-07,MARIA SLOUGH,47096,2016,RELATIVE ABUNDANCE (TYPE-4),105,1996,TRUE
Maria Slough_SU_0.3,Maria,DU6,CK-07,MARIA SLOUGH,47096,2017,RELATIVE ABUNDANCE (TYPE-4),71,1996,TRUE
Maria Slough_SU_0.3,Maria,DU6,CK-07,MARIA SLOUGH,47096,2018,RELATIVE ABUNDANCE (TYPE-3),0,1996,TRUE
Maria Slough_SU_0.3,Maria,DU6,CK-07,MARIA SLOUGH,47096,2019,RELATIVE ABUNDANCE (TYPE-3),345,1996,TRUE
Maria Slough_SU_0.3,Maria,DU6,CK-07,MARIA SLOUGH,47096,2020,RELATIVE ABUNDANCE (TYPE-3),47,1996,TRUE
Maria Slough_SU_0.3,Maria,DU6,CK-07,MARIA SLOUGH,47096,2021,RELATIVE ABUNDANCE (TYPE-4),34,1996,TRUE
Maria Slough_SU_0.3,Maria,DU6,CK-07,MARIA SLOUGH,47096,2022,RELATIVE ABUNDANCE (TYPE-3),38,1996,TRUE
Maria Slough_SU_0.3,Maria,DU6,CK-07,MARIA SLOUGH,47096,2023,RELATIVE ABUNDANCE (TYPE-3),79,1996,TRUE
Maria Slough_SU_0.3,Maria,DU6,CK-07,MARIA SLOUGH,47096,2024,QualFiltered,NA,1996,TRUE
Middle Fraser-Fraser Canyon_SP_1.3,FRCanyon,DU7,CK-08,NAHATLATCH RIVER,47165,1975,QualFiltered,NA,1996,FALSE
Middle Fraser-Fraser Canyon_SP_1.3,FRCanyon,DU7,CK-08,NAHATLATCH RIVER,47165,1976,QualFiltered,NA,1996,FALSE
Middle Fraser-Fraser Canyon_SP_1.3,FRCanyon,DU7,CK-08,NAHATLATCH RIVER,47165,1977,QualFiltered,NA,1996,FALSE
Middle Fraser-Fraser Canyon_SP_1.3,FRCanyon,DU7,CK-08,NAHATLATCH RIVER,47165,1978,QualFiltered,NA,1996,FALSE
Middle Fraser-Fraser Canyon_SP_1.3,FRCanyon,DU7,CK-08,NAHATLATCH RIVER,47165,1979,QualFiltered,NA,1996,FALSE
Middle Fraser-Fraser Canyon_SP_1.3,FRCanyon,DU7,CK-08,NAHATLATCH RIVER,47165,1980,QualFiltered,NA,1996,FALSE
Middle Fraser-Fraser Canyon_SP_1.3,FRCanyon,DU7,CK-08,NAHATLATCH RIVER,47165,1981,QualFiltered,NA,1996,FALSE
Middle Fraser-Fraser Canyon_SP_1.3,FRCanyon,DU7,CK-08,NAHATLATCH RIVER,47165,1982,QualFiltered,NA,1996,FALSE
Middle Fraser-Fraser Canyon_SP_1.3,FRCanyon,DU7,CK-08,NAHATLATCH RIVER,47165,1983,QualFiltered,NA,1996,FALSE
Middle Fraser-Fraser Canyon_SP_1.3,FRCanyon,DU7,CK-08,NAHATLATCH RIVER,47165,1984,QualFiltered,NA,1996,FALSE
Middle Fraser-Fraser Canyon_SP_1.3,FRCanyon,DU7,CK-08,NAHATLATCH RIVER,47165,1985,QualFiltered,NA,1996,FALSE
Middle Fraser-Fraser Canyon_SP_1.3,FRCanyon,DU7,CK-08,NAHATLATCH RIVER,47165,1986,QualFiltered,NA,1996,FALSE
Middle Fraser-Fraser Canyon_SP_1.3,FRCanyon,DU7,CK-08,NAHATLATCH RIVER,47165,1987,QualFiltered,NA,1996,FALSE
Middle Fraser-Fraser Canyon_SP_1.3,FRCanyon,DU7,CK-08,NAHATLATCH RIVER,47165,1988,QualFiltered,NA,1996,FALSE
Middle Fraser-Fraser Canyon_SP_1.3,FRCanyon,DU7,CK-08,NAHATLATCH RIVER,47165,1989,QualFiltered,NA,1996,FALSE
Middle Fraser-Fraser Canyon_SP_1.3,FRCanyon,DU7,CK-08,NAHATLATCH RIVER,47165,1990,QualFiltered,NA,1996,FALSE
Middle Fraser-Fraser Canyon_SP_1.3,FRCanyon,DU7,CK-08,NAHATLATCH RIVER,47165,1991,QualFiltered,NA,1996,FALSE
Middle Fraser-Fraser Canyon_SP_1.3,FRCanyon,DU7,CK-08,NAHATLATCH RIVER,47165,1992,QualFiltered,NA,1996,FALSE
Middle Fraser-Fraser Canyon_SP_1.3,FRCanyon,DU7,CK-08,NAHATLATCH RIVER,47165,1993,QualFiltered,NA,1996,FALSE
Middle Fraser-Fraser Canyon_SP_1.3,FRCanyon,DU7,CK-08,NAHATLATCH RIVER,47165,1994,QualFiltered,NA,1996,FALSE
Middle Fraser-Fraser Canyon_SP_1.3,FRCanyon,DU7,CK-08,NAHATLATCH RIVER,47165,1995,QualFiltered,NA,1996,FALSE
Middle Fraser-Fraser Canyon_SP_1.3,FRCanyon,DU7,CK-08,NAHATLATCH RIVER,47165,1996,QualFiltered,NA,1996,TRUE
Middle Fraser-Fraser Canyon_SP_1.3,FRCanyon,DU7,CK-08,NAHATLATCH RIVER,47165,1997,RELATIVE ABUNDANCE (TYPE-4),31,1996,TRUE
Middle Fraser-Fraser Canyon_SP_1.3,FRCanyon,DU7,CK-08,NAHATLATCH RIVER,47165,1998,RELATIVE ABUNDANCE (TYPE-4),8,1996,TRUE
Middle Fraser-Fraser Canyon_SP_1.3,FRCanyon,DU7,CK-08,NAHATLATCH RIVER,47165,1999,QualFiltered,NA,1996,TRUE
Middle Fraser-Fraser Canyon_SP_1.3,FRCanyon,DU7,CK-08,NAHATLATCH RIVER,47165,2000,RELATIVE ABUNDANCE (TYPE-4),40,1996,TRUE
Middle Fraser-Fraser Canyon_SP_1.3,FRCanyon,DU7,CK-08,NAHATLATCH RIVER,47165,2001,RELATIVE ABUNDANCE (TYPE-4),97,1996,TRUE
Middle Fraser-Fraser Canyon_SP_1.3,FRCanyon,DU7,CK-08,NAHATLATCH RIVER,47165,2002,RELATIVE ABUNDANCE (TYPE-4),169,1996,TRUE
Middle Fraser-Fraser Canyon_SP_1.3,FRCanyon,DU7,CK-08,NAHATLATCH RIVER,47165,2003,RELATIVE ABUNDANCE (TYPE-4),89,1996,TRUE
Middle Fraser-Fraser Canyon_SP_1.3,FRCanyon,DU7,CK-08,NAHATLATCH RIVER,47165,2004,RELATIVE ABUNDANCE (TYPE-4),54,1996,TRUE
Middle Fraser-Fraser Canyon_SP_1.3,FRCanyon,DU7,CK-08,NAHATLATCH RIVER,47165,2005,QualFiltered,NA,1996,TRUE
Middle Fraser-Fraser Canyon_SP_1.3,FRCanyon,DU7,CK-08,NAHATLATCH RIVER,47165,2006,QualFiltered,NA,1996,TRUE
Middle Fraser-Fraser Canyon_SP_1.3,FRCanyon,DU7,CK-08,NAHATLATCH RIVER,47165,2007,QualFiltered,NA,1996,TRUE
Middle Fraser-Fraser Canyon_SP_1.3,FRCanyon,DU7,CK-08,NAHATLATCH RIVER,47165,2008,QualFiltered,NA,1996,TRUE
Middle Fraser-Fraser Canyon_SP_1.3,FRCanyon,DU7,CK-08,NAHATLATCH RIVER,47165,2009,RELATIVE ABUNDANCE (TYPE-4),17,1996,TRUE
Middle Fraser-Fraser Canyon_SP_1.3,FRCanyon,DU7,CK-08,NAHATLATCH RIVER,47165,2010,RELATIVE ABUNDANCE (TYPE-4),2,1996,TRUE
Middle Fraser-Fraser Canyon_SP_1.3,FRCanyon,DU7,CK-08,NAHATLATCH RIVER,47165,2011,RELATIVE ABUNDANCE (TYPE-4),11,1996,TRUE
Middle Fraser-Fraser Canyon_SP_1.3,FRCanyon,DU7,CK-08,NAHATLATCH RIVER,47165,2012,RELATIVE ABUNDANCE (TYPE-4),65,1996,TRUE
Middle Fraser-Fraser Canyon_SP_1.3,FRCanyon,DU7,CK-08,NAHATLATCH RIVER,47165,2013,RELATIVE ABUNDANCE (TYPE-4),34,1996,TRUE
Middle Fraser-Fraser Canyon_SP_1.3,FRCanyon,DU7,CK-08,NAHATLATCH RIVER,47165,2014,RELATIVE ABUNDANCE (TYPE-4),2,1996,TRUE
Middle Fraser-Fraser Canyon_SP_1.3,FRCanyon,DU7,CK-08,NAHATLATCH RIVER,47165,2015,RELATIVE ABUNDANCE (TYPE-4),6,1996,TRUE
Middle Fraser-Fraser Canyon_SP_1.3,FRCanyon,DU7,CK-08,NAHATLATCH RIVER,47165,2016,RELATIVE ABUNDANCE (TYPE-4),17,1996,TRUE
Middle Fraser-Fraser Canyon_SP_1.3,FRCanyon,DU7,CK-08,NAHATLATCH RIVER,47165,2017,RELATIVE ABUNDANCE (TYPE-4),8,1996,TRUE
Middle Fraser-Fraser Canyon_SP_1.3,FRCanyon,DU7,CK-08,NAHATLATCH RIVER,47165,2018,RELATIVE ABUNDANCE (TYPE-4),11,1996,TRUE
Middle Fraser-Fraser Canyon_SP_1.3,FRCanyon,DU7,CK-08,NAHATLATCH RIVER,47165,2019,RELATIVE ABUNDANCE (TYPE-4),80,1996,TRUE
Middle Fraser-Fraser Canyon_SP_1.3,FRCanyon,DU7,CK-08,NAHATLATCH RIVER,47165,2020,RELATIVE ABUNDANCE (TYPE-4),71,1996,TRUE
Middle Fraser-Fraser Canyon_SP_1.3,FRCanyon,DU7,CK-08,NAHATLATCH RIVER,47165,2021,RELATIVE ABUNDANCE (TYPE-4),30,1996,TRUE
Middle Fraser-Fraser Canyon_SP_1.3,FRCanyon,DU7,CK-08,NAHATLATCH RIVER,47165,2022,RELATIVE ABUNDANCE (TYPE-4),86,1996,TRUE
Middle Fraser-Fraser Canyon_SP_1.3,FRCanyon,DU7,CK-08,NAHATLATCH RIVER,47165,2023,RELATIVE ABUNDANCE (TYPE-4),108,1996,TRUE
Middle Fraser River_SP_1.3,MFR-spring,DU9,CK-10,STEIN RIVER,47175,1977,QualFiltered,NA,1995,FALSE
Middle Fraser River_SP_1.3,MFR-spring,DU9,CK-10,STEIN RIVER,47175,1979,QualFiltered,NA,1995,FALSE
Middle Fraser River_SP_1.3,MFR-spring,DU9,CK-10,STEIN RIVER,47175,1980,QualFiltered,NA,1995,FALSE
Middle Fraser River_SP_1.3,MFR-spring,DU9,CK-10,STEIN RIVER,47175,1981,QualFiltered,NA,1995,FALSE
Middle Fraser River_SP_1.3,MFR-spring,DU9,CK-10,STEIN RIVER,47175,1982,QualFiltered,NA,1995,FALSE
Middle Fraser River_SP_1.3,MFR-spring,DU9,CK-10,STEIN RIVER,47175,1983,QualFiltered,NA,1995,FALSE
Middle Fraser River_SP_1.3,MFR-spring,DU9,CK-10,STEIN RIVER,47175,1984,QualFiltered,NA,1995,FALSE
Middle Fraser River_SP_1.3,MFR-spring,DU9,CK-10,STEIN RIVER,47175,1985,QualFiltered,NA,1995,FALSE
Middle Fraser River_SP_1.3,MFR-spring,DU9,CK-10,STEIN RIVER,47175,1994,QualFiltered,NA,1995,FALSE
Middle Fraser River_SP_1.3,MFR-spring,DU9,CK-10,STEIN RIVER,47175,1999,QualFiltered,NA,1995,TRUE
Middle Fraser River_SP_1.3,MFR-spring,DU9,CK-10,STEIN RIVER,47175,2000,QualFiltered,NA,1995,TRUE
Middle Fraser River-Portage_FA_1.3,Portage,DU8,CK-09,PORTAGE CREEK,47189,1975,QualFiltered,NA,2000,FALSE
Middle Fraser River-Portage_FA_1.3,Portage,DU8,CK-09,PORTAGE CREEK,47189,1976,QualFiltered,NA,2000,FALSE
Middle Fraser River-Portage_FA_1.3,Portage,DU8,CK-09,PORTAGE CREEK,47189,1977,QualFiltered,NA,2000,FALSE
Middle Fraser River-Portage_FA_1.3,Portage,DU8,CK-09,PORTAGE CREEK,47189,1978,QualFiltered,NA,2000,FALSE
Middle Fraser River-Portage_FA_1.3,Portage,DU8,CK-09,PORTAGE CREEK,47189,1979,QualFiltered,NA,2000,FALSE
Middle Fraser River-Portage_FA_1.3,Portage,DU8,CK-09,PORTAGE CREEK,47189,1980,QualFiltered,NA,2000,FALSE
Middle Fraser River-Portage_FA_1.3,Portage,DU8,CK-09,PORTAGE CREEK,47189,1981,QualFiltered,NA,2000,FALSE
Middle Fraser River-Portage_FA_1.3,Portage,DU8,CK-09,PORTAGE CREEK,47189,1982,QualFiltered,NA,2000,FALSE
Middle Fraser River-Portage_FA_1.3,Portage,DU8,CK-09,PORTAGE CREEK,47189,1983,QualFiltered,NA,2000,FALSE
Middle Fraser River-Portage_FA_1.3,Portage,DU8,CK-09,PORTAGE CREEK,47189,1984,QualFiltered,NA,2000,FALSE
Middle Fraser River-Portage_FA_1.3,Portage,DU8,CK-09,PORTAGE CREEK,47189,1985,QualFiltered,NA,2000,FALSE
Middle Fraser River-Portage_FA_1.3,Portage,DU8,CK-09,PORTAGE CREEK,47189,1986,QualFiltered,NA,2000,FALSE
Middle Fraser River-Portage_FA_1.3,Portage,DU8,CK-09,PORTAGE CREEK,47189,1987,QualFiltered,NA,2000,FALSE
Middle Fraser River-Portage_FA_1.3,Portage,DU8,CK-09,PORTAGE CREEK,47189,1988,QualFiltered,NA,2000,FALSE
Middle Fraser River-Portage_FA_1.3,Portage,DU8,CK-09,PORTAGE CREEK,47189,1989,QualFiltered,NA,2000,FALSE
Middle Fraser River-Portage_FA_1.3,Portage,DU8,CK-09,PORTAGE CREEK,47189,1990,QualFiltered,NA,2000,FALSE
Middle Fraser River-Portage_FA_1.3,Portage,DU8,CK-09,PORTAGE CREEK,47189,1991,QualFiltered,NA,2000,FALSE
Middle Fraser River-Portage_FA_1.3,Portage,DU8,CK-09,PORTAGE CREEK,47189,1992,QualFiltered,NA,2000,FALSE
Middle Fraser River-Portage_FA_1.3,Portage,DU8,CK-09,PORTAGE CREEK,47189,1993,QualFiltered,NA,2000,FALSE
Middle Fraser River-Portage_FA_1.3,Portage,DU8,CK-09,PORTAGE CREEK,47189,1994,QualFiltered,NA,2000,FALSE
Middle Fraser River-Portage_FA_1.3,Portage,DU8,CK-09,PORTAGE CREEK,47189,1995,QualFiltered,NA,2000,FALSE
Middle Fraser River-Portage_FA_1.3,Portage,DU8,CK-09,PORTAGE CREEK,47189,1996,QualFiltered,NA,2000,FALSE
Middle Fraser River-Portage_FA_1.3,Portage,DU8,CK-09,PORTAGE CREEK,47189,1997,QualFiltered,NA,2000,FALSE
Middle Fraser River-Portage_FA_1.3,Portage,DU8,CK-09,PORTAGE CREEK,47189,1998,QualFiltered,NA,2000,FALSE
Middle Fraser River-Portage_FA_1.3,Portage,DU8,CK-09,PORTAGE CREEK,47189,1999,QualFiltered,NA,2000,FALSE
Middle Fraser River-Portage_FA_1.3,Portage,DU8,CK-09,PORTAGE CREEK,47189,2000,RELATIVE ABUNDANCE (TYPE-4),1220,2000,TRUE
Middle Fraser River-Portage_FA_1.3,Portage,DU8,CK-09,PORTAGE CREEK,47189,2001,RELATIVE ABUNDANCE (TYPE-4),17072,2000,TRUE
Middle Fraser River-Portage_FA_1.3,Portage,DU8,CK-09,PORTAGE CREEK,47189,2002,RELATIVE ABUNDANCE (TYPE-4),17072,2000,TRUE
Middle Fraser River-Portage_FA_1.3,Portage,DU8,CK-09,PORTAGE CREEK,47189,2003,RELATIVE ABUNDANCE (TYPE-4),17072,2000,TRUE
Middle Fraser River-Portage_FA_1.3,Portage,DU8,CK-09,PORTAGE CREEK,47189,2004,RELATIVE ABUNDANCE (TYPE-4),17072,2000,TRUE
Middle Fraser River-Portage_FA_1.3,Portage,DU8,CK-09,PORTAGE CREEK,47189,2005,RELATIVE ABUNDANCE (TYPE-4),17072,2000,TRUE
Middle Fraser River-Portage_FA_1.3,Portage,DU8,CK-09,PORTAGE CREEK,47189,2006,RELATIVE ABUNDANCE (TYPE-4),9052,2000,TRUE
Middle Fraser River-Portage_FA_1.3,Portage,DU8,CK-09,PORTAGE CREEK,47189,2007,RELATIVE ABUNDANCE (TYPE-4),9052,2000,TRUE
Middle Fraser River-Portage_FA_1.3,Portage,DU8,CK-09,PORTAGE CREEK,47189,2008,RELATIVE ABUNDANCE (TYPE-4),217,2000,TRUE
Middle Fraser River-Portage_FA_1.3,Portage,DU8,CK-09,PORTAGE CREEK,47189,2009,RELATIVE ABUNDANCE (TYPE-4),74,2000,TRUE
Middle Fraser River-Portage_FA_1.3,Portage,DU8,CK-09,PORTAGE CREEK,47189,2010,RELATIVE ABUNDANCE (TYPE-4),123,2000,TRUE
Middle Fraser River-Portage_FA_1.3,Portage,DU8,CK-09,PORTAGE CREEK,47189,2011,RELATIVE ABUNDANCE (TYPE-4),65,2000,TRUE
Middle Fraser River-Portage_FA_1.3,Portage,DU8,CK-09,PORTAGE CREEK,47189,2012,RELATIVE ABUNDANCE (TYPE-4),37,2000,TRUE
Middle Fraser River-Portage_FA_1.3,Portage,DU8,CK-09,PORTAGE CREEK,47189,2013,RELATIVE ABUNDANCE (TYPE-4),34,2000,TRUE
Middle Fraser River-Portage_FA_1.3,Portage,DU8,CK-09,PORTAGE CREEK,47189,2014,RELATIVE ABUNDANCE (TYPE-4),77,2000,TRUE
Middle Fraser River-Portage_FA_1.3,Portage,DU8,CK-09,PORTAGE CREEK,47189,2015,RELATIVE ABUNDANCE (TYPE-4),83,2000,TRUE
Middle Fraser River-Portage_FA_1.3,Portage,DU8,CK-09,PORTAGE CREEK,47189,2016,RELATIVE ABUNDANCE (TYPE-4),12,2000,TRUE
Middle Fraser River-Portage_FA_1.3,Portage,DU8,CK-09,PORTAGE CREEK,47189,2017,RELATIVE ABUNDANCE (TYPE-4),20,2000,TRUE
Middle Fraser River-Portage_FA_1.3,Portage,DU8,CK-09,PORTAGE CREEK,47189,2018,RELATIVE ABUNDANCE (TYPE-4),35,2000,TRUE
Middle Fraser River-Portage_FA_1.3,Portage,DU8,CK-09,PORTAGE CREEK,47189,2019,RELATIVE ABUNDANCE (TYPE-3),228,2000,TRUE
Middle Fraser River-Portage_FA_1.3,Portage,DU8,CK-09,PORTAGE CREEK,47189,2020,RELATIVE ABUNDANCE (TYPE-3),41,2000,TRUE
Middle Fraser River-Portage_FA_1.3,Portage,DU8,CK-09,PORTAGE CREEK,47189,2021,RELATIVE ABUNDANCE (TYPE-4),26,2000,TRUE
Middle Fraser River-Portage_FA_1.3,Portage,DU8,CK-09,PORTAGE CREEK,47189,2022,RELATIVE ABUNDANCE (TYPE-4),70,2000,TRUE
Middle Fraser River-Portage_FA_1.3,Portage,DU8,CK-09,PORTAGE CREEK,47189,2023,QualFiltered,NA,2000,TRUE
Middle Fraser River-Portage_FA_1.3,Portage,DU8,CK-09,PORTAGE CREEK,47189,2024,QualFiltered,NA,2000,TRUE
Middle Fraser River_SU_1.3,MFR-summer,DU10,CK-11,SETON AND CAYOOSH CREEKS,47199,1975,QualFiltered,NA,1995,FALSE
Middle Fraser River_SU_1.3,MFR-summer,DU10,CK-11,SETON AND CAYOOSH CREEKS,47199,1976,QualFiltered,NA,1995,FALSE
Middle Fraser River_SU_1.3,MFR-summer,DU10,CK-11,SETON AND CAYOOSH CREEKS,47199,1977,QualFiltered,NA,1995,FALSE
Middle Fraser River_SU_1.3,MFR-summer,DU10,CK-11,SETON AND CAYOOSH CREEKS,47199,1978,QualFiltered,NA,1995,FALSE
Middle Fraser River_SU_1.3,MFR-summer,DU10,CK-11,SETON AND CAYOOSH CREEKS,47199,1979,QualFiltered,NA,1995,FALSE
Middle Fraser River_SU_1.3,MFR-summer,DU10,CK-11,SETON AND CAYOOSH CREEKS,47199,1980,QualFiltered,NA,1995,FALSE
Middle Fraser River_SU_1.3,MFR-summer,DU10,CK-11,SETON AND CAYOOSH CREEKS,47199,1981,QualFiltered,NA,1995,FALSE
Middle Fraser River_SU_1.3,MFR-summer,DU10,CK-11,SETON AND CAYOOSH CREEKS,47199,1982,QualFiltered,NA,1995,FALSE
Middle Fraser River_SU_1.3,MFR-summer,DU10,CK-11,SETON AND CAYOOSH CREEKS,47199,1983,QualFiltered,NA,1995,FALSE
Middle Fraser River_SU_1.3,MFR-summer,DU10,CK-11,SETON AND CAYOOSH CREEKS,47199,1984,QualFiltered,NA,1995,FALSE
Middle Fraser River_SU_1.3,MFR-summer,DU10,CK-11,SETON AND CAYOOSH CREEKS,47199,1985,QualFiltered,NA,1995,FALSE
Middle Fraser River_SU_1.3,MFR-summer,DU10,CK-11,SETON AND CAYOOSH CREEKS,47199,1986,QualFiltered,NA,1995,FALSE
Middle Fraser River_SU_1.3,MFR-summer,DU10,CK-11,SETON AND CAYOOSH CREEKS,47199,1987,QualFiltered,NA,1995,FALSE
Middle Fraser River_SU_1.3,MFR-summer,DU10,CK-11,SETON AND CAYOOSH CREEKS,47199,1988,QualFiltered,NA,1995,FALSE
Middle Fraser River_SU_1.3,MFR-summer,DU10,CK-11,SETON AND CAYOOSH CREEKS,47199,1989,QualFiltered,NA,1995,FALSE
Middle Fraser River_SU_1.3,MFR-summer,DU10,CK-11,SETON AND CAYOOSH CREEKS,47199,1990,QualFiltered,NA,1995,FALSE
Middle Fraser River_SU_1.3,MFR-summer,DU10,CK-11,SETON AND CAYOOSH CREEKS,47199,1991,QualFiltered,NA,1995,FALSE
Middle Fraser River_SU_1.3,MFR-summer,DU10,CK-11,SETON AND CAYOOSH CREEKS,47199,1993,QualFiltered,NA,1995,FALSE
Middle Fraser River_SU_1.3,MFR-summer,DU10,CK-11,SETON AND CAYOOSH CREEKS,47199,1994,QualFiltered,NA,1995,FALSE
Middle Fraser River_SU_1.3,MFR-summer,DU10,CK-11,SETON AND CAYOOSH CREEKS,47199,2002,RELATIVE ABUNDANCE (TYPE-4),NA,1995,TRUE
Middle Fraser River_SU_1.3,MFR-summer,DU10,CK-11,SETON AND CAYOOSH CREEKS,47199,2003,QualFiltered,NA,1995,TRUE
Middle Fraser River_SU_1.3,MFR-summer,DU10,CK-11,SETON AND CAYOOSH CREEKS,47199,2005,QualFiltered,NA,1995,TRUE
Middle Fraser River_SU_1.3,MFR-summer,DU10,CK-11,SETON AND CAYOOSH CREEKS,47199,2006,QualFiltered,NA,1995,TRUE
Middle Fraser River_SU_1.3,MFR-summer,DU10,CK-11,SETON AND CAYOOSH CREEKS,47199,2012,RELATIVE ABUNDANCE (TYPE-4),NA,1995,TRUE
Middle Fraser River_SU_1.3,MFR-summer,DU10,CK-11,GATES RIVER,47219,1996,QualFiltered,NA,1995,TRUE
Middle Fraser River_SU_1.3,MFR-summer,DU10,CK-11,GATES RIVER,47219,1999,QualFiltered,NA,1995,TRUE
Middle Fraser River_SU_1.3,MFR-summer,DU10,CK-11,GATES RIVER,47219,2000,QualFiltered,NA,1995,TRUE
Middle Fraser River_SP_1.3,MFR-spring,DU9,CK-10,BRIDGE RIVER,47229,1975,QualFiltered,NA,1995,FALSE
Middle Fraser River_SP_1.3,MFR-spring,DU9,CK-10,BRIDGE RIVER,47229,1976,QualFiltered,NA,1995,FALSE
Middle Fraser River_SP_1.3,MFR-spring,DU9,CK-10,BRIDGE RIVER,47229,1977,QualFiltered,NA,1995,FALSE
Middle Fraser River_SP_1.3,MFR-spring,DU9,CK-10,BRIDGE RIVER,47229,1978,QualFiltered,NA,1995,FALSE
Middle Fraser River_SP_1.3,MFR-spring,DU9,CK-10,BRIDGE RIVER,47229,1979,QualFiltered,NA,1995,FALSE
Middle Fraser River_SP_1.3,MFR-spring,DU9,CK-10,BRIDGE RIVER,47229,1980,QualFiltered,NA,1995,FALSE
Middle Fraser River_SP_1.3,MFR-spring,DU9,CK-10,BRIDGE RIVER,47229,1981,QualFiltered,NA,1995,FALSE
Middle Fraser River_SP_1.3,MFR-spring,DU9,CK-10,BRIDGE RIVER,47229,1982,QualFiltered,NA,1995,FALSE
Middle Fraser River_SP_1.3,MFR-spring,DU9,CK-10,BRIDGE RIVER,47229,1983,QualFiltered,NA,1995,FALSE
Middle Fraser River_SP_1.3,MFR-spring,DU9,CK-10,BRIDGE RIVER,47229,1984,QualFiltered,NA,1995,FALSE
Middle Fraser River_SP_1.3,MFR-spring,DU9,CK-10,BRIDGE RIVER,47229,1985,QualFiltered,NA,1995,FALSE
Middle Fraser River_SP_1.3,MFR-spring,DU9,CK-10,BRIDGE RIVER,47229,1986,QualFiltered,NA,1995,FALSE
Middle Fraser River_SP_1.3,MFR-spring,DU9,CK-10,BRIDGE RIVER,47229,1987,QualFiltered,NA,1995,FALSE
Middle Fraser River_SP_1.3,MFR-spring,DU9,CK-10,BRIDGE RIVER,47229,1988,QualFiltered,NA,1995,FALSE
Middle Fraser River_SP_1.3,MFR-spring,DU9,CK-10,BRIDGE RIVER,47229,1989,QualFiltered,NA,1995,FALSE
Middle Fraser River_SP_1.3,MFR-spring,DU9,CK-10,BRIDGE RIVER,47229,1990,QualFiltered,NA,1995,FALSE
Middle Fraser River_SP_1.3,MFR-spring,DU9,CK-10,BRIDGE RIVER,47229,1991,QualFiltered,NA,1995,FALSE
Middle Fraser River_SP_1.3,MFR-spring,DU9,CK-10,BRIDGE RIVER,47229,1992,QualFiltered,NA,1995,FALSE
Middle Fraser River_SP_1.3,MFR-spring,DU9,CK-10,BRIDGE RIVER,47229,1993,QualFiltered,NA,1995,FALSE
Middle Fraser River_SP_1.3,MFR-spring,DU9,CK-10,BRIDGE RIVER,47229,1994,QualFiltered,NA,1995,FALSE
Middle Fraser River_SP_1.3,MFR-spring,DU9,CK-10,BRIDGE RIVER,47229,1995,INFILL,934.0268788,1995,TRUE
Middle Fraser River_SP_1.3,MFR-spring,DU9,CK-10,BRIDGE RIVER,47229,1996,RELATIVE ABUNDANCE (TYPE-4),1866,1995,TRUE
Middle Fraser River_SP_1.3,MFR-spring,DU9,CK-10,BRIDGE RIVER,47229,1997,INFILL,793.4848461,1995,TRUE
Middle Fraser River_SP_1.3,MFR-spring,DU9,CK-10,BRIDGE RIVER,47229,1998,RELATIVE ABUNDANCE (TYPE-4),488,1995,TRUE
Middle Fraser River_SP_1.3,MFR-spring,DU9,CK-10,BRIDGE RIVER,47229,1999,RELATIVE ABUNDANCE (TYPE-4),906,1995,TRUE
Middle Fraser River_SP_1.3,MFR-spring,DU9,CK-10,BRIDGE RIVER,47229,2000,RELATIVE ABUNDANCE (TYPE-4),769,1995,TRUE
Middle Fraser River_SP_1.3,MFR-spring,DU9,CK-10,BRIDGE RIVER,47229,2001,RELATIVE ABUNDANCE (TYPE-4),198,1995,TRUE
Middle Fraser River_SP_1.3,MFR-spring,DU9,CK-10,BRIDGE RIVER,47229,2002,RELATIVE ABUNDANCE (TYPE-4),969,1995,TRUE
Middle Fraser River_SP_1.3,MFR-spring,DU9,CK-10,BRIDGE RIVER,47229,2003,INFILL,777.4791759,1995,TRUE
Middle Fraser River_SP_1.3,MFR-spring,DU9,CK-10,BRIDGE RIVER,47229,2004,RELATIVE ABUNDANCE (TYPE-4),1115,1995,TRUE
Middle Fraser River_SP_1.3,MFR-spring,DU9,CK-10,BRIDGE RIVER,47229,2005,RELATIVE ABUNDANCE (TYPE-4),228,1995,TRUE
Middle Fraser River_SP_1.3,MFR-spring,DU9,CK-10,BRIDGE RIVER,47229,2006,RELATIVE ABUNDANCE (TYPE-4),109,1995,TRUE
Middle Fraser River_SP_1.3,MFR-spring,DU9,CK-10,BRIDGE RIVER,47229,2007,RELATIVE ABUNDANCE (TYPE-3),138,1995,TRUE
Middle Fraser River_SP_1.3,MFR-spring,DU9,CK-10,BRIDGE RIVER,47229,2008,RELATIVE ABUNDANCE (TYPE-4),112,1995,TRUE
Middle Fraser River_SP_1.3,MFR-spring,DU9,CK-10,BRIDGE RIVER,47229,2009,RELATIVE ABUNDANCE (TYPE-4),11,1995,TRUE
Middle Fraser River_SP_1.3,MFR-spring,DU9,CK-10,BRIDGE RIVER,47229,2010,RELATIVE ABUNDANCE (TYPE-4),51,1995,TRUE
Middle Fraser River_SP_1.3,MFR-spring,DU9,CK-10,BRIDGE RIVER,47229,2011,RELATIVE ABUNDANCE (TYPE-3),81,1995,TRUE
Middle Fraser River_SP_1.3,MFR-spring,DU9,CK-10,BRIDGE RIVER,47229,2012,RELATIVE ABUNDANCE (TYPE-3),436,1995,TRUE
Middle Fraser River_SP_1.3,MFR-spring,DU9,CK-10,BRIDGE RIVER,47229,2013,RELATIVE ABUNDANCE (TYPE-3),140,1995,TRUE
Middle Fraser River_SP_1.3,MFR-spring,DU9,CK-10,BRIDGE RIVER,47229,2014,RELATIVE ABUNDANCE (TYPE-3),947,1995,TRUE
Middle Fraser River_SP_1.3,MFR-spring,DU9,CK-10,BRIDGE RIVER,47229,2015,TRUE ABUNDANCE (TYPE-1),481,1995,TRUE
Middle Fraser River_SP_1.3,MFR-spring,DU9,CK-10,BRIDGE RIVER,47229,2016,INFILL,173.433537,1995,TRUE
Middle Fraser River_SP_1.3,MFR-spring,DU9,CK-10,BRIDGE RIVER,47229,2017,TRUE ABUNDANCE (TYPE-1),405,1995,TRUE
Middle Fraser River_SP_1.3,MFR-spring,DU9,CK-10,BRIDGE RIVER,47229,2018,TRUE ABUNDANCE (TYPE-1),53,1995,TRUE
Middle Fraser River_SP_1.3,MFR-spring,DU9,CK-10,BRIDGE RIVER,47229,2019,RELATIVE ABUNDANCE (TYPE-3),111,1995,TRUE
Middle Fraser River_SP_1.3,MFR-spring,DU9,CK-10,BRIDGE RIVER,47229,2020,TRUE ABUNDANCE (TYPE-1),53,1995,TRUE
Middle Fraser River_SP_1.3,MFR-spring,DU9,CK-10,BRIDGE RIVER,47229,2021,RELATIVE ABUNDANCE (TYPE-4),345,1995,TRUE
Middle Fraser River_SP_1.3,MFR-spring,DU9,CK-10,BRIDGE RIVER,47229,2022,TRUE ABUNDANCE (TYPE-1),560,1995,TRUE
Middle Fraser River_SP_1.3,MFR-spring,DU9,CK-10,BRIDGE RIVER,47229,2023,RELATIVE ABUNDANCE (TYPE-4),74,1995,TRUE
Middle Fraser River_SP_1.3,MFR-spring,DU9,CK-10,YALAKOM RIVER,47234,1975,QualFiltered,NA,1995,FALSE
Middle Fraser River_SP_1.3,MFR-spring,DU9,CK-10,YALAKOM RIVER,47234,1976,QualFiltered,NA,1995,FALSE
Middle Fraser River_SP_1.3,MFR-spring,DU9,CK-10,YALAKOM RIVER,47234,1977,QualFiltered,NA,1995,FALSE
Middle Fraser River_SP_1.3,MFR-spring,DU9,CK-10,YALAKOM RIVER,47234,1978,QualFiltered,NA,1995,FALSE
Middle Fraser River_SP_1.3,MFR-spring,DU9,CK-10,YALAKOM RIVER,47234,1979,QualFiltered,NA,1995,FALSE
Middle Fraser River_SP_1.3,MFR-spring,DU9,CK-10,YALAKOM RIVER,47234,1980,QualFiltered,NA,1995,FALSE
Middle Fraser River_SP_1.3,MFR-spring,DU9,CK-10,YALAKOM RIVER,47234,1981,QualFiltered,NA,1995,FALSE
Middle Fraser River_SP_1.3,MFR-spring,DU9,CK-10,YALAKOM RIVER,47234,1982,QualFiltered,NA,1995,FALSE
Middle Fraser River_SP_1.3,MFR-spring,DU9,CK-10,YALAKOM RIVER,47234,1983,QualFiltered,NA,1995,FALSE
Middle Fraser River_SP_1.3,MFR-spring,DU9,CK-10,YALAKOM RIVER,47234,1984,QualFiltered,NA,1995,FALSE
Middle Fraser River_SP_1.3,MFR-spring,DU9,CK-10,YALAKOM RIVER,47234,1985,QualFiltered,NA,1995,FALSE
Middle Fraser River_SP_1.3,MFR-spring,DU9,CK-10,YALAKOM RIVER,47234,1986,QualFiltered,NA,1995,FALSE
Middle Fraser River_SP_1.3,MFR-spring,DU9,CK-10,YALAKOM RIVER,47234,1987,QualFiltered,NA,1995,FALSE
Middle Fraser River_SP_1.3,MFR-spring,DU9,CK-10,YALAKOM RIVER,47234,1988,QualFiltered,NA,1995,FALSE
Middle Fraser River_SP_1.3,MFR-spring,DU9,CK-10,YALAKOM RIVER,47234,1989,QualFiltered,NA,1995,FALSE
Middle Fraser River_SP_1.3,MFR-spring,DU9,CK-10,YALAKOM RIVER,47234,1990,QualFiltered,NA,1995,FALSE
Middle Fraser River_SP_1.3,MFR-spring,DU9,CK-10,YALAKOM RIVER,47234,1991,QualFiltered,NA,1995,FALSE
Middle Fraser River_SP_1.3,MFR-spring,DU9,CK-10,YALAKOM RIVER,47234,1993,QualFiltered,NA,1995,FALSE
Middle Fraser River_SP_1.3,MFR-spring,DU9,CK-10,YALAKOM RIVER,47234,1994,QualFiltered,NA,1995,FALSE
Middle Fraser River_SP_1.3,MFR-spring,DU9,CK-10,YALAKOM RIVER,47234,1998,QualFiltered,NA,1995,TRUE
Middle Fraser River_SP_1.3,MFR-spring,DU9,CK-10,YALAKOM RIVER,47234,1999,QualFiltered,NA,1995,TRUE
Middle Fraser River_SP_1.3,MFR-spring,DU9,CK-10,YALAKOM RIVER,47234,2000,QualFiltered,NA,1995,TRUE
Middle Fraser River_SP_1.3,MFR-spring,DU9,CK-10,YALAKOM RIVER,47234,2005,QualFiltered,NA,1995,TRUE
Middle Fraser River_SP_1.3,MFR-spring,DU9,CK-10,YALAKOM RIVER,47234,2006,QualFiltered,NA,1995,TRUE
Middle Fraser River_SP_1.3,MFR-spring,DU9,CK-10,CHURN CREEK,47238,1985,QualFiltered,NA,1995,FALSE
Middle Fraser River_SP_1.3,MFR-spring,DU9,CK-10,CHURN CREEK,47238,2000,QualFiltered,NA,1995,TRUE
Middle Fraser River_SP_1.3,MFR-spring,DU9,CK-10,NARCOSLI CREEK,47257,1975,QualFiltered,NA,1995,FALSE
Middle Fraser River_SP_1.3,MFR-spring,DU9,CK-10,NARCOSLI CREEK,47257,1976,QualFiltered,NA,1995,FALSE
Middle Fraser River_SP_1.3,MFR-spring,DU9,CK-10,NARCOSLI CREEK,47257,1977,QualFiltered,NA,1995,FALSE
Middle Fraser River_SP_1.3,MFR-spring,DU9,CK-10,NARCOSLI CREEK,47257,1978,QualFiltered,NA,1995,FALSE
Middle Fraser River_SP_1.3,MFR-spring,DU9,CK-10,NARCOSLI CREEK,47257,1979,QualFiltered,NA,1995,FALSE
Middle Fraser River_SP_1.3,MFR-spring,DU9,CK-10,NARCOSLI CREEK,47257,1980,QualFiltered,NA,1995,FALSE
Middle Fraser River_SP_1.3,MFR-spring,DU9,CK-10,NARCOSLI CREEK,47257,1981,QualFiltered,NA,1995,FALSE
Middle Fraser River_SP_1.3,MFR-spring,DU9,CK-10,NARCOSLI CREEK,47257,1982,QualFiltered,NA,1995,FALSE
Middle Fraser River_SP_1.3,MFR-spring,DU9,CK-10,NARCOSLI CREEK,47257,1983,QualFiltered,NA,1995,FALSE
Middle Fraser River_SP_1.3,MFR-spring,DU9,CK-10,NARCOSLI CREEK,47257,1984,QualFiltered,NA,1995,FALSE
Middle Fraser River_SP_1.3,MFR-spring,DU9,CK-10,NARCOSLI CREEK,47257,1985,QualFiltered,NA,1995,FALSE
Middle Fraser River_SP_1.3,MFR-spring,DU9,CK-10,NARCOSLI CREEK,47257,1986,QualFiltered,NA,1995,FALSE
Middle Fraser River_SP_1.3,MFR-spring,DU9,CK-10,NARCOSLI CREEK,47257,1987,QualFiltered,NA,1995,FALSE
Middle Fraser River_SP_1.3,MFR-spring,DU9,CK-10,NARCOSLI CREEK,47257,1988,QualFiltered,NA,1995,FALSE
Middle Fraser River_SP_1.3,MFR-spring,DU9,CK-10,NARCOSLI CREEK,47257,1989,QualFiltered,NA,1995,FALSE
Middle Fraser River_SP_1.3,MFR-spring,DU9,CK-10,NARCOSLI CREEK,47257,1990,QualFiltered,NA,1995,FALSE
Middle Fraser River_SP_1.3,MFR-spring,DU9,CK-10,NARCOSLI CREEK,47257,1991,QualFiltered,NA,1995,FALSE
Middle Fraser River_SP_1.3,MFR-spring,DU9,CK-10,NARCOSLI CREEK,47257,1992,QualFiltered,NA,1995,FALSE
Middle Fraser River_SP_1.3,MFR-spring,DU9,CK-10,NARCOSLI CREEK,47257,1993,QualFiltered,NA,1995,FALSE
Middle Fraser River_SP_1.3,MFR-spring,DU9,CK-10,NARCOSLI CREEK,47257,1994,QualFiltered,NA,1995,FALSE
Middle Fraser River_SP_1.3,MFR-spring,DU9,CK-10,NARCOSLI CREEK,47257,1995,QualFiltered,NA,1995,TRUE
Middle Fraser River_SP_1.3,MFR-spring,DU9,CK-10,NARCOSLI CREEK,47257,1996,QualFiltered,NA,1995,TRUE
Middle Fraser River_SP_1.3,MFR-spring,DU9,CK-10,NARCOSLI CREEK,47257,1997,QualFiltered,NA,1995,TRUE
Middle Fraser River_SP_1.3,MFR-spring,DU9,CK-10,NARCOSLI CREEK,47257,1998,RELATIVE ABUNDANCE (TYPE-4),NA,1995,TRUE
Middle Fraser River_SP_1.3,MFR-spring,DU9,CK-10,NARCOSLI CREEK,47257,1999,RELATIVE ABUNDANCE (TYPE-4),NA,1995,TRUE
Middle Fraser River_SP_1.3,MFR-spring,DU9,CK-10,NARCOSLI CREEK,47257,2000,RELATIVE ABUNDANCE (TYPE-4),NA,1995,TRUE
Middle Fraser River_SP_1.3,MFR-spring,DU9,CK-10,NARCOSLI CREEK,47257,2001,RELATIVE ABUNDANCE (TYPE-4),NA,1995,TRUE
Middle Fraser River_SP_1.3,MFR-spring,DU9,CK-10,NARCOSLI CREEK,47257,2002,RELATIVE ABUNDANCE (TYPE-4),NA,1995,TRUE
Middle Fraser River_SP_1.3,MFR-spring,DU9,CK-10,NARCOSLI CREEK,47257,2003,RELATIVE ABUNDANCE (TYPE-4),NA,1995,TRUE
Middle Fraser River_SP_1.3,MFR-spring,DU9,CK-10,NARCOSLI CREEK,47257,2004,QualFiltered,NA,1995,TRUE
Middle Fraser River_SP_1.3,MFR-spring,DU9,CK-10,NARCOSLI CREEK,47257,2005,QualFiltered,NA,1995,TRUE
Middle Fraser River_SP_1.3,MFR-spring,DU9,CK-10,NARCOSLI CREEK,47257,2006,QualFiltered,NA,1995,TRUE
Middle Fraser River_SP_1.3,MFR-spring,DU9,CK-10,NARCOSLI CREEK,47257,2007,QualFiltered,NA,1995,TRUE
Middle Fraser River_SP_1.3,MFR-spring,DU9,CK-10,NARCOSLI CREEK,47257,2008,RELATIVE ABUNDANCE (TYPE-4),NA,1995,TRUE
Middle Fraser River_SP_1.3,MFR-spring,DU9,CK-10,NARCOSLI CREEK,47257,2009,QualFiltered,NA,1995,TRUE
Middle Fraser River_SP_1.3,MFR-spring,DU9,CK-10,NARCOSLI CREEK,47257,2010,QualFiltered,NA,1995,TRUE
Middle Fraser River_SP_1.3,MFR-spring,DU9,CK-10,NARCOSLI CREEK,47257,2011,RELATIVE ABUNDANCE (TYPE-4),NA,1995,TRUE
Middle Fraser River_SP_1.3,MFR-spring,DU9,CK-10,NARCOSLI CREEK,47257,2012,QualFiltered,NA,1995,TRUE
Middle Fraser River_SP_1.3,MFR-spring,DU9,CK-10,NARCOSLI CREEK,47257,2013,QualFiltered,NA,1995,TRUE
Middle Fraser River_SP_1.3,MFR-spring,DU9,CK-10,NARCOSLI CREEK,47257,2014,QualFiltered,NA,1995,TRUE
Middle Fraser River_SP_1.3,MFR-spring,DU9,CK-10,NARCOSLI CREEK,47257,2015,QualFiltered,NA,1995,TRUE
Middle Fraser River_SP_1.3,MFR-spring,DU9,CK-10,NARCOSLI CREEK,47257,2016,QualFiltered,NA,1995,TRUE
Middle Fraser River_SP_1.3,MFR-spring,DU9,CK-10,NARCOSLI CREEK,47257,2017,QualFiltered,NA,1995,TRUE
Middle Fraser River_SP_1.3,MFR-spring,DU9,CK-10,NARCOSLI CREEK,47257,2018,QualFiltered,NA,1995,TRUE
Middle Fraser River_SP_1.3,MFR-spring,DU9,CK-10,NARCOSLI CREEK,47257,2019,RELATIVE ABUNDANCE (TYPE-4),NA,1995,TRUE
Middle Fraser River_SP_1.3,MFR-spring,DU9,CK-10,NARCOSLI CREEK,47257,2020,RELATIVE ABUNDANCE (TYPE-4),NA,1995,TRUE
Middle Fraser River_SP_1.3,MFR-spring,DU9,CK-10,NARCOSLI CREEK,47257,2021,RELATIVE ABUNDANCE (TYPE-4),NA,1995,TRUE
Middle Fraser River_SP_1.3,MFR-spring,DU9,CK-10,NARCOSLI CREEK,47257,2022,RELATIVE ABUNDANCE (TYPE-4),NA,1995,TRUE
Middle Fraser River_SP_1.3,MFR-spring,DU9,CK-10,NARCOSLI CREEK,47257,2023,RELATIVE ABUNDANCE (TYPE-4),NA,1995,TRUE
Middle Fraser River_SP_1.3,MFR-spring,DU9,CK-10,BAKER CREEK,47267,1975,QualFiltered,NA,1995,FALSE
Middle Fraser River_SP_1.3,MFR-spring,DU9,CK-10,BAKER CREEK,47267,1976,QualFiltered,NA,1995,FALSE
Middle Fraser River_SP_1.3,MFR-spring,DU9,CK-10,BAKER CREEK,47267,1977,QualFiltered,NA,1995,FALSE
Middle Fraser River_SP_1.3,MFR-spring,DU9,CK-10,BAKER CREEK,47267,1978,QualFiltered,NA,1995,FALSE
Middle Fraser River_SP_1.3,MFR-spring,DU9,CK-10,BAKER CREEK,47267,1979,QualFiltered,NA,1995,FALSE
Middle Fraser River_SP_1.3,MFR-spring,DU9,CK-10,BAKER CREEK,47267,1980,QualFiltered,NA,1995,FALSE
Middle Fraser River_SP_1.3,MFR-spring,DU9,CK-10,BAKER CREEK,47267,1981,QualFiltered,NA,1995,FALSE
Middle Fraser River_SP_1.3,MFR-spring,DU9,CK-10,BAKER CREEK,47267,1982,QualFiltered,NA,1995,FALSE
Middle Fraser River_SP_1.3,MFR-spring,DU9,CK-10,BAKER CREEK,47267,1983,QualFiltered,NA,1995,FALSE
Middle Fraser River_SP_1.3,MFR-spring,DU9,CK-10,BAKER CREEK,47267,1984,QualFiltered,NA,1995,FALSE
Middle Fraser River_SP_1.3,MFR-spring,DU9,CK-10,BAKER CREEK,47267,1985,QualFiltered,NA,1995,FALSE
Middle Fraser River_SP_1.3,MFR-spring,DU9,CK-10,BAKER CREEK,47267,1986,QualFiltered,NA,1995,FALSE
Middle Fraser River_SP_1.3,MFR-spring,DU9,CK-10,BAKER CREEK,47267,1987,QualFiltered,NA,1995,FALSE
Middle Fraser River_SP_1.3,MFR-spring,DU9,CK-10,BAKER CREEK,47267,1988,QualFiltered,NA,1995,FALSE
Middle Fraser River_SP_1.3,MFR-spring,DU9,CK-10,BAKER CREEK,47267,1989,QualFiltered,NA,1995,FALSE
Middle Fraser River_SP_1.3,MFR-spring,DU9,CK-10,BAKER CREEK,47267,1990,QualFiltered,NA,1995,FALSE
Middle Fraser River_SP_1.3,MFR-spring,DU9,CK-10,BAKER CREEK,47267,1991,QualFiltered,NA,1995,FALSE
Middle Fraser River_SP_1.3,MFR-spring,DU9,CK-10,BAKER CREEK,47267,1992,QualFiltered,NA,1995,FALSE
Middle Fraser River_SP_1.3,MFR-spring,DU9,CK-10,BAKER CREEK,47267,1993,QualFiltered,NA,1995,FALSE
Middle Fraser River_SP_1.3,MFR-spring,DU9,CK-10,BAKER CREEK,47267,1994,QualFiltered,NA,1995,FALSE
Middle Fraser River_SP_1.3,MFR-spring,DU9,CK-10,BAKER CREEK,47267,1995,QualFiltered,NA,1995,TRUE
Middle Fraser River_SP_1.3,MFR-spring,DU9,CK-10,BAKER CREEK,47267,1996,QualFiltered,NA,1995,TRUE
Middle Fraser River_SP_1.3,MFR-spring,DU9,CK-10,BAKER CREEK,47267,1997,QualFiltered,NA,1995,TRUE
Middle Fraser River_SP_1.3,MFR-spring,DU9,CK-10,BAKER CREEK,47267,1998,RELATIVE ABUNDANCE (TYPE-4),NA,1995,TRUE
Middle Fraser River_SP_1.3,MFR-spring,DU9,CK-10,BAKER CREEK,47267,1999,RELATIVE ABUNDANCE (TYPE-4),NA,1995,TRUE
Middle Fraser River_SP_1.3,MFR-spring,DU9,CK-10,BAKER CREEK,47267,2000,RELATIVE ABUNDANCE (TYPE-4),NA,1995,TRUE
Middle Fraser River_SP_1.3,MFR-spring,DU9,CK-10,BAKER CREEK,47267,2001,RELATIVE ABUNDANCE (TYPE-4),NA,1995,TRUE
Middle Fraser River_SP_1.3,MFR-spring,DU9,CK-10,BAKER CREEK,47267,2002,RELATIVE ABUNDANCE (TYPE-4),NA,1995,TRUE
Middle Fraser River_SP_1.3,MFR-spring,DU9,CK-10,BAKER CREEK,47267,2003,RELATIVE ABUNDANCE (TYPE-4),NA,1995,TRUE
Middle Fraser River_SP_1.3,MFR-spring,DU9,CK-10,BAKER CREEK,47267,2004,QualFiltered,NA,1995,TRUE
Middle Fraser River_SP_1.3,MFR-spring,DU9,CK-10,BAKER CREEK,47267,2005,QualFiltered,NA,1995,TRUE
Middle Fraser River_SP_1.3,MFR-spring,DU9,CK-10,BAKER CREEK,47267,2006,RELATIVE ABUNDANCE (TYPE-4),NA,1995,TRUE
Middle Fraser River_SP_1.3,MFR-spring,DU9,CK-10,BAKER CREEK,47267,2007,QualFiltered,NA,1995,TRUE
Middle Fraser River_SP_1.3,MFR-spring,DU9,CK-10,BAKER CREEK,47267,2008,RELATIVE ABUNDANCE (TYPE-4),NA,1995,TRUE
Middle Fraser River_SP_1.3,MFR-spring,DU9,CK-10,BAKER CREEK,47267,2009,QualFiltered,NA,1995,TRUE
Middle Fraser River_SP_1.3,MFR-spring,DU9,CK-10,BAKER CREEK,47267,2010,QualFiltered,NA,1995,TRUE
Middle Fraser River_SP_1.3,MFR-spring,DU9,CK-10,BAKER CREEK,47267,2011,RELATIVE ABUNDANCE (TYPE-4),NA,1995,TRUE
Middle Fraser River_SP_1.3,MFR-spring,DU9,CK-10,BAKER CREEK,47267,2012,QualFiltered,NA,1995,TRUE
Middle Fraser River_SP_1.3,MFR-spring,DU9,CK-10,BAKER CREEK,47267,2013,QualFiltered,NA,1995,TRUE
Middle Fraser River_SP_1.3,MFR-spring,DU9,CK-10,BAKER CREEK,47267,2014,QualFiltered,NA,1995,TRUE
Middle Fraser River_SP_1.3,MFR-spring,DU9,CK-10,BAKER CREEK,47267,2015,QualFiltered,NA,1995,TRUE
Middle Fraser River_SP_1.3,MFR-spring,DU9,CK-10,BAKER CREEK,47267,2016,QualFiltered,NA,1995,TRUE
Middle Fraser River_SP_1.3,MFR-spring,DU9,CK-10,BAKER CREEK,47267,2017,QualFiltered,NA,1995,TRUE
Middle Fraser River_SP_1.3,MFR-spring,DU9,CK-10,BAKER CREEK,47267,2018,QualFiltered,NA,1995,TRUE
Middle Fraser River_SP_1.3,MFR-spring,DU9,CK-10,BAKER CREEK,47267,2019,RELATIVE ABUNDANCE (TYPE-4),NA,1995,TRUE
Middle Fraser River_SP_1.3,MFR-spring,DU9,CK-10,BAKER CREEK,47267,2020,RELATIVE ABUNDANCE (TYPE-4),NA,1995,TRUE
Middle Fraser River_SP_1.3,MFR-spring,DU9,CK-10,BAKER CREEK,47267,2021,RELATIVE ABUNDANCE (TYPE-4),NA,1995,TRUE
Middle Fraser River_SP_1.3,MFR-spring,DU9,CK-10,BAKER CREEK,47267,2022,RELATIVE ABUNDANCE (TYPE-4),NA,1995,TRUE
Middle Fraser River_SP_1.3,MFR-spring,DU9,CK-10,BAKER CREEK,47267,2023,RELATIVE ABUNDANCE (TYPE-4),NA,1995,TRUE
Middle Fraser River_SP_1.3,MFR-spring,DU9,CK-10,AHBAU CREEK,47287,1975,QualFiltered,NA,1995,FALSE
Middle Fraser River_SP_1.3,MFR-spring,DU9,CK-10,AHBAU CREEK,47287,1976,QualFiltered,NA,1995,FALSE
Middle Fraser River_SP_1.3,MFR-spring,DU9,CK-10,AHBAU CREEK,47287,1977,QualFiltered,NA,1995,FALSE
Middle Fraser River_SP_1.3,MFR-spring,DU9,CK-10,AHBAU CREEK,47287,1978,QualFiltered,NA,1995,FALSE
Middle Fraser River_SP_1.3,MFR-spring,DU9,CK-10,AHBAU CREEK,47287,1979,QualFiltered,NA,1995,FALSE
Middle Fraser River_SP_1.3,MFR-spring,DU9,CK-10,AHBAU CREEK,47287,1980,QualFiltered,NA,1995,FALSE
Middle Fraser River_SP_1.3,MFR-spring,DU9,CK-10,AHBAU CREEK,47287,1981,QualFiltered,NA,1995,FALSE
Middle Fraser River_SP_1.3,MFR-spring,DU9,CK-10,AHBAU CREEK,47287,1982,QualFiltered,NA,1995,FALSE
Middle Fraser River_SP_1.3,MFR-spring,DU9,CK-10,AHBAU CREEK,47287,1983,QualFiltered,NA,1995,FALSE
Middle Fraser River_SP_1.3,MFR-spring,DU9,CK-10,AHBAU CREEK,47287,1984,QualFiltered,NA,1995,FALSE
Middle Fraser River_SP_1.3,MFR-spring,DU9,CK-10,AHBAU CREEK,47287,1985,QualFiltered,NA,1995,FALSE
Middle Fraser River_SP_1.3,MFR-spring,DU9,CK-10,AHBAU CREEK,47287,1986,QualFiltered,NA,1995,FALSE
Middle Fraser River_SP_1.3,MFR-spring,DU9,CK-10,AHBAU CREEK,47287,1987,QualFiltered,NA,1995,FALSE
Middle Fraser River_SP_1.3,MFR-spring,DU9,CK-10,AHBAU CREEK,47287,1988,QualFiltered,NA,1995,FALSE
Middle Fraser River_SP_1.3,MFR-spring,DU9,CK-10,AHBAU CREEK,47287,1989,QualFiltered,NA,1995,FALSE
Middle Fraser River_SP_1.3,MFR-spring,DU9,CK-10,AHBAU CREEK,47287,1990,QualFiltered,NA,1995,FALSE
Middle Fraser River_SP_1.3,MFR-spring,DU9,CK-10,AHBAU CREEK,47287,1991,QualFiltered,NA,1995,FALSE
Middle Fraser River_SP_1.3,MFR-spring,DU9,CK-10,AHBAU CREEK,47287,1992,QualFiltered,NA,1995,FALSE
Middle Fraser River_SP_1.3,MFR-spring,DU9,CK-10,AHBAU CREEK,47287,1993,QualFiltered,NA,1995,FALSE
Middle Fraser River_SP_1.3,MFR-spring,DU9,CK-10,AHBAU CREEK,47287,1994,QualFiltered,NA,1995,FALSE
Middle Fraser River_SP_1.3,MFR-spring,DU9,CK-10,AHBAU CREEK,47287,1995,INFILL,21.93375162,1995,TRUE
Middle Fraser River_SP_1.3,MFR-spring,DU9,CK-10,AHBAU CREEK,47287,1996,RELATIVE ABUNDANCE (TYPE-4),150,1995,TRUE
Middle Fraser River_SP_1.3,MFR-spring,DU9,CK-10,AHBAU CREEK,47287,1997,INFILL,18.6334033,1995,TRUE
Middle Fraser River_SP_1.3,MFR-spring,DU9,CK-10,AHBAU CREEK,47287,1998,INFILL,9.608550964,1995,TRUE
Middle Fraser River_SP_1.3,MFR-spring,DU9,CK-10,AHBAU CREEK,47287,1999,RELATIVE ABUNDANCE (TYPE-4),0,1995,TRUE
Middle Fraser River_SP_1.3,MFR-spring,DU9,CK-10,AHBAU CREEK,47287,2000,RELATIVE ABUNDANCE (TYPE-4),11,1995,TRUE
Middle Fraser River_SP_1.3,MFR-spring,DU9,CK-10,AHBAU CREEK,47287,2001,RELATIVE ABUNDANCE (TYPE-4),15,1995,TRUE
Middle Fraser River_SP_1.3,MFR-spring,DU9,CK-10,AHBAU CREEK,47287,2002,RELATIVE ABUNDANCE (TYPE-4),2,1995,TRUE
Middle Fraser River_SP_1.3,MFR-spring,DU9,CK-10,AHBAU CREEK,47287,2003,INFILL,18.25754217,1995,TRUE
Middle Fraser River_SP_1.3,MFR-spring,DU9,CK-10,AHBAU CREEK,47287,2004,RELATIVE ABUNDANCE (TYPE-4),0,1995,TRUE
Middle Fraser River_SP_1.3,MFR-spring,DU9,CK-10,AHBAU CREEK,47287,2005,RELATIVE ABUNDANCE (TYPE-4),0,1995,TRUE
Middle Fraser River_SP_1.3,MFR-spring,DU9,CK-10,AHBAU CREEK,47287,2006,INFILL,6.607659954,1995,TRUE
Middle Fraser River_SP_1.3,MFR-spring,DU9,CK-10,AHBAU CREEK,47287,2007,RELATIVE ABUNDANCE (TYPE-4),0,1995,TRUE
Middle Fraser River_SP_1.3,MFR-spring,DU9,CK-10,AHBAU CREEK,47287,2008,RELATIVE ABUNDANCE (TYPE-4),0,1995,TRUE
Middle Fraser River_SP_1.3,MFR-spring,DU9,CK-10,AHBAU CREEK,47287,2009,RELATIVE ABUNDANCE (TYPE-4),0,1995,TRUE
Middle Fraser River_SP_1.3,MFR-spring,DU9,CK-10,AHBAU CREEK,47287,2010,RELATIVE ABUNDANCE (TYPE-4),0,1995,TRUE
Middle Fraser River_SP_1.3,MFR-spring,DU9,CK-10,AHBAU CREEK,47287,2011,RELATIVE ABUNDANCE (TYPE-4),2,1995,TRUE
Middle Fraser River_SP_1.3,MFR-spring,DU9,CK-10,AHBAU CREEK,47287,2012,INFILL,4.079950337,1995,TRUE
Middle Fraser River_SP_1.3,MFR-spring,DU9,CK-10,AHBAU CREEK,47287,2013,INFILL,6.114288103,1995,TRUE
Middle Fraser River_SP_1.3,MFR-spring,DU9,CK-10,AHBAU CREEK,47287,2014,INFILL,22.86449477,1995,TRUE
Middle Fraser River_SP_1.3,MFR-spring,DU9,CK-10,AHBAU CREEK,47287,2015,INFILL,12.31647854,1995,TRUE
Middle Fraser River_SP_1.3,MFR-spring,DU9,CK-10,AHBAU CREEK,47287,2016,INFILL,4.072739457,1995,TRUE
Middle Fraser River_SP_1.3,MFR-spring,DU9,CK-10,AHBAU CREEK,47287,2017,RELATIVE ABUNDANCE (TYPE-4),0,1995,TRUE
Middle Fraser River_SP_1.3,MFR-spring,DU9,CK-10,AHBAU CREEK,47287,2018,INFILL,3.70203719,1995,TRUE
Middle Fraser River_SP_1.3,MFR-spring,DU9,CK-10,AHBAU CREEK,47287,2019,RELATIVE ABUNDANCE (TYPE-4),0,1995,TRUE
Middle Fraser River_SP_1.3,MFR-spring,DU9,CK-10,AHBAU CREEK,47287,2020,RELATIVE ABUNDANCE (TYPE-4),0,1995,TRUE
Middle Fraser River_SP_1.3,MFR-spring,DU9,CK-10,AHBAU CREEK,47287,2021,RELATIVE ABUNDANCE (TYPE-4),0,1995,TRUE
Middle Fraser River_SP_1.3,MFR-spring,DU9,CK-10,AHBAU CREEK,47287,2022,RELATIVE ABUNDANCE (TYPE-4),0,1995,TRUE
Middle Fraser River_SP_1.3,MFR-spring,DU9,CK-10,AHBAU CREEK,47287,2023,RELATIVE ABUNDANCE (TYPE-4),0,1995,TRUE
Middle Fraser River_SP_1.3,MFR-spring,DU9,CK-10,LIGHTNING CREEK,47297,1975,QualFiltered,NA,1995,FALSE
Middle Fraser River_SP_1.3,MFR-spring,DU9,CK-10,LIGHTNING CREEK,47297,1976,QualFiltered,NA,1995,FALSE
Middle Fraser River_SP_1.3,MFR-spring,DU9,CK-10,LIGHTNING CREEK,47297,1977,QualFiltered,NA,1995,FALSE
Middle Fraser River_SP_1.3,MFR-spring,DU9,CK-10,LIGHTNING CREEK,47297,1978,QualFiltered,NA,1995,FALSE
Middle Fraser River_SP_1.3,MFR-spring,DU9,CK-10,LIGHTNING CREEK,47297,1979,QualFiltered,NA,1995,FALSE
Middle Fraser River_SP_1.3,MFR-spring,DU9,CK-10,LIGHTNING CREEK,47297,1980,QualFiltered,NA,1995,FALSE
Middle Fraser River_SP_1.3,MFR-spring,DU9,CK-10,LIGHTNING CREEK,47297,1981,QualFiltered,NA,1995,FALSE
Middle Fraser River_SP_1.3,MFR-spring,DU9,CK-10,LIGHTNING CREEK,47297,1982,QualFiltered,NA,1995,FALSE
Middle Fraser River_SP_1.3,MFR-spring,DU9,CK-10,LIGHTNING CREEK,47297,1983,QualFiltered,NA,1995,FALSE
Middle Fraser River_SP_1.3,MFR-spring,DU9,CK-10,LIGHTNING CREEK,47297,1984,QualFiltered,NA,1995,FALSE
Middle Fraser River_SP_1.3,MFR-spring,DU9,CK-10,LIGHTNING CREEK,47297,1985,QualFiltered,NA,1995,FALSE
Middle Fraser River_SP_1.3,MFR-spring,DU9,CK-10,LIGHTNING CREEK,47297,1986,QualFiltered,NA,1995,FALSE
Middle Fraser River_SP_1.3,MFR-spring,DU9,CK-10,LIGHTNING CREEK,47297,1987,QualFiltered,NA,1995,FALSE
Middle Fraser River_SP_1.3,MFR-spring,DU9,CK-10,LIGHTNING CREEK,47297,1988,QualFiltered,NA,1995,FALSE
Middle Fraser River_SP_1.3,MFR-spring,DU9,CK-10,LIGHTNING CREEK,47297,1989,QualFiltered,NA,1995,FALSE
Middle Fraser River_SP_1.3,MFR-spring,DU9,CK-10,LIGHTNING CREEK,47297,1990,QualFiltered,NA,1995,FALSE
Middle Fraser River_SP_1.3,MFR-spring,DU9,CK-10,LIGHTNING CREEK,47297,1991,QualFiltered,NA,1995,FALSE
Middle Fraser River_SP_1.3,MFR-spring,DU9,CK-10,LIGHTNING CREEK,47297,1992,QualFiltered,NA,1995,FALSE
Middle Fraser River_SP_1.3,MFR-spring,DU9,CK-10,LIGHTNING CREEK,47297,1993,QualFiltered,NA,1995,FALSE
Middle Fraser River_SP_1.3,MFR-spring,DU9,CK-10,LIGHTNING CREEK,47297,1994,QualFiltered,NA,1995,FALSE
Middle Fraser River_SP_1.3,MFR-spring,DU9,CK-10,LIGHTNING CREEK,47297,1995,INFILL,150.5836409,1995,TRUE
Middle Fraser River_SP_1.3,MFR-spring,DU9,CK-10,LIGHTNING CREEK,47297,1996,INFILL,156.4347952,1995,TRUE
Middle Fraser River_SP_1.3,MFR-spring,DU9,CK-10,LIGHTNING CREEK,47297,1997,INFILL,127.9254803,1995,TRUE
Middle Fraser River_SP_1.3,MFR-spring,DU9,CK-10,LIGHTNING CREEK,47297,1998,RELATIVE ABUNDANCE (TYPE-4),251,1995,TRUE
Middle Fraser River_SP_1.3,MFR-spring,DU9,CK-10,LIGHTNING CREEK,47297,1999,RELATIVE ABUNDANCE (TYPE-4),137,1995,TRUE
Middle Fraser River_SP_1.3,MFR-spring,DU9,CK-10,LIGHTNING CREEK,47297,2000,RELATIVE ABUNDANCE (TYPE-4),83,1995,TRUE
Middle Fraser River_SP_1.3,MFR-spring,DU9,CK-10,LIGHTNING CREEK,47297,2001,RELATIVE ABUNDANCE (TYPE-4),123,1995,TRUE
Middle Fraser River_SP_1.3,MFR-spring,DU9,CK-10,LIGHTNING CREEK,47297,2002,RELATIVE ABUNDANCE (TYPE-4),143,1995,TRUE
Middle Fraser River_SP_1.3,MFR-spring,DU9,CK-10,LIGHTNING CREEK,47297,2003,RELATIVE ABUNDANCE (TYPE-4),226,1995,TRUE
Middle Fraser River_SP_1.3,MFR-spring,DU9,CK-10,LIGHTNING CREEK,47297,2004,RELATIVE ABUNDANCE (TYPE-4),122,1995,TRUE
Middle Fraser River_SP_1.3,MFR-spring,DU9,CK-10,LIGHTNING CREEK,47297,2005,RELATIVE ABUNDANCE (TYPE-4),26,1995,TRUE
Middle Fraser River_SP_1.3,MFR-spring,DU9,CK-10,LIGHTNING CREEK,47297,2006,RELATIVE ABUNDANCE (TYPE-4),30,1995,TRUE
Middle Fraser River_SP_1.3,MFR-spring,DU9,CK-10,LIGHTNING CREEK,47297,2007,RELATIVE ABUNDANCE (TYPE-4),23,1995,TRUE
Middle Fraser River_SP_1.3,MFR-spring,DU9,CK-10,LIGHTNING CREEK,47297,2008,RELATIVE ABUNDANCE (TYPE-4),15,1995,TRUE
Middle Fraser River_SP_1.3,MFR-spring,DU9,CK-10,LIGHTNING CREEK,47297,2009,RELATIVE ABUNDANCE (TYPE-4),60,1995,TRUE
Middle Fraser River_SP_1.3,MFR-spring,DU9,CK-10,LIGHTNING CREEK,47297,2010,RELATIVE ABUNDANCE (TYPE-4),103,1995,TRUE
Middle Fraser River_SP_1.3,MFR-spring,DU9,CK-10,LIGHTNING CREEK,47297,2011,RELATIVE ABUNDANCE (TYPE-4),34,1995,TRUE
Middle Fraser River_SP_1.3,MFR-spring,DU9,CK-10,LIGHTNING CREEK,47297,2012,RELATIVE ABUNDANCE (TYPE-4),28,1995,TRUE
Middle Fraser River_SP_1.3,MFR-spring,DU9,CK-10,LIGHTNING CREEK,47297,2013,RELATIVE ABUNDANCE (TYPE-4),69,1995,TRUE
Middle Fraser River_SP_1.3,MFR-spring,DU9,CK-10,LIGHTNING CREEK,47297,2014,RELATIVE ABUNDANCE (TYPE-4),98,1995,TRUE
Middle Fraser River_SP_1.3,MFR-spring,DU9,CK-10,LIGHTNING CREEK,47297,2015,RELATIVE ABUNDANCE (TYPE-4),6,1995,TRUE
Middle Fraser River_SP_1.3,MFR-spring,DU9,CK-10,LIGHTNING CREEK,47297,2016,RELATIVE ABUNDANCE (TYPE-4),23,1995,TRUE
Middle Fraser River_SP_1.3,MFR-spring,DU9,CK-10,LIGHTNING CREEK,47297,2017,RELATIVE ABUNDANCE (TYPE-4),8,1995,TRUE
Middle Fraser River_SP_1.3,MFR-spring,DU9,CK-10,LIGHTNING CREEK,47297,2018,RELATIVE ABUNDANCE (TYPE-4),58,1995,TRUE
Middle Fraser River_SP_1.3,MFR-spring,DU9,CK-10,LIGHTNING CREEK,47297,2019,RELATIVE ABUNDANCE (TYPE-4),11,1995,TRUE
Middle Fraser River_SP_1.3,MFR-spring,DU9,CK-10,LIGHTNING CREEK,47297,2020,RELATIVE ABUNDANCE (TYPE-4),8,1995,TRUE
Middle Fraser River_SP_1.3,MFR-spring,DU9,CK-10,LIGHTNING CREEK,47297,2021,RELATIVE ABUNDANCE (TYPE-4),40,1995,TRUE
Middle Fraser River_SP_1.3,MFR-spring,DU9,CK-10,LIGHTNING CREEK,47297,2022,RELATIVE ABUNDANCE (TYPE-4),31,1995,TRUE
Middle Fraser River_SP_1.3,MFR-spring,DU9,CK-10,LIGHTNING CREEK,47297,2023,RELATIVE ABUNDANCE (TYPE-4),29,1995,TRUE
Middle Fraser River_SP_1.3,MFR-spring,DU9,CK-10,NAVER CREEK,47307,1975,QualFiltered,NA,1995,FALSE
Middle Fraser River_SP_1.3,MFR-spring,DU9,CK-10,NAVER CREEK,47307,1976,QualFiltered,NA,1995,FALSE
Middle Fraser River_SP_1.3,MFR-spring,DU9,CK-10,NAVER CREEK,47307,1977,QualFiltered,NA,1995,FALSE
Middle Fraser River_SP_1.3,MFR-spring,DU9,CK-10,NAVER CREEK,47307,1978,QualFiltered,NA,1995,FALSE
Middle Fraser River_SP_1.3,MFR-spring,DU9,CK-10,NAVER CREEK,47307,1979,QualFiltered,NA,1995,FALSE
Middle Fraser River_SP_1.3,MFR-spring,DU9,CK-10,NAVER CREEK,47307,1980,QualFiltered,NA,1995,FALSE
Middle Fraser River_SP_1.3,MFR-spring,DU9,CK-10,NAVER CREEK,47307,1981,QualFiltered,NA,1995,FALSE
Middle Fraser River_SP_1.3,MFR-spring,DU9,CK-10,NAVER CREEK,47307,1982,QualFiltered,NA,1995,FALSE
Middle Fraser River_SP_1.3,MFR-spring,DU9,CK-10,NAVER CREEK,47307,1983,QualFiltered,NA,1995,FALSE
Middle Fraser River_SP_1.3,MFR-spring,DU9,CK-10,NAVER CREEK,47307,1984,QualFiltered,NA,1995,FALSE
Middle Fraser River_SP_1.3,MFR-spring,DU9,CK-10,NAVER CREEK,47307,1985,QualFiltered,NA,1995,FALSE
Middle Fraser River_SP_1.3,MFR-spring,DU9,CK-10,NAVER CREEK,47307,1986,QualFiltered,NA,1995,FALSE
Middle Fraser River_SP_1.3,MFR-spring,DU9,CK-10,NAVER CREEK,47307,1987,QualFiltered,NA,1995,FALSE
Middle Fraser River_SP_1.3,MFR-spring,DU9,CK-10,NAVER CREEK,47307,1988,QualFiltered,NA,1995,FALSE
Middle Fraser River_SP_1.3,MFR-spring,DU9,CK-10,NAVER CREEK,47307,1989,QualFiltered,NA,1995,FALSE
Middle Fraser River_SP_1.3,MFR-spring,DU9,CK-10,NAVER CREEK,47307,1990,QualFiltered,NA,1995,FALSE
Middle Fraser River_SP_1.3,MFR-spring,DU9,CK-10,NAVER CREEK,47307,1991,QualFiltered,NA,1995,FALSE
Middle Fraser River_SP_1.3,MFR-spring,DU9,CK-10,NAVER CREEK,47307,1992,QualFiltered,NA,1995,FALSE
Middle Fraser River_SP_1.3,MFR-spring,DU9,CK-10,NAVER CREEK,47307,1993,QualFiltered,NA,1995,FALSE
Middle Fraser River_SP_1.3,MFR-spring,DU9,CK-10,NAVER CREEK,47307,1994,QualFiltered,NA,1995,FALSE
Middle Fraser River_SP_1.3,MFR-spring,DU9,CK-10,NAVER CREEK,47307,1995,QualFiltered,NA,1995,TRUE
Middle Fraser River_SP_1.3,MFR-spring,DU9,CK-10,NAVER CREEK,47307,1996,QualFiltered,NA,1995,TRUE
Middle Fraser River_SP_1.3,MFR-spring,DU9,CK-10,NAVER CREEK,47307,1997,QualFiltered,NA,1995,TRUE
Middle Fraser River_SP_1.3,MFR-spring,DU9,CK-10,NAVER CREEK,47307,1998,RELATIVE ABUNDANCE (TYPE-4),NA,1995,TRUE
Middle Fraser River_SP_1.3,MFR-spring,DU9,CK-10,NAVER CREEK,47307,1999,RELATIVE ABUNDANCE (TYPE-4),NA,1995,TRUE
Middle Fraser River_SP_1.3,MFR-spring,DU9,CK-10,NAVER CREEK,47307,2000,RELATIVE ABUNDANCE (TYPE-4),NA,1995,TRUE
Middle Fraser River_SP_1.3,MFR-spring,DU9,CK-10,NAVER CREEK,47307,2001,RELATIVE ABUNDANCE (TYPE-4),NA,1995,TRUE
Middle Fraser River_SP_1.3,MFR-spring,DU9,CK-10,NAVER CREEK,47307,2002,RELATIVE ABUNDANCE (TYPE-4),NA,1995,TRUE
Middle Fraser River_SP_1.3,MFR-spring,DU9,CK-10,NAVER CREEK,47307,2003,RELATIVE ABUNDANCE (TYPE-4),NA,1995,TRUE
Middle Fraser River_SP_1.3,MFR-spring,DU9,CK-10,NAVER CREEK,47307,2004,QualFiltered,NA,1995,TRUE
Middle Fraser River_SP_1.3,MFR-spring,DU9,CK-10,NAVER CREEK,47307,2005,QualFiltered,NA,1995,TRUE
Middle Fraser River_SP_1.3,MFR-spring,DU9,CK-10,NAVER CREEK,47307,2006,RELATIVE ABUNDANCE (TYPE-4),NA,1995,TRUE
Middle Fraser River_SP_1.3,MFR-spring,DU9,CK-10,NAVER CREEK,47307,2007,QualFiltered,NA,1995,TRUE
Middle Fraser River_SP_1.3,MFR-spring,DU9,CK-10,NAVER CREEK,47307,2008,QualFiltered,NA,1995,TRUE
Middle Fraser River_SP_1.3,MFR-spring,DU9,CK-10,NAVER CREEK,47307,2009,RELATIVE ABUNDANCE (TYPE-4),NA,1995,TRUE
Middle Fraser River_SP_1.3,MFR-spring,DU9,CK-10,NAVER CREEK,47307,2010,QualFiltered,NA,1995,TRUE
Middle Fraser River_SP_1.3,MFR-spring,DU9,CK-10,NAVER CREEK,47307,2011,QualFiltered,NA,1995,TRUE
Middle Fraser River_SP_1.3,MFR-spring,DU9,CK-10,NAVER CREEK,47307,2012,QualFiltered,NA,1995,TRUE
Middle Fraser River_SP_1.3,MFR-spring,DU9,CK-10,NAVER CREEK,47307,2013,QualFiltered,NA,1995,TRUE
Middle Fraser River_SP_1.3,MFR-spring,DU9,CK-10,NAVER CREEK,47307,2014,QualFiltered,NA,1995,TRUE
Middle Fraser River_SP_1.3,MFR-spring,DU9,CK-10,NAVER CREEK,47307,2015,QualFiltered,NA,1995,TRUE
Middle Fraser River_SP_1.3,MFR-spring,DU9,CK-10,NAVER CREEK,47307,2016,QualFiltered,NA,1995,TRUE
Middle Fraser River_SP_1.3,MFR-spring,DU9,CK-10,NAVER CREEK,47307,2017,QualFiltered,NA,1995,TRUE
Middle Fraser River_SP_1.3,MFR-spring,DU9,CK-10,NAVER CREEK,47307,2018,QualFiltered,NA,1995,TRUE
Middle Fraser River_SP_1.3,MFR-spring,DU9,CK-10,NAVER CREEK,47307,2019,RELATIVE ABUNDANCE (TYPE-4),NA,1995,TRUE
Middle Fraser River_SP_1.3,MFR-spring,DU9,CK-10,NAVER CREEK,47307,2020,RELATIVE ABUNDANCE (TYPE-4),NA,1995,TRUE
Middle Fraser River_SP_1.3,MFR-spring,DU9,CK-10,NAVER CREEK,47307,2021,RELATIVE ABUNDANCE (TYPE-4),NA,1995,TRUE
Middle Fraser River_SP_1.3,MFR-spring,DU9,CK-10,NAVER CREEK,47307,2022,RELATIVE ABUNDANCE (TYPE-4),NA,1995,TRUE
Middle Fraser River_SP_1.3,MFR-spring,DU9,CK-10,NAVER CREEK,47307,2023,RELATIVE ABUNDANCE (TYPE-4),NA,1995,TRUE
Upper Fraser River_SP_1.3,UFR-spring,DU11,CK-12,SALMON RIVER,47317,1975,QualFiltered,NA,1995,FALSE
Upper Fraser River_SP_1.3,UFR-spring,DU11,CK-12,SALMON RIVER,47317,1976,QualFiltered,NA,1995,FALSE
Upper Fraser River_SP_1.3,UFR-spring,DU11,CK-12,SALMON RIVER,47317,1977,QualFiltered,NA,1995,FALSE
Upper Fraser River_SP_1.3,UFR-spring,DU11,CK-12,SALMON RIVER,47317,1978,QualFiltered,NA,1995,FALSE
Upper Fraser River_SP_1.3,UFR-spring,DU11,CK-12,SALMON RIVER,47317,1979,QualFiltered,NA,1995,FALSE
Upper Fraser River_SP_1.3,UFR-spring,DU11,CK-12,SALMON RIVER,47317,1980,QualFiltered,NA,1995,FALSE
Upper Fraser River_SP_1.3,UFR-spring,DU11,CK-12,SALMON RIVER,47317,1981,QualFiltered,NA,1995,FALSE
Upper Fraser River_SP_1.3,UFR-spring,DU11,CK-12,SALMON RIVER,47317,1982,QualFiltered,NA,1995,FALSE
Upper Fraser River_SP_1.3,UFR-spring,DU11,CK-12,SALMON RIVER,47317,1983,QualFiltered,NA,1995,FALSE
Upper Fraser River_SP_1.3,UFR-spring,DU11,CK-12,SALMON RIVER,47317,1984,QualFiltered,NA,1995,FALSE
Upper Fraser River_SP_1.3,UFR-spring,DU11,CK-12,SALMON RIVER,47317,1985,QualFiltered,NA,1995,FALSE
Upper Fraser River_SP_1.3,UFR-spring,DU11,CK-12,SALMON RIVER,47317,1986,QualFiltered,NA,1995,FALSE
Upper Fraser River_SP_1.3,UFR-spring,DU11,CK-12,SALMON RIVER,47317,1987,QualFiltered,NA,1995,FALSE
Upper Fraser River_SP_1.3,UFR-spring,DU11,CK-12,SALMON RIVER,47317,1988,QualFiltered,NA,1995,FALSE
Upper Fraser River_SP_1.3,UFR-spring,DU11,CK-12,SALMON RIVER,47317,1989,QualFiltered,NA,1995,FALSE
Upper Fraser River_SP_1.3,UFR-spring,DU11,CK-12,SALMON RIVER,47317,1990,QualFiltered,NA,1995,FALSE
Upper Fraser River_SP_1.3,UFR-spring,DU11,CK-12,SALMON RIVER,47317,1991,QualFiltered,NA,1995,FALSE
Upper Fraser River_SP_1.3,UFR-spring,DU11,CK-12,SALMON RIVER,47317,1992,QualFiltered,NA,1995,FALSE
Upper Fraser River_SP_1.3,UFR-spring,DU11,CK-12,SALMON RIVER,47317,1993,QualFiltered,NA,1995,FALSE
Upper Fraser River_SP_1.3,UFR-spring,DU11,CK-12,SALMON RIVER,47317,1994,QualFiltered,NA,1995,FALSE
Upper Fraser River_SP_1.3,UFR-spring,DU11,CK-12,SALMON RIVER,47317,1995,TRUE ABUNDANCE (TYPE-1),3303,1995,TRUE
Upper Fraser River_SP_1.3,UFR-spring,DU11,CK-12,SALMON RIVER,47317,1996,TRUE ABUNDANCE (TYPE-1),4333,1995,TRUE
Upper Fraser River_SP_1.3,UFR-spring,DU11,CK-12,SALMON RIVER,47317,1997,INFILL,3675.073892,1995,TRUE
Upper Fraser River_SP_1.3,UFR-spring,DU11,CK-12,SALMON RIVER,47317,1998,RELATIVE ABUNDANCE (TYPE-4),9313,1995,TRUE
Upper Fraser River_SP_1.3,UFR-spring,DU11,CK-12,SALMON RIVER,47317,1999,RELATIVE ABUNDANCE (TYPE-4),2602,1995,TRUE
Upper Fraser River_SP_1.3,UFR-spring,DU11,CK-12,SALMON RIVER,47317,2000,RELATIVE ABUNDANCE (TYPE-4),10910,1995,TRUE
Upper Fraser River_SP_1.3,UFR-spring,DU11,CK-12,SALMON RIVER,47317,2001,RELATIVE ABUNDANCE (TYPE-4),4882,1995,TRUE
Upper Fraser River_SP_1.3,UFR-spring,DU11,CK-12,SALMON RIVER,47317,2002,RELATIVE ABUNDANCE (TYPE-4),4882,1995,TRUE
Upper Fraser River_SP_1.3,UFR-spring,DU11,CK-12,SALMON RIVER,47317,2003,RELATIVE ABUNDANCE (TYPE-4),4882,1995,TRUE
Upper Fraser River_SP_1.3,UFR-spring,DU11,CK-12,SALMON RIVER,47317,2004,RELATIVE ABUNDANCE (TYPE-4),4882,1995,TRUE
Upper Fraser River_SP_1.3,UFR-spring,DU11,CK-12,SALMON RIVER,47317,2005,RELATIVE ABUNDANCE (TYPE-4),3303,1995,TRUE
Upper Fraser River_SP_1.3,UFR-spring,DU11,CK-12,SALMON RIVER,47317,2006,RELATIVE ABUNDANCE (TYPE-4),5745,1995,TRUE
Upper Fraser River_SP_1.3,UFR-spring,DU11,CK-12,SALMON RIVER,47317,2007,RELATIVE ABUNDANCE (TYPE-4),4882,1995,TRUE
Upper Fraser River_SP_1.3,UFR-spring,DU11,CK-12,SALMON RIVER,47317,2008,RELATIVE ABUNDANCE (TYPE-4),530,1995,TRUE
Upper Fraser River_SP_1.3,UFR-spring,DU11,CK-12,SALMON RIVER,47317,2009,RELATIVE ABUNDANCE (TYPE-4),731,1995,TRUE
Upper Fraser River_SP_1.3,UFR-spring,DU11,CK-12,SALMON RIVER,47317,2010,RELATIVE ABUNDANCE (TYPE-4),308,1995,TRUE
Upper Fraser River_SP_1.3,UFR-spring,DU11,CK-12,SALMON RIVER,47317,2011,RELATIVE ABUNDANCE (TYPE-4),509,1995,TRUE
Upper Fraser River_SP_1.3,UFR-spring,DU11,CK-12,SALMON RIVER,47317,2012,RELATIVE ABUNDANCE (TYPE-4),125,1995,TRUE
Upper Fraser River_SP_1.3,UFR-spring,DU11,CK-12,SALMON RIVER,47317,2013,RELATIVE ABUNDANCE (TYPE-4),313,1995,TRUE
Upper Fraser River_SP_1.3,UFR-spring,DU11,CK-12,SALMON RIVER,47317,2014,RELATIVE ABUNDANCE (TYPE-4),1651,1995,TRUE
Upper Fraser River_SP_1.3,UFR-spring,DU11,CK-12,SALMON RIVER,47317,2015,RELATIVE ABUNDANCE (TYPE-4),585,1995,TRUE
Upper Fraser River_SP_1.3,UFR-spring,DU11,CK-12,SALMON RIVER,47317,2016,INFILL,1951.124901,1995,TRUE
Upper Fraser River_SP_1.3,UFR-spring,DU11,CK-12,SALMON RIVER,47317,2017,INFILL,1054.896905,1995,TRUE
Upper Fraser River_SP_1.3,UFR-spring,DU11,CK-12,SALMON RIVER,47317,2018,INFILL,1134.191945,1995,TRUE
Upper Fraser River_SP_1.3,UFR-spring,DU11,CK-12,SALMON RIVER,47317,2019,INFILL,315.0113786,1995,TRUE
Upper Fraser River_SP_1.3,UFR-spring,DU11,CK-12,SALMON RIVER,47317,2020,INFILL,2182.847535,1995,TRUE
Upper Fraser River_SP_1.3,UFR-spring,DU11,CK-12,SALMON RIVER,47317,2021,INFILL,2213.122883,1995,TRUE
Upper Fraser River_SP_1.3,UFR-spring,DU11,CK-12,SALMON RIVER,47317,2022,INFILL,3072.820254,1995,TRUE
Upper Fraser River_SP_1.3,UFR-spring,DU11,CK-12,SALMON RIVER,47317,2023,INFILL,2119.181503,1995,TRUE
Upper Fraser River_SP_1.3,UFR-spring,DU11,CK-12,WILLOW RIVER,47327,1975,QualFiltered,NA,1995,FALSE
Upper Fraser River_SP_1.3,UFR-spring,DU11,CK-12,WILLOW RIVER,47327,1976,QualFiltered,NA,1995,FALSE
Upper Fraser River_SP_1.3,UFR-spring,DU11,CK-12,WILLOW RIVER,47327,1977,QualFiltered,NA,1995,FALSE
Upper Fraser River_SP_1.3,UFR-spring,DU11,CK-12,WILLOW RIVER,47327,1978,QualFiltered,NA,1995,FALSE
Upper Fraser River_SP_1.3,UFR-spring,DU11,CK-12,WILLOW RIVER,47327,1979,QualFiltered,NA,1995,FALSE
Upper Fraser River_SP_1.3,UFR-spring,DU11,CK-12,WILLOW RIVER,47327,1980,QualFiltered,NA,1995,FALSE
Upper Fraser River_SP_1.3,UFR-spring,DU11,CK-12,WILLOW RIVER,47327,1981,QualFiltered,NA,1995,FALSE
Upper Fraser River_SP_1.3,UFR-spring,DU11,CK-12,WILLOW RIVER,47327,1982,QualFiltered,NA,1995,FALSE
Upper Fraser River_SP_1.3,UFR-spring,DU11,CK-12,WILLOW RIVER,47327,1983,QualFiltered,NA,1995,FALSE
Upper Fraser River_SP_1.3,UFR-spring,DU11,CK-12,WILLOW RIVER,47327,1984,QualFiltered,NA,1995,FALSE
Upper Fraser River_SP_1.3,UFR-spring,DU11,CK-12,WILLOW RIVER,47327,1985,QualFiltered,NA,1995,FALSE
Upper Fraser River_SP_1.3,UFR-spring,DU11,CK-12,WILLOW RIVER,47327,1986,QualFiltered,NA,1995,FALSE
Upper Fraser River_SP_1.3,UFR-spring,DU11,CK-12,WILLOW RIVER,47327,1987,QualFiltered,NA,1995,FALSE
Upper Fraser River_SP_1.3,UFR-spring,DU11,CK-12,WILLOW RIVER,47327,1988,QualFiltered,NA,1995,FALSE
Upper Fraser River_SP_1.3,UFR-spring,DU11,CK-12,WILLOW RIVER,47327,1989,QualFiltered,NA,1995,FALSE
Upper Fraser River_SP_1.3,UFR-spring,DU11,CK-12,WILLOW RIVER,47327,1990,QualFiltered,NA,1995,FALSE
Upper Fraser River_SP_1.3,UFR-spring,DU11,CK-12,WILLOW RIVER,47327,1991,QualFiltered,NA,1995,FALSE
Upper Fraser River_SP_1.3,UFR-spring,DU11,CK-12,WILLOW RIVER,47327,1992,QualFiltered,NA,1995,FALSE
Upper Fraser River_SP_1.3,UFR-spring,DU11,CK-12,WILLOW RIVER,47327,1993,QualFiltered,NA,1995,FALSE
Upper Fraser River_SP_1.3,UFR-spring,DU11,CK-12,WILLOW RIVER,47327,1994,QualFiltered,NA,1995,FALSE
Upper Fraser River_SP_1.3,UFR-spring,DU11,CK-12,WILLOW RIVER,47327,1995,INFILL,1284.052202,1995,TRUE
Upper Fraser River_SP_1.3,UFR-spring,DU11,CK-12,WILLOW RIVER,47327,1996,INFILL,876.0216866,1995,TRUE
Upper Fraser River_SP_1.3,UFR-spring,DU11,CK-12,WILLOW RIVER,47327,1997,INFILL,828.733129,1995,TRUE
Upper Fraser River_SP_1.3,UFR-spring,DU11,CK-12,WILLOW RIVER,47327,1998,RELATIVE ABUNDANCE (TYPE-4),1520,1995,TRUE
Upper Fraser River_SP_1.3,UFR-spring,DU11,CK-12,WILLOW RIVER,47327,1999,RELATIVE ABUNDANCE (TYPE-4),575,1995,TRUE
Upper Fraser River_SP_1.3,UFR-spring,DU11,CK-12,WILLOW RIVER,47327,2000,RELATIVE ABUNDANCE (TYPE-4),977,1995,TRUE
Upper Fraser River_SP_1.3,UFR-spring,DU11,CK-12,WILLOW RIVER,47327,2001,RELATIVE ABUNDANCE (TYPE-4),695,1995,TRUE
Upper Fraser River_SP_1.3,UFR-spring,DU11,CK-12,WILLOW RIVER,47327,2002,RELATIVE ABUNDANCE (TYPE-4),1018,1995,TRUE
Upper Fraser River_SP_1.3,UFR-spring,DU11,CK-12,WILLOW RIVER,47327,2003,RELATIVE ABUNDANCE (TYPE-4),1587,1995,TRUE
Upper Fraser River_SP_1.3,UFR-spring,DU11,CK-12,WILLOW RIVER,47327,2004,RELATIVE ABUNDANCE (TYPE-4),715,1995,TRUE
Upper Fraser River_SP_1.3,UFR-spring,DU11,CK-12,WILLOW RIVER,47327,2005,RELATIVE ABUNDANCE (TYPE-4),812,1995,TRUE
Upper Fraser River_SP_1.3,UFR-spring,DU11,CK-12,WILLOW RIVER,47327,2006,RELATIVE ABUNDANCE (TYPE-4),1180,1995,TRUE
Upper Fraser River_SP_1.3,UFR-spring,DU11,CK-12,WILLOW RIVER,47327,2007,RELATIVE ABUNDANCE (TYPE-4),368,1995,TRUE
Upper Fraser River_SP_1.3,UFR-spring,DU11,CK-12,WILLOW RIVER,47327,2008,RELATIVE ABUNDANCE (TYPE-4),453,1995,TRUE
Upper Fraser River_SP_1.3,UFR-spring,DU11,CK-12,WILLOW RIVER,47327,2009,RELATIVE ABUNDANCE (TYPE-4),967,1995,TRUE
Upper Fraser River_SP_1.3,UFR-spring,DU11,CK-12,WILLOW RIVER,47327,2010,RELATIVE ABUNDANCE (TYPE-4),566,1995,TRUE
Upper Fraser River_SP_1.3,UFR-spring,DU11,CK-12,WILLOW RIVER,47327,2011,RELATIVE ABUNDANCE (TYPE-4),608,1995,TRUE
Upper Fraser River_SP_1.3,UFR-spring,DU11,CK-12,WILLOW RIVER,47327,2012,RELATIVE ABUNDANCE (TYPE-4),343,1995,TRUE
Upper Fraser River_SP_1.3,UFR-spring,DU11,CK-12,WILLOW RIVER,47327,2013,RELATIVE ABUNDANCE (TYPE-4),592,1995,TRUE
Upper Fraser River_SP_1.3,UFR-spring,DU11,CK-12,WILLOW RIVER,47327,2014,RELATIVE ABUNDANCE (TYPE-4),1469,1995,TRUE
Upper Fraser River_SP_1.3,UFR-spring,DU11,CK-12,WILLOW RIVER,47327,2015,RELATIVE ABUNDANCE (TYPE-4),868,1995,TRUE
Upper Fraser River_SP_1.3,UFR-spring,DU11,CK-12,WILLOW RIVER,47327,2016,RELATIVE ABUNDANCE (TYPE-4),358,1995,TRUE
Upper Fraser River_SP_1.3,UFR-spring,DU11,CK-12,WILLOW RIVER,47327,2017,RELATIVE ABUNDANCE (TYPE-4),301,1995,TRUE
Upper Fraser River_SP_1.3,UFR-spring,DU11,CK-12,WILLOW RIVER,47327,2018,RELATIVE ABUNDANCE (TYPE-4),237,1995,TRUE
Upper Fraser River_SP_1.3,UFR-spring,DU11,CK-12,WILLOW RIVER,47327,2019,RELATIVE ABUNDANCE (TYPE-4),314,1995,TRUE
Upper Fraser River_SP_1.3,UFR-spring,DU11,CK-12,WILLOW RIVER,47327,2020,RELATIVE ABUNDANCE (TYPE-4),1069,1995,TRUE
Upper Fraser River_SP_1.3,UFR-spring,DU11,CK-12,WILLOW RIVER,47327,2021,RELATIVE ABUNDANCE (TYPE-4),955,1995,TRUE
Upper Fraser River_SP_1.3,UFR-spring,DU11,CK-12,WILLOW RIVER,47327,2022,RELATIVE ABUNDANCE (TYPE-4),725,1995,TRUE
Upper Fraser River_SP_1.3,UFR-spring,DU11,CK-12,WILLOW RIVER,47327,2023,RELATIVE ABUNDANCE (TYPE-4),859,1995,TRUE
Upper Fraser River_SP_1.3,UFR-spring,DU11,CK-12,WANSA CREEK,47337,1975,QualFiltered,NA,1995,FALSE
Upper Fraser River_SP_1.3,UFR-spring,DU11,CK-12,WANSA CREEK,47337,1976,QualFiltered,NA,1995,FALSE
Upper Fraser River_SP_1.3,UFR-spring,DU11,CK-12,WANSA CREEK,47337,1977,QualFiltered,NA,1995,FALSE
Upper Fraser River_SP_1.3,UFR-spring,DU11,CK-12,WANSA CREEK,47337,1978,QualFiltered,NA,1995,FALSE
Upper Fraser River_SP_1.3,UFR-spring,DU11,CK-12,WANSA CREEK,47337,1979,QualFiltered,NA,1995,FALSE
Upper Fraser River_SP_1.3,UFR-spring,DU11,CK-12,WANSA CREEK,47337,1980,QualFiltered,NA,1995,FALSE
Upper Fraser River_SP_1.3,UFR-spring,DU11,CK-12,WANSA CREEK,47337,1981,QualFiltered,NA,1995,FALSE
Upper Fraser River_SP_1.3,UFR-spring,DU11,CK-12,WANSA CREEK,47337,1982,QualFiltered,NA,1995,FALSE
Upper Fraser River_SP_1.3,UFR-spring,DU11,CK-12,WANSA CREEK,47337,1983,QualFiltered,NA,1995,FALSE
Upper Fraser River_SP_1.3,UFR-spring,DU11,CK-12,WANSA CREEK,47337,1984,QualFiltered,NA,1995,FALSE
Upper Fraser River_SP_1.3,UFR-spring,DU11,CK-12,WANSA CREEK,47337,1985,QualFiltered,NA,1995,FALSE
Upper Fraser River_SP_1.3,UFR-spring,DU11,CK-12,WANSA CREEK,47337,1986,QualFiltered,NA,1995,FALSE
Upper Fraser River_SP_1.3,UFR-spring,DU11,CK-12,WANSA CREEK,47337,1987,QualFiltered,NA,1995,FALSE
Upper Fraser River_SP_1.3,UFR-spring,DU11,CK-12,WANSA CREEK,47337,1988,QualFiltered,NA,1995,FALSE
Upper Fraser River_SP_1.3,UFR-spring,DU11,CK-12,WANSA CREEK,47337,1989,QualFiltered,NA,1995,FALSE
Upper Fraser River_SP_1.3,UFR-spring,DU11,CK-12,WANSA CREEK,47337,1990,QualFiltered,NA,1995,FALSE
Upper Fraser River_SP_1.3,UFR-spring,DU11,CK-12,WANSA CREEK,47337,1991,QualFiltered,NA,1995,FALSE
Upper Fraser River_SP_1.3,UFR-spring,DU11,CK-12,WANSA CREEK,47337,1992,QualFiltered,NA,1995,FALSE
Upper Fraser River_SP_1.3,UFR-spring,DU11,CK-12,WANSA CREEK,47337,1993,QualFiltered,NA,1995,FALSE
Upper Fraser River_SP_1.3,UFR-spring,DU11,CK-12,WANSA CREEK,47337,1994,QualFiltered,NA,1995,FALSE
Upper Fraser River_SP_1.3,UFR-spring,DU11,CK-12,WANSA CREEK,47337,1995,INFILL,638.1405422,1995,TRUE
Upper Fraser River_SP_1.3,UFR-spring,DU11,CK-12,WANSA CREEK,47337,1996,INFILL,435.3599903,1995,TRUE
Upper Fraser River_SP_1.3,UFR-spring,DU11,CK-12,WANSA CREEK,47337,1997,INFILL,411.8588073,1995,TRUE
Upper Fraser River_SP_1.3,UFR-spring,DU11,CK-12,WANSA CREEK,47337,1998,RELATIVE ABUNDANCE (TYPE-4),68,1995,TRUE
Upper Fraser River_SP_1.3,UFR-spring,DU11,CK-12,WANSA CREEK,47337,1999,RELATIVE ABUNDANCE (TYPE-4),141,1995,TRUE
Upper Fraser River_SP_1.3,UFR-spring,DU11,CK-12,WANSA CREEK,47337,2000,RELATIVE ABUNDANCE (TYPE-4),300,1995,TRUE
Upper Fraser River_SP_1.3,UFR-spring,DU11,CK-12,WANSA CREEK,47337,2001,RELATIVE ABUNDANCE (TYPE-4),198,1995,TRUE
Upper Fraser River_SP_1.3,UFR-spring,DU11,CK-12,WANSA CREEK,47337,2002,RELATIVE ABUNDANCE (TYPE-4),28,1995,TRUE
Upper Fraser River_SP_1.3,UFR-spring,DU11,CK-12,WANSA CREEK,47337,2003,RELATIVE ABUNDANCE (TYPE-4),1688,1995,TRUE
Upper Fraser River_SP_1.3,UFR-spring,DU11,CK-12,WANSA CREEK,47337,2004,RELATIVE ABUNDANCE (TYPE-4),2491,1995,TRUE
Upper Fraser River_SP_1.3,UFR-spring,DU11,CK-12,WANSA CREEK,47337,2005,RELATIVE ABUNDANCE (TYPE-4),965,1995,TRUE
Upper Fraser River_SP_1.3,UFR-spring,DU11,CK-12,WANSA CREEK,47337,2006,RELATIVE ABUNDANCE (TYPE-4),1688,1995,TRUE
Upper Fraser River_SP_1.3,UFR-spring,DU11,CK-12,WANSA CREEK,47337,2007,RELATIVE ABUNDANCE (TYPE-4),965,1995,TRUE
Upper Fraser River_SP_1.3,UFR-spring,DU11,CK-12,WANSA CREEK,47337,2008,RELATIVE ABUNDANCE (TYPE-4),214,1995,TRUE
Upper Fraser River_SP_1.3,UFR-spring,DU11,CK-12,WANSA CREEK,47337,2009,RELATIVE ABUNDANCE (TYPE-4),35,1995,TRUE
Upper Fraser River_SP_1.3,UFR-spring,DU11,CK-12,WANSA CREEK,47337,2010,INFILL,164.3045664,1995,TRUE
Upper Fraser River_SP_1.3,UFR-spring,DU11,CK-12,WANSA CREEK,47337,2011,RELATIVE ABUNDANCE (TYPE-4),51,1995,TRUE
Upper Fraser River_SP_1.3,UFR-spring,DU11,CK-12,WANSA CREEK,47337,2012,RELATIVE ABUNDANCE (TYPE-4),137,1995,TRUE
Upper Fraser River_SP_1.3,UFR-spring,DU11,CK-12,WANSA CREEK,47337,2013,RELATIVE ABUNDANCE (TYPE-4),0,1995,TRUE
Upper Fraser River_SP_1.3,UFR-spring,DU11,CK-12,WANSA CREEK,47337,2014,RELATIVE ABUNDANCE (TYPE-4),5,1995,TRUE
Upper Fraser River_SP_1.3,UFR-spring,DU11,CK-12,WANSA CREEK,47337,2015,RELATIVE ABUNDANCE (TYPE-4),0,1995,TRUE
Upper Fraser River_SP_1.3,UFR-spring,DU11,CK-12,WANSA CREEK,47337,2016,RELATIVE ABUNDANCE (TYPE-4),37,1995,TRUE
Upper Fraser River_SP_1.3,UFR-spring,DU11,CK-12,WANSA CREEK,47337,2017,RELATIVE ABUNDANCE (TYPE-4),0,1995,TRUE
Upper Fraser River_SP_1.3,UFR-spring,DU11,CK-12,WANSA CREEK,47337,2018,RELATIVE ABUNDANCE (TYPE-4),2,1995,TRUE
Upper Fraser River_SP_1.3,UFR-spring,DU11,CK-12,WANSA CREEK,47337,2019,RELATIVE ABUNDANCE (TYPE-4),48,1995,TRUE
Upper Fraser River_SP_1.3,UFR-spring,DU11,CK-12,WANSA CREEK,47337,2020,RELATIVE ABUNDANCE (TYPE-4),169,1995,TRUE
Upper Fraser River_SP_1.3,UFR-spring,DU11,CK-12,WANSA CREEK,47337,2021,RELATIVE ABUNDANCE (TYPE-4),5,1995,TRUE
Upper Fraser River_SP_1.3,UFR-spring,DU11,CK-12,WANSA CREEK,47337,2022,INFILL,344.365344,1995,TRUE
Upper Fraser River_SP_1.3,UFR-spring,DU11,CK-12,WANSA CREEK,47337,2023,RELATIVE ABUNDANCE (TYPE-4),0,1995,TRUE
Upper Fraser River_SP_1.3,UFR-spring,DU11,CK-12,MCGREGOR RIVER,47347,1997,QualFiltered,NA,1995,TRUE
Upper Fraser River_SP_1.3,UFR-spring,DU11,CK-12,MCGREGOR RIVER,47347,1998,QualFiltered,NA,1995,TRUE
Upper Fraser River_SP_1.3,UFR-spring,DU11,CK-12,MCGREGOR RIVER,47347,1999,QualFiltered,NA,1995,TRUE
Upper Fraser River_SP_1.3,UFR-spring,DU11,CK-12,MCGREGOR RIVER,47347,2000,QualFiltered,NA,1995,TRUE
Upper Fraser River_SP_1.3,UFR-spring,DU11,CK-12,MCGREGOR RIVER,47347,2020,QualFiltered,NA,1995,TRUE
Upper Fraser River_SP_1.3,UFR-spring,DU11,CK-12,MCGREGOR RIVER,47347,2021,QualFiltered,NA,1995,TRUE
Upper Fraser River_SP_1.3,UFR-spring,DU11,CK-12,SEEBACH CREEK,47357,1975,QualFiltered,NA,1995,FALSE
Upper Fraser River_SP_1.3,UFR-spring,DU11,CK-12,SEEBACH CREEK,47357,1976,QualFiltered,NA,1995,FALSE
Upper Fraser River_SP_1.3,UFR-spring,DU11,CK-12,SEEBACH CREEK,47357,1977,QualFiltered,NA,1995,FALSE
Upper Fraser River_SP_1.3,UFR-spring,DU11,CK-12,SEEBACH CREEK,47357,1978,QualFiltered,NA,1995,FALSE
Upper Fraser River_SP_1.3,UFR-spring,DU11,CK-12,SEEBACH CREEK,47357,1979,QualFiltered,NA,1995,FALSE
Upper Fraser River_SP_1.3,UFR-spring,DU11,CK-12,SEEBACH CREEK,47357,1980,QualFiltered,NA,1995,FALSE
Upper Fraser River_SP_1.3,UFR-spring,DU11,CK-12,SEEBACH CREEK,47357,1981,QualFiltered,NA,1995,FALSE
Upper Fraser River_SP_1.3,UFR-spring,DU11,CK-12,SEEBACH CREEK,47357,1982,QualFiltered,NA,1995,FALSE
Upper Fraser River_SP_1.3,UFR-spring,DU11,CK-12,SEEBACH CREEK,47357,1983,QualFiltered,NA,1995,FALSE
Upper Fraser River_SP_1.3,UFR-spring,DU11,CK-12,SEEBACH CREEK,47357,1984,QualFiltered,NA,1995,FALSE
Upper Fraser River_SP_1.3,UFR-spring,DU11,CK-12,SEEBACH CREEK,47357,1985,QualFiltered,NA,1995,FALSE
Upper Fraser River_SP_1.3,UFR-spring,DU11,CK-12,SEEBACH CREEK,47357,1986,QualFiltered,NA,1995,FALSE
Upper Fraser River_SP_1.3,UFR-spring,DU11,CK-12,SEEBACH CREEK,47357,1987,QualFiltered,NA,1995,FALSE
Upper Fraser River_SP_1.3,UFR-spring,DU11,CK-12,SEEBACH CREEK,47357,1988,QualFiltered,NA,1995,FALSE
Upper Fraser River_SP_1.3,UFR-spring,DU11,CK-12,SEEBACH CREEK,47357,1989,QualFiltered,NA,1995,FALSE
Upper Fraser River_SP_1.3,UFR-spring,DU11,CK-12,SEEBACH CREEK,47357,1990,QualFiltered,NA,1995,FALSE
Upper Fraser River_SP_1.3,UFR-spring,DU11,CK-12,SEEBACH CREEK,47357,1991,QualFiltered,NA,1995,FALSE
Upper Fraser River_SP_1.3,UFR-spring,DU11,CK-12,SEEBACH CREEK,47357,1992,QualFiltered,NA,1995,FALSE
Upper Fraser River_SP_1.3,UFR-spring,DU11,CK-12,SEEBACH CREEK,47357,1993,QualFiltered,NA,1995,FALSE
Upper Fraser River_SP_1.3,UFR-spring,DU11,CK-12,SEEBACH CREEK,47357,1994,QualFiltered,NA,1995,FALSE
Upper Fraser River_SP_1.3,UFR-spring,DU11,CK-12,SEEBACH CREEK,47357,1995,RELATIVE ABUNDANCE (TYPE-4),9313,1995,TRUE
Upper Fraser River_SP_1.3,UFR-spring,DU11,CK-12,SEEBACH CREEK,47357,1996,RELATIVE ABUNDANCE (TYPE-4),2677,1995,TRUE
Upper Fraser River_SP_1.3,UFR-spring,DU11,CK-12,SEEBACH CREEK,47357,1997,RELATIVE ABUNDANCE (TYPE-4),2602,1995,TRUE
Upper Fraser River_SP_1.3,UFR-spring,DU11,CK-12,SEEBACH CREEK,47357,1998,RELATIVE ABUNDANCE (TYPE-4),9379,1995,TRUE
Upper Fraser River_SP_1.3,UFR-spring,DU11,CK-12,SEEBACH CREEK,47357,1999,RELATIVE ABUNDANCE (TYPE-4),3468,1995,TRUE
Upper Fraser River_SP_1.3,UFR-spring,DU11,CK-12,SEEBACH CREEK,47357,2000,RELATIVE ABUNDANCE (TYPE-4),4333,1995,TRUE
Upper Fraser River_SP_1.3,UFR-spring,DU11,CK-12,SEEBACH CREEK,47357,2001,RELATIVE ABUNDANCE (TYPE-4),10910,1995,TRUE
Upper Fraser River_SP_1.3,UFR-spring,DU11,CK-12,SEEBACH CREEK,47357,2002,RELATIVE ABUNDANCE (TYPE-4),10910,1995,TRUE
Upper Fraser River_SP_1.3,UFR-spring,DU11,CK-12,SEEBACH CREEK,47357,2003,RELATIVE ABUNDANCE (TYPE-4),10910,1995,TRUE
Upper Fraser River_SP_1.3,UFR-spring,DU11,CK-12,SEEBACH CREEK,47357,2004,INFILL,5857.429804,1995,TRUE
Upper Fraser River_SP_1.3,UFR-spring,DU11,CK-12,SEEBACH CREEK,47357,2005,RELATIVE ABUNDANCE (TYPE-4),9313,1995,TRUE
Upper Fraser River_SP_1.3,UFR-spring,DU11,CK-12,SEEBACH CREEK,47357,2006,RELATIVE ABUNDANCE (TYPE-4),10910,1995,TRUE
Upper Fraser River_SP_1.3,UFR-spring,DU11,CK-12,SEEBACH CREEK,47357,2007,RELATIVE ABUNDANCE (TYPE-4),10910,1995,TRUE
Upper Fraser River_SP_1.3,UFR-spring,DU11,CK-12,SEEBACH CREEK,47357,2008,RELATIVE ABUNDANCE (TYPE-4),555,1995,TRUE
Upper Fraser River_SP_1.3,UFR-spring,DU11,CK-12,SEEBACH CREEK,47357,2009,RELATIVE ABUNDANCE (TYPE-4),989,1995,TRUE
Upper Fraser River_SP_1.3,UFR-spring,DU11,CK-12,SEEBACH CREEK,47357,2010,RELATIVE ABUNDANCE (TYPE-4),355,1995,TRUE
Upper Fraser River_SP_1.3,UFR-spring,DU11,CK-12,SEEBACH CREEK,47357,2011,RELATIVE ABUNDANCE (TYPE-4),285,1995,TRUE
Upper Fraser River_SP_1.3,UFR-spring,DU11,CK-12,SEEBACH CREEK,47357,2012,RELATIVE ABUNDANCE (TYPE-4),402,1995,TRUE
Upper Fraser River_SP_1.3,UFR-spring,DU11,CK-12,SEEBACH CREEK,47357,2013,RELATIVE ABUNDANCE (TYPE-4),577,1995,TRUE
Upper Fraser River_SP_1.3,UFR-spring,DU11,CK-12,SEEBACH CREEK,47357,2014,RELATIVE ABUNDANCE (TYPE-4),880,1995,TRUE
Upper Fraser River_SP_1.3,UFR-spring,DU11,CK-12,SEEBACH CREEK,47357,2015,RELATIVE ABUNDANCE (TYPE-4),526,1995,TRUE
Upper Fraser River_SP_1.3,UFR-spring,DU11,CK-12,SEEBACH CREEK,47357,2016,RELATIVE ABUNDANCE (TYPE-4),394,1995,TRUE
Upper Fraser River_SP_1.3,UFR-spring,DU11,CK-12,SEEBACH CREEK,47357,2017,RELATIVE ABUNDANCE (TYPE-4),271,1995,TRUE
Upper Fraser River_SP_1.3,UFR-spring,DU11,CK-12,SEEBACH CREEK,47357,2018,RELATIVE ABUNDANCE (TYPE-4),218,1995,TRUE
Upper Fraser River_SP_1.3,UFR-spring,DU11,CK-12,SEEBACH CREEK,47357,2019,RELATIVE ABUNDANCE (TYPE-4),2,1995,TRUE
Upper Fraser River_SP_1.3,UFR-spring,DU11,CK-12,SEEBACH CREEK,47357,2020,RELATIVE ABUNDANCE (TYPE-4),443,1995,TRUE
Upper Fraser River_SP_1.3,UFR-spring,DU11,CK-12,SEEBACH CREEK,47357,2021,RELATIVE ABUNDANCE (TYPE-4),666,1995,TRUE
Upper Fraser River_SP_1.3,UFR-spring,DU11,CK-12,SEEBACH CREEK,47357,2022,RELATIVE ABUNDANCE (TYPE-4),666,1995,TRUE
Upper Fraser River_SP_1.3,UFR-spring,DU11,CK-12,SEEBACH CREEK,47357,2023,RELATIVE ABUNDANCE (TYPE-4),578,1995,TRUE
Upper Fraser River_SP_1.3,UFR-spring,DU11,CK-12,OTTER CREEK,47367,1996,QualFiltered,NA,1995,TRUE
Upper Fraser River_SP_1.3,UFR-spring,DU11,CK-12,OTTER CREEK,47367,1997,QualFiltered,NA,1995,TRUE
Upper Fraser River_SP_1.3,UFR-spring,DU11,CK-12,OTTER CREEK,47367,1999,QualFiltered,NA,1995,TRUE
Upper Fraser River_SP_1.3,UFR-spring,DU11,CK-12,OTTER CREEK,47367,2020,QualFiltered,NA,1995,TRUE
Upper Fraser River_SP_1.3,UFR-spring,DU11,CK-12,OTTER CREEK,47367,2022,QualFiltered,NA,1995,TRUE
Upper Fraser River_SP_1.3,UFR-spring,DU11,CK-12,OTTER CREEK,47367,2023,QualFiltered,NA,1995,TRUE
Upper Fraser River_SP_1.3,UFR-spring,DU11,CK-12,HERRICK CREEK,47377,1979,QualFiltered,NA,1995,FALSE
Upper Fraser River_SP_1.3,UFR-spring,DU11,CK-12,HERRICK CREEK,47377,1980,QualFiltered,NA,1995,FALSE
Upper Fraser River_SP_1.3,UFR-spring,DU11,CK-12,HERRICK CREEK,47377,1981,QualFiltered,NA,1995,FALSE
Upper Fraser River_SP_1.3,UFR-spring,DU11,CK-12,HERRICK CREEK,47377,1982,QualFiltered,NA,1995,FALSE
Upper Fraser River_SP_1.3,UFR-spring,DU11,CK-12,HERRICK CREEK,47377,1987,QualFiltered,NA,1995,FALSE
Upper Fraser River_SP_1.3,UFR-spring,DU11,CK-12,HERRICK CREEK,47377,1988,QualFiltered,NA,1995,FALSE
Upper Fraser River_SP_1.3,UFR-spring,DU11,CK-12,HERRICK CREEK,47377,1992,QualFiltered,NA,1995,FALSE
Upper Fraser River_SP_1.3,UFR-spring,DU11,CK-12,HERRICK CREEK,47377,1994,QualFiltered,NA,1995,FALSE
Upper Fraser River_SP_1.3,UFR-spring,DU11,CK-12,HERRICK CREEK,47377,1995,QualFiltered,NA,1995,TRUE
Upper Fraser River_SP_1.3,UFR-spring,DU11,CK-12,HERRICK CREEK,47377,1996,RELATIVE ABUNDANCE (TYPE-4),NA,1995,TRUE
Upper Fraser River_SP_1.3,UFR-spring,DU11,CK-12,HERRICK CREEK,47377,1997,RELATIVE ABUNDANCE (TYPE-4),NA,1995,TRUE
Upper Fraser River_SP_1.3,UFR-spring,DU11,CK-12,HERRICK CREEK,47377,1998,RELATIVE ABUNDANCE (TYPE-4),NA,1995,TRUE
Upper Fraser River_SP_1.3,UFR-spring,DU11,CK-12,HERRICK CREEK,47377,1999,QualFiltered,NA,1995,TRUE
Upper Fraser River_SP_1.3,UFR-spring,DU11,CK-12,HERRICK CREEK,47377,2000,RELATIVE ABUNDANCE (TYPE-4),NA,1995,TRUE
Upper Fraser River_SP_1.3,UFR-spring,DU11,CK-12,HERRICK CREEK,47377,2009,QualFiltered,NA,1995,TRUE
Upper Fraser River_SP_1.3,UFR-spring,DU11,CK-12,CAPTAIN CREEK,47387,1975,QualFiltered,NA,1995,FALSE
Upper Fraser River_SP_1.3,UFR-spring,DU11,CK-12,CAPTAIN CREEK,47387,1976,QualFiltered,NA,1995,FALSE
Upper Fraser River_SP_1.3,UFR-spring,DU11,CK-12,CAPTAIN CREEK,47387,1977,QualFiltered,NA,1995,FALSE
Upper Fraser River_SP_1.3,UFR-spring,DU11,CK-12,CAPTAIN CREEK,47387,1978,QualFiltered,NA,1995,FALSE
Upper Fraser River_SP_1.3,UFR-spring,DU11,CK-12,CAPTAIN CREEK,47387,1979,QualFiltered,NA,1995,FALSE
Upper Fraser River_SP_1.3,UFR-spring,DU11,CK-12,CAPTAIN CREEK,47387,1980,QualFiltered,NA,1995,FALSE
Upper Fraser River_SP_1.3,UFR-spring,DU11,CK-12,CAPTAIN CREEK,47387,1981,QualFiltered,NA,1995,FALSE
Upper Fraser River_SP_1.3,UFR-spring,DU11,CK-12,CAPTAIN CREEK,47387,1982,QualFiltered,NA,1995,FALSE
Upper Fraser River_SP_1.3,UFR-spring,DU11,CK-12,CAPTAIN CREEK,47387,1983,QualFiltered,NA,1995,FALSE
Upper Fraser River_SP_1.3,UFR-spring,DU11,CK-12,CAPTAIN CREEK,47387,1984,QualFiltered,NA,1995,FALSE
Upper Fraser River_SP_1.3,UFR-spring,DU11,CK-12,CAPTAIN CREEK,47387,1985,QualFiltered,NA,1995,FALSE
Upper Fraser River_SP_1.3,UFR-spring,DU11,CK-12,CAPTAIN CREEK,47387,1986,QualFiltered,NA,1995,FALSE
Upper Fraser River_SP_1.3,UFR-spring,DU11,CK-12,CAPTAIN CREEK,47387,1987,QualFiltered,NA,1995,FALSE
Upper Fraser River_SP_1.3,UFR-spring,DU11,CK-12,CAPTAIN CREEK,47387,1988,QualFiltered,NA,1995,FALSE
Upper Fraser River_SP_1.3,UFR-spring,DU11,CK-12,CAPTAIN CREEK,47387,1989,QualFiltered,NA,1995,FALSE
Upper Fraser River_SP_1.3,UFR-spring,DU11,CK-12,CAPTAIN CREEK,47387,1990,QualFiltered,NA,1995,FALSE
Upper Fraser River_SP_1.3,UFR-spring,DU11,CK-12,CAPTAIN CREEK,47387,1991,QualFiltered,NA,1995,FALSE
Upper Fraser River_SP_1.3,UFR-spring,DU11,CK-12,CAPTAIN CREEK,47387,1992,QualFiltered,NA,1995,FALSE
Upper Fraser River_SP_1.3,UFR-spring,DU11,CK-12,CAPTAIN CREEK,47387,1993,QualFiltered,NA,1995,FALSE
Upper Fraser River_SP_1.3,UFR-spring,DU11,CK-12,CAPTAIN CREEK,47387,1994,QualFiltered,NA,1995,FALSE
Upper Fraser River_SP_1.3,UFR-spring,DU11,CK-12,CAPTAIN CREEK,47387,1995,INFILL,204.6353692,1995,TRUE
Upper Fraser River_SP_1.3,UFR-spring,DU11,CK-12,CAPTAIN CREEK,47387,1996,RELATIVE ABUNDANCE (TYPE-4),252,1995,TRUE
Upper Fraser River_SP_1.3,UFR-spring,DU11,CK-12,CAPTAIN CREEK,47387,1997,RELATIVE ABUNDANCE (TYPE-4),40,1995,TRUE
Upper Fraser River_SP_1.3,UFR-spring,DU11,CK-12,CAPTAIN CREEK,47387,1998,RELATIVE ABUNDANCE (TYPE-4),165,1995,TRUE
Upper Fraser River_SP_1.3,UFR-spring,DU11,CK-12,CAPTAIN CREEK,47387,1999,RELATIVE ABUNDANCE (TYPE-4),300,1995,TRUE
Upper Fraser River_SP_1.3,UFR-spring,DU11,CK-12,CAPTAIN CREEK,47387,2000,RELATIVE ABUNDANCE (TYPE-4),324,1995,TRUE
Upper Fraser River_SP_1.3,UFR-spring,DU11,CK-12,CAPTAIN CREEK,47387,2001,RELATIVE ABUNDANCE (TYPE-4),212,1995,TRUE
Upper Fraser River_SP_1.3,UFR-spring,DU11,CK-12,CAPTAIN CREEK,47387,2002,RELATIVE ABUNDANCE (TYPE-4),181,1995,TRUE
Upper Fraser River_SP_1.3,UFR-spring,DU11,CK-12,CAPTAIN CREEK,47387,2003,RELATIVE ABUNDANCE (TYPE-4),203,1995,TRUE
Upper Fraser River_SP_1.3,UFR-spring,DU11,CK-12,CAPTAIN CREEK,47387,2004,RELATIVE ABUNDANCE (TYPE-4),306,1995,TRUE
Upper Fraser River_SP_1.3,UFR-spring,DU11,CK-12,CAPTAIN CREEK,47387,2005,RELATIVE ABUNDANCE (TYPE-4),94,1995,TRUE
Upper Fraser River_SP_1.3,UFR-spring,DU11,CK-12,CAPTAIN CREEK,47387,2006,RELATIVE ABUNDANCE (TYPE-4),166,1995,TRUE
Upper Fraser River_SP_1.3,UFR-spring,DU11,CK-12,CAPTAIN CREEK,47387,2007,RELATIVE ABUNDANCE (TYPE-4),71,1995,TRUE
Upper Fraser River_SP_1.3,UFR-spring,DU11,CK-12,CAPTAIN CREEK,47387,2008,RELATIVE ABUNDANCE (TYPE-4),97,1995,TRUE
Upper Fraser River_SP_1.3,UFR-spring,DU11,CK-12,CAPTAIN CREEK,47387,2009,RELATIVE ABUNDANCE (TYPE-4),89,1995,TRUE
Upper Fraser River_SP_1.3,UFR-spring,DU11,CK-12,CAPTAIN CREEK,47387,2010,RELATIVE ABUNDANCE (TYPE-4),66,1995,TRUE
Upper Fraser River_SP_1.3,UFR-spring,DU11,CK-12,CAPTAIN CREEK,47387,2011,RELATIVE ABUNDANCE (TYPE-4),51,1995,TRUE
Upper Fraser River_SP_1.3,UFR-spring,DU11,CK-12,CAPTAIN CREEK,47387,2012,RELATIVE ABUNDANCE (TYPE-4),88,1995,TRUE
Upper Fraser River_SP_1.3,UFR-spring,DU11,CK-12,CAPTAIN CREEK,47387,2013,RELATIVE ABUNDANCE (TYPE-4),48,1995,TRUE
Upper Fraser River_SP_1.3,UFR-spring,DU11,CK-12,CAPTAIN CREEK,47387,2014,RELATIVE ABUNDANCE (TYPE-4),28,1995,TRUE
Upper Fraser River_SP_1.3,UFR-spring,DU11,CK-12,CAPTAIN CREEK,47387,2015,RELATIVE ABUNDANCE (TYPE-4),74,1995,TRUE
Upper Fraser River_SP_1.3,UFR-spring,DU11,CK-12,CAPTAIN CREEK,47387,2016,RELATIVE ABUNDANCE (TYPE-4),25,1995,TRUE
Upper Fraser River_SP_1.3,UFR-spring,DU11,CK-12,CAPTAIN CREEK,47387,2017,RELATIVE ABUNDANCE (TYPE-4),2,1995,TRUE
Upper Fraser River_SP_1.3,UFR-spring,DU11,CK-12,CAPTAIN CREEK,47387,2018,RELATIVE ABUNDANCE (TYPE-4),31,1995,TRUE
Upper Fraser River_SP_1.3,UFR-spring,DU11,CK-12,CAPTAIN CREEK,47387,2019,RELATIVE ABUNDANCE (TYPE-4),0,1995,TRUE
Upper Fraser River_SP_1.3,UFR-spring,DU11,CK-12,CAPTAIN CREEK,47387,2020,RELATIVE ABUNDANCE (TYPE-4),174,1995,TRUE
Upper Fraser River_SP_1.3,UFR-spring,DU11,CK-12,CAPTAIN CREEK,47387,2021,RELATIVE ABUNDANCE (TYPE-4),140,1995,TRUE
Upper Fraser River_SP_1.3,UFR-spring,DU11,CK-12,CAPTAIN CREEK,47387,2022,RELATIVE ABUNDANCE (TYPE-4),177,1995,TRUE
Upper Fraser River_SP_1.3,UFR-spring,DU11,CK-12,CAPTAIN CREEK,47387,2023,RELATIVE ABUNDANCE (TYPE-4),51,1995,TRUE
Upper Fraser River_SP_1.3,UFR-spring,DU11,CK-12,BAD RIVER (JAMES CREEK),47397,1975,QualFiltered,NA,1995,FALSE
Upper Fraser River_SP_1.3,UFR-spring,DU11,CK-12,BAD RIVER (JAMES CREEK),47397,1976,QualFiltered,NA,1995,FALSE
Upper Fraser River_SP_1.3,UFR-spring,DU11,CK-12,BAD RIVER (JAMES CREEK),47397,1977,QualFiltered,NA,1995,FALSE
Upper Fraser River_SP_1.3,UFR-spring,DU11,CK-12,BAD RIVER (JAMES CREEK),47397,1978,QualFiltered,NA,1995,FALSE
Upper Fraser River_SP_1.3,UFR-spring,DU11,CK-12,BAD RIVER (JAMES CREEK),47397,1979,QualFiltered,NA,1995,FALSE
Upper Fraser River_SP_1.3,UFR-spring,DU11,CK-12,BAD RIVER (JAMES CREEK),47397,1980,QualFiltered,NA,1995,FALSE
Upper Fraser River_SP_1.3,UFR-spring,DU11,CK-12,BAD RIVER (JAMES CREEK),47397,1981,QualFiltered,NA,1995,FALSE
Upper Fraser River_SP_1.3,UFR-spring,DU11,CK-12,BAD RIVER (JAMES CREEK),47397,1982,QualFiltered,NA,1995,FALSE
Upper Fraser River_SP_1.3,UFR-spring,DU11,CK-12,BAD RIVER (JAMES CREEK),47397,1983,QualFiltered,NA,1995,FALSE
Upper Fraser River_SP_1.3,UFR-spring,DU11,CK-12,BAD RIVER (JAMES CREEK),47397,1984,QualFiltered,NA,1995,FALSE
Upper Fraser River_SP_1.3,UFR-spring,DU11,CK-12,BAD RIVER (JAMES CREEK),47397,1985,QualFiltered,NA,1995,FALSE
Upper Fraser River_SP_1.3,UFR-spring,DU11,CK-12,BAD RIVER (JAMES CREEK),47397,1986,QualFiltered,NA,1995,FALSE
Upper Fraser River_SP_1.3,UFR-spring,DU11,CK-12,BAD RIVER (JAMES CREEK),47397,1987,QualFiltered,NA,1995,FALSE
Upper Fraser River_SP_1.3,UFR-spring,DU11,CK-12,BAD RIVER (JAMES CREEK),47397,1988,QualFiltered,NA,1995,FALSE
Upper Fraser River_SP_1.3,UFR-spring,DU11,CK-12,BAD RIVER (JAMES CREEK),47397,1989,QualFiltered,NA,1995,FALSE
Upper Fraser River_SP_1.3,UFR-spring,DU11,CK-12,BAD RIVER (JAMES CREEK),47397,1990,QualFiltered,NA,1995,FALSE
Upper Fraser River_SP_1.3,UFR-spring,DU11,CK-12,BAD RIVER (JAMES CREEK),47397,1991,QualFiltered,NA,1995,FALSE
Upper Fraser River_SP_1.3,UFR-spring,DU11,CK-12,BAD RIVER (JAMES CREEK),47397,1992,QualFiltered,NA,1995,FALSE
Upper Fraser River_SP_1.3,UFR-spring,DU11,CK-12,BAD RIVER (JAMES CREEK),47397,1993,QualFiltered,NA,1995,FALSE
Upper Fraser River_SP_1.3,UFR-spring,DU11,CK-12,BAD RIVER (JAMES CREEK),47397,1994,QualFiltered,NA,1995,FALSE
Upper Fraser River_SP_1.3,UFR-spring,DU11,CK-12,BAD RIVER (JAMES CREEK),47397,1995,RELATIVE ABUNDANCE (TYPE-4),552,1995,TRUE
Upper Fraser River_SP_1.3,UFR-spring,DU11,CK-12,BAD RIVER (JAMES CREEK),47397,1996,RELATIVE ABUNDANCE (TYPE-4),608,1995,TRUE
Upper Fraser River_SP_1.3,UFR-spring,DU11,CK-12,BAD RIVER (JAMES CREEK),47397,1997,RELATIVE ABUNDANCE (TYPE-4),209,1995,TRUE
Upper Fraser River_SP_1.3,UFR-spring,DU11,CK-12,BAD RIVER (JAMES CREEK),47397,1998,RELATIVE ABUNDANCE (TYPE-4),122,1995,TRUE
Upper Fraser River_SP_1.3,UFR-spring,DU11,CK-12,BAD RIVER (JAMES CREEK),47397,1999,RELATIVE ABUNDANCE (TYPE-4),234,1995,TRUE
Upper Fraser River_SP_1.3,UFR-spring,DU11,CK-12,BAD RIVER (JAMES CREEK),47397,2000,RELATIVE ABUNDANCE (TYPE-4),477,1995,TRUE
Upper Fraser River_SP_1.3,UFR-spring,DU11,CK-12,BAD RIVER (JAMES CREEK),47397,2001,RELATIVE ABUNDANCE (TYPE-4),762,1995,TRUE
Upper Fraser River_SP_1.3,UFR-spring,DU11,CK-12,BAD RIVER (JAMES CREEK),47397,2002,RELATIVE ABUNDANCE (TYPE-4),966,1995,TRUE
Upper Fraser River_SP_1.3,UFR-spring,DU11,CK-12,BAD RIVER (JAMES CREEK),47397,2003,RELATIVE ABUNDANCE (TYPE-4),138,1995,TRUE
Upper Fraser River_SP_1.3,UFR-spring,DU11,CK-12,BAD RIVER (JAMES CREEK),47397,2004,RELATIVE ABUNDANCE (TYPE-4),385,1995,TRUE
Upper Fraser River_SP_1.3,UFR-spring,DU11,CK-12,BAD RIVER (JAMES CREEK),47397,2005,RELATIVE ABUNDANCE (TYPE-4),351,1995,TRUE
Upper Fraser River_SP_1.3,UFR-spring,DU11,CK-12,BAD RIVER (JAMES CREEK),47397,2006,RELATIVE ABUNDANCE (TYPE-4),74,1995,TRUE
Upper Fraser River_SP_1.3,UFR-spring,DU11,CK-12,BAD RIVER (JAMES CREEK),47397,2007,RELATIVE ABUNDANCE (TYPE-4),280,1995,TRUE
Upper Fraser River_SP_1.3,UFR-spring,DU11,CK-12,BAD RIVER (JAMES CREEK),47397,2008,RELATIVE ABUNDANCE (TYPE-4),349,1995,TRUE
Upper Fraser River_SP_1.3,UFR-spring,DU11,CK-12,BAD RIVER (JAMES CREEK),47397,2009,RELATIVE ABUNDANCE (TYPE-4),451,1995,TRUE
Upper Fraser River_SP_1.3,UFR-spring,DU11,CK-12,BAD RIVER (JAMES CREEK),47397,2010,RELATIVE ABUNDANCE (TYPE-4),98,1995,TRUE
Upper Fraser River_SP_1.3,UFR-spring,DU11,CK-12,BAD RIVER (JAMES CREEK),47397,2011,RELATIVE ABUNDANCE (TYPE-4),52,1995,TRUE
Upper Fraser River_SP_1.3,UFR-spring,DU11,CK-12,BAD RIVER (JAMES CREEK),47397,2012,RELATIVE ABUNDANCE (TYPE-4),234,1995,TRUE
Upper Fraser River_SP_1.3,UFR-spring,DU11,CK-12,BAD RIVER (JAMES CREEK),47397,2013,RELATIVE ABUNDANCE (TYPE-4),194,1995,TRUE
Upper Fraser River_SP_1.3,UFR-spring,DU11,CK-12,BAD RIVER (JAMES CREEK),47397,2014,RELATIVE ABUNDANCE (TYPE-4),326,1995,TRUE
Upper Fraser River_SP_1.3,UFR-spring,DU11,CK-12,BAD RIVER (JAMES CREEK),47397,2015,RELATIVE ABUNDANCE (TYPE-4),72,1995,TRUE
Upper Fraser River_SP_1.3,UFR-spring,DU11,CK-12,BAD RIVER (JAMES CREEK),47397,2016,RELATIVE ABUNDANCE (TYPE-4),106,1995,TRUE
Upper Fraser River_SP_1.3,UFR-spring,DU11,CK-12,BAD RIVER (JAMES CREEK),47397,2017,RELATIVE ABUNDANCE (TYPE-4),46,1995,TRUE
Upper Fraser River_SP_1.3,UFR-spring,DU11,CK-12,BAD RIVER (JAMES CREEK),47397,2018,RELATIVE ABUNDANCE (TYPE-4),52,1995,TRUE
Upper Fraser River_SP_1.3,UFR-spring,DU11,CK-12,BAD RIVER (JAMES CREEK),47397,2019,RELATIVE ABUNDANCE (TYPE-4),2,1995,TRUE
Upper Fraser River_SP_1.3,UFR-spring,DU11,CK-12,BAD RIVER (JAMES CREEK),47397,2020,RELATIVE ABUNDANCE (TYPE-4),197,1995,TRUE
Upper Fraser River_SP_1.3,UFR-spring,DU11,CK-12,BAD RIVER (JAMES CREEK),47397,2021,RELATIVE ABUNDANCE (TYPE-4),337,1995,TRUE
Upper Fraser River_SP_1.3,UFR-spring,DU11,CK-12,BAD RIVER (JAMES CREEK),47397,2022,RELATIVE ABUNDANCE (TYPE-4),348,1995,TRUE
Upper Fraser River_SP_1.3,UFR-spring,DU11,CK-12,BAD RIVER (JAMES CREEK),47397,2023,RELATIVE ABUNDANCE (TYPE-4),72,1995,TRUE
Upper Fraser River_SP_1.3,UFR-spring,DU11,CK-12,FONTONIKO CREEK,47407,1975,QualFiltered,NA,1995,FALSE
Upper Fraser River_SP_1.3,UFR-spring,DU11,CK-12,FONTONIKO CREEK,47407,1976,QualFiltered,NA,1995,FALSE
Upper Fraser River_SP_1.3,UFR-spring,DU11,CK-12,FONTONIKO CREEK,47407,1977,QualFiltered,NA,1995,FALSE
Upper Fraser River_SP_1.3,UFR-spring,DU11,CK-12,FONTONIKO CREEK,47407,1978,QualFiltered,NA,1995,FALSE
Upper Fraser River_SP_1.3,UFR-spring,DU11,CK-12,FONTONIKO CREEK,47407,1979,QualFiltered,NA,1995,FALSE
Upper Fraser River_SP_1.3,UFR-spring,DU11,CK-12,FONTONIKO CREEK,47407,1980,QualFiltered,NA,1995,FALSE
Upper Fraser River_SP_1.3,UFR-spring,DU11,CK-12,FONTONIKO CREEK,47407,1981,QualFiltered,NA,1995,FALSE
Upper Fraser River_SP_1.3,UFR-spring,DU11,CK-12,FONTONIKO CREEK,47407,1982,QualFiltered,NA,1995,FALSE
Upper Fraser River_SP_1.3,UFR-spring,DU11,CK-12,FONTONIKO CREEK,47407,1983,QualFiltered,NA,1995,FALSE
Upper Fraser River_SP_1.3,UFR-spring,DU11,CK-12,FONTONIKO CREEK,47407,1984,QualFiltered,NA,1995,FALSE
Upper Fraser River_SP_1.3,UFR-spring,DU11,CK-12,FONTONIKO CREEK,47407,1985,QualFiltered,NA,1995,FALSE
Upper Fraser River_SP_1.3,UFR-spring,DU11,CK-12,FONTONIKO CREEK,47407,1986,QualFiltered,NA,1995,FALSE
Upper Fraser River_SP_1.3,UFR-spring,DU11,CK-12,FONTONIKO CREEK,47407,1987,QualFiltered,NA,1995,FALSE
Upper Fraser River_SP_1.3,UFR-spring,DU11,CK-12,FONTONIKO CREEK,47407,1988,QualFiltered,NA,1995,FALSE
Upper Fraser River_SP_1.3,UFR-spring,DU11,CK-12,FONTONIKO CREEK,47407,1989,QualFiltered,NA,1995,FALSE
Upper Fraser River_SP_1.3,UFR-spring,DU11,CK-12,FONTONIKO CREEK,47407,1990,QualFiltered,NA,1995,FALSE
Upper Fraser River_SP_1.3,UFR-spring,DU11,CK-12,FONTONIKO CREEK,47407,1991,QualFiltered,NA,1995,FALSE
Upper Fraser River_SP_1.3,UFR-spring,DU11,CK-12,FONTONIKO CREEK,47407,1992,QualFiltered,NA,1995,FALSE
Upper Fraser River_SP_1.3,UFR-spring,DU11,CK-12,FONTONIKO CREEK,47407,1993,QualFiltered,NA,1995,FALSE
Upper Fraser River_SP_1.3,UFR-spring,DU11,CK-12,FONTONIKO CREEK,47407,1994,QualFiltered,NA,1995,FALSE
Upper Fraser River_SP_1.3,UFR-spring,DU11,CK-12,FONTONIKO CREEK,47407,1995,INFILL,865.766542,1995,TRUE
Upper Fraser River_SP_1.3,UFR-spring,DU11,CK-12,FONTONIKO CREEK,47407,1996,RELATIVE ABUNDANCE (TYPE-4),1074,1995,TRUE
Upper Fraser River_SP_1.3,UFR-spring,DU11,CK-12,FONTONIKO CREEK,47407,1997,RELATIVE ABUNDANCE (TYPE-4),584,1995,TRUE
Upper Fraser River_SP_1.3,UFR-spring,DU11,CK-12,FONTONIKO CREEK,47407,1998,RELATIVE ABUNDANCE (TYPE-4),1084,1995,TRUE
Upper Fraser River_SP_1.3,UFR-spring,DU11,CK-12,FONTONIKO CREEK,47407,1999,RELATIVE ABUNDANCE (TYPE-4),421,1995,TRUE
Upper Fraser River_SP_1.3,UFR-spring,DU11,CK-12,FONTONIKO CREEK,47407,2000,RELATIVE ABUNDANCE (TYPE-4),501,1995,TRUE
Upper Fraser River_SP_1.3,UFR-spring,DU11,CK-12,FONTONIKO CREEK,47407,2001,RELATIVE ABUNDANCE (TYPE-4),428,1995,TRUE
Upper Fraser River_SP_1.3,UFR-spring,DU11,CK-12,FONTONIKO CREEK,47407,2002,RELATIVE ABUNDANCE (TYPE-4),1101,1995,TRUE
Upper Fraser River_SP_1.3,UFR-spring,DU11,CK-12,FONTONIKO CREEK,47407,2003,RELATIVE ABUNDANCE (TYPE-4),1338,1995,TRUE
Upper Fraser River_SP_1.3,UFR-spring,DU11,CK-12,FONTONIKO CREEK,47407,2004,RELATIVE ABUNDANCE (TYPE-4),647,1995,TRUE
Upper Fraser River_SP_1.3,UFR-spring,DU11,CK-12,FONTONIKO CREEK,47407,2005,RELATIVE ABUNDANCE (TYPE-4),298,1995,TRUE
Upper Fraser River_SP_1.3,UFR-spring,DU11,CK-12,FONTONIKO CREEK,47407,2006,RELATIVE ABUNDANCE (TYPE-4),395,1995,TRUE
Upper Fraser River_SP_1.3,UFR-spring,DU11,CK-12,FONTONIKO CREEK,47407,2007,RELATIVE ABUNDANCE (TYPE-4),260,1995,TRUE
Upper Fraser River_SP_1.3,UFR-spring,DU11,CK-12,FONTONIKO CREEK,47407,2008,RELATIVE ABUNDANCE (TYPE-4),255,1995,TRUE
Upper Fraser River_SP_1.3,UFR-spring,DU11,CK-12,FONTONIKO CREEK,47407,2009,RELATIVE ABUNDANCE (TYPE-4),758,1995,TRUE
Upper Fraser River_SP_1.3,UFR-spring,DU11,CK-12,FONTONIKO CREEK,47407,2010,RELATIVE ABUNDANCE (TYPE-4),229,1995,TRUE
Upper Fraser River_SP_1.3,UFR-spring,DU11,CK-12,FONTONIKO CREEK,47407,2011,RELATIVE ABUNDANCE (TYPE-4),191,1995,TRUE
Upper Fraser River_SP_1.3,UFR-spring,DU11,CK-12,FONTONIKO CREEK,47407,2012,RELATIVE ABUNDANCE (TYPE-4),77,1995,TRUE
Upper Fraser River_SP_1.3,UFR-spring,DU11,CK-12,FONTONIKO CREEK,47407,2013,RELATIVE ABUNDANCE (TYPE-4),366,1995,TRUE
Upper Fraser River_SP_1.3,UFR-spring,DU11,CK-12,FONTONIKO CREEK,47407,2014,RELATIVE ABUNDANCE (TYPE-4),526,1995,TRUE
Upper Fraser River_SP_1.3,UFR-spring,DU11,CK-12,FONTONIKO CREEK,47407,2015,RELATIVE ABUNDANCE (TYPE-4),289,1995,TRUE
Upper Fraser River_SP_1.3,UFR-spring,DU11,CK-12,FONTONIKO CREEK,47407,2016,INFILL,296.6550972,1995,TRUE
Upper Fraser River_SP_1.3,UFR-spring,DU11,CK-12,FONTONIKO CREEK,47407,2017,RELATIVE ABUNDANCE (TYPE-4),141,1995,TRUE
Upper Fraser River_SP_1.3,UFR-spring,DU11,CK-12,FONTONIKO CREEK,47407,2018,INFILL,172.4460703,1995,TRUE
Upper Fraser River_SP_1.3,UFR-spring,DU11,CK-12,FONTONIKO CREEK,47407,2019,INFILL,47.89530956,1995,TRUE
Upper Fraser River_SP_1.3,UFR-spring,DU11,CK-12,FONTONIKO CREEK,47407,2020,INFILL,331.886927,1995,TRUE
Upper Fraser River_SP_1.3,UFR-spring,DU11,CK-12,FONTONIKO CREEK,47407,2021,INFILL,336.4900851,1995,TRUE
Upper Fraser River_SP_1.3,UFR-spring,DU11,CK-12,FONTONIKO CREEK,47407,2022,INFILL,467.2011468,1995,TRUE
Upper Fraser River_SP_1.3,UFR-spring,DU11,CK-12,FONTONIKO CREEK,47407,2023,INFILL,322.2069455,1995,TRUE
Upper Fraser River_SP_1.3,UFR-spring,DU11,CK-12,SPAKWANIKO CREEK,47417,1996,QualFiltered,NA,1995,TRUE
Upper Fraser River_SP_1.3,UFR-spring,DU11,CK-12,SPAKWANIKO CREEK,47417,1998,QualFiltered,NA,1995,TRUE
Upper Fraser River_SP_1.3,UFR-spring,DU11,CK-12,SPAKWANIKO CREEK,47417,1999,QualFiltered,NA,1995,TRUE
Upper Fraser River_SP_1.3,UFR-spring,DU11,CK-12,SPAKWANIKO CREEK,47417,2000,QualFiltered,NA,1995,TRUE
Upper Fraser River_SP_1.3,UFR-spring,DU11,CK-12,SPAKWANIKO CREEK,47417,2002,RELATIVE ABUNDANCE (TYPE-4),NA,1995,TRUE
Upper Fraser River_SP_1.3,UFR-spring,DU11,CK-12,SPAKWANIKO CREEK,47417,2003,RELATIVE ABUNDANCE (TYPE-4),NA,1995,TRUE
Upper Fraser River_SP_1.3,UFR-spring,DU11,CK-12,SPAKWANIKO CREEK,47417,2009,QualFiltered,NA,1995,TRUE
Upper Fraser River_SP_1.3,UFR-spring,DU11,CK-12,BOWRON RIVER,47427,1975,QualFiltered,NA,1995,FALSE
Upper Fraser River_SP_1.3,UFR-spring,DU11,CK-12,BOWRON RIVER,47427,1976,QualFiltered,NA,1995,FALSE
Upper Fraser River_SP_1.3,UFR-spring,DU11,CK-12,BOWRON RIVER,47427,1977,QualFiltered,NA,1995,FALSE
Upper Fraser River_SP_1.3,UFR-spring,DU11,CK-12,BOWRON RIVER,47427,1978,QualFiltered,NA,1995,FALSE
Upper Fraser River_SP_1.3,UFR-spring,DU11,CK-12,BOWRON RIVER,47427,1979,QualFiltered,NA,1995,FALSE
Upper Fraser River_SP_1.3,UFR-spring,DU11,CK-12,BOWRON RIVER,47427,1980,QualFiltered,NA,1995,FALSE
Upper Fraser River_SP_1.3,UFR-spring,DU11,CK-12,BOWRON RIVER,47427,1981,QualFiltered,NA,1995,FALSE
Upper Fraser River_SP_1.3,UFR-spring,DU11,CK-12,BOWRON RIVER,47427,1982,QualFiltered,NA,1995,FALSE
Upper Fraser River_SP_1.3,UFR-spring,DU11,CK-12,BOWRON RIVER,47427,1983,QualFiltered,NA,1995,FALSE
Upper Fraser River_SP_1.3,UFR-spring,DU11,CK-12,BOWRON RIVER,47427,1984,QualFiltered,NA,1995,FALSE
Upper Fraser River_SP_1.3,UFR-spring,DU11,CK-12,BOWRON RIVER,47427,1985,QualFiltered,NA,1995,FALSE
Upper Fraser River_SP_1.3,UFR-spring,DU11,CK-12,BOWRON RIVER,47427,1986,QualFiltered,NA,1995,FALSE
Upper Fraser River_SP_1.3,UFR-spring,DU11,CK-12,BOWRON RIVER,47427,1987,QualFiltered,NA,1995,FALSE
Upper Fraser River_SP_1.3,UFR-spring,DU11,CK-12,BOWRON RIVER,47427,1988,QualFiltered,NA,1995,FALSE
Upper Fraser River_SP_1.3,UFR-spring,DU11,CK-12,BOWRON RIVER,47427,1989,QualFiltered,NA,1995,FALSE
Upper Fraser River_SP_1.3,UFR-spring,DU11,CK-12,BOWRON RIVER,47427,1990,QualFiltered,NA,1995,FALSE
Upper Fraser River_SP_1.3,UFR-spring,DU11,CK-12,BOWRON RIVER,47427,1991,QualFiltered,NA,1995,FALSE
Upper Fraser River_SP_1.3,UFR-spring,DU11,CK-12,BOWRON RIVER,47427,1992,QualFiltered,NA,1995,FALSE
Upper Fraser River_SP_1.3,UFR-spring,DU11,CK-12,BOWRON RIVER,47427,1993,QualFiltered,NA,1995,FALSE
Upper Fraser River_SP_1.3,UFR-spring,DU11,CK-12,BOWRON RIVER,47427,1994,TRUE ABUNDANCE (TYPE-1),9104,1995,FALSE
Upper Fraser River_SP_1.3,UFR-spring,DU11,CK-12,BOWRON RIVER,47427,1995,INFILL,6184.639884,1995,TRUE
Upper Fraser River_SP_1.3,UFR-spring,DU11,CK-12,BOWRON RIVER,47427,1996,INFILL,4219.360129,1995,TRUE
Upper Fraser River_SP_1.3,UFR-spring,DU11,CK-12,BOWRON RIVER,47427,1997,INFILL,3991.594701,1995,TRUE
Upper Fraser River_SP_1.3,UFR-spring,DU11,CK-12,BOWRON RIVER,47427,1998,RELATIVE ABUNDANCE (TYPE-4),6100,1995,TRUE
Upper Fraser River_SP_1.3,UFR-spring,DU11,CK-12,BOWRON RIVER,47427,1999,RELATIVE ABUNDANCE (TYPE-4),3030,1995,TRUE
Upper Fraser River_SP_1.3,UFR-spring,DU11,CK-12,BOWRON RIVER,47427,2000,RELATIVE ABUNDANCE (TYPE-4),1964,1995,TRUE
Upper Fraser River_SP_1.3,UFR-spring,DU11,CK-12,BOWRON RIVER,47427,2001,RELATIVE ABUNDANCE (TYPE-4),4363,1995,TRUE
Upper Fraser River_SP_1.3,UFR-spring,DU11,CK-12,BOWRON RIVER,47427,2002,RELATIVE ABUNDANCE (TYPE-4),6207,1995,TRUE
Upper Fraser River_SP_1.3,UFR-spring,DU11,CK-12,BOWRON RIVER,47427,2003,RELATIVE ABUNDANCE (TYPE-4),8449,1995,TRUE
Upper Fraser River_SP_1.3,UFR-spring,DU11,CK-12,BOWRON RIVER,47427,2004,RELATIVE ABUNDANCE (TYPE-4),7539,1995,TRUE
Upper Fraser River_SP_1.3,UFR-spring,DU11,CK-12,BOWRON RIVER,47427,2005,RELATIVE ABUNDANCE (TYPE-4),3931,1995,TRUE
Upper Fraser River_SP_1.3,UFR-spring,DU11,CK-12,BOWRON RIVER,47427,2006,RELATIVE ABUNDANCE (TYPE-4),3392,1995,TRUE
Upper Fraser River_SP_1.3,UFR-spring,DU11,CK-12,BOWRON RIVER,47427,2007,RELATIVE ABUNDANCE (TYPE-4),1548,1995,TRUE
Upper Fraser River_SP_1.3,UFR-spring,DU11,CK-12,BOWRON RIVER,47427,2008,RELATIVE ABUNDANCE (TYPE-4),2623,1995,TRUE
Upper Fraser River_SP_1.3,UFR-spring,DU11,CK-12,BOWRON RIVER,47427,2009,RELATIVE ABUNDANCE (TYPE-4),4223,1995,TRUE
Upper Fraser River_SP_1.3,UFR-spring,DU11,CK-12,BOWRON RIVER,47427,2010,RELATIVE ABUNDANCE (TYPE-4),2409,1995,TRUE
Upper Fraser River_SP_1.3,UFR-spring,DU11,CK-12,BOWRON RIVER,47427,2011,RELATIVE ABUNDANCE (TYPE-4),2022,1995,TRUE
Upper Fraser River_SP_1.3,UFR-spring,DU11,CK-12,BOWRON RIVER,47427,2012,RELATIVE ABUNDANCE (TYPE-4),2128,1995,TRUE
Upper Fraser River_SP_1.3,UFR-spring,DU11,CK-12,BOWRON RIVER,47427,2013,RELATIVE ABUNDANCE (TYPE-4),3117,1995,TRUE
Upper Fraser River_SP_1.3,UFR-spring,DU11,CK-12,BOWRON RIVER,47427,2014,RELATIVE ABUNDANCE (TYPE-4),4392,1995,TRUE
Upper Fraser River_SP_1.3,UFR-spring,DU11,CK-12,BOWRON RIVER,47427,2015,RELATIVE ABUNDANCE (TYPE-4),6022,1995,TRUE
Upper Fraser River_SP_1.3,UFR-spring,DU11,CK-12,BOWRON RIVER,47427,2016,RELATIVE ABUNDANCE (TYPE-4),3040,1995,TRUE
Upper Fraser River_SP_1.3,UFR-spring,DU11,CK-12,BOWRON RIVER,47427,2017,RELATIVE ABUNDANCE (TYPE-4),1721,1995,TRUE
Upper Fraser River_SP_1.3,UFR-spring,DU11,CK-12,BOWRON RIVER,47427,2018,RELATIVE ABUNDANCE (TYPE-4),1829,1995,TRUE
Upper Fraser River_SP_1.3,UFR-spring,DU11,CK-12,BOWRON RIVER,47427,2019,RELATIVE ABUNDANCE (TYPE-4),611,1995,TRUE
Upper Fraser River_SP_1.3,UFR-spring,DU11,CK-12,BOWRON RIVER,47427,2020,RELATIVE ABUNDANCE (TYPE-4),2855,1995,TRUE
Upper Fraser River_SP_1.3,UFR-spring,DU11,CK-12,BOWRON RIVER,47427,2021,RELATIVE ABUNDANCE (TYPE-4),3787,1995,TRUE
Upper Fraser River_SP_1.3,UFR-spring,DU11,CK-12,BOWRON RIVER,47427,2022,RELATIVE ABUNDANCE (TYPE-4),5368,1995,TRUE
Upper Fraser River_SP_1.3,UFR-spring,DU11,CK-12,BOWRON RIVER,47427,2023,RELATIVE ABUNDANCE (TYPE-4),4291,1995,TRUE
Upper Fraser River_SP_1.3,UFR-spring,DU11,CK-12,HAGGEN CREEK,47437,1975,QualFiltered,NA,1995,FALSE
Upper Fraser River_SP_1.3,UFR-spring,DU11,CK-12,HAGGEN CREEK,47437,1976,QualFiltered,NA,1995,FALSE
Upper Fraser River_SP_1.3,UFR-spring,DU11,CK-12,HAGGEN CREEK,47437,1977,QualFiltered,NA,1995,FALSE
Upper Fraser River_SP_1.3,UFR-spring,DU11,CK-12,HAGGEN CREEK,47437,1978,QualFiltered,NA,1995,FALSE
Upper Fraser River_SP_1.3,UFR-spring,DU11,CK-12,HAGGEN CREEK,47437,1979,QualFiltered,NA,1995,FALSE
Upper Fraser River_SP_1.3,UFR-spring,DU11,CK-12,HAGGEN CREEK,47437,1980,QualFiltered,NA,1995,FALSE
Upper Fraser River_SP_1.3,UFR-spring,DU11,CK-12,HAGGEN CREEK,47437,1981,QualFiltered,NA,1995,FALSE
Upper Fraser River_SP_1.3,UFR-spring,DU11,CK-12,HAGGEN CREEK,47437,1982,QualFiltered,NA,1995,FALSE
Upper Fraser River_SP_1.3,UFR-spring,DU11,CK-12,HAGGEN CREEK,47437,1983,QualFiltered,NA,1995,FALSE
Upper Fraser River_SP_1.3,UFR-spring,DU11,CK-12,HAGGEN CREEK,47437,1984,QualFiltered,NA,1995,FALSE
Upper Fraser River_SP_1.3,UFR-spring,DU11,CK-12,HAGGEN CREEK,47437,1985,QualFiltered,NA,1995,FALSE
Upper Fraser River_SP_1.3,UFR-spring,DU11,CK-12,HAGGEN CREEK,47437,1986,QualFiltered,NA,1995,FALSE
Upper Fraser River_SP_1.3,UFR-spring,DU11,CK-12,HAGGEN CREEK,47437,1987,QualFiltered,NA,1995,FALSE
Upper Fraser River_SP_1.3,UFR-spring,DU11,CK-12,HAGGEN CREEK,47437,1988,QualFiltered,NA,1995,FALSE
Upper Fraser River_SP_1.3,UFR-spring,DU11,CK-12,HAGGEN CREEK,47437,1989,QualFiltered,NA,1995,FALSE
Upper Fraser River_SP_1.3,UFR-spring,DU11,CK-12,HAGGEN CREEK,47437,1990,QualFiltered,NA,1995,FALSE
Upper Fraser River_SP_1.3,UFR-spring,DU11,CK-12,HAGGEN CREEK,47437,1991,QualFiltered,NA,1995,FALSE
Upper Fraser River_SP_1.3,UFR-spring,DU11,CK-12,HAGGEN CREEK,47437,1992,QualFiltered,NA,1995,FALSE
Upper Fraser River_SP_1.3,UFR-spring,DU11,CK-12,HAGGEN CREEK,47437,1993,QualFiltered,NA,1995,FALSE
Upper Fraser River_SP_1.3,UFR-spring,DU11,CK-12,HAGGEN CREEK,47437,1994,QualFiltered,NA,1995,FALSE
Upper Fraser River_SP_1.3,UFR-spring,DU11,CK-12,HAGGEN CREEK,47437,1995,RELATIVE ABUNDANCE (TYPE-4),180,1995,TRUE
Upper Fraser River_SP_1.3,UFR-spring,DU11,CK-12,HAGGEN CREEK,47437,1996,RELATIVE ABUNDANCE (TYPE-4),348,1995,TRUE
Upper Fraser River_SP_1.3,UFR-spring,DU11,CK-12,HAGGEN CREEK,47437,1997,RELATIVE ABUNDANCE (TYPE-4),114,1995,TRUE
Upper Fraser River_SP_1.3,UFR-spring,DU11,CK-12,HAGGEN CREEK,47437,1998,RELATIVE ABUNDANCE (TYPE-4),562,1995,TRUE
Upper Fraser River_SP_1.3,UFR-spring,DU11,CK-12,HAGGEN CREEK,47437,1999,RELATIVE ABUNDANCE (TYPE-4),98,1995,TRUE
Upper Fraser River_SP_1.3,UFR-spring,DU11,CK-12,HAGGEN CREEK,47437,2000,RELATIVE ABUNDANCE (TYPE-4),157,1995,TRUE
Upper Fraser River_SP_1.3,UFR-spring,DU11,CK-12,HAGGEN CREEK,47437,2001,RELATIVE ABUNDANCE (TYPE-4),265,1995,TRUE
Upper Fraser River_SP_1.3,UFR-spring,DU11,CK-12,HAGGEN CREEK,47437,2002,RELATIVE ABUNDANCE (TYPE-4),212,1995,TRUE
Upper Fraser River_SP_1.3,UFR-spring,DU11,CK-12,HAGGEN CREEK,47437,2003,RELATIVE ABUNDANCE (TYPE-4),854,1995,TRUE
Upper Fraser River_SP_1.3,UFR-spring,DU11,CK-12,HAGGEN CREEK,47437,2004,RELATIVE ABUNDANCE (TYPE-4),260,1995,TRUE
Upper Fraser River_SP_1.3,UFR-spring,DU11,CK-12,HAGGEN CREEK,47437,2005,RELATIVE ABUNDANCE (TYPE-4),35,1995,TRUE
Upper Fraser River_SP_1.3,UFR-spring,DU11,CK-12,HAGGEN CREEK,47437,2006,RELATIVE ABUNDANCE (TYPE-4),114,1995,TRUE
Upper Fraser River_SP_1.3,UFR-spring,DU11,CK-12,HAGGEN CREEK,47437,2007,RELATIVE ABUNDANCE (TYPE-4),98,1995,TRUE
Upper Fraser River_SP_1.3,UFR-spring,DU11,CK-12,HAGGEN CREEK,47437,2008,RELATIVE ABUNDANCE (TYPE-4),151,1995,TRUE
Upper Fraser River_SP_1.3,UFR-spring,DU11,CK-12,HAGGEN CREEK,47437,2009,RELATIVE ABUNDANCE (TYPE-4),245,1995,TRUE
Upper Fraser River_SP_1.3,UFR-spring,DU11,CK-12,HAGGEN CREEK,47437,2010,RELATIVE ABUNDANCE (TYPE-4),172,1995,TRUE
Upper Fraser River_SP_1.3,UFR-spring,DU11,CK-12,HAGGEN CREEK,47437,2011,RELATIVE ABUNDANCE (TYPE-4),140,1995,TRUE
Upper Fraser River_SP_1.3,UFR-spring,DU11,CK-12,HAGGEN CREEK,47437,2012,RELATIVE ABUNDANCE (TYPE-4),83,1995,TRUE
Upper Fraser River_SP_1.3,UFR-spring,DU11,CK-12,HAGGEN CREEK,47437,2013,RELATIVE ABUNDANCE (TYPE-4),260,1995,TRUE
Upper Fraser River_SP_1.3,UFR-spring,DU11,CK-12,HAGGEN CREEK,47437,2014,RELATIVE ABUNDANCE (TYPE-4),289,1995,TRUE
Upper Fraser River_SP_1.3,UFR-spring,DU11,CK-12,HAGGEN CREEK,47437,2015,RELATIVE ABUNDANCE (TYPE-4),186,1995,TRUE
Upper Fraser River_SP_1.3,UFR-spring,DU11,CK-12,HAGGEN CREEK,47437,2016,RELATIVE ABUNDANCE (TYPE-4),106,1995,TRUE
Upper Fraser River_SP_1.3,UFR-spring,DU11,CK-12,HAGGEN CREEK,47437,2017,RELATIVE ABUNDANCE (TYPE-4),45,1995,TRUE
Upper Fraser River_SP_1.3,UFR-spring,DU11,CK-12,HAGGEN CREEK,47437,2018,RELATIVE ABUNDANCE (TYPE-4),48,1995,TRUE
Upper Fraser River_SP_1.3,UFR-spring,DU11,CK-12,HAGGEN CREEK,47437,2019,RELATIVE ABUNDANCE (TYPE-4),12,1995,TRUE
Upper Fraser River_SP_1.3,UFR-spring,DU11,CK-12,HAGGEN CREEK,47437,2020,RELATIVE ABUNDANCE (TYPE-4),112,1995,TRUE
Upper Fraser River_SP_1.3,UFR-spring,DU11,CK-12,HAGGEN CREEK,47437,2021,RELATIVE ABUNDANCE (TYPE-4),160,1995,TRUE
Upper Fraser River_SP_1.3,UFR-spring,DU11,CK-12,HAGGEN CREEK,47437,2022,RELATIVE ABUNDANCE (TYPE-4),228,1995,TRUE
Upper Fraser River_SP_1.3,UFR-spring,DU11,CK-12,HAGGEN CREEK,47437,2023,RELATIVE ABUNDANCE (TYPE-4),146,1995,TRUE
Upper Fraser River_SP_1.3,UFR-spring,DU11,CK-12,INDIANPOINT CREEK,47447,1975,QualFiltered,NA,1995,FALSE
Upper Fraser River_SP_1.3,UFR-spring,DU11,CK-12,INDIANPOINT CREEK,47447,1976,QualFiltered,NA,1995,FALSE
Upper Fraser River_SP_1.3,UFR-spring,DU11,CK-12,INDIANPOINT CREEK,47447,1977,QualFiltered,NA,1995,FALSE
Upper Fraser River_SP_1.3,UFR-spring,DU11,CK-12,INDIANPOINT CREEK,47447,1978,QualFiltered,NA,1995,FALSE
Upper Fraser River_SP_1.3,UFR-spring,DU11,CK-12,INDIANPOINT CREEK,47447,1979,QualFiltered,NA,1995,FALSE
Upper Fraser River_SP_1.3,UFR-spring,DU11,CK-12,INDIANPOINT CREEK,47447,1980,QualFiltered,NA,1995,FALSE
Upper Fraser River_SP_1.3,UFR-spring,DU11,CK-12,INDIANPOINT CREEK,47447,1981,QualFiltered,NA,1995,FALSE
Upper Fraser River_SP_1.3,UFR-spring,DU11,CK-12,INDIANPOINT CREEK,47447,1982,QualFiltered,NA,1995,FALSE
Upper Fraser River_SP_1.3,UFR-spring,DU11,CK-12,INDIANPOINT CREEK,47447,1983,QualFiltered,NA,1995,FALSE
Upper Fraser River_SP_1.3,UFR-spring,DU11,CK-12,INDIANPOINT CREEK,47447,1984,QualFiltered,NA,1995,FALSE
Upper Fraser River_SP_1.3,UFR-spring,DU11,CK-12,INDIANPOINT CREEK,47447,1985,QualFiltered,NA,1995,FALSE
Upper Fraser River_SP_1.3,UFR-spring,DU11,CK-12,INDIANPOINT CREEK,47447,1986,QualFiltered,NA,1995,FALSE
Upper Fraser River_SP_1.3,UFR-spring,DU11,CK-12,INDIANPOINT CREEK,47447,1987,QualFiltered,NA,1995,FALSE
Upper Fraser River_SP_1.3,UFR-spring,DU11,CK-12,INDIANPOINT CREEK,47447,1988,QualFiltered,NA,1995,FALSE
Upper Fraser River_SP_1.3,UFR-spring,DU11,CK-12,INDIANPOINT CREEK,47447,1989,QualFiltered,NA,1995,FALSE
Upper Fraser River_SP_1.3,UFR-spring,DU11,CK-12,INDIANPOINT CREEK,47447,1990,QualFiltered,NA,1995,FALSE
Upper Fraser River_SP_1.3,UFR-spring,DU11,CK-12,INDIANPOINT CREEK,47447,1991,QualFiltered,NA,1995,FALSE
Upper Fraser River_SP_1.3,UFR-spring,DU11,CK-12,INDIANPOINT CREEK,47447,1992,QualFiltered,NA,1995,FALSE
Upper Fraser River_SP_1.3,UFR-spring,DU11,CK-12,INDIANPOINT CREEK,47447,1993,QualFiltered,NA,1995,FALSE
Upper Fraser River_SP_1.3,UFR-spring,DU11,CK-12,INDIANPOINT CREEK,47447,1994,QualFiltered,NA,1995,FALSE
Upper Fraser River_SP_1.3,UFR-spring,DU11,CK-12,INDIANPOINT CREEK,47447,1995,INFILL,697.0632879,1995,TRUE
Upper Fraser River_SP_1.3,UFR-spring,DU11,CK-12,INDIANPOINT CREEK,47447,1996,RELATIVE ABUNDANCE (TYPE-4),495,1995,TRUE
Upper Fraser River_SP_1.3,UFR-spring,DU11,CK-12,INDIANPOINT CREEK,47447,1997,RELATIVE ABUNDANCE (TYPE-4),472,1995,TRUE
Upper Fraser River_SP_1.3,UFR-spring,DU11,CK-12,INDIANPOINT CREEK,47447,1998,RELATIVE ABUNDANCE (TYPE-4),351,1995,TRUE
Upper Fraser River_SP_1.3,UFR-spring,DU11,CK-12,INDIANPOINT CREEK,47447,1999,RELATIVE ABUNDANCE (TYPE-4),280,1995,TRUE
Upper Fraser River_SP_1.3,UFR-spring,DU11,CK-12,INDIANPOINT CREEK,47447,2000,RELATIVE ABUNDANCE (TYPE-4),442,1995,TRUE
Upper Fraser River_SP_1.3,UFR-spring,DU11,CK-12,INDIANPOINT CREEK,47447,2001,RELATIVE ABUNDANCE (TYPE-4),682,1995,TRUE
Upper Fraser River_SP_1.3,UFR-spring,DU11,CK-12,INDIANPOINT CREEK,47447,2002,RELATIVE ABUNDANCE (TYPE-4),608,1995,TRUE
Upper Fraser River_SP_1.3,UFR-spring,DU11,CK-12,INDIANPOINT CREEK,47447,2003,RELATIVE ABUNDANCE (TYPE-4),738,1995,TRUE
Upper Fraser River_SP_1.3,UFR-spring,DU11,CK-12,INDIANPOINT CREEK,47447,2004,RELATIVE ABUNDANCE (TYPE-4),263,1995,TRUE
Upper Fraser River_SP_1.3,UFR-spring,DU11,CK-12,INDIANPOINT CREEK,47447,2005,RELATIVE ABUNDANCE (TYPE-4),576,1995,TRUE
Upper Fraser River_SP_1.3,UFR-spring,DU11,CK-12,INDIANPOINT CREEK,47447,2006,RELATIVE ABUNDANCE (TYPE-4),388,1995,TRUE
Upper Fraser River_SP_1.3,UFR-spring,DU11,CK-12,INDIANPOINT CREEK,47447,2007,RELATIVE ABUNDANCE (TYPE-4),166,1995,TRUE
Upper Fraser River_SP_1.3,UFR-spring,DU11,CK-12,INDIANPOINT CREEK,47447,2008,RELATIVE ABUNDANCE (TYPE-4),582,1995,TRUE
Upper Fraser River_SP_1.3,UFR-spring,DU11,CK-12,INDIANPOINT CREEK,47447,2009,RELATIVE ABUNDANCE (TYPE-4),360,1995,TRUE
Upper Fraser River_SP_1.3,UFR-spring,DU11,CK-12,INDIANPOINT CREEK,47447,2010,RELATIVE ABUNDANCE (TYPE-4),471,1995,TRUE
Upper Fraser River_SP_1.3,UFR-spring,DU11,CK-12,INDIANPOINT CREEK,47447,2011,RELATIVE ABUNDANCE (TYPE-4),265,1995,TRUE
Upper Fraser River_SP_1.3,UFR-spring,DU11,CK-12,INDIANPOINT CREEK,47447,2012,RELATIVE ABUNDANCE (TYPE-4),349,1995,TRUE
Upper Fraser River_SP_1.3,UFR-spring,DU11,CK-12,INDIANPOINT CREEK,47447,2013,RELATIVE ABUNDANCE (TYPE-4),422,1995,TRUE
Upper Fraser River_SP_1.3,UFR-spring,DU11,CK-12,INDIANPOINT CREEK,47447,2014,RELATIVE ABUNDANCE (TYPE-4),492,1995,TRUE
Upper Fraser River_SP_1.3,UFR-spring,DU11,CK-12,INDIANPOINT CREEK,47447,2015,RELATIVE ABUNDANCE (TYPE-4),586,1995,TRUE
Upper Fraser River_SP_1.3,UFR-spring,DU11,CK-12,INDIANPOINT CREEK,47447,2016,RELATIVE ABUNDANCE (TYPE-4),377,1995,TRUE
Upper Fraser River_SP_1.3,UFR-spring,DU11,CK-12,INDIANPOINT CREEK,47447,2017,RELATIVE ABUNDANCE (TYPE-4),123,1995,TRUE
Upper Fraser River_SP_1.3,UFR-spring,DU11,CK-12,INDIANPOINT CREEK,47447,2018,RELATIVE ABUNDANCE (TYPE-4),197,1995,TRUE
Upper Fraser River_SP_1.3,UFR-spring,DU11,CK-12,INDIANPOINT CREEK,47447,2019,RELATIVE ABUNDANCE (TYPE-4),62,1995,TRUE
Upper Fraser River_SP_1.3,UFR-spring,DU11,CK-12,INDIANPOINT CREEK,47447,2020,RELATIVE ABUNDANCE (TYPE-4),484,1995,TRUE
Upper Fraser River_SP_1.3,UFR-spring,DU11,CK-12,INDIANPOINT CREEK,47447,2021,RELATIVE ABUNDANCE (TYPE-4),382,1995,TRUE
Upper Fraser River_SP_1.3,UFR-spring,DU11,CK-12,INDIANPOINT CREEK,47447,2022,RELATIVE ABUNDANCE (TYPE-4),731,1995,TRUE
Upper Fraser River_SP_1.3,UFR-spring,DU11,CK-12,INDIANPOINT CREEK,47447,2023,RELATIVE ABUNDANCE (TYPE-4),425,1995,TRUE
Upper Fraser River_SP_1.3,UFR-spring,DU11,CK-12,ANTLER CREEK,47457,1975,QualFiltered,NA,1995,FALSE
Upper Fraser River_SP_1.3,UFR-spring,DU11,CK-12,ANTLER CREEK,47457,1976,QualFiltered,NA,1995,FALSE
Upper Fraser River_SP_1.3,UFR-spring,DU11,CK-12,ANTLER CREEK,47457,1977,QualFiltered,NA,1995,FALSE
Upper Fraser River_SP_1.3,UFR-spring,DU11,CK-12,ANTLER CREEK,47457,1978,QualFiltered,NA,1995,FALSE
Upper Fraser River_SP_1.3,UFR-spring,DU11,CK-12,ANTLER CREEK,47457,1979,QualFiltered,NA,1995,FALSE
Upper Fraser River_SP_1.3,UFR-spring,DU11,CK-12,ANTLER CREEK,47457,1980,QualFiltered,NA,1995,FALSE
Upper Fraser River_SP_1.3,UFR-spring,DU11,CK-12,ANTLER CREEK,47457,1981,QualFiltered,NA,1995,FALSE
Upper Fraser River_SP_1.3,UFR-spring,DU11,CK-12,ANTLER CREEK,47457,1982,QualFiltered,NA,1995,FALSE
Upper Fraser River_SP_1.3,UFR-spring,DU11,CK-12,ANTLER CREEK,47457,1983,QualFiltered,NA,1995,FALSE
Upper Fraser River_SP_1.3,UFR-spring,DU11,CK-12,ANTLER CREEK,47457,1984,QualFiltered,NA,1995,FALSE
Upper Fraser River_SP_1.3,UFR-spring,DU11,CK-12,ANTLER CREEK,47457,1985,QualFiltered,NA,1995,FALSE
Upper Fraser River_SP_1.3,UFR-spring,DU11,CK-12,ANTLER CREEK,47457,1986,QualFiltered,NA,1995,FALSE
Upper Fraser River_SP_1.3,UFR-spring,DU11,CK-12,ANTLER CREEK,47457,1987,QualFiltered,NA,1995,FALSE
Upper Fraser River_SP_1.3,UFR-spring,DU11,CK-12,ANTLER CREEK,47457,1988,QualFiltered,NA,1995,FALSE
Upper Fraser River_SP_1.3,UFR-spring,DU11,CK-12,ANTLER CREEK,47457,1989,QualFiltered,NA,1995,FALSE
Upper Fraser River_SP_1.3,UFR-spring,DU11,CK-12,ANTLER CREEK,47457,1990,QualFiltered,NA,1995,FALSE
Upper Fraser River_SP_1.3,UFR-spring,DU11,CK-12,ANTLER CREEK,47457,1991,QualFiltered,NA,1995,FALSE
Upper Fraser River_SP_1.3,UFR-spring,DU11,CK-12,ANTLER CREEK,47457,1992,QualFiltered,NA,1995,FALSE
Upper Fraser River_SP_1.3,UFR-spring,DU11,CK-12,ANTLER CREEK,47457,1993,QualFiltered,NA,1995,FALSE
Upper Fraser River_SP_1.3,UFR-spring,DU11,CK-12,ANTLER CREEK,47457,1994,QualFiltered,NA,1995,FALSE
Upper Fraser River_SP_1.3,UFR-spring,DU11,CK-12,ANTLER CREEK,47457,1995,INFILL,109.277064,1995,TRUE
Upper Fraser River_SP_1.3,UFR-spring,DU11,CK-12,ANTLER CREEK,47457,1996,RELATIVE ABUNDANCE (TYPE-4),134,1995,TRUE
Upper Fraser River_SP_1.3,UFR-spring,DU11,CK-12,ANTLER CREEK,47457,1997,RELATIVE ABUNDANCE (TYPE-4),410,1995,TRUE
Upper Fraser River_SP_1.3,UFR-spring,DU11,CK-12,ANTLER CREEK,47457,1998,RELATIVE ABUNDANCE (TYPE-4),69,1995,TRUE
Upper Fraser River_SP_1.3,UFR-spring,DU11,CK-12,ANTLER CREEK,47457,1999,RELATIVE ABUNDANCE (TYPE-4),22,1995,TRUE
Upper Fraser River_SP_1.3,UFR-spring,DU11,CK-12,ANTLER CREEK,47457,2000,RELATIVE ABUNDANCE (TYPE-4),23,1995,TRUE
Upper Fraser River_SP_1.3,UFR-spring,DU11,CK-12,ANTLER CREEK,47457,2001,RELATIVE ABUNDANCE (TYPE-4),180,1995,TRUE
Upper Fraser River_SP_1.3,UFR-spring,DU11,CK-12,ANTLER CREEK,47457,2002,RELATIVE ABUNDANCE (TYPE-4),32,1995,TRUE
Upper Fraser River_SP_1.3,UFR-spring,DU11,CK-12,ANTLER CREEK,47457,2003,RELATIVE ABUNDANCE (TYPE-4),6,1995,TRUE
Upper Fraser River_SP_1.3,UFR-spring,DU11,CK-12,ANTLER CREEK,47457,2004,RELATIVE ABUNDANCE (TYPE-4),52,1995,TRUE
Upper Fraser River_SP_1.3,UFR-spring,DU11,CK-12,ANTLER CREEK,47457,2005,RELATIVE ABUNDANCE (TYPE-4),52,1995,TRUE
Upper Fraser River_SP_1.3,UFR-spring,DU11,CK-12,ANTLER CREEK,47457,2006,RELATIVE ABUNDANCE (TYPE-4),45,1995,TRUE
Upper Fraser River_SP_1.3,UFR-spring,DU11,CK-12,ANTLER CREEK,47457,2007,RELATIVE ABUNDANCE (TYPE-4),9,1995,TRUE
Upper Fraser River_SP_1.3,UFR-spring,DU11,CK-12,ANTLER CREEK,47457,2008,RELATIVE ABUNDANCE (TYPE-4),71,1995,TRUE
Upper Fraser River_SP_1.3,UFR-spring,DU11,CK-12,ANTLER CREEK,47457,2009,RELATIVE ABUNDANCE (TYPE-4),74,1995,TRUE
Upper Fraser River_SP_1.3,UFR-spring,DU11,CK-12,ANTLER CREEK,47457,2010,RELATIVE ABUNDANCE (TYPE-4),14,1995,TRUE
Upper Fraser River_SP_1.3,UFR-spring,DU11,CK-12,ANTLER CREEK,47457,2011,RELATIVE ABUNDANCE (TYPE-4),42,1995,TRUE
Upper Fraser River_SP_1.3,UFR-spring,DU11,CK-12,ANTLER CREEK,47457,2012,RELATIVE ABUNDANCE (TYPE-4),54,1995,TRUE
Upper Fraser River_SP_1.3,UFR-spring,DU11,CK-12,ANTLER CREEK,47457,2013,RELATIVE ABUNDANCE (TYPE-4),98,1995,TRUE
Upper Fraser River_SP_1.3,UFR-spring,DU11,CK-12,ANTLER CREEK,47457,2014,RELATIVE ABUNDANCE (TYPE-4),125,1995,TRUE
Upper Fraser River_SP_1.3,UFR-spring,DU11,CK-12,ANTLER CREEK,47457,2015,RELATIVE ABUNDANCE (TYPE-4),85,1995,TRUE
Upper Fraser River_SP_1.3,UFR-spring,DU11,CK-12,ANTLER CREEK,47457,2016,RELATIVE ABUNDANCE (TYPE-4),35,1995,TRUE
Upper Fraser River_SP_1.3,UFR-spring,DU11,CK-12,ANTLER CREEK,47457,2017,RELATIVE ABUNDANCE (TYPE-4),25,1995,TRUE
Upper Fraser River_SP_1.3,UFR-spring,DU11,CK-12,ANTLER CREEK,47457,2018,RELATIVE ABUNDANCE (TYPE-4),46,1995,TRUE
Upper Fraser River_SP_1.3,UFR-spring,DU11,CK-12,ANTLER CREEK,47457,2019,RELATIVE ABUNDANCE (TYPE-4),12,1995,TRUE
Upper Fraser River_SP_1.3,UFR-spring,DU11,CK-12,ANTLER CREEK,47457,2020,RELATIVE ABUNDANCE (TYPE-4),48,1995,TRUE
Upper Fraser River_SP_1.3,UFR-spring,DU11,CK-12,ANTLER CREEK,47457,2021,RELATIVE ABUNDANCE (TYPE-4),17,1995,TRUE
Upper Fraser River_SP_1.3,UFR-spring,DU11,CK-12,ANTLER CREEK,47457,2022,RELATIVE ABUNDANCE (TYPE-4),54,1995,TRUE
Upper Fraser River_SP_1.3,UFR-spring,DU11,CK-12,ANTLER CREEK,47457,2023,RELATIVE ABUNDANCE (TYPE-4),11,1995,TRUE
Upper Fraser River_SP_1.3,UFR-spring,DU11,CK-12,KENNETH CREEK,47467,1986,QualFiltered,NA,1995,FALSE
Upper Fraser River_SP_1.3,UFR-spring,DU11,CK-12,KENNETH CREEK,47467,1987,QualFiltered,NA,1995,FALSE
Upper Fraser River_SP_1.3,UFR-spring,DU11,CK-12,KENNETH CREEK,47467,1988,QualFiltered,NA,1995,FALSE
Upper Fraser River_SP_1.3,UFR-spring,DU11,CK-12,KENNETH CREEK,47467,1990,QualFiltered,NA,1995,FALSE
Upper Fraser River_SP_1.3,UFR-spring,DU11,CK-12,KENNETH CREEK,47467,1991,QualFiltered,NA,1995,FALSE
Upper Fraser River_SP_1.3,UFR-spring,DU11,CK-12,KENNETH CREEK,47467,1996,QualFiltered,NA,1995,TRUE
Upper Fraser River_SP_1.3,UFR-spring,DU11,CK-12,KENNETH CREEK,47467,1997,QualFiltered,NA,1995,TRUE
Upper Fraser River_SP_1.3,UFR-spring,DU11,CK-12,KENNETH CREEK,47467,1998,QualFiltered,NA,1995,TRUE
Upper Fraser River_SP_1.3,UFR-spring,DU11,CK-12,KENNETH CREEK,47467,1999,QualFiltered,NA,1995,TRUE
Upper Fraser River_SP_1.3,UFR-spring,DU11,CK-12,KENNETH CREEK,47467,2000,QualFiltered,NA,1995,TRUE
Upper Fraser River_SP_1.3,UFR-spring,DU11,CK-12,KENNETH CREEK,47467,2001,RELATIVE ABUNDANCE (TYPE-4),NA,1995,TRUE
Upper Fraser River_SP_1.3,UFR-spring,DU11,CK-12,KENNETH CREEK,47467,2002,RELATIVE ABUNDANCE (TYPE-4),NA,1995,TRUE
Upper Fraser River_SP_1.3,UFR-spring,DU11,CK-12,KENNETH CREEK,47467,2003,RELATIVE ABUNDANCE (TYPE-4),NA,1995,TRUE
Upper Fraser River_SP_1.3,UFR-spring,DU11,CK-12,SLIM CREEK,47477,1975,QualFiltered,NA,1995,FALSE
Upper Fraser River_SP_1.3,UFR-spring,DU11,CK-12,SLIM CREEK,47477,1976,QualFiltered,NA,1995,FALSE
Upper Fraser River_SP_1.3,UFR-spring,DU11,CK-12,SLIM CREEK,47477,1977,QualFiltered,NA,1995,FALSE
Upper Fraser River_SP_1.3,UFR-spring,DU11,CK-12,SLIM CREEK,47477,1978,QualFiltered,NA,1995,FALSE
Upper Fraser River_SP_1.3,UFR-spring,DU11,CK-12,SLIM CREEK,47477,1979,QualFiltered,NA,1995,FALSE
Upper Fraser River_SP_1.3,UFR-spring,DU11,CK-12,SLIM CREEK,47477,1980,QualFiltered,NA,1995,FALSE
Upper Fraser River_SP_1.3,UFR-spring,DU11,CK-12,SLIM CREEK,47477,1981,QualFiltered,NA,1995,FALSE
Upper Fraser River_SP_1.3,UFR-spring,DU11,CK-12,SLIM CREEK,47477,1982,QualFiltered,NA,1995,FALSE
Upper Fraser River_SP_1.3,UFR-spring,DU11,CK-12,SLIM CREEK,47477,1983,QualFiltered,NA,1995,FALSE
Upper Fraser River_SP_1.3,UFR-spring,DU11,CK-12,SLIM CREEK,47477,1984,QualFiltered,NA,1995,FALSE
Upper Fraser River_SP_1.3,UFR-spring,DU11,CK-12,SLIM CREEK,47477,1985,QualFiltered,NA,1995,FALSE
Upper Fraser River_SP_1.3,UFR-spring,DU11,CK-12,SLIM CREEK,47477,1986,QualFiltered,NA,1995,FALSE
Upper Fraser River_SP_1.3,UFR-spring,DU11,CK-12,SLIM CREEK,47477,1987,QualFiltered,NA,1995,FALSE
Upper Fraser River_SP_1.3,UFR-spring,DU11,CK-12,SLIM CREEK,47477,1988,QualFiltered,NA,1995,FALSE
Upper Fraser River_SP_1.3,UFR-spring,DU11,CK-12,SLIM CREEK,47477,1989,QualFiltered,NA,1995,FALSE
Upper Fraser River_SP_1.3,UFR-spring,DU11,CK-12,SLIM CREEK,47477,1990,QualFiltered,NA,1995,FALSE
Upper Fraser River_SP_1.3,UFR-spring,DU11,CK-12,SLIM CREEK,47477,1991,QualFiltered,NA,1995,FALSE
Upper Fraser River_SP_1.3,UFR-spring,DU11,CK-12,SLIM CREEK,47477,1992,QualFiltered,NA,1995,FALSE
Upper Fraser River_SP_1.3,UFR-spring,DU11,CK-12,SLIM CREEK,47477,1993,QualFiltered,NA,1995,FALSE
Upper Fraser River_SP_1.3,UFR-spring,DU11,CK-12,SLIM CREEK,47477,1994,QualFiltered,NA,1995,FALSE
Upper Fraser River_SP_1.3,UFR-spring,DU11,CK-12,SLIM CREEK,47477,1995,RELATIVE ABUNDANCE (TYPE-4),824,1995,TRUE
Upper Fraser River_SP_1.3,UFR-spring,DU11,CK-12,SLIM CREEK,47477,1996,RELATIVE ABUNDANCE (TYPE-4),3303,1995,TRUE
Upper Fraser River_SP_1.3,UFR-spring,DU11,CK-12,SLIM CREEK,47477,1997,RELATIVE ABUNDANCE (TYPE-4),2050,1995,TRUE
Upper Fraser River_SP_1.3,UFR-spring,DU11,CK-12,SLIM CREEK,47477,1998,RELATIVE ABUNDANCE (TYPE-4),334,1995,TRUE
Upper Fraser River_SP_1.3,UFR-spring,DU11,CK-12,SLIM CREEK,47477,1999,RELATIVE ABUNDANCE (TYPE-4),6186,1995,TRUE
Upper Fraser River_SP_1.3,UFR-spring,DU11,CK-12,SLIM CREEK,47477,2000,RELATIVE ABUNDANCE (TYPE-4),2050,1995,TRUE
Upper Fraser River_SP_1.3,UFR-spring,DU11,CK-12,SLIM CREEK,47477,2001,RELATIVE ABUNDANCE (TYPE-4),3468,1995,TRUE
Upper Fraser River_SP_1.3,UFR-spring,DU11,CK-12,SLIM CREEK,47477,2002,RELATIVE ABUNDANCE (TYPE-4),2677,1995,TRUE
Upper Fraser River_SP_1.3,UFR-spring,DU11,CK-12,SLIM CREEK,47477,2003,RELATIVE ABUNDANCE (TYPE-4),3468,1995,TRUE
Upper Fraser River_SP_1.3,UFR-spring,DU11,CK-12,SLIM CREEK,47477,2004,RELATIVE ABUNDANCE (TYPE-4),824,1995,TRUE
Upper Fraser River_SP_1.3,UFR-spring,DU11,CK-12,SLIM CREEK,47477,2005,RELATIVE ABUNDANCE (TYPE-4),3468,1995,TRUE
Upper Fraser River_SP_1.3,UFR-spring,DU11,CK-12,SLIM CREEK,47477,2006,RELATIVE ABUNDANCE (TYPE-4),334,1995,TRUE
Upper Fraser River_SP_1.3,UFR-spring,DU11,CK-12,SLIM CREEK,47477,2007,RELATIVE ABUNDANCE (TYPE-4),3468,1995,TRUE
Upper Fraser River_SP_1.3,UFR-spring,DU11,CK-12,SLIM CREEK,47477,2008,RELATIVE ABUNDANCE (TYPE-4),1389,1995,TRUE
Upper Fraser River_SP_1.3,UFR-spring,DU11,CK-12,SLIM CREEK,47477,2009,RELATIVE ABUNDANCE (TYPE-4),3173,1995,TRUE
Upper Fraser River_SP_1.3,UFR-spring,DU11,CK-12,SLIM CREEK,47477,2010,RELATIVE ABUNDANCE (TYPE-4),1465,1995,TRUE
Upper Fraser River_SP_1.3,UFR-spring,DU11,CK-12,SLIM CREEK,47477,2011,RELATIVE ABUNDANCE (TYPE-4),811,1995,TRUE
Upper Fraser River_SP_1.3,UFR-spring,DU11,CK-12,SLIM CREEK,47477,2012,RELATIVE ABUNDANCE (TYPE-4),1600,1995,TRUE
Upper Fraser River_SP_1.3,UFR-spring,DU11,CK-12,SLIM CREEK,47477,2013,RELATIVE ABUNDANCE (TYPE-4),1952,1995,TRUE
Upper Fraser River_SP_1.3,UFR-spring,DU11,CK-12,SLIM CREEK,47477,2014,RELATIVE ABUNDANCE (TYPE-4),2162,1995,TRUE
Upper Fraser River_SP_1.3,UFR-spring,DU11,CK-12,SLIM CREEK,47477,2015,RELATIVE ABUNDANCE (TYPE-4),2654,1995,TRUE
Upper Fraser River_SP_1.3,UFR-spring,DU11,CK-12,SLIM CREEK,47477,2016,RELATIVE ABUNDANCE (TYPE-4),1403,1995,TRUE
Upper Fraser River_SP_1.3,UFR-spring,DU11,CK-12,SLIM CREEK,47477,2017,RELATIVE ABUNDANCE (TYPE-4),718,1995,TRUE
Upper Fraser River_SP_1.3,UFR-spring,DU11,CK-12,SLIM CREEK,47477,2018,RELATIVE ABUNDANCE (TYPE-4),703,1995,TRUE
Upper Fraser River_SP_1.3,UFR-spring,DU11,CK-12,SLIM CREEK,47477,2019,RELATIVE ABUNDANCE (TYPE-4),369,1995,TRUE
Upper Fraser River_SP_1.3,UFR-spring,DU11,CK-12,SLIM CREEK,47477,2020,RELATIVE ABUNDANCE (TYPE-4),1398,1995,TRUE
Upper Fraser River_SP_1.3,UFR-spring,DU11,CK-12,SLIM CREEK,47477,2021,RELATIVE ABUNDANCE (TYPE-4),2270,1995,TRUE
Upper Fraser River_SP_1.3,UFR-spring,DU11,CK-12,SLIM CREEK,47477,2022,RELATIVE ABUNDANCE (TYPE-4),2271,1995,TRUE
Upper Fraser River_SP_1.3,UFR-spring,DU11,CK-12,SLIM CREEK,47477,2023,RELATIVE ABUNDANCE (TYPE-4),1661,1995,TRUE
Upper Fraser River_SP_1.3,UFR-spring,DU11,CK-12,DOME CREEK,47487,1975,QualFiltered,NA,1995,FALSE
Upper Fraser River_SP_1.3,UFR-spring,DU11,CK-12,DOME CREEK,47487,1976,QualFiltered,NA,1995,FALSE
Upper Fraser River_SP_1.3,UFR-spring,DU11,CK-12,DOME CREEK,47487,1977,QualFiltered,NA,1995,FALSE
Upper Fraser River_SP_1.3,UFR-spring,DU11,CK-12,DOME CREEK,47487,1978,QualFiltered,NA,1995,FALSE
Upper Fraser River_SP_1.3,UFR-spring,DU11,CK-12,DOME CREEK,47487,1979,QualFiltered,NA,1995,FALSE
Upper Fraser River_SP_1.3,UFR-spring,DU11,CK-12,DOME CREEK,47487,1980,QualFiltered,NA,1995,FALSE
Upper Fraser River_SP_1.3,UFR-spring,DU11,CK-12,DOME CREEK,47487,1981,QualFiltered,NA,1995,FALSE
Upper Fraser River_SP_1.3,UFR-spring,DU11,CK-12,DOME CREEK,47487,1982,QualFiltered,NA,1995,FALSE
Upper Fraser River_SP_1.3,UFR-spring,DU11,CK-12,DOME CREEK,47487,1983,QualFiltered,NA,1995,FALSE
Upper Fraser River_SP_1.3,UFR-spring,DU11,CK-12,DOME CREEK,47487,1984,QualFiltered,NA,1995,FALSE
Upper Fraser River_SP_1.3,UFR-spring,DU11,CK-12,DOME CREEK,47487,1985,QualFiltered,NA,1995,FALSE
Upper Fraser River_SP_1.3,UFR-spring,DU11,CK-12,DOME CREEK,47487,1986,QualFiltered,NA,1995,FALSE
Upper Fraser River_SP_1.3,UFR-spring,DU11,CK-12,DOME CREEK,47487,1987,QualFiltered,NA,1995,FALSE
Upper Fraser River_SP_1.3,UFR-spring,DU11,CK-12,DOME CREEK,47487,1988,QualFiltered,NA,1995,FALSE
Upper Fraser River_SP_1.3,UFR-spring,DU11,CK-12,DOME CREEK,47487,1989,QualFiltered,NA,1995,FALSE
Upper Fraser River_SP_1.3,UFR-spring,DU11,CK-12,DOME CREEK,47487,1990,QualFiltered,NA,1995,FALSE
Upper Fraser River_SP_1.3,UFR-spring,DU11,CK-12,DOME CREEK,47487,1991,QualFiltered,NA,1995,FALSE
Upper Fraser River_SP_1.3,UFR-spring,DU11,CK-12,DOME CREEK,47487,1992,QualFiltered,NA,1995,FALSE
Upper Fraser River_SP_1.3,UFR-spring,DU11,CK-12,DOME CREEK,47487,1993,QualFiltered,NA,1995,FALSE
Upper Fraser River_SP_1.3,UFR-spring,DU11,CK-12,DOME CREEK,47487,1994,QualFiltered,NA,1995,FALSE
Upper Fraser River_SP_1.3,UFR-spring,DU11,CK-12,DOME CREEK,47487,1995,INFILL,551.3443826,1995,TRUE
Upper Fraser River_SP_1.3,UFR-spring,DU11,CK-12,DOME CREEK,47487,1996,INFILL,376.1448603,1995,TRUE
Upper Fraser River_SP_1.3,UFR-spring,DU11,CK-12,DOME CREEK,47487,1997,INFILL,355.8401713,1995,TRUE
Upper Fraser River_SP_1.3,UFR-spring,DU11,CK-12,DOME CREEK,47487,1998,TRUE ABUNDANCE (TYPE-1),435,1995,TRUE
Upper Fraser River_SP_1.3,UFR-spring,DU11,CK-12,DOME CREEK,47487,1999,TRUE ABUNDANCE (TYPE-1),342,1995,TRUE
Upper Fraser River_SP_1.3,UFR-spring,DU11,CK-12,DOME CREEK,47487,2000,TRUE ABUNDANCE (TYPE-1),280,1995,TRUE
Upper Fraser River_SP_1.3,UFR-spring,DU11,CK-12,DOME CREEK,47487,2001,TRUE ABUNDANCE (TYPE-1),385,1995,TRUE
Upper Fraser River_SP_1.3,UFR-spring,DU11,CK-12,DOME CREEK,47487,2002,TRUE ABUNDANCE (TYPE-2),574,1995,TRUE
Upper Fraser River_SP_1.3,UFR-spring,DU11,CK-12,DOME CREEK,47487,2003,TRUE ABUNDANCE (TYPE-2),505,1995,TRUE
Upper Fraser River_SP_1.3,UFR-spring,DU11,CK-12,DOME CREEK,47487,2004,TRUE ABUNDANCE (TYPE-1),228,1995,TRUE
Upper Fraser River_SP_1.3,UFR-spring,DU11,CK-12,DOME CREEK,47487,2005,TRUE ABUNDANCE (TYPE-1),253,1995,TRUE
Upper Fraser River_SP_1.3,UFR-spring,DU11,CK-12,DOME CREEK,47487,2006,TRUE ABUNDANCE (TYPE-1),248,1995,TRUE
Upper Fraser River_SP_1.3,UFR-spring,DU11,CK-12,DOME CREEK,47487,2007,TRUE ABUNDANCE (TYPE-1),181,1995,TRUE
Upper Fraser River_SP_1.3,UFR-spring,DU11,CK-12,DOME CREEK,47487,2008,TRUE ABUNDANCE (TYPE-1),226,1995,TRUE
Upper Fraser River_SP_1.3,UFR-spring,DU11,CK-12,DOME CREEK,47487,2009,INFILL,323.8139859,1995,TRUE
Upper Fraser River_SP_1.3,UFR-spring,DU11,CK-12,DOME CREEK,47487,2010,INFILL,141.9568163,1995,TRUE
Upper Fraser River_SP_1.3,UFR-spring,DU11,CK-12,DOME CREEK,47487,2011,INFILL,112.1442965,1995,TRUE
Upper Fraser River_SP_1.3,UFR-spring,DU11,CK-12,DOME CREEK,47487,2012,INFILL,107.2017897,1995,TRUE
Upper Fraser River_SP_1.3,UFR-spring,DU11,CK-12,DOME CREEK,47487,2013,INFILL,180.3049443,1995,TRUE
Upper Fraser River_SP_1.3,UFR-spring,DU11,CK-12,DOME CREEK,47487,2014,INFILL,310.0870127,1995,TRUE
Upper Fraser River_SP_1.3,UFR-spring,DU11,CK-12,DOME CREEK,47487,2015,INFILL,237.0797018,1995,TRUE
Upper Fraser River_SP_1.3,UFR-spring,DU11,CK-12,DOME CREEK,47487,2016,INFILL,188.9182747,1995,TRUE
Upper Fraser River_SP_1.3,UFR-spring,DU11,CK-12,DOME CREEK,47487,2017,INFILL,102.1407205,1995,TRUE
Upper Fraser River_SP_1.3,UFR-spring,DU11,CK-12,DOME CREEK,47487,2018,INFILL,109.8184875,1995,TRUE
Upper Fraser River_SP_1.3,UFR-spring,DU11,CK-12,DOME CREEK,47487,2019,INFILL,30.50107459,1995,TRUE
Upper Fraser River_SP_1.3,UFR-spring,DU11,CK-12,DOME CREEK,47487,2020,INFILL,211.3548907,1995,TRUE
Upper Fraser River_SP_1.3,UFR-spring,DU11,CK-12,DOME CREEK,47487,2021,INFILL,214.2863107,1995,TRUE
Upper Fraser River_SP_1.3,UFR-spring,DU11,CK-12,DOME CREEK,47487,2022,INFILL,297.5267758,1995,TRUE
Upper Fraser River_SP_1.3,UFR-spring,DU11,CK-12,DOME CREEK,47487,2023,INFILL,205.1904074,1995,TRUE
Upper Fraser River_SP_1.3,UFR-spring,DU11,CK-12,TORPY RIVER,47497,1975,QualFiltered,NA,1995,FALSE
Upper Fraser River_SP_1.3,UFR-spring,DU11,CK-12,TORPY RIVER,47497,1976,QualFiltered,NA,1995,FALSE
Upper Fraser River_SP_1.3,UFR-spring,DU11,CK-12,TORPY RIVER,47497,1977,QualFiltered,NA,1995,FALSE
Upper Fraser River_SP_1.3,UFR-spring,DU11,CK-12,TORPY RIVER,47497,1978,QualFiltered,NA,1995,FALSE
Upper Fraser River_SP_1.3,UFR-spring,DU11,CK-12,TORPY RIVER,47497,1979,QualFiltered,NA,1995,FALSE
Upper Fraser River_SP_1.3,UFR-spring,DU11,CK-12,TORPY RIVER,47497,1980,QualFiltered,NA,1995,FALSE
Upper Fraser River_SP_1.3,UFR-spring,DU11,CK-12,TORPY RIVER,47497,1981,QualFiltered,NA,1995,FALSE
Upper Fraser River_SP_1.3,UFR-spring,DU11,CK-12,TORPY RIVER,47497,1982,QualFiltered,NA,1995,FALSE
Upper Fraser River_SP_1.3,UFR-spring,DU11,CK-12,TORPY RIVER,47497,1983,QualFiltered,NA,1995,FALSE
Upper Fraser River_SP_1.3,UFR-spring,DU11,CK-12,TORPY RIVER,47497,1984,QualFiltered,NA,1995,FALSE
Upper Fraser River_SP_1.3,UFR-spring,DU11,CK-12,TORPY RIVER,47497,1985,QualFiltered,NA,1995,FALSE
Upper Fraser River_SP_1.3,UFR-spring,DU11,CK-12,TORPY RIVER,47497,1986,QualFiltered,NA,1995,FALSE
Upper Fraser River_SP_1.3,UFR-spring,DU11,CK-12,TORPY RIVER,47497,1987,QualFiltered,NA,1995,FALSE
Upper Fraser River_SP_1.3,UFR-spring,DU11,CK-12,TORPY RIVER,47497,1988,QualFiltered,NA,1995,FALSE
Upper Fraser River_SP_1.3,UFR-spring,DU11,CK-12,TORPY RIVER,47497,1989,QualFiltered,NA,1995,FALSE
Upper Fraser River_SP_1.3,UFR-spring,DU11,CK-12,TORPY RIVER,47497,1990,QualFiltered,NA,1995,FALSE
Upper Fraser River_SP_1.3,UFR-spring,DU11,CK-12,TORPY RIVER,47497,1991,QualFiltered,NA,1995,FALSE
Upper Fraser River_SP_1.3,UFR-spring,DU11,CK-12,TORPY RIVER,47497,1992,QualFiltered,NA,1995,FALSE
Upper Fraser River_SP_1.3,UFR-spring,DU11,CK-12,TORPY RIVER,47497,1993,QualFiltered,NA,1995,FALSE
Upper Fraser River_SP_1.3,UFR-spring,DU11,CK-12,TORPY RIVER,47497,1994,QualFiltered,NA,1995,FALSE
Upper Fraser River_SP_1.3,UFR-spring,DU11,CK-12,TORPY RIVER,47497,1995,RELATIVE ABUNDANCE (TYPE-4),311,1995,TRUE
Upper Fraser River_SP_1.3,UFR-spring,DU11,CK-12,TORPY RIVER,47497,1996,RELATIVE ABUNDANCE (TYPE-4),738,1995,TRUE
Upper Fraser River_SP_1.3,UFR-spring,DU11,CK-12,TORPY RIVER,47497,1997,RELATIVE ABUNDANCE (TYPE-4),1042,1995,TRUE
Upper Fraser River_SP_1.3,UFR-spring,DU11,CK-12,TORPY RIVER,47497,1998,RELATIVE ABUNDANCE (TYPE-4),2293,1995,TRUE
Upper Fraser River_SP_1.3,UFR-spring,DU11,CK-12,TORPY RIVER,47497,1999,RELATIVE ABUNDANCE (TYPE-4),1503,1995,TRUE
Upper Fraser River_SP_1.3,UFR-spring,DU11,CK-12,TORPY RIVER,47497,2000,RELATIVE ABUNDANCE (TYPE-4),1466,1995,TRUE
Upper Fraser River_SP_1.3,UFR-spring,DU11,CK-12,TORPY RIVER,47497,2001,RELATIVE ABUNDANCE (TYPE-4),1688,1995,TRUE
Upper Fraser River_SP_1.3,UFR-spring,DU11,CK-12,TORPY RIVER,47497,2002,RELATIVE ABUNDANCE (TYPE-4),1688,1995,TRUE
Upper Fraser River_SP_1.3,UFR-spring,DU11,CK-12,TORPY RIVER,47497,2003,RELATIVE ABUNDANCE (TYPE-4),965,1995,TRUE
Upper Fraser River_SP_1.3,UFR-spring,DU11,CK-12,TORPY RIVER,47497,2004,RELATIVE ABUNDANCE (TYPE-4),311,1995,TRUE
Upper Fraser River_SP_1.3,UFR-spring,DU11,CK-12,TORPY RIVER,47497,2005,RELATIVE ABUNDANCE (TYPE-4),1657,1995,TRUE
Upper Fraser River_SP_1.3,UFR-spring,DU11,CK-12,TORPY RIVER,47497,2006,RELATIVE ABUNDANCE (TYPE-4),965,1995,TRUE
Upper Fraser River_SP_1.3,UFR-spring,DU11,CK-12,TORPY RIVER,47497,2007,RELATIVE ABUNDANCE (TYPE-4),1657,1995,TRUE
Upper Fraser River_SP_1.3,UFR-spring,DU11,CK-12,TORPY RIVER,47497,2008,RELATIVE ABUNDANCE (TYPE-4),941,1995,TRUE
Upper Fraser River_SP_1.3,UFR-spring,DU11,CK-12,TORPY RIVER,47497,2009,RELATIVE ABUNDANCE (TYPE-4),1966,1995,TRUE
Upper Fraser River_SP_1.3,UFR-spring,DU11,CK-12,TORPY RIVER,47497,2010,RELATIVE ABUNDANCE (TYPE-4),905,1995,TRUE
Upper Fraser River_SP_1.3,UFR-spring,DU11,CK-12,TORPY RIVER,47497,2011,RELATIVE ABUNDANCE (TYPE-4),698,1995,TRUE
Upper Fraser River_SP_1.3,UFR-spring,DU11,CK-12,TORPY RIVER,47497,2012,RELATIVE ABUNDANCE (TYPE-4),615,1995,TRUE
Upper Fraser River_SP_1.3,UFR-spring,DU11,CK-12,TORPY RIVER,47497,2013,RELATIVE ABUNDANCE (TYPE-4),1038,1995,TRUE
Upper Fraser River_SP_1.3,UFR-spring,DU11,CK-12,TORPY RIVER,47497,2014,RELATIVE ABUNDANCE (TYPE-4),1160,1995,TRUE
Upper Fraser River_SP_1.3,UFR-spring,DU11,CK-12,TORPY RIVER,47497,2015,RELATIVE ABUNDANCE (TYPE-4),1063,1995,TRUE
Upper Fraser River_SP_1.3,UFR-spring,DU11,CK-12,TORPY RIVER,47497,2016,RELATIVE ABUNDANCE (TYPE-4),715,1995,TRUE
Upper Fraser River_SP_1.3,UFR-spring,DU11,CK-12,TORPY RIVER,47497,2017,RELATIVE ABUNDANCE (TYPE-4),588,1995,TRUE
Upper Fraser River_SP_1.3,UFR-spring,DU11,CK-12,TORPY RIVER,47497,2018,RELATIVE ABUNDANCE (TYPE-4),643,1995,TRUE
Upper Fraser River_SP_1.3,UFR-spring,DU11,CK-12,TORPY RIVER,47497,2019,RELATIVE ABUNDANCE (TYPE-4),8,1995,TRUE
Upper Fraser River_SP_1.3,UFR-spring,DU11,CK-12,TORPY RIVER,47497,2020,RELATIVE ABUNDANCE (TYPE-4),469,1995,TRUE
Upper Fraser River_SP_1.3,UFR-spring,DU11,CK-12,TORPY RIVER,47497,2021,RELATIVE ABUNDANCE (TYPE-4),909,1995,TRUE
Upper Fraser River_SP_1.3,UFR-spring,DU11,CK-12,TORPY RIVER,47497,2022,RELATIVE ABUNDANCE (TYPE-4),1076,1995,TRUE
Upper Fraser River_SP_1.3,UFR-spring,DU11,CK-12,TORPY RIVER,47497,2023,RELATIVE ABUNDANCE (TYPE-4),717,1995,TRUE
Upper Fraser River_SP_1.3,UFR-spring,DU11,CK-12,WALKER CREEK,47507,1975,QualFiltered,NA,1995,FALSE
Upper Fraser River_SP_1.3,UFR-spring,DU11,CK-12,WALKER CREEK,47507,1976,QualFiltered,NA,1995,FALSE
Upper Fraser River_SP_1.3,UFR-spring,DU11,CK-12,WALKER CREEK,47507,1977,QualFiltered,NA,1995,FALSE
Upper Fraser River_SP_1.3,UFR-spring,DU11,CK-12,WALKER CREEK,47507,1978,QualFiltered,NA,1995,FALSE
Upper Fraser River_SP_1.3,UFR-spring,DU11,CK-12,WALKER CREEK,47507,1979,QualFiltered,NA,1995,FALSE
Upper Fraser River_SP_1.3,UFR-spring,DU11,CK-12,WALKER CREEK,47507,1980,QualFiltered,NA,1995,FALSE
Upper Fraser River_SP_1.3,UFR-spring,DU11,CK-12,WALKER CREEK,47507,1981,QualFiltered,NA,1995,FALSE
Upper Fraser River_SP_1.3,UFR-spring,DU11,CK-12,WALKER CREEK,47507,1982,QualFiltered,NA,1995,FALSE
Upper Fraser River_SP_1.3,UFR-spring,DU11,CK-12,WALKER CREEK,47507,1983,QualFiltered,NA,1995,FALSE
Upper Fraser River_SP_1.3,UFR-spring,DU11,CK-12,WALKER CREEK,47507,1984,QualFiltered,NA,1995,FALSE
Upper Fraser River_SP_1.3,UFR-spring,DU11,CK-12,WALKER CREEK,47507,1985,QualFiltered,NA,1995,FALSE
Upper Fraser River_SP_1.3,UFR-spring,DU11,CK-12,WALKER CREEK,47507,1986,QualFiltered,NA,1995,FALSE
Upper Fraser River_SP_1.3,UFR-spring,DU11,CK-12,WALKER CREEK,47507,1987,QualFiltered,NA,1995,FALSE
Upper Fraser River_SP_1.3,UFR-spring,DU11,CK-12,WALKER CREEK,47507,1988,QualFiltered,NA,1995,FALSE
Upper Fraser River_SP_1.3,UFR-spring,DU11,CK-12,WALKER CREEK,47507,1989,QualFiltered,NA,1995,FALSE
Upper Fraser River_SP_1.3,UFR-spring,DU11,CK-12,WALKER CREEK,47507,1990,QualFiltered,NA,1995,FALSE
Upper Fraser River_SP_1.3,UFR-spring,DU11,CK-12,WALKER CREEK,47507,1991,QualFiltered,NA,1995,FALSE
Upper Fraser River_SP_1.3,UFR-spring,DU11,CK-12,WALKER CREEK,47507,1992,QualFiltered,NA,1995,FALSE
Upper Fraser River_SP_1.3,UFR-spring,DU11,CK-12,WALKER CREEK,47507,1993,QualFiltered,NA,1995,FALSE
Upper Fraser River_SP_1.3,UFR-spring,DU11,CK-12,WALKER CREEK,47507,1994,QualFiltered,NA,1995,FALSE
Upper Fraser River_SP_1.3,UFR-spring,DU11,CK-12,WALKER CREEK,47507,1995,RELATIVE ABUNDANCE (TYPE-4),1657,1995,TRUE
Upper Fraser River_SP_1.3,UFR-spring,DU11,CK-12,WALKER CREEK,47507,1996,RELATIVE ABUNDANCE (TYPE-4),328,1995,TRUE
Upper Fraser River_SP_1.3,UFR-spring,DU11,CK-12,WALKER CREEK,47507,1997,RELATIVE ABUNDANCE (TYPE-4),94,1995,TRUE
Upper Fraser River_SP_1.3,UFR-spring,DU11,CK-12,WALKER CREEK,47507,1998,RELATIVE ABUNDANCE (TYPE-4),392,1995,TRUE
Upper Fraser River_SP_1.3,UFR-spring,DU11,CK-12,WALKER CREEK,47507,1999,RELATIVE ABUNDANCE (TYPE-4),206,1995,TRUE
Upper Fraser River_SP_1.3,UFR-spring,DU11,CK-12,WALKER CREEK,47507,2000,RELATIVE ABUNDANCE (TYPE-4),252,1995,TRUE
Upper Fraser River_SP_1.3,UFR-spring,DU11,CK-12,WALKER CREEK,47507,2001,RELATIVE ABUNDANCE (TYPE-4),715,1995,TRUE
Upper Fraser River_SP_1.3,UFR-spring,DU11,CK-12,WALKER CREEK,47507,2002,RELATIVE ABUNDANCE (TYPE-4),715,1995,TRUE
Upper Fraser River_SP_1.3,UFR-spring,DU11,CK-12,WALKER CREEK,47507,2003,RELATIVE ABUNDANCE (TYPE-4),3447,1995,TRUE
Upper Fraser River_SP_1.3,UFR-spring,DU11,CK-12,WALKER CREEK,47507,2004,RELATIVE ABUNDANCE (TYPE-4),1657,1995,TRUE
Upper Fraser River_SP_1.3,UFR-spring,DU11,CK-12,WALKER CREEK,47507,2005,RELATIVE ABUNDANCE (TYPE-4),2491,1995,TRUE
Upper Fraser River_SP_1.3,UFR-spring,DU11,CK-12,WALKER CREEK,47507,2006,RELATIVE ABUNDANCE (TYPE-4),3447,1995,TRUE
Upper Fraser River_SP_1.3,UFR-spring,DU11,CK-12,WALKER CREEK,47507,2007,RELATIVE ABUNDANCE (TYPE-4),2491,1995,TRUE
Upper Fraser River_SP_1.3,UFR-spring,DU11,CK-12,WALKER CREEK,47507,2008,RELATIVE ABUNDANCE (TYPE-4),189,1995,TRUE
Upper Fraser River_SP_1.3,UFR-spring,DU11,CK-12,WALKER CREEK,47507,2009,RELATIVE ABUNDANCE (TYPE-4),494,1995,TRUE
Upper Fraser River_SP_1.3,UFR-spring,DU11,CK-12,WALKER CREEK,47507,2010,RELATIVE ABUNDANCE (TYPE-4),75,1995,TRUE
Upper Fraser River_SP_1.3,UFR-spring,DU11,CK-12,WALKER CREEK,47507,2011,RELATIVE ABUNDANCE (TYPE-4),80,1995,TRUE
Upper Fraser River_SP_1.3,UFR-spring,DU11,CK-12,WALKER CREEK,47507,2012,RELATIVE ABUNDANCE (TYPE-4),40,1995,TRUE
Upper Fraser River_SP_1.3,UFR-spring,DU11,CK-12,WALKER CREEK,47507,2013,RELATIVE ABUNDANCE (TYPE-4),294,1995,TRUE
Upper Fraser River_SP_1.3,UFR-spring,DU11,CK-12,WALKER CREEK,47507,2014,RELATIVE ABUNDANCE (TYPE-4),294,1995,TRUE
Upper Fraser River_SP_1.3,UFR-spring,DU11,CK-12,WALKER CREEK,47507,2015,RELATIVE ABUNDANCE (TYPE-4),46,1995,TRUE
Upper Fraser River_SP_1.3,UFR-spring,DU11,CK-12,WALKER CREEK,47507,2016,RELATIVE ABUNDANCE (TYPE-4),128,1995,TRUE
Upper Fraser River_SP_1.3,UFR-spring,DU11,CK-12,WALKER CREEK,47507,2017,RELATIVE ABUNDANCE (TYPE-4),166,1995,TRUE
Upper Fraser River_SP_1.3,UFR-spring,DU11,CK-12,WALKER CREEK,47507,2018,RELATIVE ABUNDANCE (TYPE-4),112,1995,TRUE
Upper Fraser River_SP_1.3,UFR-spring,DU11,CK-12,WALKER CREEK,47507,2019,RELATIVE ABUNDANCE (TYPE-4),0,1995,TRUE
Upper Fraser River_SP_1.3,UFR-spring,DU11,CK-12,WALKER CREEK,47507,2020,RELATIVE ABUNDANCE (TYPE-4),60,1995,TRUE
Upper Fraser River_SP_1.3,UFR-spring,DU11,CK-12,WALKER CREEK,47507,2021,RELATIVE ABUNDANCE (TYPE-4),122,1995,TRUE
Upper Fraser River_SP_1.3,UFR-spring,DU11,CK-12,WALKER CREEK,47507,2022,RELATIVE ABUNDANCE (TYPE-4),185,1995,TRUE
Upper Fraser River_SP_1.3,UFR-spring,DU11,CK-12,WALKER CREEK,47507,2023,RELATIVE ABUNDANCE (TYPE-4),115,1995,TRUE
Upper Fraser River_SP_1.3,UFR-spring,DU11,CK-12,PTARMIGAN CREEK,47517,1986,QualFiltered,NA,1995,FALSE
Upper Fraser River_SP_1.3,UFR-spring,DU11,CK-12,PTARMIGAN CREEK,47517,1987,QualFiltered,NA,1995,FALSE
Upper Fraser River_SP_1.3,UFR-spring,DU11,CK-12,PTARMIGAN CREEK,47517,1988,QualFiltered,NA,1995,FALSE
Upper Fraser River_SP_1.3,UFR-spring,DU11,CK-12,PTARMIGAN CREEK,47517,1990,QualFiltered,NA,1995,FALSE
Upper Fraser River_SP_1.3,UFR-spring,DU11,CK-12,PTARMIGAN CREEK,47517,1991,QualFiltered,NA,1995,FALSE
Upper Fraser River_SP_1.3,UFR-spring,DU11,CK-12,PTARMIGAN CREEK,47517,1992,QualFiltered,NA,1995,FALSE
Upper Fraser River_SP_1.3,UFR-spring,DU11,CK-12,PTARMIGAN CREEK,47517,1993,QualFiltered,NA,1995,FALSE
Upper Fraser River_SP_1.3,UFR-spring,DU11,CK-12,PTARMIGAN CREEK,47517,1994,QualFiltered,NA,1995,FALSE
Upper Fraser River_SP_1.3,UFR-spring,DU11,CK-12,PTARMIGAN CREEK,47517,1996,QualFiltered,NA,1995,TRUE
Upper Fraser River_SP_1.3,UFR-spring,DU11,CK-12,PTARMIGAN CREEK,47517,1997,QualFiltered,NA,1995,TRUE
Upper Fraser River_SP_1.3,UFR-spring,DU11,CK-12,PTARMIGAN CREEK,47517,1998,QualFiltered,NA,1995,TRUE
Upper Fraser River_SP_1.3,UFR-spring,DU11,CK-12,PTARMIGAN CREEK,47517,1999,RELATIVE ABUNDANCE (TYPE-4),NA,1995,TRUE
Upper Fraser River_SP_1.3,UFR-spring,DU11,CK-12,PTARMIGAN CREEK,47517,2000,RELATIVE ABUNDANCE (TYPE-4),NA,1995,TRUE
Upper Fraser River_SP_1.3,UFR-spring,DU11,CK-12,PTARMIGAN CREEK,47517,2001,QualFiltered,NA,1995,TRUE
Upper Fraser River_SP_1.3,UFR-spring,DU11,CK-12,PTARMIGAN CREEK,47517,2002,RELATIVE ABUNDANCE (TYPE-4),NA,1995,TRUE
Upper Fraser River_SP_1.3,UFR-spring,DU11,CK-12,PTARMIGAN CREEK,47517,2003,RELATIVE ABUNDANCE (TYPE-4),NA,1995,TRUE
Upper Fraser River_SP_1.3,UFR-spring,DU11,CK-12,SNOWSHOE CREEK,47519,1986,QualFiltered,NA,1995,FALSE
Upper Fraser River_SP_1.3,UFR-spring,DU11,CK-12,SNOWSHOE CREEK,47519,1988,QualFiltered,NA,1995,FALSE
Upper Fraser River_SP_1.3,UFR-spring,DU11,CK-12,SNOWSHOE CREEK,47519,1990,QualFiltered,NA,1995,FALSE
Upper Fraser River_SP_1.3,UFR-spring,DU11,CK-12,SNOWSHOE CREEK,47519,1991,QualFiltered,NA,1995,FALSE
Upper Fraser River_SP_1.3,UFR-spring,DU11,CK-12,SNOWSHOE CREEK,47519,1996,QualFiltered,NA,1995,TRUE
Upper Fraser River_SP_1.3,UFR-spring,DU11,CK-12,SNOWSHOE CREEK,47519,1997,QualFiltered,NA,1995,TRUE
Upper Fraser River_SP_1.3,UFR-spring,DU11,CK-12,SNOWSHOE CREEK,47519,1998,QualFiltered,NA,1995,TRUE
Upper Fraser River_SP_1.3,UFR-spring,DU11,CK-12,SNOWSHOE CREEK,47519,1999,QualFiltered,NA,1995,TRUE
Upper Fraser River_SP_1.3,UFR-spring,DU11,CK-12,SNOWSHOE CREEK,47519,2000,QualFiltered,NA,1995,TRUE
Upper Fraser River_SP_1.3,UFR-spring,DU11,CK-12,SNOWSHOE CREEK,47519,2001,QualFiltered,NA,1995,TRUE
Upper Fraser River_SP_1.3,UFR-spring,DU11,CK-12,SNOWSHOE CREEK,47519,2002,RELATIVE ABUNDANCE (TYPE-4),NA,1995,TRUE
Upper Fraser River_SP_1.3,UFR-spring,DU11,CK-12,SNOWSHOE CREEK,47519,2003,QualFiltered,NA,1995,TRUE
Upper Fraser River_SP_1.3,UFR-spring,DU11,CK-12,MORKILL RIVER,47528,1975,QualFiltered,NA,1995,FALSE
Upper Fraser River_SP_1.3,UFR-spring,DU11,CK-12,MORKILL RIVER,47528,1976,QualFiltered,NA,1995,FALSE
Upper Fraser River_SP_1.3,UFR-spring,DU11,CK-12,MORKILL RIVER,47528,1977,QualFiltered,NA,1995,FALSE
Upper Fraser River_SP_1.3,UFR-spring,DU11,CK-12,MORKILL RIVER,47528,1978,QualFiltered,NA,1995,FALSE
Upper Fraser River_SP_1.3,UFR-spring,DU11,CK-12,MORKILL RIVER,47528,1979,QualFiltered,NA,1995,FALSE
Upper Fraser River_SP_1.3,UFR-spring,DU11,CK-12,MORKILL RIVER,47528,1980,QualFiltered,NA,1995,FALSE
Upper Fraser River_SP_1.3,UFR-spring,DU11,CK-12,MORKILL RIVER,47528,1981,QualFiltered,NA,1995,FALSE
Upper Fraser River_SP_1.3,UFR-spring,DU11,CK-12,MORKILL RIVER,47528,1982,QualFiltered,NA,1995,FALSE
Upper Fraser River_SP_1.3,UFR-spring,DU11,CK-12,MORKILL RIVER,47528,1983,QualFiltered,NA,1995,FALSE
Upper Fraser River_SP_1.3,UFR-spring,DU11,CK-12,MORKILL RIVER,47528,1984,QualFiltered,NA,1995,FALSE
Upper Fraser River_SP_1.3,UFR-spring,DU11,CK-12,MORKILL RIVER,47528,1985,QualFiltered,NA,1995,FALSE
Upper Fraser River_SP_1.3,UFR-spring,DU11,CK-12,MORKILL RIVER,47528,1986,QualFiltered,NA,1995,FALSE
Upper Fraser River_SP_1.3,UFR-spring,DU11,CK-12,MORKILL RIVER,47528,1987,QualFiltered,NA,1995,FALSE
Upper Fraser River_SP_1.3,UFR-spring,DU11,CK-12,MORKILL RIVER,47528,1988,QualFiltered,NA,1995,FALSE
Upper Fraser River_SP_1.3,UFR-spring,DU11,CK-12,MORKILL RIVER,47528,1989,QualFiltered,NA,1995,FALSE
Upper Fraser River_SP_1.3,UFR-spring,DU11,CK-12,MORKILL RIVER,47528,1990,QualFiltered,NA,1995,FALSE
Upper Fraser River_SP_1.3,UFR-spring,DU11,CK-12,MORKILL RIVER,47528,1991,QualFiltered,NA,1995,FALSE
Upper Fraser River_SP_1.3,UFR-spring,DU11,CK-12,MORKILL RIVER,47528,1992,QualFiltered,NA,1995,FALSE
Upper Fraser River_SP_1.3,UFR-spring,DU11,CK-12,MORKILL RIVER,47528,1993,QualFiltered,NA,1995,FALSE
Upper Fraser River_SP_1.3,UFR-spring,DU11,CK-12,MORKILL RIVER,47528,1994,QualFiltered,NA,1995,FALSE
Upper Fraser River_SP_1.3,UFR-spring,DU11,CK-12,MORKILL RIVER,47528,1995,RELATIVE ABUNDANCE (TYPE-4),314,1995,TRUE
Upper Fraser River_SP_1.3,UFR-spring,DU11,CK-12,MORKILL RIVER,47528,1996,RELATIVE ABUNDANCE (TYPE-4),500,1995,TRUE
Upper Fraser River_SP_1.3,UFR-spring,DU11,CK-12,MORKILL RIVER,47528,1997,RELATIVE ABUNDANCE (TYPE-4),549,1995,TRUE
Upper Fraser River_SP_1.3,UFR-spring,DU11,CK-12,MORKILL RIVER,47528,1998,RELATIVE ABUNDANCE (TYPE-4),1788,1995,TRUE
Upper Fraser River_SP_1.3,UFR-spring,DU11,CK-12,MORKILL RIVER,47528,1999,RELATIVE ABUNDANCE (TYPE-4),591,1995,TRUE
Upper Fraser River_SP_1.3,UFR-spring,DU11,CK-12,MORKILL RIVER,47528,2000,RELATIVE ABUNDANCE (TYPE-4),694,1995,TRUE
Upper Fraser River_SP_1.3,UFR-spring,DU11,CK-12,MORKILL RIVER,47528,2001,INFILL,899.1293086,1995,TRUE
Upper Fraser River_SP_1.3,UFR-spring,DU11,CK-12,MORKILL RIVER,47528,2002,INFILL,1031.766414,1995,TRUE
Upper Fraser River_SP_1.3,UFR-spring,DU11,CK-12,MORKILL RIVER,47528,2003,RELATIVE ABUNDANCE (TYPE-4),241,1995,TRUE
Upper Fraser River_SP_1.3,UFR-spring,DU11,CK-12,MORKILL RIVER,47528,2004,RELATIVE ABUNDANCE (TYPE-4),1044,1995,TRUE
Upper Fraser River_SP_1.3,UFR-spring,DU11,CK-12,MORKILL RIVER,47528,2005,RELATIVE ABUNDANCE (TYPE-4),386,1995,TRUE
Upper Fraser River_SP_1.3,UFR-spring,DU11,CK-12,MORKILL RIVER,47528,2006,RELATIVE ABUNDANCE (TYPE-4),549,1995,TRUE
Upper Fraser River_SP_1.3,UFR-spring,DU11,CK-12,MORKILL RIVER,47528,2007,RELATIVE ABUNDANCE (TYPE-4),410,1995,TRUE
Upper Fraser River_SP_1.3,UFR-spring,DU11,CK-12,MORKILL RIVER,47528,2008,RELATIVE ABUNDANCE (TYPE-4),185,1995,TRUE
Upper Fraser River_SP_1.3,UFR-spring,DU11,CK-12,MORKILL RIVER,47528,2009,RELATIVE ABUNDANCE (TYPE-4),1309,1995,TRUE
Upper Fraser River_SP_1.3,UFR-spring,DU11,CK-12,MORKILL RIVER,47528,2010,RELATIVE ABUNDANCE (TYPE-4),482,1995,TRUE
Upper Fraser River_SP_1.3,UFR-spring,DU11,CK-12,MORKILL RIVER,47528,2011,RELATIVE ABUNDANCE (TYPE-4),71,1995,TRUE
Upper Fraser River_SP_1.3,UFR-spring,DU11,CK-12,MORKILL RIVER,47528,2012,RELATIVE ABUNDANCE (TYPE-4),6,1995,TRUE
Upper Fraser River_SP_1.3,UFR-spring,DU11,CK-12,MORKILL RIVER,47528,2013,RELATIVE ABUNDANCE (TYPE-4),300,1995,TRUE
Upper Fraser River_SP_1.3,UFR-spring,DU11,CK-12,MORKILL RIVER,47528,2014,RELATIVE ABUNDANCE (TYPE-4),466,1995,TRUE
Upper Fraser River_SP_1.3,UFR-spring,DU11,CK-12,MORKILL RIVER,47528,2015,RELATIVE ABUNDANCE (TYPE-4),828,1995,TRUE
Upper Fraser River_SP_1.3,UFR-spring,DU11,CK-12,MORKILL RIVER,47528,2016,INFILL,309.8399186,1995,TRUE
Upper Fraser River_SP_1.3,UFR-spring,DU11,CK-12,MORKILL RIVER,47528,2017,INFILL,167.5183228,1995,TRUE
Upper Fraser River_SP_1.3,UFR-spring,DU11,CK-12,MORKILL RIVER,47528,2018,INFILL,180.1104275,1995,TRUE
Upper Fraser River_SP_1.3,UFR-spring,DU11,CK-12,MORKILL RIVER,47528,2019,INFILL,50.02401426,1995,TRUE
Upper Fraser River_SP_1.3,UFR-spring,DU11,CK-12,MORKILL RIVER,47528,2020,INFILL,346.6376253,1995,TRUE
Upper Fraser River_SP_1.3,UFR-spring,DU11,CK-12,MORKILL RIVER,47528,2021,INFILL,351.4453705,1995,TRUE
Upper Fraser River_SP_1.3,UFR-spring,DU11,CK-12,MORKILL RIVER,47528,2022,INFILL,487.9658789,1995,TRUE
Upper Fraser River_SP_1.3,UFR-spring,DU11,CK-12,MORKILL RIVER,47528,2023,RELATIVE ABUNDANCE (TYPE-4),192,1995,TRUE
Upper Fraser River_SP_1.3,UFR-spring,DU11,CK-12,GOAT RIVER,47538,1975,QualFiltered,NA,1995,FALSE
Upper Fraser River_SP_1.3,UFR-spring,DU11,CK-12,GOAT RIVER,47538,1976,QualFiltered,NA,1995,FALSE
Upper Fraser River_SP_1.3,UFR-spring,DU11,CK-12,GOAT RIVER,47538,1977,QualFiltered,NA,1995,FALSE
Upper Fraser River_SP_1.3,UFR-spring,DU11,CK-12,GOAT RIVER,47538,1978,QualFiltered,NA,1995,FALSE
Upper Fraser River_SP_1.3,UFR-spring,DU11,CK-12,GOAT RIVER,47538,1979,QualFiltered,NA,1995,FALSE
Upper Fraser River_SP_1.3,UFR-spring,DU11,CK-12,GOAT RIVER,47538,1980,QualFiltered,NA,1995,FALSE
Upper Fraser River_SP_1.3,UFR-spring,DU11,CK-12,GOAT RIVER,47538,1981,QualFiltered,NA,1995,FALSE
Upper Fraser River_SP_1.3,UFR-spring,DU11,CK-12,GOAT RIVER,47538,1982,QualFiltered,NA,1995,FALSE
Upper Fraser River_SP_1.3,UFR-spring,DU11,CK-12,GOAT RIVER,47538,1983,QualFiltered,NA,1995,FALSE
Upper Fraser River_SP_1.3,UFR-spring,DU11,CK-12,GOAT RIVER,47538,1984,QualFiltered,NA,1995,FALSE
Upper Fraser River_SP_1.3,UFR-spring,DU11,CK-12,GOAT RIVER,47538,1985,QualFiltered,NA,1995,FALSE
Upper Fraser River_SP_1.3,UFR-spring,DU11,CK-12,GOAT RIVER,47538,1986,QualFiltered,NA,1995,FALSE
Upper Fraser River_SP_1.3,UFR-spring,DU11,CK-12,GOAT RIVER,47538,1987,QualFiltered,NA,1995,FALSE
Upper Fraser River_SP_1.3,UFR-spring,DU11,CK-12,GOAT RIVER,47538,1988,QualFiltered,NA,1995,FALSE
Upper Fraser River_SP_1.3,UFR-spring,DU11,CK-12,GOAT RIVER,47538,1989,QualFiltered,NA,1995,FALSE
Upper Fraser River_SP_1.3,UFR-spring,DU11,CK-12,GOAT RIVER,47538,1990,QualFiltered,NA,1995,FALSE
Upper Fraser River_SP_1.3,UFR-spring,DU11,CK-12,GOAT RIVER,47538,1991,QualFiltered,NA,1995,FALSE
Upper Fraser River_SP_1.3,UFR-spring,DU11,CK-12,GOAT RIVER,47538,1992,QualFiltered,NA,1995,FALSE
Upper Fraser River_SP_1.3,UFR-spring,DU11,CK-12,GOAT RIVER,47538,1993,QualFiltered,NA,1995,FALSE
Upper Fraser River_SP_1.3,UFR-spring,DU11,CK-12,GOAT RIVER,47538,1994,QualFiltered,NA,1995,FALSE
Upper Fraser River_SP_1.3,UFR-spring,DU11,CK-12,GOAT RIVER,47538,1995,INFILL,297.7169208,1995,TRUE
Upper Fraser River_SP_1.3,UFR-spring,DU11,CK-12,GOAT RIVER,47538,1996,INFILL,203.1120532,1995,TRUE
Upper Fraser River_SP_1.3,UFR-spring,DU11,CK-12,GOAT RIVER,47538,1997,INFILL,192.1478543,1995,TRUE
Upper Fraser River_SP_1.3,UFR-spring,DU11,CK-12,GOAT RIVER,47538,1998,RELATIVE ABUNDANCE (TYPE-4),186,1995,TRUE
Upper Fraser River_SP_1.3,UFR-spring,DU11,CK-12,GOAT RIVER,47538,1999,RELATIVE ABUNDANCE (TYPE-4),86,1995,TRUE
Upper Fraser River_SP_1.3,UFR-spring,DU11,CK-12,GOAT RIVER,47538,2000,RELATIVE ABUNDANCE (TYPE-4),212,1995,TRUE
Upper Fraser River_SP_1.3,UFR-spring,DU11,CK-12,GOAT RIVER,47538,2001,RELATIVE ABUNDANCE (TYPE-4),411,1995,TRUE
Upper Fraser River_SP_1.3,UFR-spring,DU11,CK-12,GOAT RIVER,47538,2002,RELATIVE ABUNDANCE (TYPE-4),820,1995,TRUE
Upper Fraser River_SP_1.3,UFR-spring,DU11,CK-12,GOAT RIVER,47538,2003,RELATIVE ABUNDANCE (TYPE-4),569,1995,TRUE
Upper Fraser River_SP_1.3,UFR-spring,DU11,CK-12,GOAT RIVER,47538,2004,RELATIVE ABUNDANCE (TYPE-4),183,1995,TRUE
Upper Fraser River_SP_1.3,UFR-spring,DU11,CK-12,GOAT RIVER,47538,2005,RELATIVE ABUNDANCE (TYPE-4),151,1995,TRUE
Upper Fraser River_SP_1.3,UFR-spring,DU11,CK-12,GOAT RIVER,47538,2006,RELATIVE ABUNDANCE (TYPE-4),172,1995,TRUE
Upper Fraser River_SP_1.3,UFR-spring,DU11,CK-12,GOAT RIVER,47538,2007,RELATIVE ABUNDANCE (TYPE-4),114,1995,TRUE
Upper Fraser River_SP_1.3,UFR-spring,DU11,CK-12,GOAT RIVER,47538,2008,RELATIVE ABUNDANCE (TYPE-4),145,1995,TRUE
Upper Fraser River_SP_1.3,UFR-spring,DU11,CK-12,GOAT RIVER,47538,2009,RELATIVE ABUNDANCE (TYPE-4),311,1995,TRUE
Upper Fraser River_SP_1.3,UFR-spring,DU11,CK-12,GOAT RIVER,47538,2010,RELATIVE ABUNDANCE (TYPE-4),75,1995,TRUE
Upper Fraser River_SP_1.3,UFR-spring,DU11,CK-12,GOAT RIVER,47538,2011,RELATIVE ABUNDANCE (TYPE-4),55,1995,TRUE
Upper Fraser River_SP_1.3,UFR-spring,DU11,CK-12,GOAT RIVER,47538,2012,RELATIVE ABUNDANCE (TYPE-4),35,1995,TRUE
Upper Fraser River_SP_1.3,UFR-spring,DU11,CK-12,GOAT RIVER,47538,2013,RELATIVE ABUNDANCE (TYPE-4),125,1995,TRUE
Upper Fraser River_SP_1.3,UFR-spring,DU11,CK-12,GOAT RIVER,47538,2014,RELATIVE ABUNDANCE (TYPE-4),237,1995,TRUE
Upper Fraser River_SP_1.3,UFR-spring,DU11,CK-12,GOAT RIVER,47538,2015,RELATIVE ABUNDANCE (TYPE-4),115,1995,TRUE
Upper Fraser River_SP_1.3,UFR-spring,DU11,CK-12,GOAT RIVER,47538,2016,RELATIVE ABUNDANCE (TYPE-4),65,1995,TRUE
Upper Fraser River_SP_1.3,UFR-spring,DU11,CK-12,GOAT RIVER,47538,2017,RELATIVE ABUNDANCE (TYPE-4),42,1995,TRUE
Upper Fraser River_SP_1.3,UFR-spring,DU11,CK-12,GOAT RIVER,47538,2018,RELATIVE ABUNDANCE (TYPE-4),55,1995,TRUE
Upper Fraser River_SP_1.3,UFR-spring,DU11,CK-12,GOAT RIVER,47538,2019,RELATIVE ABUNDANCE (TYPE-4),2,1995,TRUE
Upper Fraser River_SP_1.3,UFR-spring,DU11,CK-12,GOAT RIVER,47538,2020,RELATIVE ABUNDANCE (TYPE-4),62,1995,TRUE
Upper Fraser River_SP_1.3,UFR-spring,DU11,CK-12,GOAT RIVER,47538,2021,RELATIVE ABUNDANCE (TYPE-4),148,1995,TRUE
Upper Fraser River_SP_1.3,UFR-spring,DU11,CK-12,GOAT RIVER,47538,2022,RELATIVE ABUNDANCE (TYPE-4),112,1995,TRUE
Upper Fraser River_SP_1.3,UFR-spring,DU11,CK-12,GOAT RIVER,47538,2023,INFILL,110.7994534,1995,TRUE
Upper Fraser River_SP_1.3,UFR-spring,DU11,CK-12,MCKALE RIVER,47548,1975,QualFiltered,NA,1995,FALSE
Upper Fraser River_SP_1.3,UFR-spring,DU11,CK-12,MCKALE RIVER,47548,1976,QualFiltered,NA,1995,FALSE
Upper Fraser River_SP_1.3,UFR-spring,DU11,CK-12,MCKALE RIVER,47548,1977,QualFiltered,NA,1995,FALSE
Upper Fraser River_SP_1.3,UFR-spring,DU11,CK-12,MCKALE RIVER,47548,1978,QualFiltered,NA,1995,FALSE
Upper Fraser River_SP_1.3,UFR-spring,DU11,CK-12,MCKALE RIVER,47548,1979,QualFiltered,NA,1995,FALSE
Upper Fraser River_SP_1.3,UFR-spring,DU11,CK-12,MCKALE RIVER,47548,1980,QualFiltered,NA,1995,FALSE
Upper Fraser River_SP_1.3,UFR-spring,DU11,CK-12,MCKALE RIVER,47548,1981,QualFiltered,NA,1995,FALSE
Upper Fraser River_SP_1.3,UFR-spring,DU11,CK-12,MCKALE RIVER,47548,1982,QualFiltered,NA,1995,FALSE
Upper Fraser River_SP_1.3,UFR-spring,DU11,CK-12,MCKALE RIVER,47548,1983,QualFiltered,NA,1995,FALSE
Upper Fraser River_SP_1.3,UFR-spring,DU11,CK-12,MCKALE RIVER,47548,1984,QualFiltered,NA,1995,FALSE
Upper Fraser River_SP_1.3,UFR-spring,DU11,CK-12,MCKALE RIVER,47548,1985,QualFiltered,NA,1995,FALSE
Upper Fraser River_SP_1.3,UFR-spring,DU11,CK-12,MCKALE RIVER,47548,1986,QualFiltered,NA,1995,FALSE
Upper Fraser River_SP_1.3,UFR-spring,DU11,CK-12,MCKALE RIVER,47548,1987,QualFiltered,NA,1995,FALSE
Upper Fraser River_SP_1.3,UFR-spring,DU11,CK-12,MCKALE RIVER,47548,1988,QualFiltered,NA,1995,FALSE
Upper Fraser River_SP_1.3,UFR-spring,DU11,CK-12,MCKALE RIVER,47548,1989,QualFiltered,NA,1995,FALSE
Upper Fraser River_SP_1.3,UFR-spring,DU11,CK-12,MCKALE RIVER,47548,1990,QualFiltered,NA,1995,FALSE
Upper Fraser River_SP_1.3,UFR-spring,DU11,CK-12,MCKALE RIVER,47548,1991,QualFiltered,NA,1995,FALSE
Upper Fraser River_SP_1.3,UFR-spring,DU11,CK-12,MCKALE RIVER,47548,1992,QualFiltered,NA,1995,FALSE
Upper Fraser River_SP_1.3,UFR-spring,DU11,CK-12,MCKALE RIVER,47548,1993,QualFiltered,NA,1995,FALSE
Upper Fraser River_SP_1.3,UFR-spring,DU11,CK-12,MCKALE RIVER,47548,1994,QualFiltered,NA,1995,FALSE
Upper Fraser River_SP_1.3,UFR-spring,DU11,CK-12,MCKALE RIVER,47548,1995,RELATIVE ABUNDANCE (TYPE-4),23,1995,TRUE
Upper Fraser River_SP_1.3,UFR-spring,DU11,CK-12,MCKALE RIVER,47548,1996,INFILL,37.110491,1995,TRUE
Upper Fraser River_SP_1.3,UFR-spring,DU11,CK-12,MCKALE RIVER,47548,1997,INFILL,35.10722828,1995,TRUE
Upper Fraser River_SP_1.3,UFR-spring,DU11,CK-12,MCKALE RIVER,47548,1998,RELATIVE ABUNDANCE (TYPE-4),20,1995,TRUE
Upper Fraser River_SP_1.3,UFR-spring,DU11,CK-12,MCKALE RIVER,47548,1999,INFILL,33.41882376,1995,TRUE
Upper Fraser River_SP_1.3,UFR-spring,DU11,CK-12,MCKALE RIVER,47548,2000,RELATIVE ABUNDANCE (TYPE-4),32,1995,TRUE
Upper Fraser River_SP_1.3,UFR-spring,DU11,CK-12,MCKALE RIVER,47548,2001,RELATIVE ABUNDANCE (TYPE-4),9,1995,TRUE
Upper Fraser River_SP_1.3,UFR-spring,DU11,CK-12,MCKALE RIVER,47548,2002,RELATIVE ABUNDANCE (TYPE-4),122,1995,TRUE
Upper Fraser River_SP_1.3,UFR-spring,DU11,CK-12,MCKALE RIVER,47548,2003,RELATIVE ABUNDANCE (TYPE-4),49,1995,TRUE
Upper Fraser River_SP_1.3,UFR-spring,DU11,CK-12,MCKALE RIVER,47548,2004,RELATIVE ABUNDANCE (TYPE-4),68,1995,TRUE
Upper Fraser River_SP_1.3,UFR-spring,DU11,CK-12,MCKALE RIVER,47548,2005,RELATIVE ABUNDANCE (TYPE-4),78,1995,TRUE
Upper Fraser River_SP_1.3,UFR-spring,DU11,CK-12,MCKALE RIVER,47548,2006,RELATIVE ABUNDANCE (TYPE-4),11,1995,TRUE
Upper Fraser River_SP_1.3,UFR-spring,DU11,CK-12,MCKALE RIVER,47548,2007,RELATIVE ABUNDANCE (TYPE-4),17,1995,TRUE
Upper Fraser River_SP_1.3,UFR-spring,DU11,CK-12,MCKALE RIVER,47548,2008,RELATIVE ABUNDANCE (TYPE-4),18,1995,TRUE
Upper Fraser River_SP_1.3,UFR-spring,DU11,CK-12,MCKALE RIVER,47548,2009,RELATIVE ABUNDANCE (TYPE-4),118,1995,TRUE
Upper Fraser River_SP_1.3,UFR-spring,DU11,CK-12,MCKALE RIVER,47548,2010,RELATIVE ABUNDANCE (TYPE-4),29,1995,TRUE
Upper Fraser River_SP_1.3,UFR-spring,DU11,CK-12,MCKALE RIVER,47548,2011,RELATIVE ABUNDANCE (TYPE-4),35,1995,TRUE
Upper Fraser River_SP_1.3,UFR-spring,DU11,CK-12,MCKALE RIVER,47548,2012,RELATIVE ABUNDANCE (TYPE-4),5,1995,TRUE
Upper Fraser River_SP_1.3,UFR-spring,DU11,CK-12,MCKALE RIVER,47548,2013,RELATIVE ABUNDANCE (TYPE-4),25,1995,TRUE
Upper Fraser River_SP_1.3,UFR-spring,DU11,CK-12,MCKALE RIVER,47548,2014,RELATIVE ABUNDANCE (TYPE-4),23,1995,TRUE
Upper Fraser River_SP_1.3,UFR-spring,DU11,CK-12,MCKALE RIVER,47548,2015,RELATIVE ABUNDANCE (TYPE-4),28,1995,TRUE
Upper Fraser River_SP_1.3,UFR-spring,DU11,CK-12,MCKALE RIVER,47548,2016,RELATIVE ABUNDANCE (TYPE-4),8,1995,TRUE
Upper Fraser River_SP_1.3,UFR-spring,DU11,CK-12,MCKALE RIVER,47548,2017,RELATIVE ABUNDANCE (TYPE-4),6,1995,TRUE
Upper Fraser River_SP_1.3,UFR-spring,DU11,CK-12,MCKALE RIVER,47548,2018,RELATIVE ABUNDANCE (TYPE-4),0,1995,TRUE
Upper Fraser River_SP_1.3,UFR-spring,DU11,CK-12,MCKALE RIVER,47548,2019,INFILL,3.009239189,1995,TRUE
Upper Fraser River_SP_1.3,UFR-spring,DU11,CK-12,MCKALE RIVER,47548,2020,RELATIVE ABUNDANCE (TYPE-4),29,1995,TRUE
Upper Fraser River_SP_1.3,UFR-spring,DU11,CK-12,MCKALE RIVER,47548,2021,RELATIVE ABUNDANCE (TYPE-4),15,1995,TRUE
Upper Fraser River_SP_1.3,UFR-spring,DU11,CK-12,MCKALE RIVER,47548,2022,RELATIVE ABUNDANCE (TYPE-4),43,1995,TRUE
Upper Fraser River_SP_1.3,UFR-spring,DU11,CK-12,MCKALE RIVER,47548,2023,RELATIVE ABUNDANCE (TYPE-4),9,1995,TRUE
Lower Fraser River-Upper Pitt_SU_1.3,LFR-UPITT,DU4,CK-05,PITT RIVER-UPPER,47921,1975,QualFiltered,NA,2002,FALSE
Lower Fraser River-Upper Pitt_SU_1.3,LFR-UPITT,DU4,CK-05,PITT RIVER-UPPER,47921,1976,QualFiltered,NA,2002,FALSE
Lower Fraser River-Upper Pitt_SU_1.3,LFR-UPITT,DU4,CK-05,PITT RIVER-UPPER,47921,1977,QualFiltered,NA,2002,FALSE
Lower Fraser River-Upper Pitt_SU_1.3,LFR-UPITT,DU4,CK-05,PITT RIVER-UPPER,47921,1978,QualFiltered,NA,2002,FALSE
Lower Fraser River-Upper Pitt_SU_1.3,LFR-UPITT,DU4,CK-05,PITT RIVER-UPPER,47921,1979,QualFiltered,NA,2002,FALSE
Lower Fraser River-Upper Pitt_SU_1.3,LFR-UPITT,DU4,CK-05,PITT RIVER-UPPER,47921,1980,QualFiltered,NA,2002,FALSE
Lower Fraser River-Upper Pitt_SU_1.3,LFR-UPITT,DU4,CK-05,PITT RIVER-UPPER,47921,1981,QualFiltered,NA,2002,FALSE
Lower Fraser River-Upper Pitt_SU_1.3,LFR-UPITT,DU4,CK-05,PITT RIVER-UPPER,47921,1982,QualFiltered,NA,2002,FALSE
Lower Fraser River-Upper Pitt_SU_1.3,LFR-UPITT,DU4,CK-05,PITT RIVER-UPPER,47921,1983,QualFiltered,NA,2002,FALSE
Lower Fraser River-Upper Pitt_SU_1.3,LFR-UPITT,DU4,CK-05,PITT RIVER-UPPER,47921,1984,QualFiltered,NA,2002,FALSE
Lower Fraser River-Upper Pitt_SU_1.3,LFR-UPITT,DU4,CK-05,PITT RIVER-UPPER,47921,1985,QualFiltered,NA,2002,FALSE
Lower Fraser River-Upper Pitt_SU_1.3,LFR-UPITT,DU4,CK-05,PITT RIVER-UPPER,47921,1986,QualFiltered,NA,2002,FALSE
Lower Fraser River-Upper Pitt_SU_1.3,LFR-UPITT,DU4,CK-05,PITT RIVER-UPPER,47921,1987,QualFiltered,NA,2002,FALSE
Lower Fraser River-Upper Pitt_SU_1.3,LFR-UPITT,DU4,CK-05,PITT RIVER-UPPER,47921,1988,QualFiltered,NA,2002,FALSE
Lower Fraser River-Upper Pitt_SU_1.3,LFR-UPITT,DU4,CK-05,PITT RIVER-UPPER,47921,1989,QualFiltered,NA,2002,FALSE
Lower Fraser River-Upper Pitt_SU_1.3,LFR-UPITT,DU4,CK-05,PITT RIVER-UPPER,47921,1990,QualFiltered,NA,2002,FALSE
Lower Fraser River-Upper Pitt_SU_1.3,LFR-UPITT,DU4,CK-05,PITT RIVER-UPPER,47921,1991,QualFiltered,NA,2002,FALSE
Lower Fraser River-Upper Pitt_SU_1.3,LFR-UPITT,DU4,CK-05,PITT RIVER-UPPER,47921,1992,QualFiltered,NA,2002,FALSE
Lower Fraser River-Upper Pitt_SU_1.3,LFR-UPITT,DU4,CK-05,PITT RIVER-UPPER,47921,1993,QualFiltered,NA,2002,FALSE
Lower Fraser River-Upper Pitt_SU_1.3,LFR-UPITT,DU4,CK-05,PITT RIVER-UPPER,47921,1994,QualFiltered,NA,2002,FALSE
Lower Fraser River-Upper Pitt_SU_1.3,LFR-UPITT,DU4,CK-05,PITT RIVER-UPPER,47921,1995,QualFiltered,NA,2002,FALSE
Lower Fraser River-Upper Pitt_SU_1.3,LFR-UPITT,DU4,CK-05,PITT RIVER-UPPER,47921,1996,QualFiltered,NA,2002,FALSE
Lower Fraser River-Upper Pitt_SU_1.3,LFR-UPITT,DU4,CK-05,PITT RIVER-UPPER,47921,1997,QualFiltered,NA,2002,FALSE
Lower Fraser River-Upper Pitt_SU_1.3,LFR-UPITT,DU4,CK-05,PITT RIVER-UPPER,47921,1998,QualFiltered,NA,2002,FALSE
Lower Fraser River-Upper Pitt_SU_1.3,LFR-UPITT,DU4,CK-05,PITT RIVER-UPPER,47921,1999,QualFiltered,NA,2002,FALSE
Lower Fraser River-Upper Pitt_SU_1.3,LFR-UPITT,DU4,CK-05,PITT RIVER-UPPER,47921,2000,QualFiltered,NA,2002,FALSE
Lower Fraser River-Upper Pitt_SU_1.3,LFR-UPITT,DU4,CK-05,PITT RIVER-UPPER,47921,2001,QualFiltered,NA,2002,FALSE
Lower Fraser River-Upper Pitt_SU_1.3,LFR-UPITT,DU4,CK-05,PITT RIVER-UPPER,47921,2002,RELATIVE ABUNDANCE (TYPE-4),4725,2002,TRUE
Lower Fraser River-Upper Pitt_SU_1.3,LFR-UPITT,DU4,CK-05,PITT RIVER-UPPER,47921,2003,RELATIVE ABUNDANCE (TYPE-4),4725,2002,TRUE
Lower Fraser River-Upper Pitt_SU_1.3,LFR-UPITT,DU4,CK-05,PITT RIVER-UPPER,47921,2004,QualFiltered,NA,2002,TRUE
Lower Fraser River-Upper Pitt_SU_1.3,LFR-UPITT,DU4,CK-05,PITT RIVER-UPPER,47921,2005,RELATIVE ABUNDANCE (TYPE-4),4725,2002,TRUE
Lower Fraser River-Upper Pitt_SU_1.3,LFR-UPITT,DU4,CK-05,PITT RIVER-UPPER,47921,2006,RELATIVE ABUNDANCE (TYPE-4),17072,2002,TRUE
Lower Fraser River-Upper Pitt_SU_1.3,LFR-UPITT,DU4,CK-05,PITT RIVER-UPPER,47921,2007,RELATIVE ABUNDANCE (TYPE-4),17072,2002,TRUE
Lower Fraser River-Upper Pitt_SU_1.3,LFR-UPITT,DU4,CK-05,PITT RIVER-UPPER,47921,2008,RELATIVE ABUNDANCE (TYPE-4),198,2002,TRUE
Lower Fraser River-Upper Pitt_SU_1.3,LFR-UPITT,DU4,CK-05,PITT RIVER-UPPER,47921,2009,RELATIVE ABUNDANCE (TYPE-4),105,2002,TRUE
Lower Fraser River-Upper Pitt_SU_1.3,LFR-UPITT,DU4,CK-05,PITT RIVER-UPPER,47921,2010,RELATIVE ABUNDANCE (TYPE-4),85,2002,TRUE
Lower Fraser River-Upper Pitt_SU_1.3,LFR-UPITT,DU4,CK-05,PITT RIVER-UPPER,47921,2011,RELATIVE ABUNDANCE (TYPE-4),178,2002,TRUE
Lower Fraser River-Upper Pitt_SU_1.3,LFR-UPITT,DU4,CK-05,PITT RIVER-UPPER,47921,2012,RELATIVE ABUNDANCE (TYPE-4),103,2002,TRUE
Lower Fraser River-Upper Pitt_SU_1.3,LFR-UPITT,DU4,CK-05,PITT RIVER-UPPER,47921,2013,QualFiltered,NA,2002,TRUE
Lower Fraser River-Upper Pitt_SU_1.3,LFR-UPITT,DU4,CK-05,PITT RIVER-UPPER,47921,2014,RELATIVE ABUNDANCE (TYPE-4),75,2002,TRUE
Lower Fraser River-Upper Pitt_SU_1.3,LFR-UPITT,DU4,CK-05,PITT RIVER-UPPER,47921,2015,QualFiltered,NA,2002,TRUE
Lower Fraser River-Upper Pitt_SU_1.3,LFR-UPITT,DU4,CK-05,PITT RIVER-UPPER,47921,2016,RELATIVE ABUNDANCE (TYPE-4),49,2002,TRUE
Lower Fraser River-Upper Pitt_SU_1.3,LFR-UPITT,DU4,CK-05,PITT RIVER-UPPER,47921,2017,RELATIVE ABUNDANCE (TYPE-4),74,2002,TRUE
Lower Fraser River-Upper Pitt_SU_1.3,LFR-UPITT,DU4,CK-05,PITT RIVER-UPPER,47921,2018,RELATIVE ABUNDANCE (TYPE-4),175,2002,TRUE
Lower Fraser River-Upper Pitt_SU_1.3,LFR-UPITT,DU4,CK-05,PITT RIVER-UPPER,47921,2019,RELATIVE ABUNDANCE (TYPE-4),18,2002,TRUE
Lower Fraser River-Upper Pitt_SU_1.3,LFR-UPITT,DU4,CK-05,PITT RIVER-UPPER,47921,2020,RELATIVE ABUNDANCE (TYPE-4),46,2002,TRUE
Lower Fraser River-Upper Pitt_SU_1.3,LFR-UPITT,DU4,CK-05,PITT RIVER-UPPER,47921,2021,RELATIVE ABUNDANCE (TYPE-4),86,2002,TRUE
Lower Fraser River-Upper Pitt_SU_1.3,LFR-UPITT,DU4,CK-05,PITT RIVER-UPPER,47921,2022,RELATIVE ABUNDANCE (TYPE-3),11,2002,TRUE
Lower Fraser River-Upper Pitt_SU_1.3,LFR-UPITT,DU4,CK-05,PITT RIVER-UPPER,47921,2023,RELATIVE ABUNDANCE (TYPE-3),69,2002,TRUE
Fraser-Cross-CU Supplementation Exclusion,FR-XCU,DU_NA,CK-9006,STAVE RIVER,48009,1975,QualFiltered,NA,2002,FALSE
Fraser-Cross-CU Supplementation Exclusion,FR-XCU,DU_NA,CK-9006,STAVE RIVER,48009,1976,QualFiltered,NA,2002,FALSE
Fraser-Cross-CU Supplementation Exclusion,FR-XCU,DU_NA,CK-9006,STAVE RIVER,48009,1977,QualFiltered,NA,2002,FALSE
Fraser-Cross-CU Supplementation Exclusion,FR-XCU,DU_NA,CK-9006,STAVE RIVER,48009,1978,QualFiltered,NA,2002,FALSE
Fraser-Cross-CU Supplementation Exclusion,FR-XCU,DU_NA,CK-9006,STAVE RIVER,48009,1979,QualFiltered,NA,2002,FALSE
Fraser-Cross-CU Supplementation Exclusion,FR-XCU,DU_NA,CK-9006,STAVE RIVER,48009,1980,QualFiltered,NA,2002,FALSE
Fraser-Cross-CU Supplementation Exclusion,FR-XCU,DU_NA,CK-9006,STAVE RIVER,48009,1981,QualFiltered,NA,2002,FALSE
Fraser-Cross-CU Supplementation Exclusion,FR-XCU,DU_NA,CK-9006,STAVE RIVER,48009,1982,QualFiltered,NA,2002,FALSE
Fraser-Cross-CU Supplementation Exclusion,FR-XCU,DU_NA,CK-9006,STAVE RIVER,48009,1983,QualFiltered,NA,2002,FALSE
Fraser-Cross-CU Supplementation Exclusion,FR-XCU,DU_NA,CK-9006,STAVE RIVER,48009,1984,QualFiltered,NA,2002,FALSE
Fraser-Cross-CU Supplementation Exclusion,FR-XCU,DU_NA,CK-9006,STAVE RIVER,48009,1985,QualFiltered,NA,2002,FALSE
Fraser-Cross-CU Supplementation Exclusion,FR-XCU,DU_NA,CK-9006,STAVE RIVER,48009,1986,QualFiltered,NA,2002,FALSE
Fraser-Cross-CU Supplementation Exclusion,FR-XCU,DU_NA,CK-9006,STAVE RIVER,48009,1987,QualFiltered,NA,2002,FALSE
Fraser-Cross-CU Supplementation Exclusion,FR-XCU,DU_NA,CK-9006,STAVE RIVER,48009,1988,QualFiltered,NA,2002,FALSE
Fraser-Cross-CU Supplementation Exclusion,FR-XCU,DU_NA,CK-9006,STAVE RIVER,48009,1989,QualFiltered,NA,2002,FALSE
Fraser-Cross-CU Supplementation Exclusion,FR-XCU,DU_NA,CK-9006,STAVE RIVER,48009,1990,QualFiltered,NA,2002,FALSE
Fraser-Cross-CU Supplementation Exclusion,FR-XCU,DU_NA,CK-9006,STAVE RIVER,48009,1991,QualFiltered,NA,2002,FALSE
Fraser-Cross-CU Supplementation Exclusion,FR-XCU,DU_NA,CK-9006,STAVE RIVER,48009,1992,QualFiltered,NA,2002,FALSE
Fraser-Cross-CU Supplementation Exclusion,FR-XCU,DU_NA,CK-9006,STAVE RIVER,48009,1993,QualFiltered,NA,2002,FALSE
Fraser-Cross-CU Supplementation Exclusion,FR-XCU,DU_NA,CK-9006,STAVE RIVER,48009,1994,QualFiltered,NA,2002,FALSE
Fraser-Cross-CU Supplementation Exclusion,FR-XCU,DU_NA,CK-9006,STAVE RIVER,48009,1995,QualFiltered,NA,2002,FALSE
Fraser-Cross-CU Supplementation Exclusion,FR-XCU,DU_NA,CK-9006,STAVE RIVER,48009,1996,QualFiltered,NA,2002,FALSE
Fraser-Cross-CU Supplementation Exclusion,FR-XCU,DU_NA,CK-9006,STAVE RIVER,48009,1997,QualFiltered,NA,2002,FALSE
Fraser-Cross-CU Supplementation Exclusion,FR-XCU,DU_NA,CK-9006,STAVE RIVER,48009,1998,QualFiltered,NA,2002,FALSE
Fraser-Cross-CU Supplementation Exclusion,FR-XCU,DU_NA,CK-9006,STAVE RIVER,48009,1999,QualFiltered,NA,2002,FALSE
Fraser-Cross-CU Supplementation Exclusion,FR-XCU,DU_NA,CK-9006,STAVE RIVER,48009,2000,QualFiltered,NA,2002,FALSE
Fraser-Cross-CU Supplementation Exclusion,FR-XCU,DU_NA,CK-9006,STAVE RIVER,48009,2001,QualFiltered,NA,2002,FALSE
Fraser-Cross-CU Supplementation Exclusion,FR-XCU,DU_NA,CK-9006,STAVE RIVER,48009,2002,QualFiltered,NA,2002,TRUE
Fraser-Cross-CU Supplementation Exclusion,FR-XCU,DU_NA,CK-9006,STAVE RIVER,48009,2003,QualFiltered,NA,2002,TRUE
Fraser-Cross-CU Supplementation Exclusion,FR-XCU,DU_NA,CK-9006,STAVE RIVER,48009,2004,QualFiltered,NA,2002,TRUE
Fraser-Cross-CU Supplementation Exclusion,FR-XCU,DU_NA,CK-9006,STAVE RIVER,48009,2005,QualFiltered,NA,2002,TRUE
Fraser-Cross-CU Supplementation Exclusion,FR-XCU,DU_NA,CK-9006,STAVE RIVER,48009,2006,QualFiltered,NA,2002,TRUE
Fraser-Cross-CU Supplementation Exclusion,FR-XCU,DU_NA,CK-9006,STAVE RIVER,48009,2007,QualFiltered,NA,2002,TRUE
Fraser-Cross-CU Supplementation Exclusion,FR-XCU,DU_NA,CK-9006,STAVE RIVER,48009,2008,QualFiltered,NA,2002,TRUE
Fraser-Cross-CU Supplementation Exclusion,FR-XCU,DU_NA,CK-9006,STAVE RIVER,48009,2009,QualFiltered,NA,2002,TRUE
Fraser-Cross-CU Supplementation Exclusion,FR-XCU,DU_NA,CK-9006,STAVE RIVER,48009,2010,QualFiltered,NA,2002,TRUE
Fraser-Cross-CU Supplementation Exclusion,FR-XCU,DU_NA,CK-9006,STAVE RIVER,48009,2011,RELATIVE ABUNDANCE (TYPE-4),50,2002,TRUE
Fraser-Cross-CU Supplementation Exclusion,FR-XCU,DU_NA,CK-9006,STAVE RIVER,48009,2012,RELATIVE ABUNDANCE (TYPE-4),50,2002,TRUE
Fraser-Cross-CU Supplementation Exclusion,FR-XCU,DU_NA,CK-9006,STAVE RIVER,48009,2013,RELATIVE ABUNDANCE (TYPE-4),50,2002,TRUE
Fraser-Cross-CU Supplementation Exclusion,FR-XCU,DU_NA,CK-9006,STAVE RIVER,48009,2014,RELATIVE ABUNDANCE (TYPE-4),500,2002,TRUE
Fraser-Cross-CU Supplementation Exclusion,FR-XCU,DU_NA,CK-9006,STAVE RIVER,48009,2015,QualFiltered,NA,2002,TRUE
Fraser-Cross-CU Supplementation Exclusion,FR-XCU,DU_NA,CK-9006,STAVE RIVER,48009,2016,QualFiltered,NA,2002,TRUE
Fraser-Cross-CU Supplementation Exclusion,FR-XCU,DU_NA,CK-9006,STAVE RIVER,48009,2017,QualFiltered,NA,2002,TRUE
Fraser-Cross-CU Supplementation Exclusion,FR-XCU,DU_NA,CK-9006,STAVE RIVER,48009,2018,QualFiltered,NA,2002,TRUE
Fraser-Cross-CU Supplementation Exclusion,FR-XCU,DU_NA,CK-9006,STAVE RIVER,48009,2019,QualFiltered,NA,2002,TRUE
Fraser-Cross-CU Supplementation Exclusion,FR-XCU,DU_NA,CK-9006,STAVE RIVER,48009,2020,QualFiltered,NA,2002,TRUE
Fraser-Cross-CU Supplementation Exclusion,FR-XCU,DU_NA,CK-9006,STAVE RIVER,48009,2021,QualFiltered,NA,2002,TRUE
Fraser-Cross-CU Supplementation Exclusion,FR-XCU,DU_NA,CK-9006,STAVE RIVER,48009,2022,QualFiltered,NA,2002,TRUE
Fraser-Cross-CU Supplementation Exclusion,FR-XCU,DU_NA,CK-9006,STAVE RIVER,48009,2023,QualFiltered,NA,2002,TRUE
Okanagan_1.x,OK,DU_Ok,CK-01,OKANAGAN RIVER,48442,1997,QualFiltered,NA,2006,FALSE
Okanagan_1.x,OK,DU_Ok,CK-01,OKANAGAN RIVER,48442,1998,QualFiltered,NA,2006,FALSE
Okanagan_1.x,OK,DU_Ok,CK-01,OKANAGAN RIVER,48442,1999,QualFiltered,NA,2006,FALSE
Okanagan_1.x,OK,DU_Ok,CK-01,OKANAGAN RIVER,48442,2000,QualFiltered,NA,2006,FALSE
Okanagan_1.x,OK,DU_Ok,CK-01,OKANAGAN RIVER,48442,2006,RELATIVE ABUNDANCE (TYPE-4),9193,2006,TRUE
Okanagan_1.x,OK,DU_Ok,CK-01,OKANAGAN RIVER,48442,2007,RELATIVE ABUNDANCE (TYPE-4),9193,2006,TRUE
Okanagan_1.x,OK,DU_Ok,CK-01,OKANAGAN RIVER,48442,2008,RELATIVE ABUNDANCE (TYPE-4),14,2006,TRUE
Okanagan_1.x,OK,DU_Ok,CK-01,OKANAGAN RIVER,48442,2009,RELATIVE ABUNDANCE (TYPE-4),6,2006,TRUE
Okanagan_1.x,OK,DU_Ok,CK-01,OKANAGAN RIVER,48442,2010,RELATIVE ABUNDANCE (TYPE-4),5,2006,TRUE
Okanagan_1.x,OK,DU_Ok,CK-01,OKANAGAN RIVER,48442,2011,RELATIVE ABUNDANCE (TYPE-4),21,2006,TRUE
Okanagan_1.x,OK,DU_Ok,CK-01,OKANAGAN RIVER,48442,2012,RELATIVE ABUNDANCE (TYPE-4),11,2006,TRUE
Okanagan_1.x,OK,DU_Ok,CK-01,OKANAGAN RIVER,48442,2013,RELATIVE ABUNDANCE (TYPE-4),40,2006,TRUE
Okanagan_1.x,OK,DU_Ok,CK-01,OKANAGAN RIVER,48442,2014,RELATIVE ABUNDANCE (TYPE-4),53,2006,TRUE
Okanagan_1.x,OK,DU_Ok,CK-01,OKANAGAN RIVER,48442,2015,RELATIVE ABUNDANCE (TYPE-4),61,2006,TRUE
Okanagan_1.x,OK,DU_Ok,CK-01,OKANAGAN RIVER,48442,2016,RELATIVE ABUNDANCE (TYPE-4),40,2006,TRUE
Okanagan_1.x,OK,DU_Ok,CK-01,OKANAGAN RIVER,48442,2017,RELATIVE ABUNDANCE (TYPE-4),55,2006,TRUE
Okanagan_1.x,OK,DU_Ok,CK-01,OKANAGAN RIVER,48442,2018,RELATIVE ABUNDANCE (TYPE-4),10,2006,TRUE
Okanagan_1.x,OK,DU_Ok,CK-01,OKANAGAN RIVER,48442,2019,RELATIVE ABUNDANCE (TYPE-4),15,2006,TRUE
Okanagan_1.x,OK,DU_Ok,CK-01,OKANAGAN RIVER,48442,2020,RELATIVE ABUNDANCE (TYPE-4),79,2006,TRUE
Okanagan_1.x,OK,DU_Ok,CK-01,OKANAGAN RIVER,48442,2021,RELATIVE ABUNDANCE (TYPE-4),73,2006,TRUE
Okanagan_1.x,OK,DU_Ok,CK-01,OKANAGAN RIVER,48442,2022,RELATIVE ABUNDANCE (TYPE-4),23,2006,TRUE
Okanagan_1.x,OK,DU_Ok,CK-01,OKANAGAN RIVER,48442,2023,TRUE ABUNDANCE (TYPE-2),90,2006,TRUE
Southern BC-Cross-CU Supplementation Exclusion,sBC-XCU,DU_NA,CK-9007,CHAPMAN CREEK,48672,1993,QualFiltered,NA,NA,TRUE
Southern BC-Cross-CU Supplementation Exclusion,sBC-XCU,DU_NA,CK-9007,LANG CREEK,49002,1986,QualFiltered,NA,1990,FALSE
Southern BC-Cross-CU Supplementation Exclusion,sBC-XCU,DU_NA,CK-9007,LANG CREEK,49002,1990,TRUE ABUNDANCE (TYPE-2),77,1990,TRUE
Southern BC-Cross-CU Supplementation Exclusion,sBC-XCU,DU_NA,CK-9007,LANG CREEK,49002,1991,TRUE ABUNDANCE (TYPE-2),238,1990,TRUE
Southern BC-Cross-CU Supplementation Exclusion,sBC-XCU,DU_NA,CK-9007,LANG CREEK,49002,1992,TRUE ABUNDANCE (TYPE-2),369,1990,TRUE
Southern BC-Cross-CU Supplementation Exclusion,sBC-XCU,DU_NA,CK-9007,LANG CREEK,49002,1993,TRUE ABUNDANCE (TYPE-2),850,1990,TRUE
Southern BC-Cross-CU Supplementation Exclusion,sBC-XCU,DU_NA,CK-9007,LANG CREEK,49002,1994,TRUE ABUNDANCE (TYPE-2),685,1990,TRUE
Southern BC-Cross-CU Supplementation Exclusion,sBC-XCU,DU_NA,CK-9007,LANG CREEK,49002,1995,TRUE ABUNDANCE (TYPE-2),393,1990,TRUE
Southern BC-Cross-CU Supplementation Exclusion,sBC-XCU,DU_NA,CK-9007,LANG CREEK,49002,1996,TRUE ABUNDANCE (TYPE-2),1098,1990,TRUE
Southern BC-Cross-CU Supplementation Exclusion,sBC-XCU,DU_NA,CK-9007,LANG CREEK,49002,1997,TRUE ABUNDANCE (TYPE-2),249,1990,TRUE
Southern BC-Cross-CU Supplementation Exclusion,sBC-XCU,DU_NA,CK-9007,LANG CREEK,49002,1998,TRUE ABUNDANCE (TYPE-2),559,1990,TRUE
Southern BC-Cross-CU Supplementation Exclusion,sBC-XCU,DU_NA,CK-9007,LANG CREEK,49002,1999,TRUE ABUNDANCE (TYPE-2),876,1990,TRUE
Southern BC-Cross-CU Supplementation Exclusion,sBC-XCU,DU_NA,CK-9007,LANG CREEK,49002,2000,TRUE ABUNDANCE (TYPE-2),894,1990,TRUE
Southern BC-Cross-CU Supplementation Exclusion,sBC-XCU,DU_NA,CK-9007,LANG CREEK,49002,2001,TRUE ABUNDANCE (TYPE-2),1174,1990,TRUE
Southern BC-Cross-CU Supplementation Exclusion,sBC-XCU,DU_NA,CK-9007,LANG CREEK,49002,2004,TRUE ABUNDANCE (TYPE-2),1437,1990,TRUE
Southern BC-Cross-CU Supplementation Exclusion,sBC-XCU,DU_NA,CK-9007,LANG CREEK,49002,2005,TRUE ABUNDANCE (TYPE-2),1335,1990,TRUE
Southern BC-Cross-CU Supplementation Exclusion,sBC-XCU,DU_NA,CK-9007,LANG CREEK,49002,2006,TRUE ABUNDANCE (TYPE-2),830,1990,TRUE
Southern BC-Cross-CU Supplementation Exclusion,sBC-XCU,DU_NA,CK-9007,LANG CREEK,49002,2007,TRUE ABUNDANCE (TYPE-2),464,1990,TRUE
Southern BC-Cross-CU Supplementation Exclusion,sBC-XCU,DU_NA,CK-9007,LANG CREEK,49002,2010,TRUE ABUNDANCE (TYPE-2),1847,1990,TRUE
Southern BC-Cross-CU Supplementation Exclusion,sBC-XCU,DU_NA,CK-9007,LANG CREEK,49002,2011,TRUE ABUNDANCE (TYPE-2),1505,1990,TRUE
Southern BC-Cross-CU Supplementation Exclusion,sBC-XCU,DU_NA,CK-9007,LANG CREEK,49002,2012,INFILL,33.57021997,1990,TRUE
Southern BC-Cross-CU Supplementation Exclusion,sBC-XCU,DU_NA,CK-9007,LANG CREEK,49002,2013,QualFiltered,NA,1990,TRUE
Southern BC-Cross-CU Supplementation Exclusion,sBC-XCU,DU_NA,CK-9007,LANG CREEK,49002,2014,QualFiltered,NA,1990,TRUE
Southern BC-Cross-CU Supplementation Exclusion,sBC-XCU,DU_NA,CK-9007,LANG CREEK,49002,2015,QualFiltered,NA,1990,TRUE
Southern BC-Cross-CU Supplementation Exclusion,sBC-XCU,DU_NA,CK-9007,LANG CREEK,49002,2017,QualFiltered,NA,1990,TRUE
Southern BC-Cross-CU Supplementation Exclusion,sBC-XCU,DU_NA,CK-9007,LANG CREEK,49002,2018,QualFiltered,NA,1990,TRUE
Southern BC-Cross-CU Supplementation Exclusion,sBC-XCU,DU_NA,CK-9007,LANG CREEK,49002,2019,QualFiltered,NA,1990,TRUE
Southern BC-Cross-CU Supplementation Exclusion,sBC-XCU,DU_NA,CK-9007,LANG CREEK,49002,2020,QualFiltered,NA,1990,TRUE
Southern BC-Cross-CU Supplementation Exclusion,sBC-XCU,DU_NA,CK-9007,LANG CREEK,49002,2021,QualFiltered,NA,1990,TRUE
Southern BC-Cross-CU Supplementation Exclusion,sBC-XCU,DU_NA,CK-9007,LANG CREEK,49002,2022,QualFiltered,NA,1990,TRUE
Southern BC-Cross-CU Supplementation Exclusion,sBC-XCU,DU_NA,CK-9007,LANG CREEK,49002,2023,QualFiltered,NA,1990,TRUE
Southern BC-Cross-CU Supplementation Exclusion,sBC-XCU,DU_NA,CK-9007,SLIAMMON CREEK,49062,1990,INFILL,9.174798387,1990,TRUE
Southern BC-Cross-CU Supplementation Exclusion,sBC-XCU,DU_NA,CK-9007,SLIAMMON CREEK,49062,1991,INFILL,28.35846774,1990,TRUE
Southern BC-Cross-CU Supplementation Exclusion,sBC-XCU,DU_NA,CK-9007,SLIAMMON CREEK,49062,1992,TRUE ABUNDANCE (TYPE-2),14,1990,TRUE
Southern BC-Cross-CU Supplementation Exclusion,sBC-XCU,DU_NA,CK-9007,SLIAMMON CREEK,49062,1993,INFILL,101.2802419,1990,TRUE
Southern BC-Cross-CU Supplementation Exclusion,sBC-XCU,DU_NA,CK-9007,SLIAMMON CREEK,49062,1994,INFILL,81.61995968,1990,TRUE
Southern BC-Cross-CU Supplementation Exclusion,sBC-XCU,DU_NA,CK-9007,SLIAMMON CREEK,49062,1995,INFILL,46.82721774,1990,TRUE
Southern BC-Cross-CU Supplementation Exclusion,sBC-XCU,DU_NA,CK-9007,SLIAMMON CREEK,49062,1996,INFILL,130.8302419,1990,TRUE
Southern BC-Cross-CU Supplementation Exclusion,sBC-XCU,DU_NA,CK-9007,SLIAMMON CREEK,49062,1997,TRUE ABUNDANCE (TYPE-2),14,1990,TRUE
Southern BC-Cross-CU Supplementation Exclusion,sBC-XCU,DU_NA,CK-9007,SLIAMMON CREEK,49062,1998,TRUE ABUNDANCE (TYPE-2),11,1990,TRUE
Southern BC-Cross-CU Supplementation Exclusion,sBC-XCU,DU_NA,CK-9007,SLIAMMON CREEK,49062,1999,INFILL,104.3782258,1990,TRUE
Southern BC-Cross-CU Supplementation Exclusion,sBC-XCU,DU_NA,CK-9007,SLIAMMON CREEK,49062,2000,INFILL,106.5229839,1990,TRUE
Southern BC-Cross-CU Supplementation Exclusion,sBC-XCU,DU_NA,CK-9007,SLIAMMON CREEK,49062,2001,TRUE ABUNDANCE (TYPE-2),258,1990,TRUE
Southern BC-Cross-CU Supplementation Exclusion,sBC-XCU,DU_NA,CK-9007,SLIAMMON CREEK,49062,2004,TRUE ABUNDANCE (TYPE-2),337,1990,TRUE
Southern BC-Cross-CU Supplementation Exclusion,sBC-XCU,DU_NA,CK-9007,SLIAMMON CREEK,49062,2005,RELATIVE ABUNDANCE (TYPE-3),104,1990,TRUE
Southern BC-Cross-CU Supplementation Exclusion,sBC-XCU,DU_NA,CK-9007,SLIAMMON CREEK,49062,2006,RELATIVE ABUNDANCE (TYPE-3),91,1990,TRUE
Southern BC-Cross-CU Supplementation Exclusion,sBC-XCU,DU_NA,CK-9007,SLIAMMON CREEK,49062,2007,TRUE ABUNDANCE (TYPE-2),74,1990,TRUE
Southern BC-Cross-CU Supplementation Exclusion,sBC-XCU,DU_NA,CK-9007,SLIAMMON CREEK,49062,2009,QualFiltered,NA,1990,TRUE
Southern BC-Cross-CU Supplementation Exclusion,sBC-XCU,DU_NA,CK-9007,SLIAMMON CREEK,49062,2010,INFILL,220.0760081,1990,TRUE
Southern BC-Cross-CU Supplementation Exclusion,sBC-XCU,DU_NA,CK-9007,SLIAMMON CREEK,49062,2011,TRUE ABUNDANCE (TYPE-2),78,1990,TRUE
Southern BC-Cross-CU Supplementation Exclusion,sBC-XCU,DU_NA,CK-9007,SLIAMMON CREEK,49062,2012,RELATIVE ABUNDANCE (TYPE-4),4,1990,TRUE
Southern BC-Cross-CU Supplementation Exclusion,sBC-XCU,DU_NA,CK-9007,SLIAMMON CREEK,49062,2013,QualFiltered,NA,1990,TRUE
Southern BC-Cross-CU Supplementation Exclusion,sBC-XCU,DU_NA,CK-9007,SLIAMMON CREEK,49062,2014,QualFiltered,NA,1990,TRUE
Southern BC-Cross-CU Supplementation Exclusion,sBC-XCU,DU_NA,CK-9007,SLIAMMON CREEK,49062,2015,QualFiltered,NA,1990,TRUE
Southern BC-Cross-CU Supplementation Exclusion,sBC-XCU,DU_NA,CK-9007,SLIAMMON CREEK,49062,2016,QualFiltered,NA,1990,TRUE
Southern BC-Cross-CU Supplementation Exclusion,sBC-XCU,DU_NA,CK-9007,SLIAMMON CREEK,49062,2018,QualFiltered,NA,1990,TRUE
Southern BC-Cross-CU Supplementation Exclusion,sBC-XCU,DU_NA,CK-9007,SLIAMMON CREEK,49062,2019,QualFiltered,NA,1990,TRUE
Southern BC-Cross-CU Supplementation Exclusion,sBC-XCU,DU_NA,CK-9007,SLIAMMON CREEK,49062,2021,QualFiltered,NA,1990,TRUE
Southern Mainland-Georgia Strait_FA_0.x,SMn-GStr,DU18,CK-20,RICHARDS CREEK,49823,1990,QualFiltered,NA,NA,TRUE
Southern Mainland-Georgia Strait_FA_0.x,SMn-GStr,DU18,CK-20,RICHARDS CREEK,49823,1992,QualFiltered,NA,NA,TRUE
Southern Mainland-Georgia Strait_FA_0.x,SMn-GStr,DU18,CK-20,SEYMOUR RIVER,49843,1979,QualFiltered,NA,NA,TRUE
Southern Mainland-Georgia Strait_FA_0.x,SMn-GStr,DU18,CK-20,SEYMOUR RIVER,49843,1983,QualFiltered,NA,NA,TRUE
Southern Mainland-Georgia Strait_FA_0.x,SMn-GStr,DU18,CK-20,SEYMOUR RIVER,49843,1986,QualFiltered,NA,NA,TRUE
Southern Mainland-Georgia Strait_FA_0.x,SMn-GStr,DU18,CK-20,SEYMOUR RIVER,49843,1988,QualFiltered,NA,NA,TRUE
Southern Mainland-Georgia Strait_FA_0.x,SMn-GStr,DU18,CK-20,SEYMOUR RIVER,49843,1990,QualFiltered,NA,NA,TRUE
Southern Mainland-Georgia Strait_FA_0.x,SMn-GStr,DU18,CK-20,SEYMOUR RIVER,49843,1992,QualFiltered,NA,NA,TRUE
Southern Mainland-Georgia Strait_FA_0.x,SMn-GStr,DU18,CK-20,SEYMOUR RIVER,49843,1993,QualFiltered,NA,NA,TRUE
Southern Mainland-Georgia Strait_FA_0.x,SMn-GStr,DU18,CK-20,SEYMOUR RIVER,49843,1994,QualFiltered,NA,NA,TRUE
Southern Mainland-Georgia Strait_FA_0.x,SMn-GStr,DU18,CK-20,SEYMOUR RIVER,49843,1995,QualFiltered,NA,NA,TRUE
Southern Mainland-Georgia Strait_FA_0.x,SMn-GStr,DU18,CK-20,SEYMOUR RIVER,49843,1996,QualFiltered,NA,NA,TRUE
Southern Mainland-Georgia Strait_FA_0.x,SMn-GStr,DU18,CK-20,SEYMOUR RIVER,49843,2011,QualFiltered,NA,NA,TRUE
Southern BC-Cross-CU Supplementation Exclusion,sBC-XCU,DU_NA,CK-9007,CAPILANO RIVER,49873,1973,QualFiltered,NA,1990,FALSE
Southern BC-Cross-CU Supplementation Exclusion,sBC-XCU,DU_NA,CK-9007,CAPILANO RIVER,49873,1974,QualFiltered,NA,1990,FALSE
Southern BC-Cross-CU Supplementation Exclusion,sBC-XCU,DU_NA,CK-9007,CAPILANO RIVER,49873,1975,QualFiltered,NA,1990,FALSE
Southern BC-Cross-CU Supplementation Exclusion,sBC-XCU,DU_NA,CK-9007,CAPILANO RIVER,49873,1976,QualFiltered,NA,1990,FALSE
Southern BC-Cross-CU Supplementation Exclusion,sBC-XCU,DU_NA,CK-9007,CAPILANO RIVER,49873,1977,QualFiltered,NA,1990,FALSE
Southern BC-Cross-CU Supplementation Exclusion,sBC-XCU,DU_NA,CK-9007,CAPILANO RIVER,49873,1978,QualFiltered,NA,1990,FALSE
Southern BC-Cross-CU Supplementation Exclusion,sBC-XCU,DU_NA,CK-9007,CAPILANO RIVER,49873,1980,QualFiltered,NA,1990,FALSE
Southern BC-Cross-CU Supplementation Exclusion,sBC-XCU,DU_NA,CK-9007,CAPILANO RIVER,49873,1983,QualFiltered,NA,1990,FALSE
Southern BC-Cross-CU Supplementation Exclusion,sBC-XCU,DU_NA,CK-9007,CAPILANO RIVER,49873,1984,QualFiltered,NA,1990,FALSE
Southern BC-Cross-CU Supplementation Exclusion,sBC-XCU,DU_NA,CK-9007,CAPILANO RIVER,49873,1985,QualFiltered,NA,1990,FALSE
Southern BC-Cross-CU Supplementation Exclusion,sBC-XCU,DU_NA,CK-9007,CAPILANO RIVER,49873,1986,QualFiltered,NA,1990,FALSE
Southern BC-Cross-CU Supplementation Exclusion,sBC-XCU,DU_NA,CK-9007,CAPILANO RIVER,49873,1987,QualFiltered,NA,1990,FALSE
Southern BC-Cross-CU Supplementation Exclusion,sBC-XCU,DU_NA,CK-9007,CAPILANO RIVER,49873,1988,QualFiltered,NA,1990,FALSE
Southern BC-Cross-CU Supplementation Exclusion,sBC-XCU,DU_NA,CK-9007,CAPILANO RIVER,49873,1989,QualFiltered,NA,1990,FALSE
Southern BC-Cross-CU Supplementation Exclusion,sBC-XCU,DU_NA,CK-9007,CAPILANO RIVER,49873,1990,QualFiltered,NA,1990,TRUE
Southern BC-Cross-CU Supplementation Exclusion,sBC-XCU,DU_NA,CK-9007,CAPILANO RIVER,49873,1991,QualFiltered,NA,1990,TRUE
Southern BC-Cross-CU Supplementation Exclusion,sBC-XCU,DU_NA,CK-9007,CAPILANO RIVER,49873,1992,QualFiltered,NA,1990,TRUE
Southern BC-Cross-CU Supplementation Exclusion,sBC-XCU,DU_NA,CK-9007,CAPILANO RIVER,49873,1993,QualFiltered,NA,1990,TRUE
Southern BC-Cross-CU Supplementation Exclusion,sBC-XCU,DU_NA,CK-9007,CAPILANO RIVER,49873,1994,QualFiltered,NA,1990,TRUE
Southern BC-Cross-CU Supplementation Exclusion,sBC-XCU,DU_NA,CK-9007,CAPILANO RIVER,49873,1995,QualFiltered,NA,1990,TRUE
Southern BC-Cross-CU Supplementation Exclusion,sBC-XCU,DU_NA,CK-9007,CAPILANO RIVER,49873,1996,QualFiltered,NA,1990,TRUE
Southern BC-Cross-CU Supplementation Exclusion,sBC-XCU,DU_NA,CK-9007,CAPILANO RIVER,49873,1997,QualFiltered,NA,1990,TRUE
Southern BC-Cross-CU Supplementation Exclusion,sBC-XCU,DU_NA,CK-9007,CAPILANO RIVER,49873,1998,QualFiltered,NA,1990,TRUE
Southern BC-Cross-CU Supplementation Exclusion,sBC-XCU,DU_NA,CK-9007,CAPILANO RIVER,49873,1999,QualFiltered,NA,1990,TRUE
Southern BC-Cross-CU Supplementation Exclusion,sBC-XCU,DU_NA,CK-9007,CAPILANO RIVER,49873,2000,QualFiltered,NA,1990,TRUE
Southern BC-Cross-CU Supplementation Exclusion,sBC-XCU,DU_NA,CK-9007,CAPILANO RIVER,49873,2001,QualFiltered,NA,1990,TRUE
Southern BC-Cross-CU Supplementation Exclusion,sBC-XCU,DU_NA,CK-9007,CAPILANO RIVER,49873,2002,QualFiltered,NA,1990,TRUE
Southern BC-Cross-CU Supplementation Exclusion,sBC-XCU,DU_NA,CK-9007,CAPILANO RIVER,49873,2003,QualFiltered,NA,1990,TRUE
Southern BC-Cross-CU Supplementation Exclusion,sBC-XCU,DU_NA,CK-9007,CAPILANO RIVER,49873,2004,QualFiltered,NA,1990,TRUE
Southern BC-Cross-CU Supplementation Exclusion,sBC-XCU,DU_NA,CK-9007,CAPILANO RIVER,49873,2005,QualFiltered,NA,1990,TRUE
Southern BC-Cross-CU Supplementation Exclusion,sBC-XCU,DU_NA,CK-9007,CAPILANO RIVER,49873,2006,QualFiltered,NA,1990,TRUE
Southern BC-Cross-CU Supplementation Exclusion,sBC-XCU,DU_NA,CK-9007,CAPILANO RIVER,49873,2007,QualFiltered,NA,1990,TRUE
Southern BC-Cross-CU Supplementation Exclusion,sBC-XCU,DU_NA,CK-9007,CAPILANO RIVER,49873,2008,QualFiltered,NA,1990,TRUE
Southern BC-Cross-CU Supplementation Exclusion,sBC-XCU,DU_NA,CK-9007,CAPILANO RIVER,49873,2009,QualFiltered,NA,1990,TRUE
Southern BC-Cross-CU Supplementation Exclusion,sBC-XCU,DU_NA,CK-9007,CAPILANO RIVER,49873,2010,QualFiltered,NA,1990,TRUE
Southern BC-Cross-CU Supplementation Exclusion,sBC-XCU,DU_NA,CK-9007,CAPILANO RIVER,49873,2011,QualFiltered,NA,1990,TRUE
Southern BC-Cross-CU Supplementation Exclusion,sBC-XCU,DU_NA,CK-9007,CAPILANO RIVER,49873,2012,QualFiltered,NA,1990,TRUE
Southern Mainland-Georgia Strait_FA_0.x,SMn-GStr,DU18,CK-20,STAWAMUS RIVER,49912,1991,QualFiltered,NA,NA,TRUE
Southern Mainland-Georgia Strait_FA_0.x,SMn-GStr,DU18,CK-20,STAWAMUS RIVER,49912,1996,QualFiltered,NA,NA,TRUE
Southern Mainland-Georgia Strait_FA_0.x,SMn-GStr,DU18,CK-20,STAWAMUS RIVER,49912,1999,QualFiltered,NA,NA,TRUE
Southern Mainland-Georgia Strait_FA_0.x,SMn-GStr,DU18,CK-20,SQUAMISH RIVER,49928,1975,QualFiltered,NA,2005,FALSE
Southern Mainland-Georgia Strait_FA_0.x,SMn-GStr,DU18,CK-20,SQUAMISH RIVER,49928,1976,QualFiltered,NA,2005,FALSE
Southern Mainland-Georgia Strait_FA_0.x,SMn-GStr,DU18,CK-20,SQUAMISH RIVER,49928,1977,QualFiltered,NA,2005,FALSE
Southern Mainland-Georgia Strait_FA_0.x,SMn-GStr,DU18,CK-20,SQUAMISH RIVER,49928,1978,QualFiltered,NA,2005,FALSE
Southern Mainland-Georgia Strait_FA_0.x,SMn-GStr,DU18,CK-20,SQUAMISH RIVER,49928,1979,QualFiltered,NA,2005,FALSE
Southern Mainland-Georgia Strait_FA_0.x,SMn-GStr,DU18,CK-20,SQUAMISH RIVER,49928,1980,QualFiltered,NA,2005,FALSE
Southern Mainland-Georgia Strait_FA_0.x,SMn-GStr,DU18,CK-20,SQUAMISH RIVER,49928,1981,QualFiltered,NA,2005,FALSE
Southern Mainland-Georgia Strait_FA_0.x,SMn-GStr,DU18,CK-20,SQUAMISH RIVER,49928,1982,QualFiltered,NA,2005,FALSE
Southern Mainland-Georgia Strait_FA_0.x,SMn-GStr,DU18,CK-20,SQUAMISH RIVER,49928,1983,QualFiltered,NA,2005,FALSE
Southern Mainland-Georgia Strait_FA_0.x,SMn-GStr,DU18,CK-20,SQUAMISH RIVER,49928,1984,QualFiltered,NA,2005,FALSE
Southern Mainland-Georgia Strait_FA_0.x,SMn-GStr,DU18,CK-20,SQUAMISH RIVER,49928,1985,QualFiltered,NA,2005,FALSE
Southern Mainland-Georgia Strait_FA_0.x,SMn-GStr,DU18,CK-20,SQUAMISH RIVER,49928,1986,QualFiltered,NA,2005,FALSE
Southern Mainland-Georgia Strait_FA_0.x,SMn-GStr,DU18,CK-20,SQUAMISH RIVER,49928,1987,QualFiltered,NA,2005,FALSE
Southern Mainland-Georgia Strait_FA_0.x,SMn-GStr,DU18,CK-20,SQUAMISH RIVER,49928,1988,QualFiltered,NA,2005,FALSE
Southern Mainland-Georgia Strait_FA_0.x,SMn-GStr,DU18,CK-20,SQUAMISH RIVER,49928,1989,QualFiltered,NA,2005,FALSE
Southern Mainland-Georgia Strait_FA_0.x,SMn-GStr,DU18,CK-20,SQUAMISH RIVER,49928,1990,QualFiltered,NA,2005,FALSE
Southern Mainland-Georgia Strait_FA_0.x,SMn-GStr,DU18,CK-20,SQUAMISH RIVER,49928,1991,QualFiltered,NA,2005,FALSE
Southern Mainland-Georgia Strait_FA_0.x,SMn-GStr,DU18,CK-20,SQUAMISH RIVER,49928,1992,QualFiltered,NA,2005,FALSE
Southern Mainland-Georgia Strait_FA_0.x,SMn-GStr,DU18,CK-20,SQUAMISH RIVER,49928,1993,QualFiltered,NA,2005,FALSE
Southern Mainland-Georgia Strait_FA_0.x,SMn-GStr,DU18,CK-20,SQUAMISH RIVER,49928,1994,QualFiltered,NA,2005,FALSE
Southern Mainland-Georgia Strait_FA_0.x,SMn-GStr,DU18,CK-20,SQUAMISH RIVER,49928,1995,QualFiltered,NA,2005,FALSE
Southern Mainland-Georgia Strait_FA_0.x,SMn-GStr,DU18,CK-20,SQUAMISH RIVER,49928,1996,QualFiltered,NA,2005,FALSE
Southern Mainland-Georgia Strait_FA_0.x,SMn-GStr,DU18,CK-20,SQUAMISH RIVER,49928,1997,TRUE ABUNDANCE (TYPE-1),NA,2005,FALSE
Southern Mainland-Georgia Strait_FA_0.x,SMn-GStr,DU18,CK-20,SQUAMISH RIVER,49928,1998,QualFiltered,NA,2005,FALSE
Southern Mainland-Georgia Strait_FA_0.x,SMn-GStr,DU18,CK-20,SQUAMISH RIVER,49928,1999,QualFiltered,NA,2005,FALSE
Southern Mainland-Georgia Strait_FA_0.x,SMn-GStr,DU18,CK-20,SQUAMISH RIVER,49928,2000,QualFiltered,NA,2005,FALSE
Southern Mainland-Georgia Strait_FA_0.x,SMn-GStr,DU18,CK-20,SQUAMISH RIVER,49928,2001,QualFiltered,NA,2005,FALSE
Southern Mainland-Georgia Strait_FA_0.x,SMn-GStr,DU18,CK-20,SQUAMISH RIVER,49928,2002,QualFiltered,NA,2005,FALSE
Southern Mainland-Georgia Strait_FA_0.x,SMn-GStr,DU18,CK-20,SQUAMISH RIVER,49928,2003,QualFiltered,NA,2005,FALSE
Southern Mainland-Georgia Strait_FA_0.x,SMn-GStr,DU18,CK-20,SQUAMISH RIVER,49928,2004,QualFiltered,NA,2005,FALSE
Southern Mainland-Georgia Strait_FA_0.x,SMn-GStr,DU18,CK-20,SQUAMISH RIVER,49928,2005,QualFiltered,NA,2005,TRUE
Southern Mainland-Georgia Strait_FA_0.x,SMn-GStr,DU18,CK-20,SQUAMISH RIVER,49928,2006,QualFiltered,NA,2005,TRUE
Southern Mainland-Georgia Strait_FA_0.x,SMn-GStr,DU18,CK-20,SQUAMISH RIVER,49928,2007,QualFiltered,NA,2005,TRUE
Southern Mainland-Georgia Strait_FA_0.x,SMn-GStr,DU18,CK-20,SQUAMISH RIVER,49928,2008,QualFiltered,NA,2005,TRUE
Southern Mainland-Georgia Strait_FA_0.x,SMn-GStr,DU18,CK-20,SQUAMISH RIVER,49928,2009,QualFiltered,NA,2005,TRUE
Southern Mainland-Georgia Strait_FA_0.x,SMn-GStr,DU18,CK-20,SQUAMISH RIVER,49928,2010,QualFiltered,NA,2005,TRUE
Southern Mainland-Georgia Strait_FA_0.x,SMn-GStr,DU18,CK-20,SQUAMISH RIVER,49928,2011,QualFiltered,NA,2005,TRUE
Southern Mainland-Georgia Strait_FA_0.x,SMn-GStr,DU18,CK-20,SQUAMISH RIVER,49928,2012,QualFiltered,NA,2005,TRUE
Southern Mainland-Georgia Strait_FA_0.x,SMn-GStr,DU18,CK-20,SQUAMISH RIVER,49928,2013,QualFiltered,NA,2005,TRUE
Southern Mainland-Georgia Strait_FA_0.x,SMn-GStr,DU18,CK-20,MAMQUAM RIVER,49933,1975,QualFiltered,NA,NA,TRUE
Southern Mainland-Georgia Strait_FA_0.x,SMn-GStr,DU18,CK-20,MAMQUAM RIVER,49933,1976,QualFiltered,NA,NA,TRUE
Southern Mainland-Georgia Strait_FA_0.x,SMn-GStr,DU18,CK-20,MAMQUAM RIVER,49933,1977,QualFiltered,NA,NA,TRUE
Southern Mainland-Georgia Strait_FA_0.x,SMn-GStr,DU18,CK-20,MAMQUAM RIVER,49933,1978,QualFiltered,NA,NA,TRUE
Southern Mainland-Georgia Strait_FA_0.x,SMn-GStr,DU18,CK-20,MAMQUAM RIVER,49933,1979,QualFiltered,NA,NA,TRUE
Southern Mainland-Georgia Strait_FA_0.x,SMn-GStr,DU18,CK-20,MAMQUAM RIVER,49933,1980,QualFiltered,NA,NA,TRUE
Southern Mainland-Georgia Strait_FA_0.x,SMn-GStr,DU18,CK-20,MAMQUAM RIVER,49933,1981,QualFiltered,NA,NA,TRUE
Southern Mainland-Georgia Strait_FA_0.x,SMn-GStr,DU18,CK-20,MAMQUAM RIVER,49933,1982,QualFiltered,NA,NA,TRUE
Southern Mainland-Georgia Strait_FA_0.x,SMn-GStr,DU18,CK-20,MAMQUAM RIVER,49933,1983,QualFiltered,NA,NA,TRUE
Southern Mainland-Georgia Strait_FA_0.x,SMn-GStr,DU18,CK-20,MAMQUAM RIVER,49933,1984,QualFiltered,NA,NA,TRUE
Southern Mainland-Georgia Strait_FA_0.x,SMn-GStr,DU18,CK-20,MAMQUAM RIVER,49933,1985,QualFiltered,NA,NA,TRUE
Southern Mainland-Georgia Strait_FA_0.x,SMn-GStr,DU18,CK-20,MAMQUAM RIVER,49933,1986,QualFiltered,NA,NA,TRUE
Southern Mainland-Georgia Strait_FA_0.x,SMn-GStr,DU18,CK-20,MAMQUAM RIVER,49933,1989,QualFiltered,NA,NA,TRUE
Southern Mainland-Georgia Strait_FA_0.x,SMn-GStr,DU18,CK-20,MAMQUAM RIVER,49933,1990,QualFiltered,NA,NA,TRUE
Southern Mainland-Georgia Strait_FA_0.x,SMn-GStr,DU18,CK-20,MAMQUAM RIVER,49933,1991,QualFiltered,NA,NA,TRUE
Southern Mainland-Georgia Strait_FA_0.x,SMn-GStr,DU18,CK-20,MAMQUAM RIVER,49933,1992,QualFiltered,NA,NA,TRUE
Southern Mainland-Georgia Strait_FA_0.x,SMn-GStr,DU18,CK-20,MAMQUAM RIVER,49933,1993,QualFiltered,NA,NA,TRUE
Southern Mainland-Georgia Strait_FA_0.x,SMn-GStr,DU18,CK-20,MAMQUAM RIVER,49933,1996,QualFiltered,NA,NA,TRUE
Southern Mainland-Georgia Strait_FA_0.x,SMn-GStr,DU18,CK-20,MAMQUAM RIVER,49933,1997,QualFiltered,NA,NA,TRUE
Southern Mainland-Georgia Strait_FA_0.x,SMn-GStr,DU18,CK-20,MAMQUAM RIVER,49933,2014,QualFiltered,NA,NA,TRUE
Southern Mainland-Georgia Strait_FA_0.x,SMn-GStr,DU18,CK-20,MAMQUAM RIVER,49933,2015,QualFiltered,NA,NA,TRUE
Southern Mainland-Georgia Strait_FA_0.x,SMn-GStr,DU18,CK-20,MAMQUAM RIVER,49933,2016,QualFiltered,NA,NA,TRUE
Southern Mainland-Georgia Strait_FA_0.x,SMn-GStr,DU18,CK-20,MAMQUAM RIVER,49933,2017,QualFiltered,NA,NA,TRUE
Southern Mainland-Georgia Strait_FA_0.x,SMn-GStr,DU18,CK-20,MAMQUAM RIVER,49933,2018,QualFiltered,NA,NA,TRUE
Southern Mainland-Georgia Strait_FA_0.x,SMn-GStr,DU18,CK-20,MAMQUAM RIVER,49933,2019,QualFiltered,NA,NA,TRUE
Southern Mainland-Georgia Strait_FA_0.x,SMn-GStr,DU18,CK-20,MAMQUAM RIVER,49933,2020,QualFiltered,NA,NA,TRUE
Southern Mainland-Georgia Strait_FA_0.x,SMn-GStr,DU18,CK-20,MAMQUAM RIVER,49933,2021,QualFiltered,NA,NA,TRUE
Southern Mainland-Georgia Strait_FA_0.x,SMn-GStr,DU18,CK-20,MAMQUAM RIVER,49933,2022,QualFiltered,NA,NA,TRUE
Southern Mainland-Georgia Strait_FA_0.x,SMn-GStr,DU18,CK-20,MAMQUAM RIVER,49933,2023,QualFiltered,NA,NA,TRUE
Southern Mainland-Georgia Strait_FA_0.x,SMn-GStr,DU18,CK-20,MAMQUAM RIVER,49933,2024,QualFiltered,NA,NA,TRUE
Southern Mainland-Georgia Strait_FA_0.x,SMn-GStr,DU18,CK-20,MASHITER CREEK,49963,1975,QualFiltered,NA,NA,TRUE
Southern Mainland-Georgia Strait_FA_0.x,SMn-GStr,DU18,CK-20,MASHITER CREEK,49963,1976,QualFiltered,NA,NA,TRUE
Southern Mainland-Georgia Strait_FA_0.x,SMn-GStr,DU18,CK-20,MASHITER CREEK,49963,1977,QualFiltered,NA,NA,TRUE
Southern Mainland-Georgia Strait_FA_0.x,SMn-GStr,DU18,CK-20,MASHITER CREEK,49963,1978,QualFiltered,NA,NA,TRUE
Southern Mainland-Georgia Strait_FA_0.x,SMn-GStr,DU18,CK-20,MASHITER CREEK,49963,1990,QualFiltered,NA,NA,TRUE
Southern Mainland-Georgia Strait_FA_0.x,SMn-GStr,DU18,CK-20,MASHITER CREEK,49963,1991,QualFiltered,NA,NA,TRUE
Southern Mainland-Georgia Strait_FA_0.x,SMn-GStr,DU18,CK-20,MASHITER CREEK,49963,1992,QualFiltered,NA,NA,TRUE
Southern Mainland-Georgia Strait_FA_0.x,SMn-GStr,DU18,CK-20,MASHITER CREEK,49963,1993,QualFiltered,NA,NA,TRUE
Southern Mainland-Georgia Strait_FA_0.x,SMn-GStr,DU18,CK-20,MASHITER CREEK,49963,1997,QualFiltered,NA,NA,TRUE
Southern Mainland-Georgia Strait_FA_0.x,SMn-GStr,DU18,CK-20,MASHITER CREEK,49963,1999,QualFiltered,NA,NA,TRUE
Southern Mainland-Georgia Strait_FA_0.x,SMn-GStr,DU18,CK-20,MAMQUAM SPAWNING CHANNEL,49969,1975,QualFiltered,NA,NA,TRUE
Southern Mainland-Georgia Strait_FA_0.x,SMn-GStr,DU18,CK-20,MAMQUAM SPAWNING CHANNEL,49969,1976,QualFiltered,NA,NA,TRUE
Southern Mainland-Georgia Strait_FA_0.x,SMn-GStr,DU18,CK-20,MAMQUAM SPAWNING CHANNEL,49969,1977,QualFiltered,NA,NA,TRUE
Southern Mainland-Georgia Strait_FA_0.x,SMn-GStr,DU18,CK-20,MAMQUAM SPAWNING CHANNEL,49969,1978,QualFiltered,NA,NA,TRUE
Southern Mainland-Georgia Strait_FA_0.x,SMn-GStr,DU18,CK-20,MAMQUAM SPAWNING CHANNEL,49969,1979,QualFiltered,NA,NA,TRUE
Southern Mainland-Georgia Strait_FA_0.x,SMn-GStr,DU18,CK-20,MAMQUAM SPAWNING CHANNEL,49969,1980,QualFiltered,NA,NA,TRUE
Southern Mainland-Georgia Strait_FA_0.x,SMn-GStr,DU18,CK-20,MAMQUAM SPAWNING CHANNEL,49969,1981,QualFiltered,NA,NA,TRUE
Southern Mainland-Georgia Strait_FA_0.x,SMn-GStr,DU18,CK-20,MAMQUAM SPAWNING CHANNEL,49969,1982,QualFiltered,NA,NA,TRUE
Southern Mainland-Georgia Strait_FA_0.x,SMn-GStr,DU18,CK-20,MAMQUAM SPAWNING CHANNEL,49969,1983,QualFiltered,NA,NA,TRUE
Southern Mainland-Georgia Strait_FA_0.x,SMn-GStr,DU18,CK-20,MAMQUAM SPAWNING CHANNEL,49969,1991,QualFiltered,NA,NA,TRUE
Southern Mainland-Georgia Strait_FA_0.x,SMn-GStr,DU18,CK-20,MAMQUAM SPAWNING CHANNEL,49969,1996,QualFiltered,NA,NA,TRUE
Southern Mainland-Georgia Strait_FA_0.x,SMn-GStr,DU18,CK-20,CHEAKAMUS RIVER,49989,1975,QualFiltered,NA,2005,FALSE
Southern Mainland-Georgia Strait_FA_0.x,SMn-GStr,DU18,CK-20,CHEAKAMUS RIVER,49989,1976,QualFiltered,NA,2005,FALSE
Southern Mainland-Georgia Strait_FA_0.x,SMn-GStr,DU18,CK-20,CHEAKAMUS RIVER,49989,1977,QualFiltered,NA,2005,FALSE
Southern Mainland-Georgia Strait_FA_0.x,SMn-GStr,DU18,CK-20,CHEAKAMUS RIVER,49989,1978,QualFiltered,NA,2005,FALSE
Southern Mainland-Georgia Strait_FA_0.x,SMn-GStr,DU18,CK-20,CHEAKAMUS RIVER,49989,1979,QualFiltered,NA,2005,FALSE
Southern Mainland-Georgia Strait_FA_0.x,SMn-GStr,DU18,CK-20,CHEAKAMUS RIVER,49989,1980,QualFiltered,NA,2005,FALSE
Southern Mainland-Georgia Strait_FA_0.x,SMn-GStr,DU18,CK-20,CHEAKAMUS RIVER,49989,1981,QualFiltered,NA,2005,FALSE
Southern Mainland-Georgia Strait_FA_0.x,SMn-GStr,DU18,CK-20,CHEAKAMUS RIVER,49989,1982,QualFiltered,NA,2005,FALSE
Southern Mainland-Georgia Strait_FA_0.x,SMn-GStr,DU18,CK-20,CHEAKAMUS RIVER,49989,1983,QualFiltered,NA,2005,FALSE
Southern Mainland-Georgia Strait_FA_0.x,SMn-GStr,DU18,CK-20,CHEAKAMUS RIVER,49989,1984,QualFiltered,NA,2005,FALSE
Southern Mainland-Georgia Strait_FA_0.x,SMn-GStr,DU18,CK-20,CHEAKAMUS RIVER,49989,1985,QualFiltered,NA,2005,FALSE
Southern Mainland-Georgia Strait_FA_0.x,SMn-GStr,DU18,CK-20,CHEAKAMUS RIVER,49989,1986,QualFiltered,NA,2005,FALSE
Southern Mainland-Georgia Strait_FA_0.x,SMn-GStr,DU18,CK-20,CHEAKAMUS RIVER,49989,1987,QualFiltered,NA,2005,FALSE
Southern Mainland-Georgia Strait_FA_0.x,SMn-GStr,DU18,CK-20,CHEAKAMUS RIVER,49989,1988,QualFiltered,NA,2005,FALSE
Southern Mainland-Georgia Strait_FA_0.x,SMn-GStr,DU18,CK-20,CHEAKAMUS RIVER,49989,1989,QualFiltered,NA,2005,FALSE
Southern Mainland-Georgia Strait_FA_0.x,SMn-GStr,DU18,CK-20,CHEAKAMUS RIVER,49989,1990,QualFiltered,NA,2005,FALSE
Southern Mainland-Georgia Strait_FA_0.x,SMn-GStr,DU18,CK-20,CHEAKAMUS RIVER,49989,1991,QualFiltered,NA,2005,FALSE
Southern Mainland-Georgia Strait_FA_0.x,SMn-GStr,DU18,CK-20,CHEAKAMUS RIVER,49989,1992,QualFiltered,NA,2005,FALSE
Southern Mainland-Georgia Strait_FA_0.x,SMn-GStr,DU18,CK-20,CHEAKAMUS RIVER,49989,1993,QualFiltered,NA,2005,FALSE
Southern Mainland-Georgia Strait_FA_0.x,SMn-GStr,DU18,CK-20,CHEAKAMUS RIVER,49989,1997,QualFiltered,NA,2005,FALSE
Southern Mainland-Georgia Strait_FA_0.x,SMn-GStr,DU18,CK-20,CHEAKAMUS RIVER,49989,2005,QualFiltered,NA,2005,TRUE
Southern Mainland-Georgia Strait_FA_0.x,SMn-GStr,DU18,CK-20,CHEAKAMUS RIVER,49989,2006,QualFiltered,NA,2005,TRUE
Southern Mainland-Georgia Strait_FA_0.x,SMn-GStr,DU18,CK-20,CHEAKAMUS RIVER,49989,2007,QualFiltered,NA,2005,TRUE
Southern Mainland-Georgia Strait_FA_0.x,SMn-GStr,DU18,CK-20,CHEAKAMUS RIVER,49989,2008,QualFiltered,NA,2005,TRUE
Southern Mainland-Georgia Strait_FA_0.x,SMn-GStr,DU18,CK-20,CHEAKAMUS RIVER,49989,2009,QualFiltered,NA,2005,TRUE
Southern Mainland-Georgia Strait_FA_0.x,SMn-GStr,DU18,CK-20,CHEAKAMUS RIVER,49989,2010,QualFiltered,NA,2005,TRUE
Southern Mainland-Georgia Strait_FA_0.x,SMn-GStr,DU18,CK-20,CHEAKAMUS RIVER,49989,2011,QualFiltered,NA,2005,TRUE
Southern Mainland-Georgia Strait_FA_0.x,SMn-GStr,DU18,CK-20,CHEAKAMUS RIVER,49989,2012,QualFiltered,NA,2005,TRUE
Southern Mainland-Georgia Strait_FA_0.x,SMn-GStr,DU18,CK-20,CHEAKAMUS RIVER,49989,2013,QualFiltered,NA,2005,TRUE
Southern Mainland-Georgia Strait_FA_0.x,SMn-GStr,DU18,CK-20,CHEAKAMUS RIVER,49989,2014,QualFiltered,NA,2005,TRUE
Southern Mainland-Georgia Strait_FA_0.x,SMn-GStr,DU18,CK-20,CHEAKAMUS RIVER,49989,2015,QualFiltered,NA,2005,TRUE
Southern Mainland-Georgia Strait_FA_0.x,SMn-GStr,DU18,CK-20,CHEAKAMUS RIVER,49989,2016,QualFiltered,NA,2005,TRUE
Southern Mainland-Georgia Strait_FA_0.x,SMn-GStr,DU18,CK-20,CHEAKAMUS RIVER,49989,2017,QualFiltered,NA,2005,TRUE
Southern Mainland-Georgia Strait_FA_0.x,SMn-GStr,DU18,CK-20,CHEAKAMUS RIVER,49989,2018,QualFiltered,NA,2005,TRUE
Southern Mainland-Georgia Strait_FA_0.x,SMn-GStr,DU18,CK-20,CHEAKAMUS RIVER,49989,2019,QualFiltered,NA,2005,TRUE
Southern Mainland-Georgia Strait_FA_0.x,SMn-GStr,DU18,CK-20,CHEAKAMUS RIVER,49989,2020,QualFiltered,NA,2005,TRUE
Southern Mainland-Georgia Strait_FA_0.x,SMn-GStr,DU18,CK-20,CHEAKAMUS RIVER,49989,2021,QualFiltered,NA,2005,TRUE
Southern Mainland-Georgia Strait_FA_0.x,SMn-GStr,DU18,CK-20,CHEAKAMUS RIVER,49989,2022,QualFiltered,NA,2005,TRUE
Southern Mainland-Georgia Strait_FA_0.x,SMn-GStr,DU18,CK-20,CHEAKAMUS RIVER,49989,2023,QualFiltered,NA,2005,TRUE
Southern Mainland-Georgia Strait_FA_0.x,SMn-GStr,DU18,CK-20,CHEAKAMUS RIVER,49989,2024,QualFiltered,NA,2005,TRUE
Southern Mainland-Georgia Strait_FA_0.x,SMn-GStr,DU18,CK-20,TENDERFOOT CREEK,50014,1975,QualFiltered,NA,NA,TRUE
Southern Mainland-Georgia Strait_FA_0.x,SMn-GStr,DU18,CK-20,TENDERFOOT CREEK,50014,1976,QualFiltered,NA,NA,TRUE
Southern Mainland-Georgia Strait_FA_0.x,SMn-GStr,DU18,CK-20,TENDERFOOT CREEK,50014,1977,QualFiltered,NA,NA,TRUE
Southern Mainland-Georgia Strait_FA_0.x,SMn-GStr,DU18,CK-20,TENDERFOOT CREEK,50014,1978,QualFiltered,NA,NA,TRUE
Southern Mainland-Georgia Strait_FA_0.x,SMn-GStr,DU18,CK-20,TENDERFOOT CREEK,50014,1979,QualFiltered,NA,NA,TRUE
Southern Mainland-Georgia Strait_FA_0.x,SMn-GStr,DU18,CK-20,TENDERFOOT CREEK,50014,1980,QualFiltered,NA,NA,TRUE
Southern Mainland-Georgia Strait_FA_0.x,SMn-GStr,DU18,CK-20,TENDERFOOT CREEK,50014,1981,QualFiltered,NA,NA,TRUE
Southern Mainland-Georgia Strait_FA_0.x,SMn-GStr,DU18,CK-20,TENDERFOOT CREEK,50014,1984,QualFiltered,NA,NA,TRUE
Southern Mainland-Georgia Strait_FA_0.x,SMn-GStr,DU18,CK-20,TENDERFOOT CREEK,50014,1985,QualFiltered,NA,NA,TRUE
Southern Mainland-Georgia Strait_FA_0.x,SMn-GStr,DU18,CK-20,TENDERFOOT CREEK,50014,1986,QualFiltered,NA,NA,TRUE
Southern Mainland-Georgia Strait_FA_0.x,SMn-GStr,DU18,CK-20,TENDERFOOT CREEK,50014,1991,QualFiltered,NA,NA,TRUE
Southern Mainland-Georgia Strait_FA_0.x,SMn-GStr,DU18,CK-20,TENDERFOOT CREEK,50014,1996,QualFiltered,NA,NA,TRUE
Southern Mainland-Georgia Strait_FA_0.x,SMn-GStr,DU18,CK-20,TENDERFOOT CREEK,50014,1999,QualFiltered,NA,NA,TRUE
Southern Mainland-Georgia Strait_FA_0.x,SMn-GStr,DU18,CK-20,TENDERFOOT CREEK,50014,2007,QualFiltered,NA,NA,TRUE
Southern Mainland-Georgia Strait_FA_0.x,SMn-GStr,DU18,CK-20,ASHLU CREEK,50034,1975,QualFiltered,NA,NA,TRUE
Southern Mainland-Georgia Strait_FA_0.x,SMn-GStr,DU18,CK-20,ASHLU CREEK,50034,1976,QualFiltered,NA,NA,TRUE
Southern Mainland-Georgia Strait_FA_0.x,SMn-GStr,DU18,CK-20,ASHLU CREEK,50034,1977,QualFiltered,NA,NA,TRUE
Southern Mainland-Georgia Strait_FA_0.x,SMn-GStr,DU18,CK-20,ASHLU CREEK,50034,1978,QualFiltered,NA,NA,TRUE
Southern Mainland-Georgia Strait_FA_0.x,SMn-GStr,DU18,CK-20,ASHLU CREEK,50034,1979,QualFiltered,NA,NA,TRUE
Southern Mainland-Georgia Strait_FA_0.x,SMn-GStr,DU18,CK-20,ASHLU CREEK,50034,1980,QualFiltered,NA,NA,TRUE
Southern Mainland-Georgia Strait_FA_0.x,SMn-GStr,DU18,CK-20,ASHLU CREEK,50034,1981,QualFiltered,NA,NA,TRUE
Southern Mainland-Georgia Strait_FA_0.x,SMn-GStr,DU18,CK-20,ASHLU CREEK,50034,1982,QualFiltered,NA,NA,TRUE
Southern Mainland-Georgia Strait_FA_0.x,SMn-GStr,DU18,CK-20,ASHLU CREEK,50034,1983,QualFiltered,NA,NA,TRUE
Southern Mainland-Georgia Strait_FA_0.x,SMn-GStr,DU18,CK-20,ASHLU CREEK,50034,1984,QualFiltered,NA,NA,TRUE
Southern Mainland-Georgia Strait_FA_0.x,SMn-GStr,DU18,CK-20,ASHLU CREEK,50034,1985,QualFiltered,NA,NA,TRUE
Southern Mainland-Georgia Strait_FA_0.x,SMn-GStr,DU18,CK-20,ASHLU CREEK,50034,1986,QualFiltered,NA,NA,TRUE
Southern Mainland-Georgia Strait_FA_0.x,SMn-GStr,DU18,CK-20,ASHLU CREEK,50034,1987,QualFiltered,NA,NA,TRUE
Southern Mainland-Georgia Strait_FA_0.x,SMn-GStr,DU18,CK-20,ASHLU CREEK,50034,1988,QualFiltered,NA,NA,TRUE
Southern Mainland-Georgia Strait_FA_0.x,SMn-GStr,DU18,CK-20,ASHLU CREEK,50034,1989,QualFiltered,NA,NA,TRUE
Southern Mainland-Georgia Strait_FA_0.x,SMn-GStr,DU18,CK-20,ASHLU CREEK,50034,1990,QualFiltered,NA,NA,TRUE
Southern Mainland-Georgia Strait_FA_0.x,SMn-GStr,DU18,CK-20,ASHLU CREEK,50034,1991,QualFiltered,NA,NA,TRUE
Southern Mainland-Georgia Strait_FA_0.x,SMn-GStr,DU18,CK-20,ASHLU CREEK,50034,1992,QualFiltered,NA,NA,TRUE
Southern Mainland-Georgia Strait_FA_0.x,SMn-GStr,DU18,CK-20,ASHLU CREEK,50034,1993,QualFiltered,NA,NA,TRUE
Southern Mainland-Georgia Strait_FA_0.x,SMn-GStr,DU18,CK-20,ASHLU CREEK,50034,1997,QualFiltered,NA,NA,TRUE
Southern Mainland-Georgia Strait_FA_0.x,SMn-GStr,DU18,CK-20,ASHLU CREEK,50034,2014,QualFiltered,NA,NA,TRUE
Southern Mainland-Georgia Strait_FA_0.x,SMn-GStr,DU18,CK-20,ASHLU CREEK,50034,2015,QualFiltered,NA,NA,TRUE
Southern Mainland-Georgia Strait_FA_0.x,SMn-GStr,DU18,CK-20,ASHLU CREEK,50034,2016,QualFiltered,NA,NA,TRUE
Southern Mainland-Georgia Strait_FA_0.x,SMn-GStr,DU18,CK-20,ASHLU CREEK,50034,2017,QualFiltered,NA,NA,TRUE
Southern Mainland-Georgia Strait_FA_0.x,SMn-GStr,DU18,CK-20,ASHLU CREEK,50034,2018,QualFiltered,NA,NA,TRUE
Southern Mainland-Georgia Strait_FA_0.x,SMn-GStr,DU18,CK-20,ASHLU CREEK,50034,2019,QualFiltered,NA,NA,TRUE
Southern Mainland-Georgia Strait_FA_0.x,SMn-GStr,DU18,CK-20,ASHLU CREEK,50034,2020,QualFiltered,NA,NA,TRUE
Southern Mainland-Georgia Strait_FA_0.x,SMn-GStr,DU18,CK-20,ASHLU CREEK,50034,2021,QualFiltered,NA,NA,TRUE
Southern Mainland-Georgia Strait_FA_0.x,SMn-GStr,DU18,CK-20,ASHLU CREEK,50034,2022,QualFiltered,NA,NA,TRUE
Southern Mainland-Georgia Strait_FA_0.x,SMn-GStr,DU18,CK-20,ASHLU CREEK,50034,2023,QualFiltered,NA,NA,TRUE
Southern Mainland-Georgia Strait_FA_0.x,SMn-GStr,DU18,CK-20,ASHLU CREEK,50034,2024,QualFiltered,NA,NA,TRUE
Southern Mainland-Georgia Strait_FA_0.x,SMn-GStr,DU18,CK-20,BRANCH 100 CREEK,50039,1975,QualFiltered,NA,NA,TRUE
Southern Mainland-Georgia Strait_FA_0.x,SMn-GStr,DU18,CK-20,BRANCH 100 CREEK,50039,1976,QualFiltered,NA,NA,TRUE
Southern Mainland-Georgia Strait_FA_0.x,SMn-GStr,DU18,CK-20,BRANCH 100 CREEK,50039,1977,QualFiltered,NA,NA,TRUE
Southern Mainland-Georgia Strait_FA_0.x,SMn-GStr,DU18,CK-20,BRANCH 100 CREEK,50039,1978,QualFiltered,NA,NA,TRUE
Southern Mainland-Georgia Strait_FA_0.x,SMn-GStr,DU18,CK-20,BRANCH 100 CREEK,50039,1980,QualFiltered,NA,NA,TRUE
Southern Mainland-Georgia Strait_FA_0.x,SMn-GStr,DU18,CK-20,BRANCH 100 CREEK,50039,1992,QualFiltered,NA,NA,TRUE
Southern Mainland-Georgia Strait_FA_0.x,SMn-GStr,DU18,CK-20,BRANCH 100 CREEK,50039,1994,QualFiltered,NA,NA,TRUE
Southern Mainland-Georgia Strait_FA_0.x,SMn-GStr,DU18,CK-20,BRANCH 100 CREEK,50039,1996,QualFiltered,NA,NA,TRUE
Southern Mainland-Georgia Strait_FA_0.x,SMn-GStr,DU18,CK-20,JULY CREEK,50054,1991,QualFiltered,NA,NA,TRUE
Southern Mainland-Georgia Strait_FA_0.x,SMn-GStr,DU18,CK-20,JULY CREEK,50054,1992,QualFiltered,NA,NA,TRUE
Southern Mainland-Georgia Strait_FA_0.x,SMn-GStr,DU18,CK-20,JULY CREEK,50054,1993,QualFiltered,NA,NA,TRUE
Southern Mainland-Georgia Strait_FA_0.x,SMn-GStr,DU18,CK-20,JULY CREEK,50054,1996,QualFiltered,NA,NA,TRUE
Southern Mainland-Georgia Strait_FA_0.x,SMn-GStr,DU18,CK-20,CHUK-CHUK CREEK,50059,1975,QualFiltered,NA,NA,TRUE
Southern Mainland-Georgia Strait_FA_0.x,SMn-GStr,DU18,CK-20,CHUK-CHUK CREEK,50059,1976,QualFiltered,NA,NA,TRUE
Southern Mainland-Georgia Strait_FA_0.x,SMn-GStr,DU18,CK-20,CHUK-CHUK CREEK,50059,1977,QualFiltered,NA,NA,TRUE
Southern Mainland-Georgia Strait_FA_0.x,SMn-GStr,DU18,CK-20,CHUK-CHUK CREEK,50059,1978,QualFiltered,NA,NA,TRUE
Southern Mainland-Georgia Strait_FA_0.x,SMn-GStr,DU18,CK-20,CHUK-CHUK CREEK,50059,1980,QualFiltered,NA,NA,TRUE
Southern Mainland-Georgia Strait_FA_0.x,SMn-GStr,DU18,CK-20,CHUK-CHUK CREEK,50059,1981,QualFiltered,NA,NA,TRUE
Southern Mainland-Georgia Strait_FA_0.x,SMn-GStr,DU18,CK-20,CHUK-CHUK CREEK,50059,1982,QualFiltered,NA,NA,TRUE
Southern Mainland-Georgia Strait_FA_0.x,SMn-GStr,DU18,CK-20,CHUK-CHUK CREEK,50059,1983,QualFiltered,NA,NA,TRUE
Southern Mainland-Georgia Strait_FA_0.x,SMn-GStr,DU18,CK-20,CHUK-CHUK CREEK,50059,1984,QualFiltered,NA,NA,TRUE
Southern Mainland-Georgia Strait_FA_0.x,SMn-GStr,DU18,CK-20,CHUK-CHUK CREEK,50059,1987,QualFiltered,NA,NA,TRUE
Southern Mainland-Georgia Strait_FA_0.x,SMn-GStr,DU18,CK-20,CHUK-CHUK CREEK,50059,1988,QualFiltered,NA,NA,TRUE
Southern Mainland-Georgia Strait_FA_0.x,SMn-GStr,DU18,CK-20,CHUK-CHUK CREEK,50059,1991,QualFiltered,NA,NA,TRUE
Southern Mainland-Georgia Strait_FA_0.x,SMn-GStr,DU18,CK-20,CHUK-CHUK CREEK,50059,1994,QualFiltered,NA,NA,TRUE
Southern Mainland-Georgia Strait_FA_0.x,SMn-GStr,DU18,CK-20,CHUK-CHUK CREEK,50059,1996,QualFiltered,NA,NA,TRUE
Southern Mainland-Georgia Strait_FA_0.x,SMn-GStr,DU18,CK-20,SPRING CREEK,50069,1975,QualFiltered,NA,NA,TRUE
Southern Mainland-Georgia Strait_FA_0.x,SMn-GStr,DU18,CK-20,SPRING CREEK,50069,1976,QualFiltered,NA,NA,TRUE
Southern Mainland-Georgia Strait_FA_0.x,SMn-GStr,DU18,CK-20,SPRING CREEK,50069,1977,QualFiltered,NA,NA,TRUE
Southern Mainland-Georgia Strait_FA_0.x,SMn-GStr,DU18,CK-20,SPRING CREEK,50069,1978,QualFiltered,NA,NA,TRUE
Southern Mainland-Georgia Strait_FA_0.x,SMn-GStr,DU18,CK-20,SPRING CREEK,50069,1979,QualFiltered,NA,NA,TRUE
Southern Mainland-Georgia Strait_FA_0.x,SMn-GStr,DU18,CK-20,SPRING CREEK,50069,1980,QualFiltered,NA,NA,TRUE
Southern Mainland-Georgia Strait_FA_0.x,SMn-GStr,DU18,CK-20,SPRING CREEK,50069,1981,QualFiltered,NA,NA,TRUE
Southern Mainland-Georgia Strait_FA_0.x,SMn-GStr,DU18,CK-20,SPRING CREEK,50069,1982,QualFiltered,NA,NA,TRUE
Southern Mainland-Georgia Strait_FA_0.x,SMn-GStr,DU18,CK-20,SPRING CREEK,50069,1983,QualFiltered,NA,NA,TRUE
Southern Mainland-Georgia Strait_FA_0.x,SMn-GStr,DU18,CK-20,SPRING CREEK,50069,1984,QualFiltered,NA,NA,TRUE
Southern Mainland-Georgia Strait_FA_0.x,SMn-GStr,DU18,CK-20,SPRING CREEK,50069,1985,QualFiltered,NA,NA,TRUE
Southern Mainland-Georgia Strait_FA_0.x,SMn-GStr,DU18,CK-20,SPRING CREEK,50069,1986,QualFiltered,NA,NA,TRUE
Southern Mainland-Georgia Strait_FA_0.x,SMn-GStr,DU18,CK-20,SPRING CREEK,50069,1987,QualFiltered,NA,NA,TRUE
Southern Mainland-Georgia Strait_FA_0.x,SMn-GStr,DU18,CK-20,SPRING CREEK,50069,1988,QualFiltered,NA,NA,TRUE
Southern Mainland-Georgia Strait_FA_0.x,SMn-GStr,DU18,CK-20,SPRING CREEK,50069,1989,QualFiltered,NA,NA,TRUE
Southern Mainland-Georgia Strait_FA_0.x,SMn-GStr,DU18,CK-20,SPRING CREEK,50069,1990,QualFiltered,NA,NA,TRUE
Southern Mainland-Georgia Strait_FA_0.x,SMn-GStr,DU18,CK-20,SPRING CREEK,50069,1992,QualFiltered,NA,NA,TRUE
Southern Mainland-Georgia Strait_FA_0.x,SMn-GStr,DU18,CK-20,SPRING CREEK,50069,1993,QualFiltered,NA,NA,TRUE
Southern Mainland-Georgia Strait_FA_0.x,SMn-GStr,DU18,CK-20,SPRING CREEK,50069,1994,QualFiltered,NA,NA,TRUE
Southern Mainland-Georgia Strait_FA_0.x,SMn-GStr,DU18,CK-20,SPRING CREEK,50069,1997,QualFiltered,NA,NA,TRUE
Southern Mainland-Georgia Strait_FA_0.x,SMn-GStr,DU18,CK-20,SHOVELNOSE CREEK,50074,1975,QualFiltered,NA,NA,TRUE
Southern Mainland-Georgia Strait_FA_0.x,SMn-GStr,DU18,CK-20,SHOVELNOSE CREEK,50074,1976,QualFiltered,NA,NA,TRUE
Southern Mainland-Georgia Strait_FA_0.x,SMn-GStr,DU18,CK-20,SHOVELNOSE CREEK,50074,1977,QualFiltered,NA,NA,TRUE
Southern Mainland-Georgia Strait_FA_0.x,SMn-GStr,DU18,CK-20,SHOVELNOSE CREEK,50074,1978,QualFiltered,NA,NA,TRUE
Southern Mainland-Georgia Strait_FA_0.x,SMn-GStr,DU18,CK-20,SHOVELNOSE CREEK,50074,1979,QualFiltered,NA,NA,TRUE
Southern Mainland-Georgia Strait_FA_0.x,SMn-GStr,DU18,CK-20,SHOVELNOSE CREEK,50074,1980,QualFiltered,NA,NA,TRUE
Southern Mainland-Georgia Strait_FA_0.x,SMn-GStr,DU18,CK-20,SHOVELNOSE CREEK,50074,1981,QualFiltered,NA,NA,TRUE
Southern Mainland-Georgia Strait_FA_0.x,SMn-GStr,DU18,CK-20,SHOVELNOSE CREEK,50074,1982,QualFiltered,NA,NA,TRUE
Southern Mainland-Georgia Strait_FA_0.x,SMn-GStr,DU18,CK-20,SHOVELNOSE CREEK,50074,1983,QualFiltered,NA,NA,TRUE
Southern Mainland-Georgia Strait_FA_0.x,SMn-GStr,DU18,CK-20,SHOVELNOSE CREEK,50074,1984,QualFiltered,NA,NA,TRUE
Southern Mainland-Georgia Strait_FA_0.x,SMn-GStr,DU18,CK-20,SHOVELNOSE CREEK,50074,1986,QualFiltered,NA,NA,TRUE
Southern Mainland-Georgia Strait_FA_0.x,SMn-GStr,DU18,CK-20,SHOVELNOSE CREEK,50074,1987,QualFiltered,NA,NA,TRUE
Southern Mainland-Georgia Strait_FA_0.x,SMn-GStr,DU18,CK-20,SHOVELNOSE CREEK,50074,1988,QualFiltered,NA,NA,TRUE
Southern Mainland-Georgia Strait_FA_0.x,SMn-GStr,DU18,CK-20,SHOVELNOSE CREEK,50074,1989,QualFiltered,NA,NA,TRUE
Southern Mainland-Georgia Strait_FA_0.x,SMn-GStr,DU18,CK-20,SHOVELNOSE CREEK,50074,1990,QualFiltered,NA,NA,TRUE
Southern Mainland-Georgia Strait_FA_0.x,SMn-GStr,DU18,CK-20,SHOVELNOSE CREEK,50074,1991,QualFiltered,NA,NA,TRUE
Southern Mainland-Georgia Strait_FA_0.x,SMn-GStr,DU18,CK-20,SHOVELNOSE CREEK,50074,1992,QualFiltered,NA,NA,TRUE
Southern Mainland-Georgia Strait_FA_0.x,SMn-GStr,DU18,CK-20,SHOVELNOSE CREEK,50074,1993,QualFiltered,NA,NA,TRUE
Southern Mainland-Georgia Strait_FA_0.x,SMn-GStr,DU18,CK-20,SHOVELNOSE CREEK,50074,1997,QualFiltered,NA,NA,TRUE
Southern Mainland-Georgia Strait_FA_0.x,SMn-GStr,DU18,CK-20,SHOVELNOSE CREEK,50074,2014,QualFiltered,NA,NA,TRUE
Southern Mainland-Georgia Strait_FA_0.x,SMn-GStr,DU18,CK-20,SHOVELNOSE CREEK,50074,2015,QualFiltered,NA,NA,TRUE
Southern Mainland-Georgia Strait_FA_0.x,SMn-GStr,DU18,CK-20,SHOVELNOSE CREEK,50074,2016,QualFiltered,NA,NA,TRUE
Southern Mainland-Georgia Strait_FA_0.x,SMn-GStr,DU18,CK-20,SHOVELNOSE CREEK,50074,2017,QualFiltered,NA,NA,TRUE
Southern Mainland-Georgia Strait_FA_0.x,SMn-GStr,DU18,CK-20,SHOVELNOSE CREEK,50074,2018,QualFiltered,NA,NA,TRUE
Southern Mainland-Georgia Strait_FA_0.x,SMn-GStr,DU18,CK-20,SHOVELNOSE CREEK,50074,2019,QualFiltered,NA,NA,TRUE
Southern Mainland-Georgia Strait_FA_0.x,SMn-GStr,DU18,CK-20,SHOVELNOSE CREEK,50074,2020,QualFiltered,NA,NA,TRUE
Southern Mainland-Georgia Strait_FA_0.x,SMn-GStr,DU18,CK-20,SHOVELNOSE CREEK,50074,2021,QualFiltered,NA,NA,TRUE
Southern Mainland-Georgia Strait_FA_0.x,SMn-GStr,DU18,CK-20,SHOVELNOSE CREEK,50074,2022,QualFiltered,NA,NA,TRUE
Southern Mainland-Georgia Strait_FA_0.x,SMn-GStr,DU18,CK-20,SHOVELNOSE CREEK,50074,2023,QualFiltered,NA,NA,TRUE
Southern Mainland-Georgia Strait_FA_0.x,SMn-GStr,DU18,CK-20,SHOVELNOSE CREEK,50074,2024,QualFiltered,NA,NA,TRUE
Southern Mainland-Southern Fjords_FA_0.x,SMn-SFj,DU22,CK-28,ORFORD RIVER,50538,2001,QualFiltered,NA,NA,TRUE
Homathko_SU_x.x,HOMATH,DU27,CK-34,HOMATHKO RIVER,50568,1997,QualFiltered,NA,NA,TRUE
Homathko_SU_x.x,HOMATH,DU27,CK-34,HOMATHKO RIVER,50568,1998,QualFiltered,NA,NA,TRUE
Homathko_SU_x.x,HOMATH,DU27,CK-34,HOMATHKO RIVER,50568,2005,QualFiltered,NA,NA,TRUE
Southern Mainland-Southern Fjords_FA_0.x,SMn-SFj,DU22,CK-28,PHILLIPS RIVER,50618,1992,QualFiltered,NA,2002,FALSE
Southern Mainland-Southern Fjords_FA_0.x,SMn-SFj,DU22,CK-28,PHILLIPS RIVER,50618,2009,RELATIVE ABUNDANCE (TYPE-4),247,2002,TRUE
Southern Mainland-Southern Fjords_FA_0.x,SMn-SFj,DU22,CK-28,PHILLIPS RIVER,50618,2010,RELATIVE ABUNDANCE (TYPE-3),856,2002,TRUE
Southern Mainland-Southern Fjords_FA_0.x,SMn-SFj,DU22,CK-28,PHILLIPS RIVER,50618,2011,RELATIVE ABUNDANCE (TYPE-3),910,2002,TRUE
Southern Mainland-Southern Fjords_FA_0.x,SMn-SFj,DU22,CK-28,PHILLIPS RIVER,50618,2012,TRUE ABUNDANCE (TYPE-2),2252,2002,TRUE
Southern Mainland-Southern Fjords_FA_0.x,SMn-SFj,DU22,CK-28,PHILLIPS RIVER,50618,2013,QualFiltered,NA,2002,TRUE
Southern Mainland-Southern Fjords_FA_0.x,SMn-SFj,DU22,CK-28,PHILLIPS RIVER,50618,2014,QualFiltered,NA,2002,TRUE
Southern Mainland-Southern Fjords_FA_0.x,SMn-SFj,DU22,CK-28,PHILLIPS RIVER,50618,2015,QualFiltered,NA,2002,TRUE
Southern Mainland-Southern Fjords_FA_0.x,SMn-SFj,DU22,CK-28,PHILLIPS RIVER,50618,2016,QualFiltered,NA,2002,TRUE
Southern Mainland-Southern Fjords_FA_0.x,SMn-SFj,DU22,CK-28,PHILLIPS RIVER,50618,2017,QualFiltered,NA,2002,TRUE
Southern Mainland-Southern Fjords_FA_0.x,SMn-SFj,DU22,CK-28,PHILLIPS RIVER,50618,2018,QualFiltered,NA,2002,TRUE
Southern Mainland-Southern Fjords_FA_0.x,SMn-SFj,DU22,CK-28,PHILLIPS RIVER,50618,2019,QualFiltered,NA,2002,TRUE
Southern Mainland-Southern Fjords_FA_0.x,SMn-SFj,DU22,CK-28,PHILLIPS RIVER,50618,2020,QualFiltered,NA,2002,TRUE
Southern Mainland-Southern Fjords_FA_0.x,SMn-SFj,DU22,CK-28,PHILLIPS RIVER,50618,2021,QualFiltered,NA,2002,TRUE
Southern Mainland-Southern Fjords_FA_0.x,SMn-SFj,DU22,CK-28,PHILLIPS RIVER,50618,2022,QualFiltered,NA,2002,TRUE
Southern Mainland-Southern Fjords_FA_0.x,SMn-SFj,DU22,CK-28,PHILLIPS RIVER,50618,2023,QualFiltered,NA,2002,TRUE
Southern Mainland-Southern Fjords_FA_0.x,SMn-SFj,DU22,CK-28,PHILLIPS RIVER,50618,2024,QualFiltered,NA,2002,TRUE
East Vancouver Island-Qualicum & Puntledge_FA_0.x,QP-fall,DU21,CK-27,QUALICUM RIVER,51368,1973,QualFiltered,NA,1995,FALSE
East Vancouver Island-Qualicum & Puntledge_FA_0.x,QP-fall,DU21,CK-27,QUALICUM RIVER,51368,1974,QualFiltered,NA,1995,FALSE
East Vancouver Island-Qualicum & Puntledge_FA_0.x,QP-fall,DU21,CK-27,QUALICUM RIVER,51368,1975,QualFiltered,NA,1995,FALSE
East Vancouver Island-Qualicum & Puntledge_FA_0.x,QP-fall,DU21,CK-27,QUALICUM RIVER,51368,1976,QualFiltered,NA,1995,FALSE
East Vancouver Island-Qualicum & Puntledge_FA_0.x,QP-fall,DU21,CK-27,QUALICUM RIVER,51368,1977,QualFiltered,NA,1995,FALSE
East Vancouver Island-Qualicum & Puntledge_FA_0.x,QP-fall,DU21,CK-27,QUALICUM RIVER,51368,1978,QualFiltered,NA,1995,FALSE
East Vancouver Island-Qualicum & Puntledge_FA_0.x,QP-fall,DU21,CK-27,QUALICUM RIVER,51368,1979,QualFiltered,NA,1995,FALSE
East Vancouver Island-Qualicum & Puntledge_FA_0.x,QP-fall,DU21,CK-27,QUALICUM RIVER,51368,1980,QualFiltered,NA,1995,FALSE
East Vancouver Island-Qualicum & Puntledge_FA_0.x,QP-fall,DU21,CK-27,QUALICUM RIVER,51368,1981,QualFiltered,NA,1995,FALSE
East Vancouver Island-Qualicum & Puntledge_FA_0.x,QP-fall,DU21,CK-27,QUALICUM RIVER,51368,1982,QualFiltered,NA,1995,FALSE
East Vancouver Island-Qualicum & Puntledge_FA_0.x,QP-fall,DU21,CK-27,QUALICUM RIVER,51368,1983,QualFiltered,NA,1995,FALSE
East Vancouver Island-Qualicum & Puntledge_FA_0.x,QP-fall,DU21,CK-27,QUALICUM RIVER,51368,1984,QualFiltered,NA,1995,FALSE
East Vancouver Island-Qualicum & Puntledge_FA_0.x,QP-fall,DU21,CK-27,QUALICUM RIVER,51368,1985,QualFiltered,NA,1995,FALSE
East Vancouver Island-Qualicum & Puntledge_FA_0.x,QP-fall,DU21,CK-27,QUALICUM RIVER,51368,1986,QualFiltered,NA,1995,FALSE
East Vancouver Island-Qualicum & Puntledge_FA_0.x,QP-fall,DU21,CK-27,QUALICUM RIVER,51368,1987,QualFiltered,NA,1995,FALSE
East Vancouver Island-Qualicum & Puntledge_FA_0.x,QP-fall,DU21,CK-27,QUALICUM RIVER,51368,1988,QualFiltered,NA,1995,FALSE
East Vancouver Island-Qualicum & Puntledge_FA_0.x,QP-fall,DU21,CK-27,QUALICUM RIVER,51368,1989,QualFiltered,NA,1995,FALSE
East Vancouver Island-Qualicum & Puntledge_FA_0.x,QP-fall,DU21,CK-27,QUALICUM RIVER,51368,1990,TRUE ABUNDANCE (TYPE-1),5380,1995,FALSE
East Vancouver Island-Qualicum & Puntledge_FA_0.x,QP-fall,DU21,CK-27,QUALICUM RIVER,51368,1991,TRUE ABUNDANCE (TYPE-1),3823,1995,FALSE
East Vancouver Island-Qualicum & Puntledge_FA_0.x,QP-fall,DU21,CK-27,QUALICUM RIVER,51368,1992,TRUE ABUNDANCE (TYPE-1),4195,1995,FALSE
East Vancouver Island-Qualicum & Puntledge_FA_0.x,QP-fall,DU21,CK-27,QUALICUM RIVER,51368,1993,TRUE ABUNDANCE (TYPE-1),3558,1995,FALSE
East Vancouver Island-Qualicum & Puntledge_FA_0.x,QP-fall,DU21,CK-27,QUALICUM RIVER,51368,1994,TRUE ABUNDANCE (TYPE-1),6055,1995,FALSE
East Vancouver Island-Qualicum & Puntledge_FA_0.x,QP-fall,DU21,CK-27,QUALICUM RIVER,51368,1995,TRUE ABUNDANCE (TYPE-1),3363,1995,TRUE
East Vancouver Island-Qualicum & Puntledge_FA_0.x,QP-fall,DU21,CK-27,QUALICUM RIVER,51368,1996,TRUE ABUNDANCE (TYPE-1),3633,1995,TRUE
East Vancouver Island-Qualicum & Puntledge_FA_0.x,QP-fall,DU21,CK-27,QUALICUM RIVER,51368,1997,TRUE ABUNDANCE (TYPE-1),2972,1995,TRUE
East Vancouver Island-Qualicum & Puntledge_FA_0.x,QP-fall,DU21,CK-27,QUALICUM RIVER,51368,1998,TRUE ABUNDANCE (TYPE-1),4607,1995,TRUE
East Vancouver Island-Qualicum & Puntledge_FA_0.x,QP-fall,DU21,CK-27,QUALICUM RIVER,51368,1999,TRUE ABUNDANCE (TYPE-1),3404,1995,TRUE
East Vancouver Island-Qualicum & Puntledge_FA_0.x,QP-fall,DU21,CK-27,QUALICUM RIVER,51368,2000,TRUE ABUNDANCE (TYPE-1),3992,1995,TRUE
East Vancouver Island-Qualicum & Puntledge_FA_0.x,QP-fall,DU21,CK-27,QUALICUM RIVER,51368,2001,TRUE ABUNDANCE (TYPE-1),6530,1995,TRUE
East Vancouver Island-Qualicum & Puntledge_FA_0.x,QP-fall,DU21,CK-27,QUALICUM RIVER,51368,2002,TRUE ABUNDANCE (TYPE-1),5545,1995,TRUE
East Vancouver Island-Qualicum & Puntledge_FA_0.x,QP-fall,DU21,CK-27,QUALICUM RIVER,51368,2003,TRUE ABUNDANCE (TYPE-1),6224,1995,TRUE
East Vancouver Island-Qualicum & Puntledge_FA_0.x,QP-fall,DU21,CK-27,QUALICUM RIVER,51368,2004,TRUE ABUNDANCE (TYPE-1),5293,1995,TRUE
East Vancouver Island-Qualicum & Puntledge_FA_0.x,QP-fall,DU21,CK-27,QUALICUM RIVER,51368,2005,TRUE ABUNDANCE (TYPE-2),4984,1995,TRUE
East Vancouver Island-Qualicum & Puntledge_FA_0.x,QP-fall,DU21,CK-27,QUALICUM RIVER,51368,2006,RELATIVE ABUNDANCE (TYPE-3),5445,1995,TRUE
East Vancouver Island-Qualicum & Puntledge_FA_0.x,QP-fall,DU21,CK-27,QUALICUM RIVER,51368,2007,RELATIVE ABUNDANCE (TYPE-3),4324,1995,TRUE
East Vancouver Island-Qualicum & Puntledge_FA_0.x,QP-fall,DU21,CK-27,QUALICUM RIVER,51368,2008,TRUE ABUNDANCE (TYPE-2),3933,1995,TRUE
East Vancouver Island-Qualicum & Puntledge_FA_0.x,QP-fall,DU21,CK-27,QUALICUM RIVER,51368,2009,RELATIVE ABUNDANCE (TYPE-3),4659,1995,TRUE
East Vancouver Island-Qualicum & Puntledge_FA_0.x,QP-fall,DU21,CK-27,QUALICUM RIVER,51368,2010,RELATIVE ABUNDANCE (TYPE-3),5061,1995,TRUE
East Vancouver Island-Qualicum & Puntledge_FA_0.x,QP-fall,DU21,CK-27,QUALICUM RIVER,51368,2011,RELATIVE ABUNDANCE (TYPE-3),4672,1995,TRUE
East Vancouver Island-Qualicum & Puntledge_FA_0.x,QP-fall,DU21,CK-27,QUALICUM RIVER,51368,2012,RELATIVE ABUNDANCE (TYPE-3),4036,1995,TRUE
East Vancouver Island-Qualicum & Puntledge_FA_0.x,QP-fall,DU21,CK-27,QUALICUM RIVER,51368,2013,QualFiltered,NA,1995,TRUE
East Vancouver Island-Qualicum & Puntledge_FA_0.x,QP-fall,DU21,CK-27,QUALICUM RIVER,51368,2014,QualFiltered,NA,1995,TRUE
East Vancouver Island-Qualicum & Puntledge_FA_0.x,QP-fall,DU21,CK-27,QUALICUM RIVER,51368,2015,QualFiltered,NA,1995,TRUE
East Vancouver Island-Qualicum & Puntledge_FA_0.x,QP-fall,DU21,CK-27,QUALICUM RIVER,51368,2016,QualFiltered,NA,1995,TRUE
East Vancouver Island-Qualicum & Puntledge_FA_0.x,QP-fall,DU21,CK-27,QUALICUM RIVER,51368,2017,QualFiltered,NA,1995,TRUE
East Vancouver Island-Qualicum & Puntledge_FA_0.x,QP-fall,DU21,CK-27,QUALICUM RIVER,51368,2018,QualFiltered,NA,1995,TRUE
East Vancouver Island-Qualicum & Puntledge_FA_0.x,QP-fall,DU21,CK-27,QUALICUM RIVER,51368,2019,QualFiltered,NA,1995,TRUE
East Vancouver Island-Qualicum & Puntledge_FA_0.x,QP-fall,DU21,CK-27,QUALICUM RIVER,51368,2020,QualFiltered,NA,1995,TRUE
East Vancouver Island-Qualicum & Puntledge_FA_0.x,QP-fall,DU21,CK-27,QUALICUM RIVER,51368,2021,QualFiltered,NA,1995,TRUE
East Vancouver Island-Qualicum & Puntledge_FA_0.x,QP-fall,DU21,CK-27,QUALICUM RIVER,51368,2022,QualFiltered,NA,1995,TRUE
East Vancouver Island-Qualicum & Puntledge_FA_0.x,QP-fall,DU21,CK-27,QUALICUM RIVER,51368,2023,QualFiltered,NA,1995,TRUE
East Vancouver Island-Qualicum & Puntledge_FA_0.x,QP-fall,DU21,CK-27,QUALICUM RIVER,51368,2024,QualFiltered,NA,1995,TRUE
East Vancouver Island-Qualicum & Puntledge_FA_0.x,QP-fall,DU21,CK-27,LITTLE QUALICUM RIVER,51388,1981,QualFiltered,NA,1995,FALSE
East Vancouver Island-Qualicum & Puntledge_FA_0.x,QP-fall,DU21,CK-27,LITTLE QUALICUM RIVER,51388,1982,QualFiltered,NA,1995,FALSE
East Vancouver Island-Qualicum & Puntledge_FA_0.x,QP-fall,DU21,CK-27,LITTLE QUALICUM RIVER,51388,1983,QualFiltered,NA,1995,FALSE
East Vancouver Island-Qualicum & Puntledge_FA_0.x,QP-fall,DU21,CK-27,LITTLE QUALICUM RIVER,51388,1984,QualFiltered,NA,1995,FALSE
East Vancouver Island-Qualicum & Puntledge_FA_0.x,QP-fall,DU21,CK-27,LITTLE QUALICUM RIVER,51388,1985,QualFiltered,NA,1995,FALSE
East Vancouver Island-Qualicum & Puntledge_FA_0.x,QP-fall,DU21,CK-27,LITTLE QUALICUM RIVER,51388,1986,QualFiltered,NA,1995,FALSE
East Vancouver Island-Qualicum & Puntledge_FA_0.x,QP-fall,DU21,CK-27,LITTLE QUALICUM RIVER,51388,1987,QualFiltered,NA,1995,FALSE
East Vancouver Island-Qualicum & Puntledge_FA_0.x,QP-fall,DU21,CK-27,LITTLE QUALICUM RIVER,51388,1988,QualFiltered,NA,1995,FALSE
East Vancouver Island-Qualicum & Puntledge_FA_0.x,QP-fall,DU21,CK-27,LITTLE QUALICUM RIVER,51388,1989,QualFiltered,NA,1995,FALSE
East Vancouver Island-Qualicum & Puntledge_FA_0.x,QP-fall,DU21,CK-27,LITTLE QUALICUM RIVER,51388,1990,QualFiltered,NA,1995,FALSE
East Vancouver Island-Qualicum & Puntledge_FA_0.x,QP-fall,DU21,CK-27,LITTLE QUALICUM RIVER,51388,1991,QualFiltered,NA,1995,FALSE
East Vancouver Island-Qualicum & Puntledge_FA_0.x,QP-fall,DU21,CK-27,LITTLE QUALICUM RIVER,51388,1992,QualFiltered,NA,1995,FALSE
East Vancouver Island-Qualicum & Puntledge_FA_0.x,QP-fall,DU21,CK-27,LITTLE QUALICUM RIVER,51388,1993,QualFiltered,NA,1995,FALSE
East Vancouver Island-Qualicum & Puntledge_FA_0.x,QP-fall,DU21,CK-27,LITTLE QUALICUM RIVER,51388,1994,QualFiltered,NA,1995,FALSE
East Vancouver Island-Qualicum & Puntledge_FA_0.x,QP-fall,DU21,CK-27,LITTLE QUALICUM RIVER,51388,1995,INFILL,792.379336,1995,TRUE
East Vancouver Island-Qualicum & Puntledge_FA_0.x,QP-fall,DU21,CK-27,LITTLE QUALICUM RIVER,51388,1996,INFILL,887.4735805,1995,TRUE
East Vancouver Island-Qualicum & Puntledge_FA_0.x,QP-fall,DU21,CK-27,LITTLE QUALICUM RIVER,51388,1997,INFILL,758.7910019,1995,TRUE
East Vancouver Island-Qualicum & Puntledge_FA_0.x,QP-fall,DU21,CK-27,LITTLE QUALICUM RIVER,51388,1998,INFILL,1131.752374,1995,TRUE
East Vancouver Island-Qualicum & Puntledge_FA_0.x,QP-fall,DU21,CK-27,LITTLE QUALICUM RIVER,51388,1999,INFILL,1083.114721,1995,TRUE
East Vancouver Island-Qualicum & Puntledge_FA_0.x,QP-fall,DU21,CK-27,LITTLE QUALICUM RIVER,51388,2000,INFILL,1521.944125,1995,TRUE
East Vancouver Island-Qualicum & Puntledge_FA_0.x,QP-fall,DU21,CK-27,LITTLE QUALICUM RIVER,51388,2001,INFILL,4073.130773,1995,TRUE
East Vancouver Island-Qualicum & Puntledge_FA_0.x,QP-fall,DU21,CK-27,LITTLE QUALICUM RIVER,51388,2002,INFILL,3327.862347,1995,TRUE
East Vancouver Island-Qualicum & Puntledge_FA_0.x,QP-fall,DU21,CK-27,LITTLE QUALICUM RIVER,51388,2003,INFILL,4186.545927,1995,TRUE
East Vancouver Island-Qualicum & Puntledge_FA_0.x,QP-fall,DU21,CK-27,LITTLE QUALICUM RIVER,51388,2004,INFILL,3391.549319,1995,TRUE
East Vancouver Island-Qualicum & Puntledge_FA_0.x,QP-fall,DU21,CK-27,LITTLE QUALICUM RIVER,51388,2005,INFILL,2431.446418,1995,TRUE
East Vancouver Island-Qualicum & Puntledge_FA_0.x,QP-fall,DU21,CK-27,LITTLE QUALICUM RIVER,51388,2006,INFILL,4574.99283,1995,TRUE
East Vancouver Island-Qualicum & Puntledge_FA_0.x,QP-fall,DU21,CK-27,LITTLE QUALICUM RIVER,51388,2007,INFILL,2673.762257,1995,TRUE
East Vancouver Island-Qualicum & Puntledge_FA_0.x,QP-fall,DU21,CK-27,LITTLE QUALICUM RIVER,51388,2008,INFILL,1843.868678,1995,TRUE
East Vancouver Island-Qualicum & Puntledge_FA_0.x,QP-fall,DU21,CK-27,LITTLE QUALICUM RIVER,51388,2009,INFILL,2276.373006,1995,TRUE
East Vancouver Island-Qualicum & Puntledge_FA_0.x,QP-fall,DU21,CK-27,LITTLE QUALICUM RIVER,51388,2010,INFILL,1967.752923,1995,TRUE
East Vancouver Island-Qualicum & Puntledge_FA_0.x,QP-fall,DU21,CK-27,LITTLE QUALICUM RIVER,51388,2011,INFILL,2178.661488,1995,TRUE
East Vancouver Island-Qualicum & Puntledge_FA_0.x,QP-fall,DU21,CK-27,LITTLE QUALICUM RIVER,51388,2012,RELATIVE ABUNDANCE (TYPE-4),2251,1995,TRUE
East Vancouver Island-Qualicum & Puntledge_FA_0.x,QP-fall,DU21,CK-27,LITTLE QUALICUM RIVER,51388,2013,QualFiltered,NA,1995,TRUE
East Vancouver Island-Qualicum & Puntledge_FA_0.x,QP-fall,DU21,CK-27,LITTLE QUALICUM RIVER,51388,2014,QualFiltered,NA,1995,TRUE
East Vancouver Island-Qualicum & Puntledge_FA_0.x,QP-fall,DU21,CK-27,LITTLE QUALICUM RIVER,51388,2015,QualFiltered,NA,1995,TRUE
East Vancouver Island-Qualicum & Puntledge_FA_0.x,QP-fall,DU21,CK-27,LITTLE QUALICUM RIVER,51388,2016,QualFiltered,NA,1995,TRUE
East Vancouver Island-Qualicum & Puntledge_FA_0.x,QP-fall,DU21,CK-27,LITTLE QUALICUM RIVER,51388,2017,QualFiltered,NA,1995,TRUE
East Vancouver Island-Qualicum & Puntledge_FA_0.x,QP-fall,DU21,CK-27,LITTLE QUALICUM RIVER,51388,2018,QualFiltered,NA,1995,TRUE
East Vancouver Island-Qualicum & Puntledge_FA_0.x,QP-fall,DU21,CK-27,LITTLE QUALICUM RIVER,51388,2019,QualFiltered,NA,1995,TRUE
East Vancouver Island-Qualicum & Puntledge_FA_0.x,QP-fall,DU21,CK-27,LITTLE QUALICUM RIVER,51388,2020,QualFiltered,NA,1995,TRUE
East Vancouver Island-Qualicum & Puntledge_FA_0.x,QP-fall,DU21,CK-27,LITTLE QUALICUM RIVER,51388,2021,QualFiltered,NA,1995,TRUE
East Vancouver Island-Qualicum & Puntledge_FA_0.x,QP-fall,DU21,CK-27,LITTLE QUALICUM RIVER,51388,2022,QualFiltered,NA,1995,TRUE
East Vancouver Island-Qualicum & Puntledge_FA_0.x,QP-fall,DU21,CK-27,LITTLE QUALICUM RIVER,51388,2023,QualFiltered,NA,1995,TRUE
East Vancouver Island-Qualicum & Puntledge_FA_0.x,QP-fall,DU21,CK-27,LITTLE QUALICUM RIVER,51388,2024,QualFiltered,NA,1995,TRUE
East Vancouver Island-Georgia Strait_SU_0.3,EVIGStr-sum,DU20,CK-83,NANAIMO RIVER,51518,1981,QualFiltered,NA,NA,TRUE
East Vancouver Island-Georgia Strait_SU_0.3,EVIGStr-sum,DU20,CK-83,NANAIMO RIVER,51518,1982,QualFiltered,NA,NA,TRUE
East Vancouver Island-Georgia Strait_SU_0.3,EVIGStr-sum,DU20,CK-83,NANAIMO RIVER,51518,1983,QualFiltered,NA,NA,TRUE
East Vancouver Island-Georgia Strait_SU_0.3,EVIGStr-sum,DU20,CK-83,NANAIMO RIVER,51518,1984,QualFiltered,NA,NA,TRUE
East Vancouver Island-Georgia Strait_SU_0.3,EVIGStr-sum,DU20,CK-83,NANAIMO RIVER,51518,1985,QualFiltered,NA,NA,TRUE
East Vancouver Island-Georgia Strait_SU_0.3,EVIGStr-sum,DU20,CK-83,NANAIMO RIVER,51518,1986,QualFiltered,NA,NA,TRUE
East Vancouver Island-Georgia Strait_SU_0.3,EVIGStr-sum,DU20,CK-83,NANAIMO RIVER,51518,1987,QualFiltered,NA,NA,TRUE
East Vancouver Island-Georgia Strait_SU_0.3,EVIGStr-sum,DU20,CK-83,NANAIMO RIVER,51518,1988,QualFiltered,NA,NA,TRUE
East Vancouver Island-Georgia Strait_SU_0.3,EVIGStr-sum,DU20,CK-83,NANAIMO RIVER,51518,1989,QualFiltered,NA,NA,TRUE
East Vancouver Island-Georgia Strait_SU_0.3,EVIGStr-sum,DU20,CK-83,NANAIMO RIVER,51518,1990,INFILL,834.2878088,NA,TRUE
East Vancouver Island-Georgia Strait_SU_0.3,EVIGStr-sum,DU20,CK-83,NANAIMO RIVER,51518,1991,INFILL,711.3401317,NA,TRUE
East Vancouver Island-Georgia Strait_SU_0.3,EVIGStr-sum,DU20,CK-83,NANAIMO RIVER,51518,1992,INFILL,358.9633072,NA,TRUE
East Vancouver Island-Georgia Strait_SU_0.3,EVIGStr-sum,DU20,CK-83,NANAIMO RIVER,51518,1993,INFILL,231.0757681,NA,TRUE
East Vancouver Island-Georgia Strait_SU_0.3,EVIGStr-sum,DU20,CK-83,NANAIMO RIVER,51518,1994,INFILL,189.9102512,NA,TRUE
East Vancouver Island-Georgia Strait_SU_0.3,EVIGStr-sum,DU20,CK-83,NANAIMO RIVER,51518,1995,RELATIVE ABUNDANCE (TYPE-4),168,NA,TRUE
East Vancouver Island-Georgia Strait_SU_0.3,EVIGStr-sum,DU20,CK-83,NANAIMO RIVER,51518,1996,RELATIVE ABUNDANCE (TYPE-4),768,NA,TRUE
East Vancouver Island-Georgia Strait_SU_0.3,EVIGStr-sum,DU20,CK-83,NANAIMO RIVER,51518,1997,INFILL,143.8048723,NA,TRUE
East Vancouver Island-Georgia Strait_SU_0.3,EVIGStr-sum,DU20,CK-83,NANAIMO RIVER,51518,1998,INFILL,138.8650103,NA,TRUE
East Vancouver Island-Georgia Strait_SU_0.3,EVIGStr-sum,DU20,CK-83,NANAIMO RIVER,51518,1999,RELATIVE ABUNDANCE (TYPE-4),652,NA,TRUE
East Vancouver Island-Georgia Strait_SU_0.3,EVIGStr-sum,DU20,CK-83,NANAIMO RIVER,51518,2000,RELATIVE ABUNDANCE (TYPE-4),616,NA,TRUE
East Vancouver Island-Georgia Strait_SU_0.3,EVIGStr-sum,DU20,CK-83,NANAIMO RIVER,51518,2001,RELATIVE ABUNDANCE (TYPE-4),356,NA,TRUE
East Vancouver Island-Georgia Strait_SU_0.3,EVIGStr-sum,DU20,CK-83,NANAIMO RIVER,51518,2002,RELATIVE ABUNDANCE (TYPE-4),576,NA,TRUE
East Vancouver Island-Georgia Strait_SU_0.3,EVIGStr-sum,DU20,CK-83,NANAIMO RIVER,51518,2003,RELATIVE ABUNDANCE (TYPE-4),510,NA,TRUE
East Vancouver Island-Georgia Strait_SU_0.3,EVIGStr-sum,DU20,CK-83,NANAIMO RIVER,51518,2004,INFILL,453.3695592,NA,TRUE
East Vancouver Island-Georgia Strait_SU_0.3,EVIGStr-sum,DU20,CK-83,NANAIMO RIVER,51518,2005,INFILL,1672.966606,NA,TRUE
East Vancouver Island-Georgia Strait_SU_0.3,EVIGStr-sum,DU20,CK-83,NANAIMO RIVER,51518,2006,INFILL,615.287259,NA,TRUE
East Vancouver Island-Georgia Strait_SU_0.3,EVIGStr-sum,DU20,CK-83,NANAIMO RIVER,51518,2007,INFILL,700.9115341,NA,TRUE
East Vancouver Island-Georgia Strait_SU_0.3,EVIGStr-sum,DU20,CK-83,NANAIMO RIVER,51518,2008,INFILL,292.5496066,NA,TRUE
East Vancouver Island-Georgia Strait_SU_0.3,EVIGStr-sum,DU20,CK-83,NANAIMO RIVER,51518,2009,INFILL,987.9724051,NA,TRUE
East Vancouver Island-Georgia Strait_SU_0.3,EVIGStr-sum,DU20,CK-83,NANAIMO RIVER,51518,2010,INFILL,705.3025225,NA,TRUE
East Vancouver Island-Georgia Strait_SU_0.3,EVIGStr-sum,DU20,CK-83,NANAIMO RIVER,51518,2011,INFILL,601.0165465,NA,TRUE
East Vancouver Island-Georgia Strait_SU_0.3,EVIGStr-sum,DU20,CK-83,NANAIMO RIVER,51518,2012,INFILL,247.5419748,NA,TRUE
East Vancouver Island-Georgia Strait_SU_0.3,EVIGStr-sum,DU20,CK-83,NANAIMO RIVER,51518,2013,QualFiltered,NA,NA,TRUE
East Vancouver Island-Georgia Strait_SU_0.3,EVIGStr-sum,DU20,CK-83,NANAIMO RIVER,51518,2014,QualFiltered,NA,NA,TRUE
East Vancouver Island-Georgia Strait_SU_0.3,EVIGStr-sum,DU20,CK-83,NANAIMO RIVER,51518,2015,QualFiltered,NA,NA,TRUE
East Vancouver Island-Georgia Strait_SU_0.3,EVIGStr-sum,DU20,CK-83,NANAIMO RIVER,51518,2016,QualFiltered,NA,NA,TRUE
East Vancouver Island-Georgia Strait_SU_0.3,EVIGStr-sum,DU20,CK-83,NANAIMO RIVER,51518,2017,QualFiltered,NA,NA,TRUE
East Vancouver Island-Georgia Strait_SU_0.3,EVIGStr-sum,DU20,CK-83,NANAIMO RIVER,51518,2018,QualFiltered,NA,NA,TRUE
East Vancouver Island-Georgia Strait_SU_0.3,EVIGStr-sum,DU20,CK-83,NANAIMO RIVER,51518,2019,QualFiltered,NA,NA,TRUE
East Vancouver Island-Georgia Strait_SU_0.3,EVIGStr-sum,DU20,CK-83,NANAIMO RIVER,51518,2020,QualFiltered,NA,NA,TRUE
East Vancouver Island-Georgia Strait_SU_0.3,EVIGStr-sum,DU20,CK-83,NANAIMO RIVER,51518,2021,QualFiltered,NA,NA,TRUE
East Vancouver Island-Georgia Strait_SU_0.3,EVIGStr-sum,DU20,CK-83,NANAIMO RIVER,51518,2022,QualFiltered,NA,NA,TRUE
East Vancouver Island-Georgia Strait_SU_0.3,EVIGStr-sum,DU20,CK-83,NANAIMO RIVER,51518,2023,QualFiltered,NA,NA,TRUE
East Vancouver Island-Nanaimo & Chemainus_FA_0.x,EVI-fall,DU21,CK-25,NANAIMO RIVER,51519,1981,QualFiltered,NA,1995,FALSE
East Vancouver Island-Nanaimo & Chemainus_FA_0.x,EVI-fall,DU21,CK-25,NANAIMO RIVER,51519,1982,QualFiltered,NA,1995,FALSE
East Vancouver Island-Nanaimo & Chemainus_FA_0.x,EVI-fall,DU21,CK-25,NANAIMO RIVER,51519,1983,QualFiltered,NA,1995,FALSE
East Vancouver Island-Nanaimo & Chemainus_FA_0.x,EVI-fall,DU21,CK-25,NANAIMO RIVER,51519,1984,QualFiltered,NA,1995,FALSE
East Vancouver Island-Nanaimo & Chemainus_FA_0.x,EVI-fall,DU21,CK-25,NANAIMO RIVER,51519,1985,QualFiltered,NA,1995,FALSE
East Vancouver Island-Nanaimo & Chemainus_FA_0.x,EVI-fall,DU21,CK-25,NANAIMO RIVER,51519,1986,QualFiltered,NA,1995,FALSE
East Vancouver Island-Nanaimo & Chemainus_FA_0.x,EVI-fall,DU21,CK-25,NANAIMO RIVER,51519,1987,QualFiltered,NA,1995,FALSE
East Vancouver Island-Nanaimo & Chemainus_FA_0.x,EVI-fall,DU21,CK-25,NANAIMO RIVER,51519,1988,QualFiltered,NA,1995,FALSE
East Vancouver Island-Nanaimo & Chemainus_FA_0.x,EVI-fall,DU21,CK-25,NANAIMO RIVER,51519,1989,QualFiltered,NA,1995,FALSE
East Vancouver Island-Nanaimo & Chemainus_FA_0.x,EVI-fall,DU21,CK-25,NANAIMO RIVER,51519,1990,QualFiltered,NA,1995,FALSE
East Vancouver Island-Nanaimo & Chemainus_FA_0.x,EVI-fall,DU21,CK-25,NANAIMO RIVER,51519,1991,QualFiltered,NA,1995,FALSE
East Vancouver Island-Nanaimo & Chemainus_FA_0.x,EVI-fall,DU21,CK-25,NANAIMO RIVER,51519,1992,QualFiltered,NA,1995,FALSE
East Vancouver Island-Nanaimo & Chemainus_FA_0.x,EVI-fall,DU21,CK-25,NANAIMO RIVER,51519,1993,QualFiltered,NA,1995,FALSE
East Vancouver Island-Nanaimo & Chemainus_FA_0.x,EVI-fall,DU21,CK-25,NANAIMO RIVER,51519,1994,QualFiltered,NA,1995,FALSE
East Vancouver Island-Nanaimo & Chemainus_FA_0.x,EVI-fall,DU21,CK-25,NANAIMO RIVER,51519,1995,TRUE ABUNDANCE (TYPE-1),NA,1995,TRUE
East Vancouver Island-Nanaimo & Chemainus_FA_0.x,EVI-fall,DU21,CK-25,NANAIMO RIVER,51519,1996,TRUE ABUNDANCE (TYPE-1),NA,1995,TRUE
East Vancouver Island-Nanaimo & Chemainus_FA_0.x,EVI-fall,DU21,CK-25,NANAIMO RIVER,51519,1997,TRUE ABUNDANCE (TYPE-1),NA,1995,TRUE
East Vancouver Island-Nanaimo & Chemainus_FA_0.x,EVI-fall,DU21,CK-25,NANAIMO RIVER,51519,1998,TRUE ABUNDANCE (TYPE-1),NA,1995,TRUE
East Vancouver Island-Nanaimo & Chemainus_FA_0.x,EVI-fall,DU21,CK-25,NANAIMO RIVER,51519,1999,TRUE ABUNDANCE (TYPE-1),NA,1995,TRUE
East Vancouver Island-Nanaimo & Chemainus_FA_0.x,EVI-fall,DU21,CK-25,NANAIMO RIVER,51519,2000,TRUE ABUNDANCE (TYPE-1),NA,1995,TRUE
East Vancouver Island-Nanaimo & Chemainus_FA_0.x,EVI-fall,DU21,CK-25,NANAIMO RIVER,51519,2001,TRUE ABUNDANCE (TYPE-1),NA,1995,TRUE
East Vancouver Island-Nanaimo & Chemainus_FA_0.x,EVI-fall,DU21,CK-25,NANAIMO RIVER,51519,2002,TRUE ABUNDANCE (TYPE-1),NA,1995,TRUE
East Vancouver Island-Nanaimo & Chemainus_FA_0.x,EVI-fall,DU21,CK-25,NANAIMO RIVER,51519,2003,TRUE ABUNDANCE (TYPE-1),NA,1995,TRUE
East Vancouver Island-Nanaimo & Chemainus_FA_0.x,EVI-fall,DU21,CK-25,NANAIMO RIVER,51519,2004,RELATIVE ABUNDANCE (TYPE-3),NA,1995,TRUE
East Vancouver Island-Nanaimo & Chemainus_FA_0.x,EVI-fall,DU21,CK-25,NANAIMO RIVER,51519,2005,TRUE ABUNDANCE (TYPE-2),NA,1995,TRUE
East Vancouver Island-Nanaimo & Chemainus_FA_0.x,EVI-fall,DU21,CK-25,NANAIMO RIVER,51519,2006,RELATIVE ABUNDANCE (TYPE-3),NA,1995,TRUE
East Vancouver Island-Nanaimo & Chemainus_FA_0.x,EVI-fall,DU21,CK-25,NANAIMO RIVER,51519,2007,RELATIVE ABUNDANCE (TYPE-3),NA,1995,TRUE
East Vancouver Island-Nanaimo & Chemainus_FA_0.x,EVI-fall,DU21,CK-25,NANAIMO RIVER,51519,2008,RELATIVE ABUNDANCE (TYPE-3),NA,1995,TRUE
East Vancouver Island-Nanaimo & Chemainus_FA_0.x,EVI-fall,DU21,CK-25,NANAIMO RIVER,51519,2009,QualFiltered,NA,1995,TRUE
East Vancouver Island-Nanaimo & Chemainus_FA_0.x,EVI-fall,DU21,CK-25,NANAIMO RIVER,51519,2011,RELATIVE ABUNDANCE (TYPE-3),NA,1995,TRUE
East Vancouver Island-Nanaimo & Chemainus_FA_0.x,EVI-fall,DU21,CK-25,NANAIMO RIVER,51519,2012,RELATIVE ABUNDANCE (TYPE-4),NA,1995,TRUE
East Vancouver Island-Nanaimo & Chemainus_FA_0.x,EVI-fall,DU21,CK-25,NANAIMO RIVER,51519,2013,QualFiltered,NA,1995,TRUE
East Vancouver Island-Nanaimo & Chemainus_FA_0.x,EVI-fall,DU21,CK-25,NANAIMO RIVER,51519,2014,QualFiltered,NA,1995,TRUE
East Vancouver Island-Nanaimo & Chemainus_FA_0.x,EVI-fall,DU21,CK-25,NANAIMO RIVER,51519,2015,QualFiltered,NA,1995,TRUE
East Vancouver Island-Nanaimo & Chemainus_FA_0.x,EVI-fall,DU21,CK-25,NANAIMO RIVER,51519,2016,QualFiltered,NA,1995,TRUE
East Vancouver Island-Nanaimo & Chemainus_FA_0.x,EVI-fall,DU21,CK-25,NANAIMO RIVER,51519,2017,QualFiltered,NA,1995,TRUE
East Vancouver Island-Nanaimo & Chemainus_FA_0.x,EVI-fall,DU21,CK-25,NANAIMO RIVER,51519,2018,QualFiltered,NA,1995,TRUE
East Vancouver Island-Nanaimo & Chemainus_FA_0.x,EVI-fall,DU21,CK-25,NANAIMO RIVER,51519,2019,QualFiltered,NA,1995,TRUE
East Vancouver Island-Nanaimo & Chemainus_FA_0.x,EVI-fall,DU21,CK-25,NANAIMO RIVER,51519,2020,QualFiltered,NA,1995,TRUE
East Vancouver Island-Nanaimo & Chemainus_FA_0.x,EVI-fall,DU21,CK-25,NANAIMO RIVER,51519,2021,QualFiltered,NA,1995,TRUE
East Vancouver Island-Nanaimo & Chemainus_FA_0.x,EVI-fall,DU21,CK-25,NANAIMO RIVER,51519,2022,QualFiltered,NA,1995,TRUE
East Vancouver Island-Nanaimo & Chemainus_FA_0.x,EVI-fall,DU21,CK-25,NANAIMO RIVER,51519,2023,QualFiltered,NA,1995,TRUE
West Vancouver Island-South_FA_0.x,SWVI,DU24,CK-31,KENNEDY RIVER-LOWER,52118,1982,QualFiltered,NA,NA,TRUE
West Vancouver Island-South_FA_0.x,SWVI,DU24,CK-31,KENNEDY RIVER-LOWER,52118,1986,QualFiltered,NA,NA,TRUE
West Vancouver Island-South_FA_0.x,SWVI,DU24,CK-31,KENNEDY RIVER-LOWER,52118,1987,QualFiltered,NA,NA,TRUE
West Vancouver Island-South_FA_0.x,SWVI,DU24,CK-31,KENNEDY RIVER-LOWER,52118,1988,QualFiltered,NA,NA,TRUE
West Vancouver Island-South_FA_0.x,SWVI,DU24,CK-31,KENNEDY RIVER-LOWER,52118,1989,QualFiltered,NA,NA,TRUE
West Vancouver Island-South_FA_0.x,SWVI,DU24,CK-31,KENNEDY RIVER-LOWER,52118,1990,QualFiltered,NA,NA,TRUE
West Vancouver Island-South_FA_0.x,SWVI,DU24,CK-31,KENNEDY RIVER-LOWER,52118,2002,QualFiltered,NA,NA,TRUE
West Vancouver Island-South_FA_0.x,SWVI,DU24,CK-31,KENNEDY RIVER-LOWER,52118,2004,QualFiltered,NA,NA,TRUE
West Vancouver Island-South_FA_0.x,SWVI,DU24,CK-31,KENNEDY RIVER-LOWER,52118,2005,QualFiltered,NA,NA,TRUE
West Vancouver Island-South_FA_0.x,SWVI,DU24,CK-31,KENNEDY RIVER-LOWER,52118,2012,QualFiltered,NA,NA,TRUE
West Vancouver Island-South_FA_0.x,SWVI,DU24,CK-31,KENNEDY RIVER-LOWER,52118,2013,QualFiltered,NA,NA,TRUE
West Vancouver Island-South_FA_0.x,SWVI,DU24,CK-31,KENNEDY RIVER-LOWER,52118,2015,QualFiltered,NA,NA,TRUE
West Vancouver Island-South_FA_0.x,SWVI,DU24,CK-31,KENNEDY RIVER-LOWER,52118,2016,QualFiltered,NA,NA,TRUE
West Vancouver Island-South_FA_0.x,SWVI,DU24,CK-31,KENNEDY RIVER-LOWER,52118,2017,QualFiltered,NA,NA,TRUE
West Vancouver Island-South_FA_0.x,SWVI,DU24,CK-31,KENNEDY RIVER-LOWER,52118,2018,QualFiltered,NA,NA,TRUE
West Vancouver Island-South_FA_0.x,SWVI,DU24,CK-31,KENNEDY RIVER-LOWER,52118,2019,QualFiltered,NA,NA,TRUE
West Vancouver Island-South_FA_0.x,SWVI,DU24,CK-31,KENNEDY RIVER-LOWER,52118,2021,QualFiltered,NA,NA,TRUE
West Vancouver Island-South_FA_0.x,SWVI,DU24,CK-31,KENNEDY RIVER-LOWER,52118,2022,QualFiltered,NA,NA,TRUE
West Vancouver Island-South_FA_0.x,SWVI,DU24,CK-31,TRANQUIL CREEK,52218,1995,INFILL,124.6302091,1995,TRUE
West Vancouver Island-South_FA_0.x,SWVI,DU24,CK-31,TRANQUIL CREEK,52218,1996,INFILL,306.9991859,1995,TRUE
West Vancouver Island-South_FA_0.x,SWVI,DU24,CK-31,TRANQUIL CREEK,52218,1997,INFILL,405.6816847,1995,TRUE
West Vancouver Island-South_FA_0.x,SWVI,DU24,CK-31,TRANQUIL CREEK,52218,1998,INFILL,449.5281819,1995,TRUE
West Vancouver Island-South_FA_0.x,SWVI,DU24,CK-31,TRANQUIL CREEK,52218,1999,INFILL,255.8348659,1995,TRUE
West Vancouver Island-South_FA_0.x,SWVI,DU24,CK-31,TRANQUIL CREEK,52218,2000,INFILL,105.5485349,1995,TRUE
West Vancouver Island-South_FA_0.x,SWVI,DU24,CK-31,TRANQUIL CREEK,52218,2001,INFILL,185.3163068,1995,TRUE
West Vancouver Island-South_FA_0.x,SWVI,DU24,CK-31,TRANQUIL CREEK,52218,2002,INFILL,280.8769437,1995,TRUE
West Vancouver Island-South_FA_0.x,SWVI,DU24,CK-31,TRANQUIL CREEK,52218,2003,INFILL,380.9905135,1995,TRUE
West Vancouver Island-South_FA_0.x,SWVI,DU24,CK-31,TRANQUIL CREEK,52218,2004,INFILL,485.6469571,1995,TRUE
West Vancouver Island-South_FA_0.x,SWVI,DU24,CK-31,TRANQUIL CREEK,52218,2005,INFILL,185.7478224,1995,TRUE
West Vancouver Island-South_FA_0.x,SWVI,DU24,CK-31,TRANQUIL CREEK,52218,2006,INFILL,512.7646105,1995,TRUE
West Vancouver Island-South_FA_0.x,SWVI,DU24,CK-31,TRANQUIL CREEK,52218,2007,INFILL,114.2000756,1995,TRUE
West Vancouver Island-South_FA_0.x,SWVI,DU24,CK-31,TRANQUIL CREEK,52218,2008,INFILL,148.6956597,1995,TRUE
West Vancouver Island-South_FA_0.x,SWVI,DU24,CK-31,TRANQUIL CREEK,52218,2009,INFILL,122.7101454,1995,TRUE
West Vancouver Island-South_FA_0.x,SWVI,DU24,CK-31,TRANQUIL CREEK,52218,2010,RELATIVE ABUNDANCE (TYPE-3),225,1995,TRUE
West Vancouver Island-South_FA_0.x,SWVI,DU24,CK-31,TRANQUIL CREEK,52218,2011,RELATIVE ABUNDANCE (TYPE-3),221,1995,TRUE
West Vancouver Island-South_FA_0.x,SWVI,DU24,CK-31,TRANQUIL CREEK,52218,2012,RELATIVE ABUNDANCE (TYPE-3),276,1995,TRUE
West Vancouver Island-South_FA_0.x,SWVI,DU24,CK-31,TRANQUIL CREEK,52218,2013,QualFiltered,NA,1995,TRUE
West Vancouver Island-South_FA_0.x,SWVI,DU24,CK-31,TRANQUIL CREEK,52218,2014,QualFiltered,NA,1995,TRUE
West Vancouver Island-South_FA_0.x,SWVI,DU24,CK-31,TRANQUIL CREEK,52218,2015,QualFiltered,NA,1995,TRUE
West Vancouver Island-South_FA_0.x,SWVI,DU24,CK-31,TRANQUIL CREEK,52218,2016,QualFiltered,NA,1995,TRUE
West Vancouver Island-South_FA_0.x,SWVI,DU24,CK-31,TRANQUIL CREEK,52218,2017,QualFiltered,NA,1995,TRUE
West Vancouver Island-South_FA_0.x,SWVI,DU24,CK-31,TRANQUIL CREEK,52218,2018,QualFiltered,NA,1995,TRUE
West Vancouver Island-South_FA_0.x,SWVI,DU24,CK-31,TRANQUIL CREEK,52218,2019,QualFiltered,NA,1995,TRUE
West Vancouver Island-South_FA_0.x,SWVI,DU24,CK-31,TRANQUIL CREEK,52218,2020,QualFiltered,NA,1995,TRUE
West Vancouver Island-South_FA_0.x,SWVI,DU24,CK-31,TRANQUIL CREEK,52218,2021,QualFiltered,NA,1995,TRUE
West Vancouver Island-South_FA_0.x,SWVI,DU24,CK-31,TRANQUIL CREEK,52218,2022,QualFiltered,NA,1995,TRUE
West Vancouver Island-South_FA_0.x,SWVI,DU24,CK-31,CYPRE RIVER,52338,1995,INFILL,448.6342292,NA,TRUE
West Vancouver Island-South_FA_0.x,SWVI,DU24,CK-31,CYPRE RIVER,52338,1996,INFILL,1105.112028,NA,TRUE
West Vancouver Island-South_FA_0.x,SWVI,DU24,CK-31,CYPRE RIVER,52338,1997,INFILL,1460.341688,NA,TRUE
West Vancouver Island-South_FA_0.x,SWVI,DU24,CK-31,CYPRE RIVER,52338,1998,INFILL,1618.176932,NA,TRUE
West Vancouver Island-South_FA_0.x,SWVI,DU24,CK-31,CYPRE RIVER,52338,1999,INFILL,920.9346489,NA,TRUE
West Vancouver Island-South_FA_0.x,SWVI,DU24,CK-31,CYPRE RIVER,52338,2000,INFILL,379.9454877,NA,TRUE
West Vancouver Island-South_FA_0.x,SWVI,DU24,CK-31,CYPRE RIVER,52338,2001,INFILL,667.0873702,NA,TRUE
West Vancouver Island-South_FA_0.x,SWVI,DU24,CK-31,CYPRE RIVER,52338,2002,INFILL,1011.079192,NA,TRUE
West Vancouver Island-South_FA_0.x,SWVI,DU24,CK-31,CYPRE RIVER,52338,2003,INFILL,1371.460311,NA,TRUE
West Vancouver Island-South_FA_0.x,SWVI,DU24,CK-31,CYPRE RIVER,52338,2004,INFILL,1748.194517,NA,TRUE
West Vancouver Island-South_FA_0.x,SWVI,DU24,CK-31,CYPRE RIVER,52338,2005,INFILL,668.6407071,NA,TRUE
West Vancouver Island-South_FA_0.x,SWVI,DU24,CK-31,CYPRE RIVER,52338,2006,INFILL,1845.810558,NA,TRUE
West Vancouver Island-South_FA_0.x,SWVI,DU24,CK-31,CYPRE RIVER,52338,2007,INFILL,411.0886378,NA,TRUE
West Vancouver Island-South_FA_0.x,SWVI,DU24,CK-31,CYPRE RIVER,52338,2008,INFILL,535.2631849,NA,TRUE
West Vancouver Island-South_FA_0.x,SWVI,DU24,CK-31,CYPRE RIVER,52338,2009,INFILL,441.7225317,NA,TRUE
West Vancouver Island-South_FA_0.x,SWVI,DU24,CK-31,CYPRE RIVER,52338,2010,RELATIVE ABUNDANCE (TYPE-4),440,NA,TRUE
West Vancouver Island-South_FA_0.x,SWVI,DU24,CK-31,CYPRE RIVER,52338,2011,RELATIVE ABUNDANCE (TYPE-4),1426,NA,TRUE
West Vancouver Island-South_FA_0.x,SWVI,DU24,CK-31,CYPRE RIVER,52338,2012,RELATIVE ABUNDANCE (TYPE-4),733,NA,TRUE
West Vancouver Island-South_FA_0.x,SWVI,DU24,CK-31,CYPRE RIVER,52338,2013,QualFiltered,NA,NA,TRUE
West Vancouver Island-South_FA_0.x,SWVI,DU24,CK-31,CYPRE RIVER,52338,2014,QualFiltered,NA,NA,TRUE
West Vancouver Island-South_FA_0.x,SWVI,DU24,CK-31,CYPRE RIVER,52338,2015,QualFiltered,NA,NA,TRUE
West Vancouver Island-South_FA_0.x,SWVI,DU24,CK-31,CYPRE RIVER,52338,2016,QualFiltered,NA,NA,TRUE
West Vancouver Island-South_FA_0.x,SWVI,DU24,CK-31,CYPRE RIVER,52338,2017,QualFiltered,NA,NA,TRUE
West Vancouver Island-South_FA_0.x,SWVI,DU24,CK-31,CYPRE RIVER,52338,2018,QualFiltered,NA,NA,TRUE
West Vancouver Island-South_FA_0.x,SWVI,DU24,CK-31,CYPRE RIVER,52338,2019,QualFiltered,NA,NA,TRUE
West Vancouver Island-South_FA_0.x,SWVI,DU24,CK-31,CYPRE RIVER,52338,2020,QualFiltered,NA,NA,TRUE
West Vancouver Island-South_FA_0.x,SWVI,DU24,CK-31,CYPRE RIVER,52338,2021,QualFiltered,NA,NA,TRUE
West Vancouver Island-South_FA_0.x,SWVI,DU24,CK-31,CYPRE RIVER,52338,2022,QualFiltered,NA,NA,TRUE
East Vancouver Island-North_FA_0.x,NEVI,DU23,CK-29,QUATSE RIVER,52573,1992,QualFiltered,NA,NA,TRUE
East Vancouver Island-North_FA_0.x,NEVI,DU23,CK-29,QUATSE RIVER,52573,1995,QualFiltered,NA,NA,TRUE
East Vancouver Island-North_FA_0.x,NEVI,DU23,CK-29,QUATSE RIVER,52573,1996,QualFiltered,NA,NA,TRUE
East Vancouver Island-North_FA_0.x,NEVI,DU23,CK-29,QUATSE RIVER,52573,1997,QualFiltered,NA,NA,TRUE
East Vancouver Island-North_FA_0.x,NEVI,DU23,CK-29,QUATSE RIVER,52573,2004,QualFiltered,NA,NA,TRUE
East Vancouver Island-North_FA_0.x,NEVI,DU23,CK-29,QUATSE RIVER,52573,2005,QualFiltered,NA,NA,TRUE
East Vancouver Island-North_FA_0.x,NEVI,DU23,CK-29,CLUXEWE RIVER,52603,1988,QualFiltered,NA,NA,TRUE
East Vancouver Island-North_FA_0.x,NEVI,DU23,CK-29,NIMPKISH RIVER,52633,1985,QualFiltered,NA,NA,TRUE
East Vancouver Island-North_FA_0.x,NEVI,DU23,CK-29,NIMPKISH RIVER,52633,1986,QualFiltered,NA,NA,TRUE
East Vancouver Island-North_FA_0.x,NEVI,DU23,CK-29,NIMPKISH RIVER,52633,1987,QualFiltered,NA,NA,TRUE
East Vancouver Island-North_FA_0.x,NEVI,DU23,CK-29,NIMPKISH RIVER,52633,1988,QualFiltered,NA,NA,TRUE
East Vancouver Island-North_FA_0.x,NEVI,DU23,CK-29,NIMPKISH RIVER,52633,1989,QualFiltered,NA,NA,TRUE
East Vancouver Island-North_FA_0.x,NEVI,DU23,CK-29,NIMPKISH RIVER,52633,1990,QualFiltered,NA,NA,TRUE
East Vancouver Island-North_FA_0.x,NEVI,DU23,CK-29,NIMPKISH RIVER,52633,1991,QualFiltered,NA,NA,TRUE
East Vancouver Island-North_FA_0.x,NEVI,DU23,CK-29,NIMPKISH RIVER,52633,1992,QualFiltered,NA,NA,TRUE
East Vancouver Island-North_FA_0.x,NEVI,DU23,CK-29,NIMPKISH RIVER,52633,1993,QualFiltered,NA,NA,TRUE
East Vancouver Island-North_FA_0.x,NEVI,DU23,CK-29,NIMPKISH RIVER,52633,1994,QualFiltered,NA,NA,TRUE
East Vancouver Island-North_FA_0.x,NEVI,DU23,CK-29,NIMPKISH RIVER,52633,1995,QualFiltered,NA,NA,TRUE
East Vancouver Island-North_FA_0.x,NEVI,DU23,CK-29,NIMPKISH RIVER,52633,1997,QualFiltered,NA,NA,TRUE
East Vancouver Island-North_FA_0.x,NEVI,DU23,CK-29,NIMPKISH RIVER,52633,1999,INFILL,1528.95084,NA,TRUE
East Vancouver Island-North_FA_0.x,NEVI,DU23,CK-29,NIMPKISH RIVER,52633,2000,INFILL,1524.662604,NA,TRUE
East Vancouver Island-North_FA_0.x,NEVI,DU23,CK-29,NIMPKISH RIVER,52633,2001,INFILL,2744.665575,NA,TRUE
East Vancouver Island-North_FA_0.x,NEVI,DU23,CK-29,NIMPKISH RIVER,52633,2002,INFILL,2511.346586,NA,TRUE
East Vancouver Island-North_FA_0.x,NEVI,DU23,CK-29,NIMPKISH RIVER,52633,2003,INFILL,1525.442283,NA,TRUE
East Vancouver Island-North_FA_0.x,NEVI,DU23,CK-29,NIMPKISH RIVER,52633,2004,INFILL,1981.164754,NA,TRUE
East Vancouver Island-North_FA_0.x,NEVI,DU23,CK-29,NIMPKISH RIVER,52633,2005,INFILL,1650.190949,NA,TRUE
East Vancouver Island-North_FA_0.x,NEVI,DU23,CK-29,NIMPKISH RIVER,52633,2006,INFILL,1850.373575,NA,TRUE
East Vancouver Island-North_FA_0.x,NEVI,DU23,CK-29,NIMPKISH RIVER,52633,2007,INFILL,1304.79308,NA,TRUE
East Vancouver Island-North_FA_0.x,NEVI,DU23,CK-29,NIMPKISH RIVER,52633,2008,INFILL,1261.325967,NA,TRUE
East Vancouver Island-North_FA_0.x,NEVI,DU23,CK-29,NIMPKISH RIVER,52633,2009,INFILL,1206.163666,NA,TRUE
East Vancouver Island-North_FA_0.x,NEVI,DU23,CK-29,NIMPKISH RIVER,52633,2010,INFILL,825.2903945,NA,TRUE
East Vancouver Island-North_FA_0.x,NEVI,DU23,CK-29,NIMPKISH RIVER,52633,2011,RELATIVE ABUNDANCE (TYPE-3),675,NA,TRUE
East Vancouver Island-North_FA_0.x,NEVI,DU23,CK-29,NIMPKISH RIVER,52633,2012,RELATIVE ABUNDANCE (TYPE-3),2446,NA,TRUE
East Vancouver Island-North_FA_0.x,NEVI,DU23,CK-29,NIMPKISH RIVER,52633,2013,QualFiltered,NA,NA,TRUE
East Vancouver Island-North_FA_0.x,NEVI,DU23,CK-29,NIMPKISH RIVER,52633,2014,QualFiltered,NA,NA,TRUE
East Vancouver Island-North_FA_0.x,NEVI,DU23,CK-29,NIMPKISH RIVER,52633,2015,QualFiltered,NA,NA,TRUE
East Vancouver Island-North_FA_0.x,NEVI,DU23,CK-29,NIMPKISH RIVER,52633,2016,QualFiltered,NA,NA,TRUE
East Vancouver Island-North_FA_0.x,NEVI,DU23,CK-29,NIMPKISH RIVER,52633,2017,QualFiltered,NA,NA,TRUE
East Vancouver Island-North_FA_0.x,NEVI,DU23,CK-29,NIMPKISH RIVER,52633,2018,QualFiltered,NA,NA,TRUE
East Vancouver Island-North_FA_0.x,NEVI,DU23,CK-29,NIMPKISH RIVER,52633,2019,QualFiltered,NA,NA,TRUE
East Vancouver Island-North_FA_0.x,NEVI,DU23,CK-29,NIMPKISH RIVER,52633,2020,QualFiltered,NA,NA,TRUE
East Vancouver Island-North_FA_0.x,NEVI,DU23,CK-29,NIMPKISH RIVER,52633,2022,QualFiltered,NA,NA,TRUE
East Vancouver Island-North_FA_0.x,NEVI,DU23,CK-29,NIMPKISH RIVER,52633,2023,QualFiltered,NA,NA,TRUE
East Vancouver Island-North_FA_0.x,NEVI,DU23,CK-29,KOKISH RIVER,52663,2019,QualFiltered,NA,NA,TRUE
East Vancouver Island-North_FA_0.x,NEVI,DU23,CK-29,KOKISH RIVER,52663,2020,QualFiltered,NA,NA,TRUE
East Vancouver Island-North_FA_0.x,NEVI,DU23,CK-29,SALMON RIVER,52718,1990,QualFiltered,NA,1999,FALSE
East Vancouver Island-North_FA_0.x,NEVI,DU23,CK-29,SALMON RIVER,52718,1999,INFILL,732.877429,1999,TRUE
East Vancouver Island-North_FA_0.x,NEVI,DU23,CK-29,SALMON RIVER,52718,2000,INFILL,730.8219339,1999,TRUE
East Vancouver Island-North_FA_0.x,NEVI,DU23,CK-29,SALMON RIVER,52718,2001,INFILL,1315.610285,1999,TRUE
East Vancouver Island-North_FA_0.x,NEVI,DU23,CK-29,SALMON RIVER,52718,2002,INFILL,1203.772666,1999,TRUE
East Vancouver Island-North_FA_0.x,NEVI,DU23,CK-29,SALMON RIVER,52718,2003,INFILL,731.1956603,1999,TRUE
East Vancouver Island-North_FA_0.x,NEVI,DU23,CK-29,SALMON RIVER,52718,2004,INFILL,949.6387288,1999,TRUE
East Vancouver Island-North_FA_0.x,NEVI,DU23,CK-29,SALMON RIVER,52718,2005,INFILL,790.9918809,1999,TRUE
East Vancouver Island-North_FA_0.x,NEVI,DU23,CK-29,SALMON RIVER,52718,2006,INFILL,886.9461287,1999,TRUE
East Vancouver Island-North_FA_0.x,NEVI,DU23,CK-29,SALMON RIVER,52718,2007,INFILL,625.4310951,1999,TRUE
East Vancouver Island-North_FA_0.x,NEVI,DU23,CK-29,SALMON RIVER,52718,2008,INFILL,604.5958495,1999,TRUE
East Vancouver Island-North_FA_0.x,NEVI,DU23,CK-29,SALMON RIVER,52718,2009,INFILL,578.1547082,1999,TRUE
East Vancouver Island-North_FA_0.x,NEVI,DU23,CK-29,SALMON RIVER,52718,2010,INFILL,395.5893721,1999,TRUE
East Vancouver Island-North_FA_0.x,NEVI,DU23,CK-29,SALMON RIVER,52718,2011,INFILL,422.698833,1999,TRUE
East Vancouver Island-North_FA_0.x,NEVI,DU23,CK-29,SALMON RIVER,52718,2012,RELATIVE ABUNDANCE (TYPE-3),748,1999,TRUE
East Vancouver Island-North_FA_0.x,NEVI,DU23,CK-29,SALMON RIVER,52718,2013,QualFiltered,NA,1999,TRUE
East Vancouver Island-North_FA_0.x,NEVI,DU23,CK-29,SALMON RIVER,52718,2014,QualFiltered,NA,1999,TRUE
East Vancouver Island-North_FA_0.x,NEVI,DU23,CK-29,SALMON RIVER,52718,2015,QualFiltered,NA,1999,TRUE
East Vancouver Island-North_FA_0.x,NEVI,DU23,CK-29,SALMON RIVER,52718,2016,QualFiltered,NA,1999,TRUE
East Vancouver Island-North_FA_0.x,NEVI,DU23,CK-29,SALMON RIVER,52718,2017,QualFiltered,NA,1999,TRUE
East Vancouver Island-North_FA_0.x,NEVI,DU23,CK-29,SALMON RIVER,52718,2018,QualFiltered,NA,1999,TRUE
East Vancouver Island-North_FA_0.x,NEVI,DU23,CK-29,SALMON RIVER,52718,2019,QualFiltered,NA,1999,TRUE
East Vancouver Island-North_FA_0.x,NEVI,DU23,CK-29,SALMON RIVER,52718,2020,QualFiltered,NA,1999,TRUE
East Vancouver Island-North_FA_0.x,NEVI,DU23,CK-29,SALMON RIVER,52718,2021,QualFiltered,NA,1999,TRUE
East Vancouver Island-North_FA_0.x,NEVI,DU23,CK-29,SALMON RIVER,52718,2022,QualFiltered,NA,1999,TRUE
East Vancouver Island-North_FA_0.x,NEVI,DU23,CK-29,SALMON RIVER,52718,2023,QualFiltered,NA,1999,TRUE
East Vancouver Island-North_FA_0.x,NEVI,DU23,CK-29,SALMON RIVER,52718,2024,QualFiltered,NA,1999,TRUE
East Vancouver Island-North_FA_0.x,NEVI,DU23,CK-29,CAMPBELL RIVER,52918,1975,QualFiltered,NA,1999,FALSE
East Vancouver Island-North_FA_0.x,NEVI,DU23,CK-29,CAMPBELL RIVER,52918,1976,QualFiltered,NA,1999,FALSE
East Vancouver Island-North_FA_0.x,NEVI,DU23,CK-29,CAMPBELL RIVER,52918,1977,QualFiltered,NA,1999,FALSE
East Vancouver Island-North_FA_0.x,NEVI,DU23,CK-29,CAMPBELL RIVER,52918,1978,QualFiltered,NA,1999,FALSE
East Vancouver Island-North_FA_0.x,NEVI,DU23,CK-29,CAMPBELL RIVER,52918,1979,QualFiltered,NA,1999,FALSE
East Vancouver Island-North_FA_0.x,NEVI,DU23,CK-29,CAMPBELL RIVER,52918,1980,QualFiltered,NA,1999,FALSE
East Vancouver Island-North_FA_0.x,NEVI,DU23,CK-29,CAMPBELL RIVER,52918,1981,QualFiltered,NA,1999,FALSE
East Vancouver Island-North_FA_0.x,NEVI,DU23,CK-29,CAMPBELL RIVER,52918,1982,QualFiltered,NA,1999,FALSE
East Vancouver Island-North_FA_0.x,NEVI,DU23,CK-29,CAMPBELL RIVER,52918,1983,QualFiltered,NA,1999,FALSE
East Vancouver Island-North_FA_0.x,NEVI,DU23,CK-29,CAMPBELL RIVER,52918,1984,QualFiltered,NA,1999,FALSE
East Vancouver Island-North_FA_0.x,NEVI,DU23,CK-29,CAMPBELL RIVER,52918,1985,QualFiltered,NA,1999,FALSE
East Vancouver Island-North_FA_0.x,NEVI,DU23,CK-29,CAMPBELL RIVER,52918,1986,TRUE ABUNDANCE (TYPE-2),4057,1999,FALSE
East Vancouver Island-North_FA_0.x,NEVI,DU23,CK-29,CAMPBELL RIVER,52918,1987,TRUE ABUNDANCE (TYPE-2),2495,1999,FALSE
East Vancouver Island-North_FA_0.x,NEVI,DU23,CK-29,CAMPBELL RIVER,52918,1988,TRUE ABUNDANCE (TYPE-2),2701,1999,FALSE
East Vancouver Island-North_FA_0.x,NEVI,DU23,CK-29,CAMPBELL RIVER,52918,1989,TRUE ABUNDANCE (TYPE-2),2180,1999,FALSE
East Vancouver Island-North_FA_0.x,NEVI,DU23,CK-29,CAMPBELL RIVER,52918,1990,TRUE ABUNDANCE (TYPE-2),3398,1999,FALSE
East Vancouver Island-North_FA_0.x,NEVI,DU23,CK-29,CAMPBELL RIVER,52918,1991,TRUE ABUNDANCE (TYPE-2),1382,1999,FALSE
East Vancouver Island-North_FA_0.x,NEVI,DU23,CK-29,CAMPBELL RIVER,52918,1992,TRUE ABUNDANCE (TYPE-2),770,1999,FALSE
East Vancouver Island-North_FA_0.x,NEVI,DU23,CK-29,CAMPBELL RIVER,52918,1993,TRUE ABUNDANCE (TYPE-2),219,1999,FALSE
East Vancouver Island-North_FA_0.x,NEVI,DU23,CK-29,CAMPBELL RIVER,52918,1994,TRUE ABUNDANCE (TYPE-2),476,1999,FALSE
East Vancouver Island-North_FA_0.x,NEVI,DU23,CK-29,CAMPBELL RIVER,52918,1995,TRUE ABUNDANCE (TYPE-2),290,1999,FALSE
East Vancouver Island-North_FA_0.x,NEVI,DU23,CK-29,CAMPBELL RIVER,52918,1996,TRUE ABUNDANCE (TYPE-2),340,1999,FALSE
East Vancouver Island-North_FA_0.x,NEVI,DU23,CK-29,CAMPBELL RIVER,52918,1997,TRUE ABUNDANCE (TYPE-2),275,1999,FALSE
East Vancouver Island-North_FA_0.x,NEVI,DU23,CK-29,CAMPBELL RIVER,52918,1998,TRUE ABUNDANCE (TYPE-2),298,1999,FALSE
East Vancouver Island-North_FA_0.x,NEVI,DU23,CK-29,CAMPBELL RIVER,52918,1999,TRUE ABUNDANCE (TYPE-2),1205,1999,TRUE
East Vancouver Island-North_FA_0.x,NEVI,DU23,CK-29,CAMPBELL RIVER,52918,2000,TRUE ABUNDANCE (TYPE-2),791,1999,TRUE
East Vancouver Island-North_FA_0.x,NEVI,DU23,CK-29,CAMPBELL RIVER,52918,2001,TRUE ABUNDANCE (TYPE-2),931,1999,TRUE
East Vancouver Island-North_FA_0.x,NEVI,DU23,CK-29,CAMPBELL RIVER,52918,2002,TRUE ABUNDANCE (TYPE-2),1256,1999,TRUE
East Vancouver Island-North_FA_0.x,NEVI,DU23,CK-29,CAMPBELL RIVER,52918,2003,TRUE ABUNDANCE (TYPE-2),568,1999,TRUE
East Vancouver Island-North_FA_0.x,NEVI,DU23,CK-29,CAMPBELL RIVER,52918,2004,TRUE ABUNDANCE (TYPE-2),1199,1999,TRUE
East Vancouver Island-North_FA_0.x,NEVI,DU23,CK-29,CAMPBELL RIVER,52918,2005,TRUE ABUNDANCE (TYPE-2),517,1999,TRUE
East Vancouver Island-North_FA_0.x,NEVI,DU23,CK-29,CAMPBELL RIVER,52918,2006,TRUE ABUNDANCE (TYPE-2),1422,1999,TRUE
East Vancouver Island-North_FA_0.x,NEVI,DU23,CK-29,CAMPBELL RIVER,52918,2007,TRUE ABUNDANCE (TYPE-2),650,1999,TRUE
East Vancouver Island-North_FA_0.x,NEVI,DU23,CK-29,CAMPBELL RIVER,52918,2008,TRUE ABUNDANCE (TYPE-2),602,1999,TRUE
East Vancouver Island-North_FA_0.x,NEVI,DU23,CK-29,CAMPBELL RIVER,52918,2009,TRUE ABUNDANCE (TYPE-2),1182,1999,TRUE
East Vancouver Island-North_FA_0.x,NEVI,DU23,CK-29,CAMPBELL RIVER,52918,2010,TRUE ABUNDANCE (TYPE-2),873,1999,TRUE
East Vancouver Island-North_FA_0.x,NEVI,DU23,CK-29,CAMPBELL RIVER,52918,2011,TRUE ABUNDANCE (TYPE-2),614,1999,TRUE
East Vancouver Island-North_FA_0.x,NEVI,DU23,CK-29,CAMPBELL RIVER,52918,2012,TRUE ABUNDANCE (TYPE-2),1064,1999,TRUE
East Vancouver Island-North_FA_0.x,NEVI,DU23,CK-29,CAMPBELL RIVER,52918,2013,QualFiltered,NA,1999,TRUE
East Vancouver Island-North_FA_0.x,NEVI,DU23,CK-29,CAMPBELL RIVER,52918,2014,QualFiltered,NA,1999,TRUE
East Vancouver Island-North_FA_0.x,NEVI,DU23,CK-29,CAMPBELL RIVER,52918,2015,QualFiltered,NA,1999,TRUE
East Vancouver Island-North_FA_0.x,NEVI,DU23,CK-29,CAMPBELL RIVER,52918,2016,QualFiltered,NA,1999,TRUE
East Vancouver Island-North_FA_0.x,NEVI,DU23,CK-29,CAMPBELL RIVER,52918,2017,QualFiltered,NA,1999,TRUE
East Vancouver Island-North_FA_0.x,NEVI,DU23,CK-29,CAMPBELL RIVER,52918,2018,QualFiltered,NA,1999,TRUE
East Vancouver Island-North_FA_0.x,NEVI,DU23,CK-29,CAMPBELL RIVER,52918,2019,QualFiltered,NA,1999,TRUE
East Vancouver Island-North_FA_0.x,NEVI,DU23,CK-29,CAMPBELL RIVER,52918,2020,QualFiltered,NA,1999,TRUE
East Vancouver Island-North_FA_0.x,NEVI,DU23,CK-29,CAMPBELL RIVER,52918,2021,QualFiltered,NA,1999,TRUE
East Vancouver Island-North_FA_0.x,NEVI,DU23,CK-29,CAMPBELL RIVER,52918,2022,QualFiltered,NA,1999,TRUE
East Vancouver Island-North_FA_0.x,NEVI,DU23,CK-29,CAMPBELL RIVER,52918,2023,QualFiltered,NA,1999,TRUE
East Vancouver Island-North_FA_0.x,NEVI,DU23,CK-29,CAMPBELL RIVER,52918,2024,QualFiltered,NA,1999,TRUE
East Vancouver Island-North_FA_0.x,NEVI,DU23,CK-29,QUINSAM RIVER,52948,1976,QualFiltered,NA,1999,FALSE
East Vancouver Island-North_FA_0.x,NEVI,DU23,CK-29,QUINSAM RIVER,52948,1977,QualFiltered,NA,1999,FALSE
East Vancouver Island-North_FA_0.x,NEVI,DU23,CK-29,QUINSAM RIVER,52948,1978,QualFiltered,NA,1999,FALSE
East Vancouver Island-North_FA_0.x,NEVI,DU23,CK-29,QUINSAM RIVER,52948,1979,QualFiltered,NA,1999,FALSE
East Vancouver Island-North_FA_0.x,NEVI,DU23,CK-29,QUINSAM RIVER,52948,1980,QualFiltered,NA,1999,FALSE
East Vancouver Island-North_FA_0.x,NEVI,DU23,CK-29,QUINSAM RIVER,52948,1981,QualFiltered,NA,1999,FALSE
East Vancouver Island-North_FA_0.x,NEVI,DU23,CK-29,QUINSAM RIVER,52948,1982,QualFiltered,NA,1999,FALSE
East Vancouver Island-North_FA_0.x,NEVI,DU23,CK-29,QUINSAM RIVER,52948,1983,QualFiltered,NA,1999,FALSE
East Vancouver Island-North_FA_0.x,NEVI,DU23,CK-29,QUINSAM RIVER,52948,1984,QualFiltered,NA,1999,FALSE
East Vancouver Island-North_FA_0.x,NEVI,DU23,CK-29,QUINSAM RIVER,52948,1985,QualFiltered,NA,1999,FALSE
East Vancouver Island-North_FA_0.x,NEVI,DU23,CK-29,QUINSAM RIVER,52948,1986,TRUE ABUNDANCE (TYPE-2),3060,1999,FALSE
East Vancouver Island-North_FA_0.x,NEVI,DU23,CK-29,QUINSAM RIVER,52948,1987,TRUE ABUNDANCE (TYPE-2),3573,1999,FALSE
East Vancouver Island-North_FA_0.x,NEVI,DU23,CK-29,QUINSAM RIVER,52948,1988,TRUE ABUNDANCE (TYPE-2),9461,1999,FALSE
East Vancouver Island-North_FA_0.x,NEVI,DU23,CK-29,QUINSAM RIVER,52948,1989,TRUE ABUNDANCE (TYPE-2),12301,1999,FALSE
East Vancouver Island-North_FA_0.x,NEVI,DU23,CK-29,QUINSAM RIVER,52948,1990,TRUE ABUNDANCE (TYPE-2),11597,1999,FALSE
East Vancouver Island-North_FA_0.x,NEVI,DU23,CK-29,QUINSAM RIVER,52948,1991,TRUE ABUNDANCE (TYPE-2),6789,1999,FALSE
East Vancouver Island-North_FA_0.x,NEVI,DU23,CK-29,QUINSAM RIVER,52948,1992,TRUE ABUNDANCE (TYPE-2),3694,1999,FALSE
East Vancouver Island-North_FA_0.x,NEVI,DU23,CK-29,QUINSAM RIVER,52948,1993,TRUE ABUNDANCE (TYPE-2),2270,1999,FALSE
East Vancouver Island-North_FA_0.x,NEVI,DU23,CK-29,QUINSAM RIVER,52948,1994,TRUE ABUNDANCE (TYPE-2),2336,1999,FALSE
East Vancouver Island-North_FA_0.x,NEVI,DU23,CK-29,QUINSAM RIVER,52948,1995,TRUE ABUNDANCE (TYPE-2),2158,1999,FALSE
East Vancouver Island-North_FA_0.x,NEVI,DU23,CK-29,QUINSAM RIVER,52948,1996,TRUE ABUNDANCE (TYPE-2),2412,1999,FALSE
East Vancouver Island-North_FA_0.x,NEVI,DU23,CK-29,QUINSAM RIVER,52948,1997,TRUE ABUNDANCE (TYPE-2),2602,1999,FALSE
East Vancouver Island-North_FA_0.x,NEVI,DU23,CK-29,QUINSAM RIVER,52948,1998,TRUE ABUNDANCE (TYPE-2),3999,1999,FALSE
East Vancouver Island-North_FA_0.x,NEVI,DU23,CK-29,QUINSAM RIVER,52948,1999,TRUE ABUNDANCE (TYPE-2),6639,1999,TRUE
East Vancouver Island-North_FA_0.x,NEVI,DU23,CK-29,QUINSAM RIVER,52948,2000,TRUE ABUNDANCE (TYPE-2),7031,1999,TRUE
East Vancouver Island-North_FA_0.x,NEVI,DU23,CK-29,QUINSAM RIVER,52948,2001,TRUE ABUNDANCE (TYPE-2),13150,1999,TRUE
East Vancouver Island-North_FA_0.x,NEVI,DU23,CK-29,QUINSAM RIVER,52948,2002,TRUE ABUNDANCE (TYPE-2),11628,1999,TRUE
East Vancouver Island-North_FA_0.x,NEVI,DU23,CK-29,QUINSAM RIVER,52948,2003,TRUE ABUNDANCE (TYPE-2),7258,1999,TRUE
East Vancouver Island-North_FA_0.x,NEVI,DU23,CK-29,QUINSAM RIVER,52948,2004,TRUE ABUNDANCE (TYPE-2),8965,1999,TRUE
East Vancouver Island-North_FA_0.x,NEVI,DU23,CK-29,QUINSAM RIVER,52948,2005,TRUE ABUNDANCE (TYPE-2),7949,1999,TRUE
East Vancouver Island-North_FA_0.x,NEVI,DU23,CK-29,QUINSAM RIVER,52948,2006,TRUE ABUNDANCE (TYPE-2),8071,1999,TRUE
East Vancouver Island-North_FA_0.x,NEVI,DU23,CK-29,QUINSAM RIVER,52948,2007,TRUE ABUNDANCE (TYPE-2),6044,1999,TRUE
East Vancouver Island-North_FA_0.x,NEVI,DU23,CK-29,QUINSAM RIVER,52948,2008,TRUE ABUNDANCE (TYPE-2),5869,1999,TRUE
East Vancouver Island-North_FA_0.x,NEVI,DU23,CK-29,QUINSAM RIVER,52948,2009,TRUE ABUNDANCE (TYPE-2),5006,1999,TRUE
East Vancouver Island-North_FA_0.x,NEVI,DU23,CK-29,QUINSAM RIVER,52948,2010,TRUE ABUNDANCE (TYPE-2),3361,1999,TRUE
East Vancouver Island-North_FA_0.x,NEVI,DU23,CK-29,QUINSAM RIVER,52948,2011,TRUE ABUNDANCE (TYPE-2),4117,1999,TRUE
East Vancouver Island-North_FA_0.x,NEVI,DU23,CK-29,QUINSAM RIVER,52948,2012,TRUE ABUNDANCE (TYPE-2),4120,1999,TRUE
East Vancouver Island-North_FA_0.x,NEVI,DU23,CK-29,QUINSAM RIVER,52948,2013,QualFiltered,NA,1999,TRUE
East Vancouver Island-North_FA_0.x,NEVI,DU23,CK-29,QUINSAM RIVER,52948,2014,QualFiltered,NA,1999,TRUE
East Vancouver Island-North_FA_0.x,NEVI,DU23,CK-29,QUINSAM RIVER,52948,2015,QualFiltered,NA,1999,TRUE
East Vancouver Island-North_FA_0.x,NEVI,DU23,CK-29,QUINSAM RIVER,52948,2016,QualFiltered,NA,1999,TRUE
East Vancouver Island-North_FA_0.x,NEVI,DU23,CK-29,QUINSAM RIVER,52948,2017,QualFiltered,NA,1999,TRUE
East Vancouver Island-North_FA_0.x,NEVI,DU23,CK-29,QUINSAM RIVER,52948,2018,QualFiltered,NA,1999,TRUE
East Vancouver Island-North_FA_0.x,NEVI,DU23,CK-29,QUINSAM RIVER,52948,2019,QualFiltered,NA,1999,TRUE
East Vancouver Island-North_FA_0.x,NEVI,DU23,CK-29,QUINSAM RIVER,52948,2020,QualFiltered,NA,1999,TRUE
East Vancouver Island-North_FA_0.x,NEVI,DU23,CK-29,QUINSAM RIVER,52948,2021,QualFiltered,NA,1999,TRUE
East Vancouver Island-North_FA_0.x,NEVI,DU23,CK-29,QUINSAM RIVER,52948,2022,QualFiltered,NA,1999,TRUE
East Vancouver Island-North_FA_0.x,NEVI,DU23,CK-29,QUINSAM RIVER,52948,2023,QualFiltered,NA,1999,TRUE
East Vancouver Island-North_FA_0.x,NEVI,DU23,CK-29,QUINSAM RIVER,52948,2024,QualFiltered,NA,1999,TRUE
East Vancouver Island-Qualicum & Puntledge_FA_0.x,QP-fall,DU21,CK-27,OYSTER RIVER,52998,2011,QualFiltered,NA,NA,TRUE
East Vancouver Island-Qualicum & Puntledge_FA_0.x,QP-fall,DU21,CK-27,OYSTER RIVER,52998,2012,QualFiltered,NA,NA,TRUE
East Vancouver Island-Qualicum & Puntledge_FA_0.x,QP-fall,DU21,CK-27,OYSTER RIVER,52998,2013,QualFiltered,NA,NA,TRUE
East Vancouver Island-Qualicum & Puntledge_FA_0.x,QP-fall,DU21,CK-27,OYSTER RIVER,52998,2014,QualFiltered,NA,NA,TRUE
East Vancouver Island-Qualicum & Puntledge_FA_0.x,QP-fall,DU21,CK-27,OYSTER RIVER,52998,2015,QualFiltered,NA,NA,TRUE
East Vancouver Island-Qualicum & Puntledge_FA_0.x,QP-fall,DU21,CK-27,OYSTER RIVER,52998,2016,QualFiltered,NA,NA,TRUE
East Vancouver Island-Qualicum & Puntledge_FA_0.x,QP-fall,DU21,CK-27,OYSTER RIVER,52998,2017,QualFiltered,NA,NA,TRUE
East Vancouver Island-Qualicum & Puntledge_FA_0.x,QP-fall,DU21,CK-27,OYSTER RIVER,52998,2018,QualFiltered,NA,NA,TRUE
East Vancouver Island-Qualicum & Puntledge_FA_0.x,QP-fall,DU21,CK-27,OYSTER RIVER,52998,2019,QualFiltered,NA,NA,TRUE
East Vancouver Island-Qualicum & Puntledge_FA_0.x,QP-fall,DU21,CK-27,OYSTER RIVER,52998,2020,QualFiltered,NA,NA,TRUE
East Vancouver Island-Qualicum & Puntledge_FA_0.x,QP-fall,DU21,CK-27,OYSTER RIVER,52998,2021,QualFiltered,NA,NA,TRUE
East Vancouver Island-Qualicum & Puntledge_FA_0.x,QP-fall,DU21,CK-27,OYSTER RIVER,52998,2022,QualFiltered,NA,NA,TRUE
East Vancouver Island-Qualicum & Puntledge_FA_0.x,QP-fall,DU21,CK-27,OYSTER RIVER,52998,2023,QualFiltered,NA,NA,TRUE
East Vancouver Island-Georgia Strait_SU_0.3,EVIGStr-sum,DU20,CK-83,PUNTLEDGE RIVER,53068,1973,QualFiltered,NA,1990,FALSE
East Vancouver Island-Georgia Strait_SU_0.3,EVIGStr-sum,DU20,CK-83,PUNTLEDGE RIVER,53068,1974,QualFiltered,NA,1990,FALSE
East Vancouver Island-Georgia Strait_SU_0.3,EVIGStr-sum,DU20,CK-83,PUNTLEDGE RIVER,53068,1975,QualFiltered,NA,1990,FALSE
East Vancouver Island-Georgia Strait_SU_0.3,EVIGStr-sum,DU20,CK-83,PUNTLEDGE RIVER,53068,1976,QualFiltered,NA,1990,FALSE
East Vancouver Island-Georgia Strait_SU_0.3,EVIGStr-sum,DU20,CK-83,PUNTLEDGE RIVER,53068,1977,QualFiltered,NA,1990,FALSE
East Vancouver Island-Georgia Strait_SU_0.3,EVIGStr-sum,DU20,CK-83,PUNTLEDGE RIVER,53068,1978,QualFiltered,NA,1990,FALSE
East Vancouver Island-Georgia Strait_SU_0.3,EVIGStr-sum,DU20,CK-83,PUNTLEDGE RIVER,53068,1979,QualFiltered,NA,1990,FALSE
East Vancouver Island-Georgia Strait_SU_0.3,EVIGStr-sum,DU20,CK-83,PUNTLEDGE RIVER,53068,1980,QualFiltered,NA,1990,FALSE
East Vancouver Island-Georgia Strait_SU_0.3,EVIGStr-sum,DU20,CK-83,PUNTLEDGE RIVER,53068,1981,QualFiltered,NA,1990,FALSE
East Vancouver Island-Georgia Strait_SU_0.3,EVIGStr-sum,DU20,CK-83,PUNTLEDGE RIVER,53068,1982,QualFiltered,NA,1990,FALSE
East Vancouver Island-Georgia Strait_SU_0.3,EVIGStr-sum,DU20,CK-83,PUNTLEDGE RIVER,53068,1983,QualFiltered,NA,1990,FALSE
East Vancouver Island-Georgia Strait_SU_0.3,EVIGStr-sum,DU20,CK-83,PUNTLEDGE RIVER,53068,1984,QualFiltered,NA,1990,FALSE
East Vancouver Island-Georgia Strait_SU_0.3,EVIGStr-sum,DU20,CK-83,PUNTLEDGE RIVER,53068,1985,QualFiltered,NA,1990,FALSE
East Vancouver Island-Georgia Strait_SU_0.3,EVIGStr-sum,DU20,CK-83,PUNTLEDGE RIVER,53068,1986,QualFiltered,NA,1990,FALSE
East Vancouver Island-Georgia Strait_SU_0.3,EVIGStr-sum,DU20,CK-83,PUNTLEDGE RIVER,53068,1987,QualFiltered,NA,1990,FALSE
East Vancouver Island-Georgia Strait_SU_0.3,EVIGStr-sum,DU20,CK-83,PUNTLEDGE RIVER,53068,1988,QualFiltered,NA,1990,FALSE
East Vancouver Island-Georgia Strait_SU_0.3,EVIGStr-sum,DU20,CK-83,PUNTLEDGE RIVER,53068,1989,QualFiltered,NA,1990,FALSE
East Vancouver Island-Georgia Strait_SU_0.3,EVIGStr-sum,DU20,CK-83,PUNTLEDGE RIVER,53068,1990,TRUE ABUNDANCE (TYPE-2),1520,1990,TRUE
East Vancouver Island-Georgia Strait_SU_0.3,EVIGStr-sum,DU20,CK-83,PUNTLEDGE RIVER,53068,1991,TRUE ABUNDANCE (TYPE-2),1296,1990,TRUE
East Vancouver Island-Georgia Strait_SU_0.3,EVIGStr-sum,DU20,CK-83,PUNTLEDGE RIVER,53068,1992,TRUE ABUNDANCE (TYPE-2),654,1990,TRUE
East Vancouver Island-Georgia Strait_SU_0.3,EVIGStr-sum,DU20,CK-83,PUNTLEDGE RIVER,53068,1993,TRUE ABUNDANCE (TYPE-2),421,1990,TRUE
East Vancouver Island-Georgia Strait_SU_0.3,EVIGStr-sum,DU20,CK-83,PUNTLEDGE RIVER,53068,1994,TRUE ABUNDANCE (TYPE-2),346,1990,TRUE
East Vancouver Island-Georgia Strait_SU_0.3,EVIGStr-sum,DU20,CK-83,PUNTLEDGE RIVER,53068,1995,TRUE ABUNDANCE (TYPE-2),248,1990,TRUE
East Vancouver Island-Georgia Strait_SU_0.3,EVIGStr-sum,DU20,CK-83,PUNTLEDGE RIVER,53068,1996,TRUE ABUNDANCE (TYPE-2),294,1990,TRUE
East Vancouver Island-Georgia Strait_SU_0.3,EVIGStr-sum,DU20,CK-83,PUNTLEDGE RIVER,53068,1997,TRUE ABUNDANCE (TYPE-2),262,1990,TRUE
East Vancouver Island-Georgia Strait_SU_0.3,EVIGStr-sum,DU20,CK-83,PUNTLEDGE RIVER,53068,1998,TRUE ABUNDANCE (TYPE-2),253,1990,TRUE
East Vancouver Island-Georgia Strait_SU_0.3,EVIGStr-sum,DU20,CK-83,PUNTLEDGE RIVER,53068,1999,TRUE ABUNDANCE (TYPE-2),363,1990,TRUE
East Vancouver Island-Georgia Strait_SU_0.3,EVIGStr-sum,DU20,CK-83,PUNTLEDGE RIVER,53068,2000,TRUE ABUNDANCE (TYPE-2),655,1990,TRUE
East Vancouver Island-Georgia Strait_SU_0.3,EVIGStr-sum,DU20,CK-83,PUNTLEDGE RIVER,53068,2001,TRUE ABUNDANCE (TYPE-2),1942,1990,TRUE
East Vancouver Island-Georgia Strait_SU_0.3,EVIGStr-sum,DU20,CK-83,PUNTLEDGE RIVER,53068,2002,TRUE ABUNDANCE (TYPE-2),1017,1990,TRUE
East Vancouver Island-Georgia Strait_SU_0.3,EVIGStr-sum,DU20,CK-83,PUNTLEDGE RIVER,53068,2003,TRUE ABUNDANCE (TYPE-2),1119,1990,TRUE
East Vancouver Island-Georgia Strait_SU_0.3,EVIGStr-sum,DU20,CK-83,PUNTLEDGE RIVER,53068,2004,TRUE ABUNDANCE (TYPE-2),826,1990,TRUE
East Vancouver Island-Georgia Strait_SU_0.3,EVIGStr-sum,DU20,CK-83,PUNTLEDGE RIVER,53068,2005,TRUE ABUNDANCE (TYPE-2),3048,1990,TRUE
East Vancouver Island-Georgia Strait_SU_0.3,EVIGStr-sum,DU20,CK-83,PUNTLEDGE RIVER,53068,2006,RELATIVE ABUNDANCE (TYPE-3),1121,1990,TRUE
East Vancouver Island-Georgia Strait_SU_0.3,EVIGStr-sum,DU20,CK-83,PUNTLEDGE RIVER,53068,2007,TRUE ABUNDANCE (TYPE-2),1277,1990,TRUE
East Vancouver Island-Georgia Strait_SU_0.3,EVIGStr-sum,DU20,CK-83,PUNTLEDGE RIVER,53068,2008,RELATIVE ABUNDANCE (TYPE-3),533,1990,TRUE
East Vancouver Island-Georgia Strait_SU_0.3,EVIGStr-sum,DU20,CK-83,PUNTLEDGE RIVER,53068,2009,TRUE ABUNDANCE (TYPE-2),1800,1990,TRUE
East Vancouver Island-Georgia Strait_SU_0.3,EVIGStr-sum,DU20,CK-83,PUNTLEDGE RIVER,53068,2010,TRUE ABUNDANCE (TYPE-2),1285,1990,TRUE
East Vancouver Island-Georgia Strait_SU_0.3,EVIGStr-sum,DU20,CK-83,PUNTLEDGE RIVER,53068,2011,TRUE ABUNDANCE (TYPE-2),1095,1990,TRUE
East Vancouver Island-Georgia Strait_SU_0.3,EVIGStr-sum,DU20,CK-83,PUNTLEDGE RIVER,53068,2012,TRUE ABUNDANCE (TYPE-2),451,1990,TRUE
East Vancouver Island-Georgia Strait_SU_0.3,EVIGStr-sum,DU20,CK-83,PUNTLEDGE RIVER,53068,2013,QualFiltered,NA,1990,TRUE
East Vancouver Island-Georgia Strait_SU_0.3,EVIGStr-sum,DU20,CK-83,PUNTLEDGE RIVER,53068,2014,QualFiltered,NA,1990,TRUE
East Vancouver Island-Georgia Strait_SU_0.3,EVIGStr-sum,DU20,CK-83,PUNTLEDGE RIVER,53068,2015,QualFiltered,NA,1990,TRUE
East Vancouver Island-Georgia Strait_SU_0.3,EVIGStr-sum,DU20,CK-83,PUNTLEDGE RIVER,53068,2016,QualFiltered,NA,1990,TRUE
East Vancouver Island-Georgia Strait_SU_0.3,EVIGStr-sum,DU20,CK-83,PUNTLEDGE RIVER,53068,2017,QualFiltered,NA,1990,TRUE
East Vancouver Island-Georgia Strait_SU_0.3,EVIGStr-sum,DU20,CK-83,PUNTLEDGE RIVER,53068,2018,QualFiltered,NA,1990,TRUE
East Vancouver Island-Georgia Strait_SU_0.3,EVIGStr-sum,DU20,CK-83,PUNTLEDGE RIVER,53068,2019,QualFiltered,NA,1990,TRUE
East Vancouver Island-Georgia Strait_SU_0.3,EVIGStr-sum,DU20,CK-83,PUNTLEDGE RIVER,53068,2020,QualFiltered,NA,1990,TRUE
East Vancouver Island-Georgia Strait_SU_0.3,EVIGStr-sum,DU20,CK-83,PUNTLEDGE RIVER,53068,2021,QualFiltered,NA,1990,TRUE
East Vancouver Island-Georgia Strait_SU_0.3,EVIGStr-sum,DU20,CK-83,PUNTLEDGE RIVER,53068,2022,QualFiltered,NA,1990,TRUE
East Vancouver Island-Georgia Strait_SU_0.3,EVIGStr-sum,DU20,CK-83,PUNTLEDGE RIVER,53068,2023,QualFiltered,NA,1990,TRUE
East Vancouver Island-Georgia Strait_SU_0.3,EVIGStr-sum,DU20,CK-83,PUNTLEDGE RIVER,53068,2024,QualFiltered,NA,1990,TRUE
East Vancouver Island-Qualicum & Puntledge_FA_0.x,QP-fall,DU21,CK-27,PUNTLEDGE RIVER,53069,1973,QualFiltered,NA,1995,FALSE
East Vancouver Island-Qualicum & Puntledge_FA_0.x,QP-fall,DU21,CK-27,PUNTLEDGE RIVER,53069,1974,QualFiltered,NA,1995,FALSE
East Vancouver Island-Qualicum & Puntledge_FA_0.x,QP-fall,DU21,CK-27,PUNTLEDGE RIVER,53069,1975,QualFiltered,NA,1995,FALSE
East Vancouver Island-Qualicum & Puntledge_FA_0.x,QP-fall,DU21,CK-27,PUNTLEDGE RIVER,53069,1976,QualFiltered,NA,1995,FALSE
East Vancouver Island-Qualicum & Puntledge_FA_0.x,QP-fall,DU21,CK-27,PUNTLEDGE RIVER,53069,1977,QualFiltered,NA,1995,FALSE
East Vancouver Island-Qualicum & Puntledge_FA_0.x,QP-fall,DU21,CK-27,PUNTLEDGE RIVER,53069,1978,QualFiltered,NA,1995,FALSE
East Vancouver Island-Qualicum & Puntledge_FA_0.x,QP-fall,DU21,CK-27,PUNTLEDGE RIVER,53069,1979,QualFiltered,NA,1995,FALSE
East Vancouver Island-Qualicum & Puntledge_FA_0.x,QP-fall,DU21,CK-27,PUNTLEDGE RIVER,53069,1980,QualFiltered,NA,1995,FALSE
East Vancouver Island-Qualicum & Puntledge_FA_0.x,QP-fall,DU21,CK-27,PUNTLEDGE RIVER,53069,1981,QualFiltered,NA,1995,FALSE
East Vancouver Island-Qualicum & Puntledge_FA_0.x,QP-fall,DU21,CK-27,PUNTLEDGE RIVER,53069,1982,QualFiltered,NA,1995,FALSE
East Vancouver Island-Qualicum & Puntledge_FA_0.x,QP-fall,DU21,CK-27,PUNTLEDGE RIVER,53069,1983,QualFiltered,NA,1995,FALSE
East Vancouver Island-Qualicum & Puntledge_FA_0.x,QP-fall,DU21,CK-27,PUNTLEDGE RIVER,53069,1984,QualFiltered,NA,1995,FALSE
East Vancouver Island-Qualicum & Puntledge_FA_0.x,QP-fall,DU21,CK-27,PUNTLEDGE RIVER,53069,1985,QualFiltered,NA,1995,FALSE
East Vancouver Island-Qualicum & Puntledge_FA_0.x,QP-fall,DU21,CK-27,PUNTLEDGE RIVER,53069,1986,QualFiltered,NA,1995,FALSE
East Vancouver Island-Qualicum & Puntledge_FA_0.x,QP-fall,DU21,CK-27,PUNTLEDGE RIVER,53069,1987,QualFiltered,NA,1995,FALSE
East Vancouver Island-Qualicum & Puntledge_FA_0.x,QP-fall,DU21,CK-27,PUNTLEDGE RIVER,53069,1988,QualFiltered,NA,1995,FALSE
East Vancouver Island-Qualicum & Puntledge_FA_0.x,QP-fall,DU21,CK-27,PUNTLEDGE RIVER,53069,1989,QualFiltered,NA,1995,FALSE
East Vancouver Island-Qualicum & Puntledge_FA_0.x,QP-fall,DU21,CK-27,PUNTLEDGE RIVER,53069,1990,TRUE ABUNDANCE (TYPE-2),4407,1995,FALSE
East Vancouver Island-Qualicum & Puntledge_FA_0.x,QP-fall,DU21,CK-27,PUNTLEDGE RIVER,53069,1991,TRUE ABUNDANCE (TYPE-2),1934,1995,FALSE
East Vancouver Island-Qualicum & Puntledge_FA_0.x,QP-fall,DU21,CK-27,PUNTLEDGE RIVER,53069,1992,TRUE ABUNDANCE (TYPE-2),1080,1995,FALSE
East Vancouver Island-Qualicum & Puntledge_FA_0.x,QP-fall,DU21,CK-27,PUNTLEDGE RIVER,53069,1993,TRUE ABUNDANCE (TYPE-2),766,1995,FALSE
East Vancouver Island-Qualicum & Puntledge_FA_0.x,QP-fall,DU21,CK-27,PUNTLEDGE RIVER,53069,1994,TRUE ABUNDANCE (TYPE-2),541,1995,FALSE
East Vancouver Island-Qualicum & Puntledge_FA_0.x,QP-fall,DU21,CK-27,PUNTLEDGE RIVER,53069,1995,TRUE ABUNDANCE (TYPE-2),270,1995,TRUE
East Vancouver Island-Qualicum & Puntledge_FA_0.x,QP-fall,DU21,CK-27,PUNTLEDGE RIVER,53069,1996,TRUE ABUNDANCE (TYPE-2),436,1995,TRUE
East Vancouver Island-Qualicum & Puntledge_FA_0.x,QP-fall,DU21,CK-27,PUNTLEDGE RIVER,53069,1997,TRUE ABUNDANCE (TYPE-2),507,1995,TRUE
East Vancouver Island-Qualicum & Puntledge_FA_0.x,QP-fall,DU21,CK-27,PUNTLEDGE RIVER,53069,1998,TRUE ABUNDANCE (TYPE-2),582,1995,TRUE
East Vancouver Island-Qualicum & Puntledge_FA_0.x,QP-fall,DU21,CK-27,PUNTLEDGE RIVER,53069,1999,TRUE ABUNDANCE (TYPE-2),1562,1995,TRUE
East Vancouver Island-Qualicum & Puntledge_FA_0.x,QP-fall,DU21,CK-27,PUNTLEDGE RIVER,53069,2000,TRUE ABUNDANCE (TYPE-2),2986,1995,TRUE
East Vancouver Island-Qualicum & Puntledge_FA_0.x,QP-fall,DU21,CK-27,PUNTLEDGE RIVER,53069,2001,TRUE ABUNDANCE (TYPE-2),12145,1995,TRUE
East Vancouver Island-Qualicum & Puntledge_FA_0.x,QP-fall,DU21,CK-27,PUNTLEDGE RIVER,53069,2002,TRUE ABUNDANCE (TYPE-2),9713,1995,TRUE
East Vancouver Island-Qualicum & Puntledge_FA_0.x,QP-fall,DU21,CK-27,PUNTLEDGE RIVER,53069,2003,TRUE ABUNDANCE (TYPE-2),12971,1995,TRUE
East Vancouver Island-Qualicum & Puntledge_FA_0.x,QP-fall,DU21,CK-27,PUNTLEDGE RIVER,53069,2004,TRUE ABUNDANCE (TYPE-2),10257,1995,TRUE
East Vancouver Island-Qualicum & Puntledge_FA_0.x,QP-fall,DU21,CK-27,PUNTLEDGE RIVER,53069,2005,TRUE ABUNDANCE (TYPE-2),6164,1995,TRUE
East Vancouver Island-Qualicum & Puntledge_FA_0.x,QP-fall,DU21,CK-27,PUNTLEDGE RIVER,53069,2006,RELATIVE ABUNDANCE (TYPE-3),15531,1995,TRUE
East Vancouver Island-Qualicum & Puntledge_FA_0.x,QP-fall,DU21,CK-27,PUNTLEDGE RIVER,53069,2007,RELATIVE ABUNDANCE (TYPE-4),7935,1995,TRUE
East Vancouver Island-Qualicum & Puntledge_FA_0.x,QP-fall,DU21,CK-27,PUNTLEDGE RIVER,53069,2008,RELATIVE ABUNDANCE (TYPE-3),4521,1995,TRUE
East Vancouver Island-Qualicum & Puntledge_FA_0.x,QP-fall,DU21,CK-27,PUNTLEDGE RIVER,53069,2009,RELATIVE ABUNDANCE (TYPE-3),5778,1995,TRUE
East Vancouver Island-Qualicum & Puntledge_FA_0.x,QP-fall,DU21,CK-27,PUNTLEDGE RIVER,53069,2010,RELATIVE ABUNDANCE (TYPE-3),3961,1995,TRUE
East Vancouver Island-Qualicum & Puntledge_FA_0.x,QP-fall,DU21,CK-27,PUNTLEDGE RIVER,53069,2011,RELATIVE ABUNDANCE (TYPE-3),5317,1995,TRUE
East Vancouver Island-Qualicum & Puntledge_FA_0.x,QP-fall,DU21,CK-27,PUNTLEDGE RIVER,53069,2012,RELATIVE ABUNDANCE (TYPE-3),2459,1995,TRUE
East Vancouver Island-Qualicum & Puntledge_FA_0.x,QP-fall,DU21,CK-27,PUNTLEDGE RIVER,53069,2013,QualFiltered,NA,1995,TRUE
East Vancouver Island-Qualicum & Puntledge_FA_0.x,QP-fall,DU21,CK-27,PUNTLEDGE RIVER,53069,2014,QualFiltered,NA,1995,TRUE
East Vancouver Island-Qualicum & Puntledge_FA_0.x,QP-fall,DU21,CK-27,PUNTLEDGE RIVER,53069,2015,QualFiltered,NA,1995,TRUE
East Vancouver Island-Qualicum & Puntledge_FA_0.x,QP-fall,DU21,CK-27,PUNTLEDGE RIVER,53069,2016,QualFiltered,NA,1995,TRUE
East Vancouver Island-Qualicum & Puntledge_FA_0.x,QP-fall,DU21,CK-27,PUNTLEDGE RIVER,53069,2017,QualFiltered,NA,1995,TRUE
East Vancouver Island-Qualicum & Puntledge_FA_0.x,QP-fall,DU21,CK-27,PUNTLEDGE RIVER,53069,2018,QualFiltered,NA,1995,TRUE
East Vancouver Island-Qualicum & Puntledge_FA_0.x,QP-fall,DU21,CK-27,PUNTLEDGE RIVER,53069,2019,QualFiltered,NA,1995,TRUE
East Vancouver Island-Qualicum & Puntledge_FA_0.x,QP-fall,DU21,CK-27,PUNTLEDGE RIVER,53069,2020,QualFiltered,NA,1995,TRUE
East Vancouver Island-Qualicum & Puntledge_FA_0.x,QP-fall,DU21,CK-27,PUNTLEDGE RIVER,53069,2021,QualFiltered,NA,1995,TRUE
East Vancouver Island-Qualicum & Puntledge_FA_0.x,QP-fall,DU21,CK-27,PUNTLEDGE RIVER,53069,2022,QualFiltered,NA,1995,TRUE
East Vancouver Island-Qualicum & Puntledge_FA_0.x,QP-fall,DU21,CK-27,PUNTLEDGE RIVER,53069,2023,QualFiltered,NA,1995,TRUE
East Vancouver Island-Qualicum & Puntledge_FA_0.x,QP-fall,DU21,CK-27,PUNTLEDGE RIVER,53069,2024,QualFiltered,NA,1995,TRUE
