CU_ID,Species,Stock,DataType,Year,SpnForAbd_Wild,SpnForTrend_Wild,RelLBM,AbsLBM,LongTrend,PercChange,ProbDeclBelowLBM,Percentile,RelUBM,AbsUBM,NumStdMetrics,Value,IntStatusRaw,IntStatusRaw_Short,IntStatus_Short,RapidStatus,BinLabel,BinPath,RapidScore,RelLBMCat,AbsLBMCat,LongTrendCat,PercChangeCat,ProbDeclBelowLBMCat,PercentileCat,RelUBMCat,AbsUBMCat,RelAbdCat,AbsAbdCat,RelAbd_LBM,RelAbd_UBM,SpnForAbd_Total,SpnForTrend_Total,ConfidenceRating5,ConfidenceRating3,ConfidenceRating2,IntStatus5,IntStatus3,IntStatus2
CK-03,Chinook,Lower Fraser River_FA_0.3,Abs_Abd,1995,26960,26960,1.815899563,77.93477746,NA,-50.8274,77.5667,NA,1.091340075,7.793477746,5,77934.77746,NA,NA,NA,Amber,Node37,"AbsLBM = NA OR AbsLBM >= 1.5, then AbsUBM = NA OR AbsUBM >= 1, then Have RelLBM, then RelLBM >= 1, then RelUBM < 1.1",3,Green,Green,NA,Red,NA,NA,Green,Green,Green,Green,42918,71412,26960,26960,High,High,Moderate,NA,NA,NA
CK-03,Chinook,Lower Fraser River_FA_0.3,Abs_Abd,1996,33776,33776,1.305188364,56.01607419,NA,-62.3961,87.7,NA,0.784407021,5.601607419,5,56016.07419,NA,NA,NA,Amber,Node37,"AbsLBM = NA OR AbsLBM >= 1.5, then AbsUBM = NA OR AbsUBM >= 1, then Have RelLBM, then RelLBM >= 1, then RelUBM < 1.1",3,Amber,Green,NA,Red,NA,NA,Amber,Green,Amber,Green,42918,71412,33776,33776,High,High,Moderate,NA,NA,NA
CK-03,Chinook,Lower Fraser River_FA_0.3,Abs_Abd,1997,66752,66752,1.154645262,49.55506537,NA,-50.7026,77.4667,NA,0.693931907,4.955506537,5,49555.06537,NA,NA,NA,Amber,Node37,"AbsLBM = NA OR AbsLBM >= 1.5, then AbsUBM = NA OR AbsUBM >= 1, then Have RelLBM, then RelLBM >= 1, then RelUBM < 1.1",3,Amber,Green,NA,Red,NA,NA,Amber,Green,Amber,Green,42918,71412,66752,66752,High,High,Moderate,NA,NA,NA
CK-03,Chinook,Lower Fraser River_FA_0.3,Abs_Abd,1998,186002,186002,1.351101651,57.98658065,66,3.3777,29.5667,NA,0.812000513,5.798658065,6,57986.58065,NA,NA,NA,Amber,Node37,"AbsLBM = NA OR AbsLBM >= 1.5, then AbsUBM = NA OR AbsUBM >= 1, then Have RelLBM, then RelLBM >= 1, then RelUBM < 1.1",3,Amber,Green,Amber,Green,NA,NA,Amber,Green,Amber,Green,42918,71412,186002,186002,High,High,Moderate,NA,NA,NA
CK-03,Chinook,Lower Fraser River_FA_0.3,Abs_Abd,1999,97016,97016,1.860882252,79.86534448,90,14.4357,24.8667,NA,1.118374286,7.986534448,6,79865.34448,NA,NA,NA,Green,Node36,"AbsLBM = NA OR AbsLBM >= 1.5, then AbsUBM = NA OR AbsUBM >= 1, then Have RelLBM, then RelLBM >= 1, then RelUBM >= 1.1",1,Green,Green,Green,Green,NA,NA,Green,Green,Green,Green,42918,71412,97016,97016,High,High,High,NA,NA,NA
CK-03,Chinook,Lower Fraser River_FA_0.3,Abs_Abd,2000,81867,81867,2.321902926,99.65142978,113,-23.3218,48.6667,NA,1.39544376,9.965142978,6,99651.42978,NA,NA,NA,Green,Node36,"AbsLBM = NA OR AbsLBM >= 1.5, then AbsUBM = NA OR AbsUBM >= 1, then Have RelLBM, then RelLBM >= 1, then RelUBM >= 1.1",1,Green,Green,Green,Amber,NA,NA,Green,Green,Green,Green,42918,71412,81867,81867,High,High,High,NA,NA,NA
CK-03,Chinook,Lower Fraser River_FA_0.3,Abs_Abd,2001,109218,109218,2.626041246,112.7044382,126,-19.715,44.9,NA,1.578228284,11.27044382,6,112704.4382,NA,NA,NA,Green,Node36,"AbsLBM = NA OR AbsLBM >= 1.5, then AbsUBM = NA OR AbsUBM >= 1, then Have RelLBM, then RelLBM >= 1, then RelUBM >= 1.1",1,Green,Green,Green,Amber,NA,NA,Green,Green,Green,Green,42918,71412,109218,109218,High,High,High,NA,NA,NA
CK-03,Chinook,Lower Fraser River_FA_0.3,Abs_Abd,2002,87952,87952,2.177627385,93.45941213,104,11.1824,22.1333,NA,1.308735396,9.345941213,6,93459.41213,NA,NA,NA,Green,Node36,"AbsLBM = NA OR AbsLBM >= 1.5, then AbsUBM = NA OR AbsUBM >= 1, then Have RelLBM, then RelLBM >= 1, then RelUBM >= 1.1",1,Green,Green,Green,Green,NA,NA,Green,Green,Green,Green,42918,71412,87952,87952,High,High,High,NA,NA,NA
CK-03,Chinook,Lower Fraser River_FA_0.3,Abs_Abd,2003,244283,244283,2.743127788,117.7295584,125,81.4359,8.1333,NA,1.648596292,11.77295584,6,117729.5584,NA,NA,NA,Green,Node36,"AbsLBM = NA OR AbsLBM >= 1.5, then AbsUBM = NA OR AbsUBM >= 1, then Have RelLBM, then RelLBM >= 1, then RelUBM >= 1.1",1,Green,Green,Green,Green,NA,NA,Green,Green,Green,Green,42918,71412,244283,244283,High,High,High,NA,NA,NA
CK-03,Chinook,Lower Fraser River_FA_0.3,Abs_Abd,2004,136391,136391,3.116486493,133.7533673,140,157.9434,1.7333,NA,1.872981674,13.37533673,6,133753.3673,NA,NA,NA,Green,Node36,"AbsLBM = NA OR AbsLBM >= 1.5, then AbsUBM = NA OR AbsUBM >= 1, then Have RelLBM, then RelLBM >= 1, then RelUBM >= 1.1",1,Green,Green,Green,Green,NA,NA,Green,Green,Green,Green,42918,71412,136391,136391,High,High,High,NA,NA,NA
CK-03,Chinook,Lower Fraser River_FA_0.3,Abs_Abd,2005,80525,80525,2.887848311,123.9406738,130,168.699,1.8667,NA,1.735572086,12.39406738,6,123940.6738,NA,NA,NA,Green,Node36,"AbsLBM = NA OR AbsLBM >= 1.5, then AbsUBM = NA OR AbsUBM >= 1, then Have RelLBM, then RelLBM >= 1, then RelUBM >= 1.1",1,Green,Green,Green,Green,NA,NA,Green,Green,Green,Green,42918,71412,80525,80525,High,High,High,NA,NA,NA
CK-03,Chinook,Lower Fraser River_FA_0.3,Abs_Abd,2006,55744,55744,2.576691826,110.5864598,119,129.553,2.8,NA,1.548569705,11.05864598,6,110586.4598,NA,NA,NA,Green,Node36,"AbsLBM = NA OR AbsLBM >= 1.5, then AbsUBM = NA OR AbsUBM >= 1, then Have RelLBM, then RelLBM >= 1, then RelUBM >= 1.1",1,Green,Green,Green,Green,NA,NA,Green,Green,Green,Green,42918,71412,55744,55744,High,High,High,NA,NA,NA
CK-03,Chinook,Lower Fraser River_FA_0.3,Abs_Abd,2007,76839,76839,1.929676885,82.81787256,90,29.3428,16.1,NA,1.159719271,8.281787256,6,82817.87256,NA,NA,NA,Green,Node36,"AbsLBM = NA OR AbsLBM >= 1.5, then AbsUBM = NA OR AbsUBM >= 1, then Have RelLBM, then RelLBM >= 1, then RelUBM >= 1.1",1,Green,Green,Green,Green,NA,NA,Green,Green,Green,Green,42918,71412,76839,76839,High,High,High,NA,NA,NA
CK-03,Chinook,Lower Fraser River_FA_0.3,Abs_Abd,2008,39863,39863,1.418830975,60.89338779,68,-46.3298,75.6667,NA,0.852705257,6.089338779,6,60893.38779,NA,NA,NA,Amber,Node37,"AbsLBM = NA OR AbsLBM >= 1.5, then AbsUBM = NA OR AbsUBM >= 1, then Have RelLBM, then RelLBM >= 1, then RelUBM < 1.1",3,Amber,Green,Amber,Red,NA,NA,Amber,Green,Amber,Green,42918,71412,39863,39863,High,High,Moderate,NA,NA,NA
CK-03,Chinook,Lower Fraser River_FA_0.3,Abs_Abd,2009,72872,72872,1.383847234,59.39195559,67,-58.5599,92.3,NA,0.831680328,5.939195559,6,59391.95559,NA,NA,NA,Amber,Node37,"AbsLBM = NA OR AbsLBM >= 1.5, then AbsUBM = NA OR AbsUBM >= 1, then Have RelLBM, then RelLBM >= 1, then RelUBM < 1.1",3,Amber,Green,Amber,Red,NA,NA,Amber,Green,Amber,Green,42918,71412,72872,72872,High,High,Moderate,NA,NA,NA
CK-03,Chinook,Lower Fraser River_FA_0.3,Abs_Abd,2010,103572,103572,1.615657156,69.34077381,78,-40.2698,69.2,NA,0.970996104,6.934077381,6,69340.77381,NA,NA,NA,Amber,Node37,"AbsLBM = NA OR AbsLBM >= 1.5, then AbsUBM = NA OR AbsUBM >= 1, then Have RelLBM, then RelLBM >= 1, then RelUBM < 1.1",3,Amber,Green,Green,Red,NA,NA,Amber,Green,Amber,Green,42918,71412,103572,103572,High,High,Moderate,NA,NA,NA
CK-03,Chinook,Lower Fraser River_FA_0.3,Abs_Abd,2011,122303,122303,1.814734351,77.88476886,87,-28.2933,53.5333,NA,1.090639792,7.788476886,6,77884.76886,NA,NA,NA,Amber,Node37,"AbsLBM = NA OR AbsLBM >= 1.5, then AbsUBM = NA OR AbsUBM >= 1, then Have RelLBM, then RelLBM >= 1, then RelUBM < 1.1",3,Green,Green,Green,Red,NA,NA,Green,Green,Green,Green,42918,71412,122303,122303,High,High,Moderate,NA,NA,NA
CK-03,Chinook,Lower Fraser River_FA_0.3,Abs_Abd,2012,46234,46234,1.883262819,80.82587365,92,-49.326,80.3333,NA,1.131824814,8.082587365,6,80825.87365,Green,G,G,Green,Node36,"AbsLBM = NA OR AbsLBM >= 1.5, then AbsUBM = NA OR AbsUBM >= 1, then Have RelLBM, then RelLBM >= 1, then RelUBM >= 1.1",1,Green,Green,Green,Red,NA,NA,Green,Green,Green,Green,42918,71412,46234,46234,High,High,High,Green,Green,NotRed
CK-03,Chinook,Lower Fraser River_FA_0.3,Abs_Abd,2013,45958,45958,1.678266942,72.02786063,84,-56.4408,88.4667,NA,1.00862405,7.202786063,6,72027.86063,NA,NA,NA,Amber,Node37,"AbsLBM = NA OR AbsLBM >= 1.5, then AbsUBM = NA OR AbsUBM >= 1, then Have RelLBM, then RelLBM >= 1, then RelUBM < 1.1",3,Green,Green,Green,Red,NA,NA,Green,Green,Green,Green,42918,71412,45958,45958,High,High,Moderate,NA,NA,NA
CK-03,Chinook,Lower Fraser River_FA_0.3,Abs_Abd,2014,45232,45232,1.36430634,58.55329949,70,-64.8021,94.9333,NA,0.819936418,5.855329949,6,58553.29949,NA,NA,NA,Amber,Node37,"AbsLBM = NA OR AbsLBM >= 1.5, then AbsUBM = NA OR AbsUBM >= 1, then Have RelLBM, then RelLBM >= 1, then RelUBM < 1.1",3,Amber,Green,Amber,Red,NA,NA,Amber,Green,Amber,Green,42918,71412,45232,45232,High,High,Moderate,NA,NA,NA
CK-03,Chinook,Lower Fraser River_FA_0.3,Abs_Abd,2015,10604,10604,0.740320967,31.77309527,40,-72.1788,95.8667,NA,0.444926557,3.177309527,6,31773.09527,NA,NA,NA,Red,Node19,"AbsLBM = NA OR AbsLBM >= 1.5, then AbsUBM = NA OR AbsUBM >= 1, then Have RelLBM, then RelLBM < 1",5,Red,Green,Red,Red,NA,NA,Red,Green,Red,Green,42918,71412,10604,10604,High,High,High,NA,NA,NA
CK-03,Chinook,Lower Fraser River_FA_0.3,Abs_Abd,2016,44684,44684,0.734036563,31.50338122,41,-63.0284,89.6333,NA,0.441149684,3.150338122,6,31503.38122,NA,NA,NA,Red,Node19,"AbsLBM = NA OR AbsLBM >= 1.5, then AbsUBM = NA OR AbsUBM >= 1, then Have RelLBM, then RelLBM < 1",5,Red,Green,Red,Red,NA,NA,Red,Green,Red,Green,42918,71412,44684,44684,High,High,High,NA,NA,NA
CK-03,Chinook,Lower Fraser River_FA_0.3,Abs_Abd,2017,30183,30183,0.660796926,28.36008246,38,-63.6695,90.8,NA,0.397133289,2.836008246,6,28360.08246,NA,NA,NA,Red,Node19,"AbsLBM = NA OR AbsLBM >= 1.5, then AbsUBM = NA OR AbsUBM >= 1, then Have RelLBM, then RelLBM < 1",5,Red,Green,Red,Red,NA,NA,Red,Green,Red,Green,42918,71412,30183,30183,High,High,High,NA,NA,NA
CK-03,Chinook,Lower Fraser River_FA_0.3,Abs_Abd,2018,45978,45978,0.663504824,28.47630006,38,-63.2501,89.8667,NA,0.398760713,2.847630006,6,28476.30006,NA,NA,NA,Red,Node19,"AbsLBM = NA OR AbsLBM >= 1.5, then AbsUBM = NA OR AbsUBM >= 1, then Have RelLBM, then RelLBM < 1",5,Red,Green,Red,Red,NA,NA,Red,Green,Red,Green,42918,71412,45978,45978,High,High,High,NA,NA,NA
CK-03,Chinook,Lower Fraser River_FA_0.3,Abs_Abd,2019,44168,44168,0.9478805,40.68113528,55,-55.6807,82.8667,NA,0.569668057,4.068113528,6,40681.13528,NA,NA,NA,Red,Node19,"AbsLBM = NA OR AbsLBM >= 1.5, then AbsUBM = NA OR AbsUBM >= 1, then Have RelLBM, then RelLBM < 1",5,Red,Green,Amber,Red,NA,NA,Red,Green,Red,Green,42918,71412,44168,44168,High,High,High,NA,NA,NA
CK-03,Chinook,Lower Fraser River_FA_0.3,Abs_Abd,2020,41206,41206,0.928871617,39.86531206,55,-60.9265,87.8333,NA,0.558243881,3.986531206,6,39865.31206,NA,NA,NA,Red,Node19,"AbsLBM = NA OR AbsLBM >= 1.5, then AbsUBM = NA OR AbsUBM >= 1, then Have RelLBM, then RelLBM < 1",5,Red,Green,Amber,Red,NA,NA,Red,Green,Red,Green,42918,71412,41206,41206,High,High,High,NA,NA,NA
CK-03,Chinook,Lower Fraser River_FA_0.3,Abs_Abd,2021,40451,40451,0.999418553,42.89304545,60,-54.2352,81.1333,NA,0.600641985,4.289304545,6,42893.04545,NA,NA,NA,Red,Node19,"AbsLBM = NA OR AbsLBM >= 1.5, then AbsUBM = NA OR AbsUBM >= 1, then Have RelLBM, then RelLBM < 1",5,Red,Green,Amber,Red,NA,NA,Red,Green,Red,Green,42918,71412,40451,40451,High,High,High,NA,NA,NA
CK-03,Chinook,Lower Fraser River_FA_0.3,Abs_Abd,2022,495,495,0.321929806,13.81658342,22,-89.0391,94.3667,NA,0.193477055,1.381658342,6,13816.58342,NA,NA,NA,Red,Node19,"AbsLBM = NA OR AbsLBM >= 1.5, then AbsUBM = NA OR AbsUBM >= 1, then Have RelLBM, then RelLBM < 1",5,Red,Green,Red,Red,NA,NA,Red,Green,Red,Green,42918,71412,495,495,High,High,High,NA,NA,NA
CK-03,Chinook,Lower Fraser River_FA_0.3,Abs_Abd,2023,508,508,0.105426596,4.524698629,8,-95.7996,96.9667,NA,0.06336048,0.452469863,6,4524.698629,NA,NA,NA,Red,Node23,"Have AbsLBM, then AbsLBM >= 1.5, then have AbsUBM, then AbsUBM < 1,then Have RelLBM, then RelLBM < 1",5,Red,Amber,Red,Red,NA,NA,Red,Amber,Red,Amber,42918,71412,508,508,High,High,High,NA,NA,NA
CK-03,Chinook,Lower Fraser River_FA_0.3,Abs_Abd,2024,NA,NA,NA,NA,NA,NA,NA,NA,NA,NA,0,NA,NA,NA,NA,None,Node16.NA,"No LongTrend, so no SynStatus",NA,NA,NA,NA,NA,NA,NA,NA,NA,NA,NA,42918,71412,NA,NA,NA,NA,NA,NA,NA,NA
CK-04,Chinook,Lower Fraser River_SP_1.3,Rel_Idx,1995,NA,NA,NA,NA,NA,NA,NA,NA,NA,NA,0,NA,NA,NA,NA,None,Node16.NA,"No LongTrend, so no SynStatus",NA,NA,NA,NA,NA,NA,NA,NA,NA,NA,NA,337,1332,NA,NA,NA,NA,NA,NA,NA,NA
CK-04,Chinook,Lower Fraser River_SP_1.3,Rel_Idx,1996,NA,NA,NA,NA,NA,NA,NA,NA,NA,NA,0,NA,NA,NA,NA,None,Node16.NA,"No LongTrend, so no SynStatus",NA,NA,NA,NA,NA,NA,NA,NA,NA,NA,NA,337,1332,NA,NA,NA,NA,NA,NA,NA,NA
CK-04,Chinook,Lower Fraser River_SP_1.3,Rel_Idx,1997,NA,NA,NA,NA,NA,NA,NA,NA,NA,NA,0,NA,NA,NA,NA,None,Node16.NA,"No LongTrend, so no SynStatus",NA,NA,NA,NA,NA,NA,NA,NA,NA,NA,NA,337,1332,NA,NA,NA,NA,NA,NA,NA,NA
CK-04,Chinook,Lower Fraser River_SP_1.3,Rel_Idx,1998,NA,NA,NA,NA,NA,NA,NA,NA,NA,NA,0,NA,NA,NA,NA,None,Node16.NA,"No LongTrend, so no SynStatus",NA,NA,NA,NA,NA,NA,NA,NA,NA,NA,NA,337,1332,NA,NA,NA,NA,NA,NA,NA,NA
CK-04,Chinook,Lower Fraser River_SP_1.3,Rel_Idx,1999,NA,NA,NA,NA,NA,NA,NA,NA,NA,NA,0,NA,NA,NA,NA,None,Node16.NA,"No LongTrend, so no SynStatus",NA,NA,NA,NA,NA,NA,NA,NA,NA,NA,NA,337,1332,NA,NA,NA,NA,NA,NA,NA,NA
CK-04,Chinook,Lower Fraser River_SP_1.3,Rel_Idx,2000,NA,NA,NA,NA,NA,NA,NA,NA,NA,NA,0,NA,NA,NA,NA,None,Node16.NA,"No LongTrend, so no SynStatus",NA,NA,NA,NA,NA,NA,NA,NA,NA,NA,NA,337,1332,NA,NA,NA,NA,NA,NA,NA,NA
CK-04,Chinook,Lower Fraser River_SP_1.3,Rel_Idx,2001,NA,NA,NA,NA,NA,NA,NA,NA,NA,NA,0,NA,NA,NA,NA,None,Node16.NA,"No LongTrend, so no SynStatus",NA,NA,NA,NA,NA,NA,NA,NA,NA,NA,NA,337,1332,NA,NA,NA,NA,NA,NA,NA,NA
CK-04,Chinook,Lower Fraser River_SP_1.3,Rel_Idx,2002,NA,NA,NA,NA,NA,NA,NA,NA,NA,NA,0,NA,NA,NA,NA,None,Node16.NA,"No LongTrend, so no SynStatus",NA,NA,NA,NA,NA,NA,NA,NA,NA,NA,NA,337,1332,NA,NA,NA,NA,NA,NA,NA,NA
CK-04,Chinook,Lower Fraser River_SP_1.3,Rel_Idx,2003,NA,NA,NA,NA,NA,NA,NA,NA,NA,NA,0,NA,NA,NA,NA,None,Node16.NA,"No LongTrend, so no SynStatus",NA,NA,NA,NA,NA,NA,NA,NA,NA,NA,NA,337,1332,NA,NA,NA,NA,NA,NA,NA,NA
CK-04,Chinook,Lower Fraser River_SP_1.3,Rel_Idx,2004,NA,NA,NA,NA,NA,NA,NA,NA,NA,NA,0,NA,NA,NA,NA,None,Node16.NA,"No LongTrend, so no SynStatus",NA,NA,NA,NA,NA,NA,NA,NA,NA,NA,NA,337,1332,NA,NA,NA,NA,NA,NA,NA,NA
CK-04,Chinook,Lower Fraser River_SP_1.3,Rel_Idx,2005,NA,NA,NA,NA,NA,NA,NA,NA,NA,NA,0,NA,NA,NA,NA,None,Node16.NA,"No LongTrend, so no SynStatus",NA,NA,NA,NA,NA,NA,NA,NA,NA,NA,NA,337,1332,NA,NA,NA,NA,NA,NA,NA,NA
CK-04,Chinook,Lower Fraser River_SP_1.3,Rel_Idx,2006,NA,NA,NA,NA,NA,NA,NA,NA,NA,NA,0,NA,NA,NA,NA,None,Node16.NA,"No LongTrend, so no SynStatus",NA,NA,NA,NA,NA,NA,NA,NA,NA,NA,NA,337,1332,NA,NA,NA,NA,NA,NA,NA,NA
CK-04,Chinook,Lower Fraser River_SP_1.3,Rel_Idx,2007,NA,NA,NA,NA,NA,NA,NA,NA,NA,NA,0,NA,NA,NA,NA,None,Node16.NA,"No LongTrend, so no SynStatus",NA,NA,NA,NA,NA,NA,NA,NA,NA,NA,NA,337,1332,NA,NA,NA,NA,NA,NA,NA,NA
CK-04,Chinook,Lower Fraser River_SP_1.3,Rel_Idx,2008,234,234,NA,NA,NA,NA,NA,NA,NA,NA,0,NA,NA,NA,NA,None,Node16.NA,"No LongTrend, so no SynStatus",NA,NA,NA,NA,NA,NA,NA,NA,NA,NA,NA,337,1332,234,234,NA,NA,NA,NA,NA,NA
CK-04,Chinook,Lower Fraser River_SP_1.3,Rel_Idx,2009,631,631,NA,NA,NA,NA,NA,NA,NA,NA,0,NA,NA,NA,NA,None,Node16.NA,"No LongTrend, so no SynStatus",NA,NA,NA,NA,NA,NA,NA,NA,NA,NA,NA,337,1332,631,631,NA,NA,NA,NA,NA,NA
CK-04,Chinook,Lower Fraser River_SP_1.3,Rel_Idx,2010,1520,1520,NA,NA,NA,NA,NA,NA,NA,NA,0,NA,NA,NA,NA,None,Node16.NA,"No LongTrend, so no SynStatus",NA,NA,NA,NA,NA,NA,NA,NA,NA,NA,NA,337,1332,1520,1520,NA,NA,NA,NA,NA,NA
CK-04,Chinook,Lower Fraser River_SP_1.3,Rel_Idx,2011,941,941,NA,NA,NA,NA,NA,NA,NA,NA,0,NA,NA,NA,NA,None,Node16.NA,"No LongTrend, so no SynStatus",NA,NA,NA,NA,NA,NA,NA,NA,NA,NA,NA,337,1332,941,941,NA,NA,NA,NA,NA,NA
CK-04,Chinook,Lower Fraser River_SP_1.3,Rel_Idx,2012,624,624,NA,NA,NA,NA,NA,NA,NA,NA,0,666.7647066,NA,NA,NA,None,Node16.NA,"No LongTrend, so no SynStatus",NA,NA,NA,NA,NA,NA,NA,NA,NA,NA,NA,337,1332,624,624,NA,NA,NA,NA,NA,NA
CK-04,Chinook,Lower Fraser River_SP_1.3,Rel_Idx,2013,224,224,NA,NA,NA,NA,NA,NA,NA,NA,0,660.9658717,NA,NA,NA,None,Node16.NA,"No LongTrend, so no SynStatus",NA,NA,NA,NA,NA,NA,NA,NA,NA,NA,NA,337,1332,224,224,NA,NA,NA,NA,NA,NA
CK-04,Chinook,Lower Fraser River_SP_1.3,Rel_Idx,2014,383,383,NA,NA,NA,NA,NA,NA,NA,NA,0,598.1538724,NA,NA,NA,None,Node16.NA,"No LongTrend, so no SynStatus",NA,NA,NA,NA,NA,NA,NA,NA,NA,NA,NA,337,1332,383,383,NA,NA,NA,NA,NA,NA
CK-04,Chinook,Lower Fraser River_SP_1.3,Rel_Idx,2015,508,508,NA,NA,NA,NA,NA,NA,NA,NA,0,480.4154255,NA,NA,NA,None,Node16.NA,"No LongTrend, so no SynStatus",NA,NA,NA,NA,NA,NA,NA,NA,NA,NA,NA,337,1332,508,508,NA,NA,NA,NA,NA,NA
CK-04,Chinook,Lower Fraser River_SP_1.3,Rel_Idx,2016,238,238,NA,NA,NA,NA,NA,NA,NA,NA,0,364.9340696,NA,NA,NA,None,Node16.NA,"No LongTrend, so no SynStatus",NA,NA,NA,NA,NA,NA,NA,NA,NA,NA,NA,337,1332,238,238,NA,NA,NA,NA,NA,NA
CK-04,Chinook,Lower Fraser River_SP_1.3,Rel_Idx,2017,320,320,NA,NA,NA,NA,NA,NA,NA,NA,0,319.3063005,NA,NA,NA,None,Node16.NA,"No LongTrend, so no SynStatus",NA,NA,NA,NA,NA,NA,NA,NA,NA,NA,NA,337,1332,320,320,NA,NA,NA,NA,NA,NA
CK-04,Chinook,Lower Fraser River_SP_1.3,Rel_Idx,2018,144,144,NA,NA,NA,NA,NA,NA,NA,NA,0,292.3010549,NA,NA,NA,None,Node16.NA,"No LongTrend, so no SynStatus",NA,NA,NA,NA,NA,NA,NA,NA,NA,NA,NA,337,1332,144,144,NA,NA,NA,NA,NA,NA
CK-04,Chinook,Lower Fraser River_SP_1.3,Rel_Idx,2019,178,178,NA,NA,NA,NA,NA,NA,NA,NA,0,250.7694506,NA,NA,NA,None,Node16.NA,"No LongTrend, so no SynStatus",NA,NA,NA,NA,NA,NA,NA,NA,NA,NA,NA,337,1332,178,178,NA,NA,NA,NA,NA,NA
CK-04,Chinook,Lower Fraser River_SP_1.3,Rel_Idx,2020,191,191,NA,NA,NA,NA,NA,NA,NA,NA,0,206.2094479,NA,NA,NA,None,Node16.NA,"No LongTrend, so no SynStatus",NA,NA,NA,NA,NA,NA,NA,NA,NA,NA,NA,337,1332,191,191,NA,NA,NA,NA,NA,NA
CK-04,Chinook,Lower Fraser River_SP_1.3,Rel_Idx,2021,134,134,NA,NA,NA,NA,NA,NA,NA,NA,0,183.8290436,NA,NA,NA,None,Node16.NA,"No LongTrend, so no SynStatus",NA,NA,NA,NA,NA,NA,NA,NA,NA,NA,NA,337,1332,134,134,NA,NA,NA,NA,NA,NA
CK-04,Chinook,Lower Fraser River_SP_1.3,Rel_Idx,2022,275,275,NA,NA,53,-76.9547,99,NA,NA,NA,2,178.3407837,NA,NA,NA,Red,Node17,"AbsLBM = NA OR AbsLBM >= 1.5, then AbsUBM = NA OR AbsUBM >= 1, then Don't have RelLBM, then LongTrend < 79",5,NA,NA,Amber,Red,NA,NA,NA,NA,NA,NA,337,1332,275,275,Moderate,Moderate,High,NA,NA,NA
CK-04,Chinook,Lower Fraser River_SP_1.3,Rel_Idx,2023,357,357,NA,NA,63,-79.4744,99.6333,NA,NA,NA,2,213.8512611,NA,NA,NA,Red,Node17,"AbsLBM = NA OR AbsLBM >= 1.5, then AbsUBM = NA OR AbsUBM >= 1, then Don't have RelLBM, then LongTrend < 79",5,NA,NA,Amber,Red,NA,NA,NA,NA,NA,NA,337,1332,357,357,Moderate,Moderate,High,NA,NA,NA
CK-04,Chinook,Lower Fraser River_SP_1.3,Rel_Idx,2024,82,82,NA,NA,NA,NA,NA,NA,NA,NA,0,NA,NA,NA,NA,Red,Node17,"AbsLBM = NA OR AbsLBM >= 1.5, then AbsUBM = NA OR AbsUBM >= 1, then Don't have RelLBM, then LongTrend < 79",5,NA,NA,Amber,Red,NA,NA,NA,NA,NA,NA,337,1332,NA,NA,NA,NA,NA,NA,NA,NA
CK-05,Chinook,Lower Fraser River-Upper Pitt_SU_1.3,Rel_Idx,1995,NA,NA,NA,NA,NA,NA,NA,NA,NA,NA,0,NA,NA,NA,NA,None,Node16.NA,"No LongTrend, so no SynStatus",NA,NA,NA,NA,NA,NA,NA,NA,NA,NA,NA,247,965,NA,NA,NA,NA,NA,NA,NA,NA
CK-05,Chinook,Lower Fraser River-Upper Pitt_SU_1.3,Rel_Idx,1996,NA,NA,NA,NA,NA,NA,NA,NA,NA,NA,0,NA,NA,NA,NA,None,Node16.NA,"No LongTrend, so no SynStatus",NA,NA,NA,NA,NA,NA,NA,NA,NA,NA,NA,247,965,NA,NA,NA,NA,NA,NA,NA,NA
CK-05,Chinook,Lower Fraser River-Upper Pitt_SU_1.3,Rel_Idx,1997,NA,NA,NA,NA,NA,NA,NA,NA,NA,NA,0,NA,NA,NA,NA,None,Node16.NA,"No LongTrend, so no SynStatus",NA,NA,NA,NA,NA,NA,NA,NA,NA,NA,NA,247,965,NA,NA,NA,NA,NA,NA,NA,NA
CK-05,Chinook,Lower Fraser River-Upper Pitt_SU_1.3,Rel_Idx,1998,NA,NA,NA,NA,NA,NA,NA,NA,NA,NA,0,NA,NA,NA,NA,None,Node16.NA,"No LongTrend, so no SynStatus",NA,NA,NA,NA,NA,NA,NA,NA,NA,NA,NA,247,965,NA,NA,NA,NA,NA,NA,NA,NA
CK-05,Chinook,Lower Fraser River-Upper Pitt_SU_1.3,Rel_Idx,1999,NA,NA,NA,NA,NA,NA,NA,NA,NA,NA,0,NA,NA,NA,NA,None,Node16.NA,"No LongTrend, so no SynStatus",NA,NA,NA,NA,NA,NA,NA,NA,NA,NA,NA,247,965,NA,NA,NA,NA,NA,NA,NA,NA
CK-05,Chinook,Lower Fraser River-Upper Pitt_SU_1.3,Rel_Idx,2000,NA,NA,NA,NA,NA,NA,NA,NA,NA,NA,0,NA,NA,NA,NA,None,Node16.NA,"No LongTrend, so no SynStatus",NA,NA,NA,NA,NA,NA,NA,NA,NA,NA,NA,247,965,NA,NA,NA,NA,NA,NA,NA,NA
CK-05,Chinook,Lower Fraser River-Upper Pitt_SU_1.3,Rel_Idx,2001,NA,NA,NA,NA,NA,NA,NA,NA,NA,NA,0,NA,NA,NA,NA,None,Node16.NA,"No LongTrend, so no SynStatus",NA,NA,NA,NA,NA,NA,NA,NA,NA,NA,NA,247,965,NA,NA,NA,NA,NA,NA,NA,NA
CK-05,Chinook,Lower Fraser River-Upper Pitt_SU_1.3,Rel_Idx,2002,276,276,NA,NA,NA,NA,NA,NA,NA,NA,0,NA,NA,NA,NA,None,Node16.NA,"No LongTrend, so no SynStatus",NA,NA,NA,NA,NA,NA,NA,NA,NA,NA,NA,247,965,276,276,NA,NA,NA,NA,NA,NA
CK-05,Chinook,Lower Fraser River-Upper Pitt_SU_1.3,Rel_Idx,2003,180,180,NA,NA,NA,NA,NA,NA,NA,NA,0,NA,NA,NA,NA,None,Node16.NA,"No LongTrend, so no SynStatus",NA,NA,NA,NA,NA,NA,NA,NA,NA,NA,NA,247,965,180,180,NA,NA,NA,NA,NA,NA
CK-05,Chinook,Lower Fraser River-Upper Pitt_SU_1.3,Rel_Idx,2004,NA,NA,NA,NA,NA,NA,NA,NA,NA,NA,0,NA,NA,NA,NA,None,Node16.NA,"No LongTrend, so no SynStatus",NA,NA,NA,NA,NA,NA,NA,NA,NA,NA,NA,247,965,NA,NA,NA,NA,NA,NA,NA,NA
CK-05,Chinook,Lower Fraser River-Upper Pitt_SU_1.3,Rel_Idx,2005,188,188,NA,NA,NA,NA,NA,NA,NA,NA,0,NA,NA,NA,NA,None,Node16.NA,"No LongTrend, so no SynStatus",NA,NA,NA,NA,NA,NA,NA,NA,NA,NA,NA,247,965,188,188,NA,NA,NA,NA,NA,NA
CK-05,Chinook,Lower Fraser River-Upper Pitt_SU_1.3,Rel_Idx,2006,211,211,NA,NA,NA,NA,NA,NA,NA,NA,0,NA,NA,NA,NA,None,Node16.NA,"No LongTrend, so no SynStatus",NA,NA,NA,NA,NA,NA,NA,NA,NA,NA,NA,247,965,211,211,NA,NA,NA,NA,NA,NA
CK-05,Chinook,Lower Fraser River-Upper Pitt_SU_1.3,Rel_Idx,2007,103,103,NA,NA,NA,NA,NA,NA,NA,NA,0,NA,NA,NA,NA,None,Node16.NA,"No LongTrend, so no SynStatus",NA,NA,NA,NA,NA,NA,NA,NA,NA,NA,NA,247,965,103,103,NA,NA,NA,NA,NA,NA
CK-05,Chinook,Lower Fraser River-Upper Pitt_SU_1.3,Rel_Idx,2008,198,198,NA,NA,NA,NA,NA,NA,NA,NA,0,NA,NA,NA,NA,None,Node16.NA,"No LongTrend, so no SynStatus",NA,NA,NA,NA,NA,NA,NA,NA,NA,NA,NA,247,965,198,198,NA,NA,NA,NA,NA,NA
CK-05,Chinook,Lower Fraser River-Upper Pitt_SU_1.3,Rel_Idx,2009,105,105,NA,NA,NA,NA,NA,NA,NA,NA,0,153.4003688,NA,NA,NA,None,Node16.NA,"No LongTrend, so no SynStatus",NA,NA,NA,NA,NA,NA,NA,NA,NA,NA,NA,247,965,105,105,NA,NA,NA,NA,NA,NA
CK-05,Chinook,Lower Fraser River-Upper Pitt_SU_1.3,Rel_Idx,2010,85,85,NA,NA,NA,NA,NA,NA,NA,NA,0,130.8816071,NA,NA,NA,None,Node16.NA,"No LongTrend, so no SynStatus",NA,NA,NA,NA,NA,NA,NA,NA,NA,NA,NA,247,965,85,85,NA,NA,NA,NA,NA,NA
CK-05,Chinook,Lower Fraser River-Upper Pitt_SU_1.3,Rel_Idx,2011,178,178,NA,NA,NA,NA,NA,NA,NA,NA,0,126.5045448,NA,NA,NA,None,Node16.NA,"No LongTrend, so no SynStatus",NA,NA,NA,NA,NA,NA,NA,NA,NA,NA,NA,247,965,178,178,NA,NA,NA,NA,NA,NA
CK-05,Chinook,Lower Fraser River-Upper Pitt_SU_1.3,Rel_Idx,2012,103,103,NA,NA,NA,NA,NA,NA,NA,NA,0,126.5045448,DD,DD,DD,None,Node16.NA,"No LongTrend, so no SynStatus",NA,NA,NA,NA,NA,NA,NA,NA,NA,NA,NA,247,965,103,103,NA,NA,NA,DD,DD,DD
CK-05,Chinook,Lower Fraser River-Upper Pitt_SU_1.3,Rel_Idx,2013,NA,NA,NA,NA,NA,NA,NA,NA,NA,NA,0,NA,NA,NA,NA,None,Node16.NA,"No LongTrend, so no SynStatus",NA,NA,NA,NA,NA,NA,NA,NA,NA,NA,NA,247,965,NA,NA,NA,NA,NA,NA,NA,NA
CK-05,Chinook,Lower Fraser River-Upper Pitt_SU_1.3,Rel_Idx,2014,75,75,NA,NA,NA,NA,NA,NA,NA,NA,0,NA,NA,NA,NA,None,Node16.NA,"No LongTrend, so no SynStatus",NA,NA,NA,NA,NA,NA,NA,NA,NA,NA,NA,247,965,75,75,NA,NA,NA,NA,NA,NA
CK-05,Chinook,Lower Fraser River-Upper Pitt_SU_1.3,Rel_Idx,2015,NA,NA,NA,NA,NA,NA,NA,NA,NA,NA,0,NA,NA,NA,NA,None,Node16.NA,"No LongTrend, so no SynStatus",NA,NA,NA,NA,NA,NA,NA,NA,NA,NA,NA,247,965,NA,NA,NA,NA,NA,NA,NA,NA
CK-05,Chinook,Lower Fraser River-Upper Pitt_SU_1.3,Rel_Idx,2016,49,49,NA,NA,NA,-85.2006,84.9667,NA,NA,NA,1,NA,NA,NA,NA,None,Node16.NA,"No LongTrend, so no SynStatus",NA,NA,NA,NA,Red,NA,NA,NA,NA,NA,NA,247,965,49,49,NA,NA,NA,NA,NA,NA
CK-05,Chinook,Lower Fraser River-Upper Pitt_SU_1.3,Rel_Idx,2017,74,74,NA,NA,NA,-65.2122,69.0667,NA,NA,NA,1,NA,NA,NA,NA,None,Node16.NA,"No LongTrend, so no SynStatus",NA,NA,NA,NA,Red,NA,NA,NA,NA,NA,NA,247,965,74,74,NA,NA,NA,NA,NA,NA
CK-05,Chinook,Lower Fraser River-Upper Pitt_SU_1.3,Rel_Idx,2018,175,175,NA,NA,NA,NA,NA,NA,NA,NA,0,NA,NA,NA,NA,None,Node16.NA,"No LongTrend, so no SynStatus",NA,NA,NA,NA,NA,NA,NA,NA,NA,NA,NA,247,965,175,175,NA,NA,NA,NA,NA,NA
CK-05,Chinook,Lower Fraser River-Upper Pitt_SU_1.3,Rel_Idx,2019,18,18,NA,NA,NA,-85.5412,90.7333,NA,NA,NA,1,NA,NA,NA,NA,None,Node16.NA,"No LongTrend, so no SynStatus",NA,NA,NA,NA,Red,NA,NA,NA,NA,NA,NA,247,965,18,18,NA,NA,NA,NA,NA,NA
CK-05,Chinook,Lower Fraser River-Upper Pitt_SU_1.3,Rel_Idx,2020,46,46,NA,NA,52,-79.3825,87.7667,NA,NA,NA,2,55.47524604,NA,NA,NA,Red,Node17,"AbsLBM = NA OR AbsLBM >= 1.5, then AbsUBM = NA OR AbsUBM >= 1, then Don't have RelLBM, then LongTrend < 79",5,NA,NA,Amber,Red,NA,NA,NA,NA,NA,NA,247,965,46,46,Moderate,Moderate,High,NA,NA,NA
CK-05,Chinook,Lower Fraser River-Upper Pitt_SU_1.3,Rel_Idx,2021,86,86,NA,NA,59,-61.3509,71.2,NA,NA,NA,2,62.081144,NA,NA,NA,Red,Node17,"AbsLBM = NA OR AbsLBM >= 1.5, then AbsUBM = NA OR AbsUBM >= 1, then Don't have RelLBM, then LongTrend < 79",5,NA,NA,Amber,Red,NA,NA,NA,NA,NA,NA,247,965,86,86,Moderate,Moderate,High,NA,NA,NA
CK-05,Chinook,Lower Fraser River-Upper Pitt_SU_1.3,Rel_Idx,2022,11,11,NA,NA,46,-71.7563,79.2667,NA,NA,NA,2,42.40254311,NA,NA,NA,Red,Node17,"AbsLBM = NA OR AbsLBM >= 1.5, then AbsUBM = NA OR AbsUBM >= 1, then Don't have RelLBM, then LongTrend < 79",5,NA,NA,Red,Red,NA,NA,NA,NA,NA,NA,247,965,11,11,Moderate,Moderate,High,NA,NA,NA
CK-05,Chinook,Lower Fraser River-Upper Pitt_SU_1.3,Rel_Idx,2023,69,69,NA,NA,39,-36.2036,55.2,NA,NA,NA,2,35.20092799,NA,NA,NA,Red,Node17,"AbsLBM = NA OR AbsLBM >= 1.5, then AbsUBM = NA OR AbsUBM >= 1, then Don't have RelLBM, then LongTrend < 79",5,NA,NA,Red,Red,NA,NA,NA,NA,NA,NA,247,965,69,69,Moderate,Moderate,High,NA,NA,NA
CK-05,Chinook,Lower Fraser River-Upper Pitt_SU_1.3,Rel_Idx,2024,15,15,NA,NA,41,-39.4234,57.2,NA,NA,NA,2,33.9404709,NA,NA,NA,Red,Node17,"AbsLBM = NA OR AbsLBM >= 1.5, then AbsUBM = NA OR AbsUBM >= 1, then Don't have RelLBM, then LongTrend < 79",5,NA,NA,Red,Red,NA,NA,NA,NA,NA,NA,247,965,15,15,Moderate,Moderate,High,NA,NA,NA
CK-06,Chinook,Lower Fraser River_SU_1.3,Rel_Idx,1995,NA,NA,NA,NA,NA,NA,NA,NA,NA,NA,0,NA,NA,NA,NA,None,Node16.NA,"No LongTrend, so no SynStatus",NA,NA,NA,NA,NA,NA,NA,NA,NA,NA,NA,316,1244,NA,NA,NA,NA,NA,NA,NA,NA
CK-06,Chinook,Lower Fraser River_SU_1.3,Rel_Idx,1996,NA,NA,NA,NA,NA,NA,NA,NA,NA,NA,0,NA,NA,NA,NA,None,Node16.NA,"No LongTrend, so no SynStatus",NA,NA,NA,NA,NA,NA,NA,NA,NA,NA,NA,316,1244,NA,NA,NA,NA,NA,NA,NA,NA
CK-06,Chinook,Lower Fraser River_SU_1.3,Rel_Idx,1997,NA,NA,NA,NA,NA,NA,NA,NA,NA,NA,0,NA,NA,NA,NA,None,Node16.NA,"No LongTrend, so no SynStatus",NA,NA,NA,NA,NA,NA,NA,NA,NA,NA,NA,316,1244,NA,NA,NA,NA,NA,NA,NA,NA
CK-06,Chinook,Lower Fraser River_SU_1.3,Rel_Idx,1998,NA,NA,NA,NA,NA,NA,NA,NA,NA,NA,0,NA,NA,NA,NA,None,Node16.NA,"No LongTrend, so no SynStatus",NA,NA,NA,NA,NA,NA,NA,NA,NA,NA,NA,316,1244,NA,NA,NA,NA,NA,NA,NA,NA
CK-06,Chinook,Lower Fraser River_SU_1.3,Rel_Idx,1999,NA,NA,NA,NA,NA,NA,NA,NA,NA,NA,0,NA,NA,NA,NA,None,Node16.NA,"No LongTrend, so no SynStatus",NA,NA,NA,NA,NA,NA,NA,NA,NA,NA,NA,316,1244,NA,NA,NA,NA,NA,NA,NA,NA
CK-06,Chinook,Lower Fraser River_SU_1.3,Rel_Idx,2000,NA,NA,NA,NA,NA,NA,NA,NA,NA,NA,0,NA,NA,NA,NA,None,Node16.NA,"No LongTrend, so no SynStatus",NA,NA,NA,NA,NA,NA,NA,NA,NA,NA,NA,316,1244,NA,NA,NA,NA,NA,NA,NA,NA
CK-06,Chinook,Lower Fraser River_SU_1.3,Rel_Idx,2001,NA,NA,NA,NA,NA,NA,NA,NA,NA,NA,0,NA,NA,NA,NA,None,Node16.NA,"No LongTrend, so no SynStatus",NA,NA,NA,NA,NA,NA,NA,NA,NA,NA,NA,316,1244,NA,NA,NA,NA,NA,NA,NA,NA
CK-06,Chinook,Lower Fraser River_SU_1.3,Rel_Idx,2002,NA,NA,NA,NA,NA,NA,NA,NA,NA,NA,0,NA,NA,NA,NA,None,Node16.NA,"No LongTrend, so no SynStatus",NA,NA,NA,NA,NA,NA,NA,NA,NA,NA,NA,316,1244,NA,NA,NA,NA,NA,NA,NA,NA
CK-06,Chinook,Lower Fraser River_SU_1.3,Rel_Idx,2003,NA,NA,NA,NA,NA,NA,NA,NA,NA,NA,0,NA,NA,NA,NA,None,Node16.NA,"No LongTrend, so no SynStatus",NA,NA,NA,NA,NA,NA,NA,NA,NA,NA,NA,316,1244,NA,NA,NA,NA,NA,NA,NA,NA
CK-06,Chinook,Lower Fraser River_SU_1.3,Rel_Idx,2004,NA,NA,NA,NA,NA,NA,NA,NA,NA,NA,0,NA,NA,NA,NA,None,Node16.NA,"No LongTrend, so no SynStatus",NA,NA,NA,NA,NA,NA,NA,NA,NA,NA,NA,316,1244,NA,NA,NA,NA,NA,NA,NA,NA
CK-06,Chinook,Lower Fraser River_SU_1.3,Rel_Idx,2005,NA,NA,NA,NA,NA,NA,NA,NA,NA,NA,0,NA,NA,NA,NA,None,Node16.NA,"No LongTrend, so no SynStatus",NA,NA,NA,NA,NA,NA,NA,NA,NA,NA,NA,316,1244,NA,NA,NA,NA,NA,NA,NA,NA
CK-06,Chinook,Lower Fraser River_SU_1.3,Rel_Idx,2006,NA,NA,NA,NA,NA,NA,NA,NA,NA,NA,0,NA,NA,NA,NA,None,Node16.NA,"No LongTrend, so no SynStatus",NA,NA,NA,NA,NA,NA,NA,NA,NA,NA,NA,316,1244,NA,NA,NA,NA,NA,NA,NA,NA
CK-06,Chinook,Lower Fraser River_SU_1.3,Rel_Idx,2007,NA,NA,NA,NA,NA,NA,NA,NA,NA,NA,0,NA,NA,NA,NA,None,Node16.NA,"No LongTrend, so no SynStatus",NA,NA,NA,NA,NA,NA,NA,NA,NA,NA,NA,316,1244,NA,NA,NA,NA,NA,NA,NA,NA
CK-06,Chinook,Lower Fraser River_SU_1.3,Rel_Idx,2008,NA,NA,NA,NA,NA,NA,NA,NA,NA,NA,0,NA,NA,NA,NA,None,Node16.NA,"No LongTrend, so no SynStatus",NA,NA,NA,NA,NA,NA,NA,NA,NA,NA,NA,316,1244,NA,NA,NA,NA,NA,NA,NA,NA
CK-06,Chinook,Lower Fraser River_SU_1.3,Rel_Idx,2009,NA,NA,NA,NA,NA,NA,NA,NA,NA,NA,0,NA,NA,NA,NA,None,Node16.NA,"No LongTrend, so no SynStatus",NA,NA,NA,NA,NA,NA,NA,NA,NA,NA,NA,316,1244,NA,NA,NA,NA,NA,NA,NA,NA
CK-06,Chinook,Lower Fraser River_SU_1.3,Rel_Idx,2010,NA,NA,NA,NA,NA,NA,NA,NA,NA,NA,0,NA,NA,NA,NA,None,Node16.NA,"No LongTrend, so no SynStatus",NA,NA,NA,NA,NA,NA,NA,NA,NA,NA,NA,316,1244,NA,NA,NA,NA,NA,NA,NA,NA
CK-06,Chinook,Lower Fraser River_SU_1.3,Rel_Idx,2011,NA,NA,NA,NA,NA,NA,NA,NA,NA,NA,0,NA,NA,NA,NA,None,Node16.NA,"No LongTrend, so no SynStatus",NA,NA,NA,NA,NA,NA,NA,NA,NA,NA,NA,316,1244,NA,NA,NA,NA,NA,NA,NA,NA
CK-06,Chinook,Lower Fraser River_SU_1.3,Rel_Idx,2012,NA,NA,NA,NA,NA,NA,NA,NA,NA,NA,0,NA,DD,DD,DD,None,Node16.NA,"No LongTrend, so no SynStatus",NA,NA,NA,NA,NA,NA,NA,NA,NA,NA,NA,316,1244,NA,NA,NA,NA,NA,DD,DD,DD
CK-06,Chinook,Lower Fraser River_SU_1.3,Rel_Idx,2013,NA,NA,NA,NA,NA,NA,NA,NA,NA,NA,0,NA,NA,NA,NA,None,Node16.NA,"No LongTrend, so no SynStatus",NA,NA,NA,NA,NA,NA,NA,NA,NA,NA,NA,316,1244,NA,NA,NA,NA,NA,NA,NA,NA
CK-06,Chinook,Lower Fraser River_SU_1.3,Rel_Idx,2014,NA,NA,NA,NA,NA,NA,NA,NA,NA,NA,0,NA,NA,NA,NA,None,Node16.NA,"No LongTrend, so no SynStatus",NA,NA,NA,NA,NA,NA,NA,NA,NA,NA,NA,316,1244,NA,NA,NA,NA,NA,NA,NA,NA
CK-06,Chinook,Lower Fraser River_SU_1.3,Rel_Idx,2015,94,94,NA,NA,NA,NA,NA,NA,NA,NA,0,NA,NA,NA,NA,None,Node16.NA,"No LongTrend, so no SynStatus",NA,NA,NA,NA,NA,NA,NA,NA,NA,NA,NA,316,1244,94,94,NA,NA,NA,NA,NA,NA
CK-06,Chinook,Lower Fraser River_SU_1.3,Rel_Idx,2016,48,48,NA,NA,NA,NA,NA,NA,NA,NA,0,NA,NA,NA,NA,None,Node16.NA,"No LongTrend, so no SynStatus",NA,NA,NA,NA,NA,NA,NA,NA,NA,NA,NA,316,1244,48,48,NA,NA,NA,NA,NA,NA
CK-06,Chinook,Lower Fraser River_SU_1.3,Rel_Idx,2017,105,105,NA,NA,NA,NA,NA,NA,NA,NA,0,NA,NA,NA,NA,None,Node16.NA,"No LongTrend, so no SynStatus",NA,NA,NA,NA,NA,NA,NA,NA,NA,NA,NA,316,1244,105,105,NA,NA,NA,NA,NA,NA
CK-06,Chinook,Lower Fraser River_SU_1.3,Rel_Idx,2018,20,20,NA,NA,NA,NA,NA,NA,NA,NA,0,NA,NA,NA,NA,None,Node16.NA,"No LongTrend, so no SynStatus",NA,NA,NA,NA,NA,NA,NA,NA,NA,NA,NA,316,1244,20,20,NA,NA,NA,NA,NA,NA
CK-06,Chinook,Lower Fraser River_SU_1.3,Rel_Idx,2019,31,31,NA,NA,NA,NA,NA,NA,NA,NA,0,49.38442664,NA,NA,NA,None,Node16.NA,"No LongTrend, so no SynStatus",NA,NA,NA,NA,NA,NA,NA,NA,NA,NA,NA,316,1244,31,31,NA,NA,NA,NA,NA,NA
CK-06,Chinook,Lower Fraser River_SU_1.3,Rel_Idx,2020,66,66,NA,NA,NA,NA,NA,NA,NA,NA,0,46.01222473,NA,NA,NA,None,Node16.NA,"No LongTrend, so no SynStatus",NA,NA,NA,NA,NA,NA,NA,NA,NA,NA,NA,316,1244,66,66,NA,NA,NA,NA,NA,NA
CK-06,Chinook,Lower Fraser River_SU_1.3,Rel_Idx,2021,60,60,NA,NA,NA,NA,NA,NA,NA,NA,0,48.11220208,NA,NA,NA,None,Node16.NA,"No LongTrend, so no SynStatus",NA,NA,NA,NA,NA,NA,NA,NA,NA,NA,NA,316,1244,60,60,NA,NA,NA,NA,NA,NA
CK-06,Chinook,Lower Fraser River_SU_1.3,Rel_Idx,2022,12,12,NA,NA,NA,NA,NA,NA,NA,NA,0,31.17838563,NA,NA,NA,None,Node16.NA,"No LongTrend, so no SynStatus",NA,NA,NA,NA,NA,NA,NA,NA,NA,NA,NA,316,1244,12,12,NA,NA,NA,NA,NA,NA
CK-06,Chinook,Lower Fraser River_SU_1.3,Rel_Idx,2023,82,82,NA,NA,NA,NA,NA,NA,NA,NA,0,41.34380043,NA,NA,NA,None,Node16.NA,"No LongTrend, so no SynStatus",NA,NA,NA,NA,NA,NA,NA,NA,NA,NA,NA,316,1244,82,82,NA,NA,NA,NA,NA,NA
CK-06,Chinook,Lower Fraser River_SU_1.3,Rel_Idx,2024,23,23,NA,NA,NA,NA,NA,NA,NA,NA,0,38.94786214,NA,NA,NA,None,Node16.NA,"No LongTrend, so no SynStatus",NA,NA,NA,NA,NA,NA,NA,NA,NA,NA,NA,316,1244,23,23,NA,NA,NA,NA,NA,NA
CK-07,Chinook,Maria Slough_SU_0.3,Rel_Idx,1995,NA,NA,NA,NA,NA,NA,NA,NA,NA,NA,0,NA,NA,NA,NA,None,Node16.NA,"No LongTrend, so no SynStatus",NA,NA,NA,NA,NA,NA,NA,NA,NA,NA,NA,15,200,NA,NA,NA,NA,NA,NA,NA,NA
CK-07,Chinook,Maria Slough_SU_0.3,Rel_Idx,1996,100,100,NA,NA,NA,NA,NA,NA,NA,NA,0,NA,NA,NA,NA,None,Node16.NA,"No LongTrend, so no SynStatus",NA,NA,NA,NA,NA,NA,NA,NA,NA,NA,NA,15,200,100,100,NA,NA,NA,NA,NA,NA
CK-07,Chinook,Maria Slough_SU_0.3,Rel_Idx,1997,100,100,NA,NA,NA,NA,NA,NA,NA,NA,0,NA,NA,NA,NA,None,Node16.NA,"No LongTrend, so no SynStatus",NA,NA,NA,NA,NA,NA,NA,NA,NA,NA,NA,15,200,100,100,NA,NA,NA,NA,NA,NA
CK-07,Chinook,Maria Slough_SU_0.3,Rel_Idx,1998,176,176,NA,NA,NA,NA,NA,NA,NA,NA,0,NA,NA,NA,NA,None,Node16.NA,"No LongTrend, so no SynStatus",NA,NA,NA,NA,NA,NA,NA,NA,NA,NA,NA,15,200,176,176,NA,NA,NA,NA,NA,NA
CK-07,Chinook,Maria Slough_SU_0.3,Rel_Idx,1999,220,220,NA,NA,NA,NA,NA,NA,NA,NA,0,140.2761498,NA,NA,NA,None,Node16.NA,"No LongTrend, so no SynStatus",NA,NA,NA,NA,NA,NA,NA,NA,NA,NA,NA,15,200,220,220,NA,NA,NA,NA,NA,NA
CK-07,Chinook,Maria Slough_SU_0.3,Rel_Idx,2000,282,282,NA,NA,NA,NA,NA,NA,NA,NA,0,181.7800063,NA,NA,NA,None,Node16.NA,"No LongTrend, so no SynStatus",NA,NA,NA,NA,NA,NA,NA,NA,NA,NA,NA,15,200,282,282,NA,NA,NA,NA,NA,NA
CK-07,Chinook,Maria Slough_SU_0.3,Rel_Idx,2001,422,422,NA,NA,NA,NA,NA,NA,NA,NA,0,260.5398909,NA,NA,NA,None,Node16.NA,"No LongTrend, so no SynStatus",NA,NA,NA,NA,NA,NA,NA,NA,NA,NA,NA,15,200,422,422,NA,NA,NA,NA,NA,NA
CK-07,Chinook,Maria Slough_SU_0.3,Rel_Idx,2002,927,927,NA,NA,NA,NA,NA,NA,NA,NA,0,394.6989704,NA,NA,NA,None,Node16.NA,"No LongTrend, so no SynStatus",NA,NA,NA,NA,NA,NA,NA,NA,NA,NA,NA,15,200,927,927,NA,NA,NA,NA,NA,NA
CK-07,Chinook,Maria Slough_SU_0.3,Rel_Idx,2003,782,782,NA,NA,NA,NA,NA,NA,NA,NA,0,541.9534829,NA,NA,NA,None,Node16.NA,"No LongTrend, so no SynStatus",NA,NA,NA,NA,NA,NA,NA,NA,NA,NA,NA,15,200,782,782,NA,NA,NA,NA,NA,NA
CK-07,Chinook,Maria Slough_SU_0.3,Rel_Idx,2004,NA,NA,NA,NA,NA,NA,NA,NA,NA,NA,0,NA,NA,NA,NA,None,Node16.NA,"No LongTrend, so no SynStatus",NA,NA,NA,NA,NA,NA,NA,NA,NA,NA,NA,15,200,NA,NA,NA,NA,NA,NA,NA,NA
CK-07,Chinook,Maria Slough_SU_0.3,Rel_Idx,2005,419,419,NA,NA,NA,NA,NA,NA,NA,NA,0,NA,NA,NA,NA,None,Node16.NA,"No LongTrend, so no SynStatus",NA,NA,NA,NA,NA,NA,NA,NA,NA,NA,NA,15,200,419,419,NA,NA,NA,NA,NA,NA
CK-07,Chinook,Maria Slough_SU_0.3,Rel_Idx,2006,321,321,NA,NA,NA,NA,NA,NA,NA,NA,0,NA,NA,NA,NA,None,Node16.NA,"No LongTrend, so no SynStatus",NA,NA,NA,NA,NA,NA,NA,NA,NA,NA,NA,15,200,321,321,NA,NA,NA,NA,NA,NA
CK-07,Chinook,Maria Slough_SU_0.3,Rel_Idx,2007,713,713,NA,NA,NA,89.6379,26.7333,NA,NA,NA,1,NA,NA,NA,NA,None,Node16.NA,"No LongTrend, so no SynStatus",NA,NA,NA,NA,Green,NA,NA,NA,NA,NA,NA,15,200,713,713,NA,NA,NA,NA,NA,NA
CK-07,Chinook,Maria Slough_SU_0.3,Rel_Idx,2008,682,682,NA,NA,NA,148.0836,16.6,NA,NA,NA,1,505.7061555,NA,NA,NA,None,Node16.NA,"No LongTrend, so no SynStatus",NA,NA,NA,NA,Green,NA,NA,NA,NA,NA,NA,15,200,682,682,NA,NA,NA,NA,NA,NA
CK-07,Chinook,Maria Slough_SU_0.3,Rel_Idx,2009,645,645,NA,NA,NA,121.6256,21.8,NA,NA,NA,1,563.2934002,NA,NA,NA,None,Node16.NA,"No LongTrend, so no SynStatus",NA,NA,NA,NA,Green,NA,NA,NA,NA,NA,NA,15,200,645,645,NA,NA,NA,NA,NA,NA
CK-07,Chinook,Maria Slough_SU_0.3,Rel_Idx,2010,617,617,NA,NA,NA,129.4951,22.1667,NA,NA,NA,1,663.253722,NA,NA,NA,None,Node16.NA,"No LongTrend, so no SynStatus",NA,NA,NA,NA,Green,NA,NA,NA,NA,NA,NA,15,200,617,617,NA,NA,NA,NA,NA,NA
CK-07,Chinook,Maria Slough_SU_0.3,Rel_Idx,2011,1509,1509,NA,NA,197,250.7861,14.9333,NA,NA,NA,2,799.9809096,NA,NA,NA,Amber,Node65,"AbsLBM = NA OR AbsLBM >= 1.5, then AbsUBM = NA OR AbsUBM >= 1, then Don't have RelLBM, then LongTrend >= 79, then PercChange >= -70, then LongTrend < 233",3,NA,NA,Green,Green,NA,NA,NA,NA,NA,NA,15,200,1509,1509,Low,Low,Moderate,NA,NA,NA
CK-07,Chinook,Maria Slough_SU_0.3,Rel_Idx,2012,328,328,NA,NA,167,184.3059,18.6333,NA,NA,NA,2,666.1959536,NA,NA,NA,Amber,Node65,"AbsLBM = NA OR AbsLBM >= 1.5, then AbsUBM = NA OR AbsUBM >= 1, then Don't have RelLBM, then LongTrend >= 79, then PercChange >= -70, then LongTrend < 233",3,NA,NA,Green,Green,NA,NA,NA,NA,NA,NA,15,200,328,328,Low,Low,Moderate,NA,NA,NA
CK-07,Chinook,Maria Slough_SU_0.3,Rel_Idx,2013,1043,1043,NA,NA,177,393.3438,14.2333,NA,NA,NA,2,751.2476716,NA,NA,NA,Amber,Node65,"AbsLBM = NA OR AbsLBM >= 1.5, then AbsUBM = NA OR AbsUBM >= 1, then Don't have RelLBM, then LongTrend >= 79, then PercChange >= -70, then LongTrend < 233",3,NA,NA,Green,Green,NA,NA,NA,NA,NA,NA,15,200,1043,1043,Low,Low,Moderate,NA,NA,NA
CK-07,Chinook,Maria Slough_SU_0.3,Rel_Idx,2014,346,346,NA,NA,155,468.9197,8.8333,NA,NA,NA,2,650.1010578,NA,NA,NA,Amber,Node65,"AbsLBM = NA OR AbsLBM >= 1.5, then AbsUBM = NA OR AbsUBM >= 1, then Don't have RelLBM, then LongTrend >= 79, then PercChange >= -70, then LongTrend < 233",3,NA,NA,Green,Green,NA,NA,NA,NA,NA,NA,15,200,346,346,Low,Low,Moderate,NA,NA,NA
CK-07,Chinook,Maria Slough_SU_0.3,Rel_Idx,2015,1238,1238,NA,NA,140,NA,NA,NA,NA,NA,1,618.712263,NA,NA,NA,Amber,Node65,"AbsLBM = NA OR AbsLBM >= 1.5, then AbsUBM = NA OR AbsUBM >= 1, then Don't have RelLBM, then LongTrend >= 79, then PercChange >= -70, then LongTrend < 233",3,NA,NA,Green,NA,NA,NA,NA,NA,NA,NA,15,200,1238,1238,Low,Low,Moderate,NA,NA,NA
CK-07,Chinook,Maria Slough_SU_0.3,Rel_Idx,2016,105,105,NA,NA,113,-22.1707,47.9,NA,NA,NA,2,465.3905792,NA,NA,NA,Amber,Node65,"AbsLBM = NA OR AbsLBM >= 1.5, then AbsUBM = NA OR AbsUBM >= 1, then Don't have RelLBM, then LongTrend >= 79, then PercChange >= -70, then LongTrend < 233",3,NA,NA,Green,Amber,NA,NA,NA,NA,NA,NA,15,200,105,105,Low,Low,Moderate,NA,NA,NA
CK-07,Chinook,Maria Slough_SU_0.3,Rel_Idx,2017,71,71,NA,NA,63,-71.1771,86.8667,NA,NA,NA,2,237.7174691,NA,NA,NA,Red,Node17,"AbsLBM = NA OR AbsLBM >= 1.5, then AbsUBM = NA OR AbsUBM >= 1, then Don't have RelLBM, then LongTrend < 79",5,NA,NA,Amber,Red,NA,NA,NA,NA,NA,NA,15,200,71,71,Moderate,Moderate,High,NA,NA,NA
CK-07,Chinook,Maria Slough_SU_0.3,Rel_Idx,2018,0.01,0.01,NA,NA,7,-99.451,97.0333,NA,NA,NA,2,17.42978673,NA,NA,NA,Red,Node17,"AbsLBM = NA OR AbsLBM >= 1.5, then AbsUBM = NA OR AbsUBM >= 1, then Don't have RelLBM, then LongTrend < 79",5,NA,NA,Red,Red,NA,NA,NA,NA,NA,NA,15,200,0,0,Moderate,Moderate,High,NA,NA,NA
CK-07,Chinook,Maria Slough_SU_0.3,Rel_Idx,2019,345,345,NA,NA,5,-98.8568,93.1,NA,NA,NA,2,12.66387706,NA,NA,NA,Red,Node17,"AbsLBM = NA OR AbsLBM >= 1.5, then AbsUBM = NA OR AbsUBM >= 1, then Don't have RelLBM, then LongTrend < 79",5,NA,NA,Red,Red,NA,NA,NA,NA,NA,NA,15,200,345,345,Moderate,Moderate,High,NA,NA,NA
CK-07,Chinook,Maria Slough_SU_0.3,Rel_Idx,2020,47,47,NA,NA,5,-98.6447,92.9333,NA,NA,NA,2,10.35842737,NA,NA,NA,Red,Node17,"AbsLBM = NA OR AbsLBM >= 1.5, then AbsUBM = NA OR AbsUBM >= 1, then Don't have RelLBM, then LongTrend < 79",5,NA,NA,Red,Red,NA,NA,NA,NA,NA,NA,15,200,47,47,Moderate,Moderate,High,NA,NA,NA
CK-07,Chinook,Maria Slough_SU_0.3,Rel_Idx,2021,34,34,NA,NA,4,-98.6094,91.9667,NA,NA,NA,2,8.616858623,NA,NA,NA,Red,Node17,"AbsLBM = NA OR AbsLBM >= 1.5, then AbsUBM = NA OR AbsUBM >= 1, then Don't have RelLBM, then LongTrend < 79",5,NA,NA,Red,Red,NA,NA,NA,NA,NA,NA,15,200,34,34,Moderate,Moderate,High,NA,NA,NA
CK-07,Chinook,Maria Slough_SU_0.3,Rel_Idx,2022,200,200,NA,NA,50,-96.2594,87.2333,NA,NA,NA,2,102.4722958,NA,NA,NA,Red,Node17,"AbsLBM = NA OR AbsLBM >= 1.5, then AbsUBM = NA OR AbsUBM >= 1, then Don't have RelLBM, then LongTrend < 79",5,NA,NA,Red,Red,NA,NA,NA,NA,NA,NA,15,200,200,200,Moderate,Moderate,High,NA,NA,NA
CK-07,Chinook,Maria Slough_SU_0.3,Rel_Idx,2023,33,33,NA,NA,30,-92.5978,81.0667,NA,NA,NA,2,56.98757511,NA,NA,NA,Red,Node17,"AbsLBM = NA OR AbsLBM >= 1.5, then AbsUBM = NA OR AbsUBM >= 1, then Don't have RelLBM, then LongTrend < 79",5,NA,NA,Red,Red,NA,NA,NA,NA,NA,NA,15,200,33,33,Moderate,Moderate,High,NA,NA,NA
CK-07,Chinook,Maria Slough_SU_0.3,Rel_Idx,2024,NA,NA,NA,NA,NA,NA,NA,NA,NA,NA,0,NA,NA,NA,NA,None,Node16.NA,"No LongTrend, so no SynStatus",NA,NA,NA,NA,NA,NA,NA,NA,NA,NA,NA,15,200,NA,NA,NA,NA,NA,NA,NA,NA
CK-08,Chinook,Middle Fraser-Fraser Canyon_SP_1.3,Abs_Abd,1995,NA,NA,NA,NA,NA,NA,NA,NA,NA,NA,0,NA,NA,NA,NA,None,Node16.NA,"No LongTrend, so no SynStatus",NA,NA,NA,NA,NA,NA,NA,NA,NA,NA,NA,224,870,NA,NA,NA,NA,NA,NA,NA,NA
CK-08,Chinook,Middle Fraser-Fraser Canyon_SP_1.3,Abs_Abd,1996,NA,NA,NA,NA,NA,NA,NA,NA,NA,NA,0,NA,NA,NA,NA,None,Node16.NA,"No LongTrend, so no SynStatus",NA,NA,NA,NA,NA,NA,NA,NA,NA,NA,NA,224,870,NA,NA,NA,NA,NA,NA,NA,NA
CK-08,Chinook,Middle Fraser-Fraser Canyon_SP_1.3,Abs_Abd,1997,31,31,NA,NA,NA,NA,NA,NA,NA,NA,0,NA,NA,NA,NA,None,Node16.NA,"No LongTrend, so no SynStatus",NA,NA,NA,NA,NA,NA,NA,NA,NA,NA,NA,224,870,31,31,NA,NA,NA,NA,NA,NA
CK-08,Chinook,Middle Fraser-Fraser Canyon_SP_1.3,Abs_Abd,1998,8,8,NA,NA,NA,NA,NA,NA,NA,NA,0,NA,NA,NA,NA,None,Node16.NA,"No LongTrend, so no SynStatus",NA,NA,NA,NA,NA,NA,NA,NA,NA,NA,NA,224,870,8,8,NA,NA,NA,NA,NA,NA
CK-08,Chinook,Middle Fraser-Fraser Canyon_SP_1.3,Abs_Abd,1999,NA,NA,NA,NA,NA,NA,NA,NA,NA,NA,0,NA,NA,NA,NA,None,Node16.NA,"No LongTrend, so no SynStatus",NA,NA,NA,NA,NA,NA,NA,NA,NA,NA,NA,224,870,NA,NA,NA,NA,NA,NA,NA,NA
CK-08,Chinook,Middle Fraser-Fraser Canyon_SP_1.3,Abs_Abd,2000,40,40,NA,NA,NA,NA,NA,NA,NA,NA,0,NA,NA,NA,NA,None,Node16.NA,"No LongTrend, so no SynStatus",NA,NA,NA,NA,NA,NA,NA,NA,NA,NA,NA,224,870,40,40,NA,NA,NA,NA,NA,NA
CK-08,Chinook,Middle Fraser-Fraser Canyon_SP_1.3,Abs_Abd,2001,97,97,NA,NA,NA,NA,NA,NA,NA,NA,0,NA,NA,NA,NA,None,Node16.NA,"No LongTrend, so no SynStatus",NA,NA,NA,NA,NA,NA,NA,NA,NA,NA,NA,224,870,97,97,NA,NA,NA,NA,NA,NA
CK-08,Chinook,Middle Fraser-Fraser Canyon_SP_1.3,Abs_Abd,2002,169,169,NA,NA,NA,NA,NA,NA,NA,NA,0,NA,NA,NA,NA,None,Node16.NA,"No LongTrend, so no SynStatus",NA,NA,NA,NA,NA,NA,NA,NA,NA,NA,NA,224,870,169,169,NA,NA,NA,NA,NA,NA
CK-08,Chinook,Middle Fraser-Fraser Canyon_SP_1.3,Abs_Abd,2003,89,89,NA,NA,NA,NA,NA,NA,NA,NA,0,NA,NA,NA,NA,None,Node16.NA,"No LongTrend, so no SynStatus",NA,NA,NA,NA,NA,NA,NA,NA,NA,NA,NA,224,870,89,89,NA,NA,NA,NA,NA,NA
CK-08,Chinook,Middle Fraser-Fraser Canyon_SP_1.3,Abs_Abd,2004,54,54,0.354366306,0.079378052,NA,NA,NA,NA,0.091239141,0.007937805,4,79.37805247,NA,NA,NA,Red,Node3,"Have AbsLBM, then AbsLBM < 1.5",5,Red,Red,NA,NA,NA,NA,Red,Red,Red,Red,224,870,54,54,High,High,High,NA,NA,NA
CK-08,Chinook,Middle Fraser-Fraser Canyon_SP_1.3,Abs_Abd,2005,NA,NA,NA,NA,NA,NA,NA,NA,NA,NA,0,NA,NA,NA,NA,None,Node16.NA,"No LongTrend, so no SynStatus",NA,NA,NA,NA,NA,NA,NA,NA,NA,NA,NA,224,870,NA,NA,NA,NA,NA,NA,NA,NA
CK-08,Chinook,Middle Fraser-Fraser Canyon_SP_1.3,Abs_Abd,2006,NA,NA,NA,NA,NA,NA,NA,NA,NA,NA,0,NA,NA,NA,NA,None,Node16.NA,"No LongTrend, so no SynStatus",NA,NA,NA,NA,NA,NA,NA,NA,NA,NA,NA,224,870,NA,NA,NA,NA,NA,NA,NA,NA
CK-08,Chinook,Middle Fraser-Fraser Canyon_SP_1.3,Abs_Abd,2007,NA,NA,NA,NA,NA,NA,NA,NA,NA,NA,0,NA,NA,NA,NA,None,Node16.NA,"No LongTrend, so no SynStatus",NA,NA,NA,NA,NA,NA,NA,NA,NA,NA,NA,224,870,NA,NA,NA,NA,NA,NA,NA,NA
CK-08,Chinook,Middle Fraser-Fraser Canyon_SP_1.3,Abs_Abd,2008,NA,NA,NA,NA,NA,NA,NA,NA,NA,NA,0,NA,NA,NA,NA,None,Node16.NA,"No LongTrend, so no SynStatus",NA,NA,NA,NA,NA,NA,NA,NA,NA,NA,NA,224,870,NA,NA,NA,NA,NA,NA,NA,NA
CK-08,Chinook,Middle Fraser-Fraser Canyon_SP_1.3,Abs_Abd,2009,17,17,NA,NA,NA,NA,NA,NA,NA,NA,0,NA,NA,NA,NA,None,Node16.NA,"No LongTrend, so no SynStatus",NA,NA,NA,NA,NA,NA,NA,NA,NA,NA,NA,224,870,17,17,NA,NA,NA,NA,NA,NA
CK-08,Chinook,Middle Fraser-Fraser Canyon_SP_1.3,Abs_Abd,2010,2,2,NA,NA,NA,NA,NA,NA,NA,NA,0,NA,NA,NA,NA,None,Node16.NA,"No LongTrend, so no SynStatus",NA,NA,NA,NA,NA,NA,NA,NA,NA,NA,NA,224,870,2,2,NA,NA,NA,NA,NA,NA
CK-08,Chinook,Middle Fraser-Fraser Canyon_SP_1.3,Abs_Abd,2011,11,11,NA,NA,NA,-85.8184,87.1333,NA,NA,NA,1,NA,NA,NA,NA,None,Node16.NA,"No LongTrend, so no SynStatus",NA,NA,NA,NA,Red,NA,NA,NA,NA,NA,NA,224,870,11,11,NA,NA,NA,NA,NA,NA
CK-08,Chinook,Middle Fraser-Fraser Canyon_SP_1.3,Abs_Abd,2012,65,65,NA,NA,NA,-63.7987,68.0333,NA,NA,NA,1,NA,DD,DD,DD,None,Node16.NA,"No LongTrend, so no SynStatus",NA,NA,NA,NA,Red,NA,NA,NA,NA,NA,NA,224,870,65,65,NA,NA,NA,DD,DD,DD
CK-08,Chinook,Middle Fraser-Fraser Canyon_SP_1.3,Abs_Abd,2013,34,34,0.06810904,0.015256425,NA,NA,NA,NA,0.017536121,0.001525642,4,15.25642489,NA,NA,NA,Red,Node3,"Have AbsLBM, then AbsLBM < 1.5",5,Red,Red,NA,NA,NA,NA,Red,Red,Red,Red,224,870,34,34,High,High,High,NA,NA,NA
CK-08,Chinook,Middle Fraser-Fraser Canyon_SP_1.3,Abs_Abd,2014,2,2,0.044393662,0.00994418,NA,-86.6857,87.0333,NA,0.011430092,0.000994418,5,9.944180301,NA,NA,NA,Red,Node3,"Have AbsLBM, then AbsLBM < 1.5",5,Red,Red,NA,Red,NA,NA,Red,Red,Red,Red,224,870,2,2,High,High,High,NA,NA,NA
CK-08,Chinook,Middle Fraser-Fraser Canyon_SP_1.3,Abs_Abd,2015,6,6,0.055302558,0.012387773,NA,-83.3276,84.2667,NA,0.01423882,0.001238777,5,12.38777307,NA,NA,NA,Red,Node3,"Have AbsLBM, then AbsLBM < 1.5",5,Red,Red,NA,Red,NA,NA,Red,Red,Red,Red,224,870,6,6,High,High,High,NA,NA,NA
CK-08,Chinook,Middle Fraser-Fraser Canyon_SP_1.3,Abs_Abd,2016,17,17,0.060333215,0.01351464,62,-58.2036,65.3667,NA,0.015534069,0.001351464,6,13.51464021,NA,NA,NA,Red,Node3,"Have AbsLBM, then AbsLBM < 1.5",5,Red,Red,Amber,Red,NA,NA,Red,Red,Red,Red,224,870,17,17,High,High,High,NA,NA,NA
CK-08,Chinook,Middle Fraser-Fraser Canyon_SP_1.3,Abs_Abd,2017,8,8,0.039681839,0.008888732,43,13.3443,37.9333,NA,0.010216933,0.000888873,6,8.888732043,NA,NA,NA,Red,Node3,"Have AbsLBM, then AbsLBM < 1.5",5,Red,Red,Red,Green,NA,NA,Red,Red,Red,Red,224,870,8,8,High,High,High,NA,NA,NA
CK-08,Chinook,Middle Fraser-Fraser Canyon_SP_1.3,Abs_Abd,2018,11,11,0.03166464,0.007092879,36,219.0533,11.4667,NA,0.008152735,0.000709288,6,7.092879274,NA,NA,NA,Red,Node3,"Have AbsLBM, then AbsLBM < 1.5",5,Red,Red,Red,Green,NA,NA,Red,Red,Red,Red,224,870,11,11,High,High,High,NA,NA,NA
CK-08,Chinook,Middle Fraser-Fraser Canyon_SP_1.3,Abs_Abd,2019,80,80,0.066219599,0.01483319,69,NA,NA,NA,0.017049644,0.001483319,5,14.83319022,NA,NA,NA,Red,Node3,"Have AbsLBM, then AbsLBM < 1.5",5,Red,Red,Amber,NA,NA,NA,Red,Red,Red,Red,224,870,80,80,High,High,High,NA,NA,NA
CK-08,Chinook,Middle Fraser-Fraser Canyon_SP_1.3,Abs_Abd,2020,71,71,0.108544536,0.024313976,106,NA,NA,NA,0.027947099,0.002431398,5,24.31397612,NA,NA,NA,Red,Node3,"Have AbsLBM, then AbsLBM < 1.5",5,Red,Red,Green,NA,NA,NA,Red,Red,Red,Red,224,870,71,71,High,High,High,NA,NA,NA
CK-08,Chinook,Middle Fraser-Fraser Canyon_SP_1.3,Abs_Abd,2021,30,30,0.121602481,0.027238956,118,NA,NA,NA,0.031309144,0.002723896,5,27.23895565,NA,NA,NA,Red,Node3,"Have AbsLBM, then AbsLBM < 1.5",5,Red,Red,Green,NA,NA,NA,Red,Red,Red,Red,224,870,30,30,High,High,High,NA,NA,NA
CK-08,Chinook,Middle Fraser-Fraser Canyon_SP_1.3,Abs_Abd,2022,86,86,0.19553483,0.043799802,178,NA,NA,NA,0.0503446,0.00437998,5,43.79980181,NA,NA,NA,Red,Node3,"Have AbsLBM, then AbsLBM < 1.5",5,Red,Red,Green,NA,NA,NA,Red,Red,Red,Red,224,870,86,86,High,High,High,NA,NA,NA
CK-08,Chinook,Middle Fraser-Fraser Canyon_SP_1.3,Abs_Abd,2023,108,108,0.308766618,0.069163722,262,834.5257,0.8667,NA,0.079498532,0.006916372,6,69.16372247,NA,NA,NA,Red,Node3,"Have AbsLBM, then AbsLBM < 1.5",5,Red,Red,Green,Green,NA,NA,Red,Red,Red,Red,224,870,108,108,High,High,High,NA,NA,NA
CK-08,Chinook,Middle Fraser-Fraser Canyon_SP_1.3,Abs_Abd,2024,74,74,0.303989573,0.068093664,247,1296.4466,0.1667,NA,0.07826858,0.006809366,6,68.0936644,NA,NA,NA,Red,Node3,"Have AbsLBM, then AbsLBM < 1.5",5,Red,Red,Green,Green,NA,NA,Red,Red,Red,Red,224,870,74,74,High,High,High,NA,NA,NA
CK-09,Chinook,Middle Fraser River-Portage_FA_1.3,Abs_Abd,1995,NA,NA,NA,NA,NA,NA,NA,NA,NA,NA,0,NA,NA,NA,NA,None,Node16.NA,"No LongTrend, so no SynStatus",NA,NA,NA,NA,NA,NA,NA,NA,NA,NA,NA,333,1316,NA,NA,NA,NA,NA,NA,NA,NA
CK-09,Chinook,Middle Fraser River-Portage_FA_1.3,Abs_Abd,1996,NA,NA,NA,NA,NA,NA,NA,NA,NA,NA,0,NA,NA,NA,NA,None,Node16.NA,"No LongTrend, so no SynStatus",NA,NA,NA,NA,NA,NA,NA,NA,NA,NA,NA,333,1316,NA,NA,NA,NA,NA,NA,NA,NA
CK-09,Chinook,Middle Fraser River-Portage_FA_1.3,Abs_Abd,1997,NA,NA,NA,NA,NA,NA,NA,NA,NA,NA,0,NA,NA,NA,NA,None,Node16.NA,"No LongTrend, so no SynStatus",NA,NA,NA,NA,NA,NA,NA,NA,NA,NA,NA,333,1316,NA,NA,NA,NA,NA,NA,NA,NA
CK-09,Chinook,Middle Fraser River-Portage_FA_1.3,Abs_Abd,1998,NA,NA,NA,NA,NA,NA,NA,NA,NA,NA,0,NA,NA,NA,NA,None,Node16.NA,"No LongTrend, so no SynStatus",NA,NA,NA,NA,NA,NA,NA,NA,NA,NA,NA,333,1316,NA,NA,NA,NA,NA,NA,NA,NA
CK-09,Chinook,Middle Fraser River-Portage_FA_1.3,Abs_Abd,1999,NA,NA,NA,NA,NA,NA,NA,NA,NA,NA,0,NA,NA,NA,NA,None,Node16.NA,"No LongTrend, so no SynStatus",NA,NA,NA,NA,NA,NA,NA,NA,NA,NA,NA,333,1316,NA,NA,NA,NA,NA,NA,NA,NA
CK-09,Chinook,Middle Fraser River-Portage_FA_1.3,Abs_Abd,2000,46,46,NA,NA,NA,NA,NA,NA,NA,NA,0,NA,NA,NA,NA,None,Node16.NA,"No LongTrend, so no SynStatus",NA,NA,NA,NA,NA,NA,NA,NA,NA,NA,NA,333,1316,46,46,NA,NA,NA,NA,NA,NA
CK-09,Chinook,Middle Fraser River-Portage_FA_1.3,Abs_Abd,2001,248,248,NA,NA,NA,NA,NA,NA,NA,NA,0,NA,NA,NA,NA,None,Node16.NA,"No LongTrend, so no SynStatus",NA,NA,NA,NA,NA,NA,NA,NA,NA,NA,NA,333,1316,248,248,NA,NA,NA,NA,NA,NA
CK-09,Chinook,Middle Fraser River-Portage_FA_1.3,Abs_Abd,2002,445,445,NA,NA,NA,NA,NA,NA,NA,NA,0,NA,NA,NA,NA,None,Node16.NA,"No LongTrend, so no SynStatus",NA,NA,NA,NA,NA,NA,NA,NA,NA,NA,NA,333,1316,445,445,NA,NA,NA,NA,NA,NA
CK-09,Chinook,Middle Fraser River-Portage_FA_1.3,Abs_Abd,2003,158,158,NA,NA,NA,NA,NA,NA,NA,NA,0,NA,NA,NA,NA,None,Node16.NA,"No LongTrend, so no SynStatus",NA,NA,NA,NA,NA,NA,NA,NA,NA,NA,NA,333,1316,158,158,NA,NA,NA,NA,NA,NA
CK-09,Chinook,Middle Fraser River-Portage_FA_1.3,Abs_Abd,2004,102,102,0.457215687,0.152252824,NA,NA,NA,NA,0.115693635,0.015225282,4,152.2528239,NA,NA,NA,Red,Node3,"Have AbsLBM, then AbsLBM < 1.5",5,Red,Red,NA,NA,NA,NA,Red,Red,Red,Red,333,1316,102,102,High,High,High,NA,NA,NA
CK-09,Chinook,Middle Fraser River-Portage_FA_1.3,Abs_Abd,2005,83,83,0.514499758,0.17132842,NA,NA,NA,NA,0.130188769,0.017132842,4,171.3284195,NA,NA,NA,Red,Node3,"Have AbsLBM, then AbsLBM < 1.5",5,Red,Red,NA,NA,NA,NA,Red,Red,Red,Red,333,1316,83,83,High,High,High,NA,NA,NA
CK-09,Chinook,Middle Fraser River-Portage_FA_1.3,Abs_Abd,2006,245,245,0.513248934,0.170911895,NA,NA,NA,NA,0.129872261,0.017091189,4,170.9118949,NA,NA,NA,Red,Node3,"Have AbsLBM, then AbsLBM < 1.5",5,Red,Red,NA,NA,NA,NA,Red,Red,Red,Red,333,1316,245,245,High,High,High,NA,NA,NA
CK-09,Chinook,Middle Fraser River-Portage_FA_1.3,Abs_Abd,2007,51,51,0.332789863,0.110819024,NA,NA,NA,NA,0.084208985,0.011081902,4,110.8190243,NA,NA,NA,Red,Node3,"Have AbsLBM, then AbsLBM < 1.5",5,Red,Red,NA,NA,NA,NA,Red,Red,Red,Red,333,1316,51,51,High,High,High,NA,NA,NA
CK-09,Chinook,Middle Fraser River-Portage_FA_1.3,Abs_Abd,2008,217,217,0.354593376,0.118079594,NA,NA,NA,NA,0.089726135,0.011807959,4,118.0795941,NA,NA,NA,Red,Node3,"Have AbsLBM, then AbsLBM < 1.5",5,Red,Red,NA,NA,NA,NA,Red,Red,Red,Red,333,1316,217,217,High,High,High,NA,NA,NA
CK-09,Chinook,Middle Fraser River-Portage_FA_1.3,Abs_Abd,2009,74,74,0.332549981,0.110739144,NA,NA,NA,NA,0.084148286,0.011073914,4,110.7391438,NA,NA,NA,Red,Node3,"Have AbsLBM, then AbsLBM < 1.5",5,Red,Red,NA,NA,NA,NA,Red,Red,Red,Red,333,1316,74,74,High,High,High,NA,NA,NA
CK-09,Chinook,Middle Fraser River-Portage_FA_1.3,Abs_Abd,2010,123,123,0.359767834,0.119802689,NA,NA,NA,NA,0.091035478,0.011980269,4,119.8026887,NA,NA,NA,Red,Node3,"Have AbsLBM, then AbsLBM < 1.5",5,Red,Red,NA,NA,NA,NA,Red,Red,Red,Red,333,1316,123,123,High,High,High,NA,NA,NA
CK-09,Chinook,Middle Fraser River-Portage_FA_1.3,Abs_Abd,2011,65,65,0.27591276,0.091878949,NA,NA,NA,NA,0.069816831,0.009187895,4,91.87894919,NA,NA,NA,Red,Node3,"Have AbsLBM, then AbsLBM < 1.5",5,Red,Red,NA,NA,NA,NA,Red,Red,Red,Red,333,1316,65,65,High,High,High,NA,NA,NA
CK-09,Chinook,Middle Fraser River-Portage_FA_1.3,Abs_Abd,2012,37,37,0.258760568,0.086167269,NA,NA,NA,NA,0.065476648,0.008616727,4,86.16726912,Red,R,R,Red,Node3,"Have AbsLBM, then AbsLBM < 1.5",5,Red,Red,NA,NA,NA,NA,Red,Red,Red,Red,333,1316,37,37,High,High,High,Red,Red,Red
CK-09,Chinook,Middle Fraser River-Portage_FA_1.3,Abs_Abd,2013,34,34,0.178608421,0.059476604,NA,NA,NA,NA,0.045194988,0.00594766,4,59.47660436,NA,NA,NA,Red,Node3,"Have AbsLBM, then AbsLBM < 1.5",5,Red,Red,NA,NA,NA,NA,Red,Red,Red,Red,333,1316,34,34,High,High,High,NA,NA,NA
CK-09,Chinook,Middle Fraser River-Portage_FA_1.3,Abs_Abd,2014,77,77,0.180033669,0.059951212,60,-70.2002,93.1333,NA,0.045555632,0.005995121,6,59.95121193,NA,NA,NA,Red,Node3,"Have AbsLBM, then AbsLBM < 1.5",5,Red,Red,Amber,Red,NA,NA,Red,Red,Red,Red,333,1316,77,77,High,High,High,NA,NA,NA
CK-09,Chinook,Middle Fraser River-Portage_FA_1.3,Abs_Abd,2015,83,83,0.166413414,0.055415667,56,-79.2959,99.0667,NA,0.042109169,0.005541567,6,55.41566676,NA,NA,NA,Red,Node3,"Have AbsLBM, then AbsLBM < 1.5",5,Red,Red,Amber,Red,NA,NA,Red,Red,Red,Red,333,1316,83,83,High,High,High,NA,NA,NA
CK-09,Chinook,Middle Fraser River-Portage_FA_1.3,Abs_Abd,2016,12,12,0.118697592,0.039526298,45,-86.0546,99.4,NA,0.030035181,0.00395263,6,39.52629803,NA,NA,NA,Red,Node3,"Have AbsLBM, then AbsLBM < 1.5",5,Red,Red,Red,Red,NA,NA,Red,Red,Red,Red,333,1316,12,12,High,High,High,NA,NA,NA
CK-09,Chinook,Middle Fraser River-Portage_FA_1.3,Abs_Abd,2017,20,20,0.10495607,0.034950371,43,-83.666,99.6667,NA,0.026558033,0.003495037,6,34.95037141,NA,NA,NA,Red,Node3,"Have AbsLBM, then AbsLBM < 1.5",5,Red,Red,Red,Red,NA,NA,Red,Red,Red,Red,333,1316,20,20,High,High,High,NA,NA,NA
CK-09,Chinook,Middle Fraser River-Portage_FA_1.3,Abs_Abd,2018,35,35,0.105566321,0.035153585,46,-82.172,99.4,NA,0.026712451,0.003515358,6,35.15358494,NA,NA,NA,Red,Node3,"Have AbsLBM, then AbsLBM < 1.5",5,Red,Red,Red,Red,NA,NA,Red,Red,Red,Red,333,1316,35,35,High,High,High,NA,NA,NA
CK-09,Chinook,Middle Fraser River-Portage_FA_1.3,Abs_Abd,2019,228,228,0.131163867,0.043677568,54,-66.1777,86.1667,NA,0.033189641,0.004367757,6,43.67756765,NA,NA,NA,Red,Node3,"Have AbsLBM, then AbsLBM < 1.5",5,Red,Red,Amber,Red,NA,NA,Red,Red,Red,Red,333,1316,228,228,High,High,High,NA,NA,NA
CK-09,Chinook,Middle Fraser River-Portage_FA_1.3,Abs_Abd,2020,41,41,0.113908298,0.037931463,48,-68.6207,88.8,NA,0.0288233,0.003793146,6,37.93146338,NA,NA,NA,Red,Node3,"Have AbsLBM, then AbsLBM < 1.5",5,Red,Red,Red,Red,NA,NA,Red,Red,Red,Red,333,1316,41,41,High,High,High,NA,NA,NA
CK-09,Chinook,Middle Fraser River-Portage_FA_1.3,Abs_Abd,2021,26,26,0.132957789,0.044274944,59,-61.2799,82.6,NA,0.033643574,0.004427494,6,44.27494377,NA,NA,NA,Red,Node3,"Have AbsLBM, then AbsLBM < 1.5",5,Red,Red,Amber,Red,NA,NA,Red,Red,Red,Red,333,1316,26,26,High,High,High,NA,NA,NA
CK-09,Chinook,Middle Fraser River-Portage_FA_1.3,Abs_Abd,2022,70,70,0.170815546,0.056881577,76,-58.3872,80.6,NA,0.043223083,0.005688158,6,56.88157685,NA,NA,NA,Red,Node3,"Have AbsLBM, then AbsLBM < 1.5",5,Red,Red,Green,Red,NA,NA,Red,Red,Red,Red,333,1316,70,70,High,High,High,NA,NA,NA
CK-09,Chinook,Middle Fraser River-Portage_FA_1.3,Abs_Abd,2023,221,221,0.246940452,0.082231171,105,17.0397,28.3333,NA,0.062485692,0.008223117,6,82.23117067,NA,NA,NA,Red,Node3,"Have AbsLBM, then AbsLBM < 1.5",5,Red,Red,Green,Green,NA,NA,Red,Red,Red,Red,333,1316,221,221,High,High,High,NA,NA,NA
CK-09,Chinook,Middle Fraser River-Portage_FA_1.3,Abs_Abd,2024,91,91,0.205500815,0.068431771,87,51.6198,17.8667,NA,0.051999826,0.006843177,6,68.4317714,NA,NA,NA,Red,Node3,"Have AbsLBM, then AbsLBM < 1.5",5,Red,Red,Green,Green,NA,NA,Red,Red,Red,Red,333,1316,91,91,High,High,High,NA,NA,NA
CK-10,Chinook,Middle Fraser River_SP_1.3,Rel_Idx,1995,16515.8336,16515.8336,NA,NA,NA,NA,NA,NA,NA,NA,0,NA,NA,NA,NA,None,Node16.NA,"No LongTrend, so no SynStatus",NA,NA,NA,NA,NA,NA,NA,NA,NA,NA,NA,4692,19652,18042.58312,18042.58312,NA,NA,NA,NA,NA,NA
CK-10,Chinook,Middle Fraser River_SP_1.3,Rel_Idx,1996,12066.82215,12066.82215,NA,NA,NA,NA,NA,NA,NA,NA,0,NA,NA,NA,NA,None,Node16.NA,"No LongTrend, so no SynStatus",NA,NA,NA,NA,NA,NA,NA,NA,NA,NA,NA,4692,19652,14664.82215,14664.82215,NA,NA,NA,NA,NA,NA
CK-10,Chinook,Middle Fraser River_SP_1.3,Rel_Idx,1997,10353.34256,10353.34256,NA,NA,NA,NA,NA,NA,NA,NA,0,NA,NA,NA,NA,None,Node16.NA,"No LongTrend, so no SynStatus",NA,NA,NA,NA,NA,NA,NA,NA,NA,NA,NA,4692,19652,11500.27981,11500.27981,NA,NA,NA,NA,NA,NA
CK-10,Chinook,Middle Fraser River_SP_1.3,Rel_Idx,1998,6177.670227,6177.670227,NA,NA,NA,NA,NA,NA,NA,NA,0,NA,NA,NA,NA,None,Node16.NA,"No LongTrend, so no SynStatus",NA,NA,NA,NA,NA,NA,NA,NA,NA,NA,NA,4692,19652,7303.670227,7303.670227,NA,NA,NA,NA,NA,NA
CK-10,Chinook,Middle Fraser River_SP_1.3,Rel_Idx,1999,6577.15919,6577.15919,NA,NA,NA,NA,NA,NA,NA,NA,0,9653.558079,NA,NA,NA,None,Node16.NA,"No LongTrend, so no SynStatus",NA,NA,NA,NA,NA,NA,NA,NA,NA,NA,NA,4692,19652,7760.15919,7760.15919,NA,NA,NA,NA,NA,NA
CK-10,Chinook,Middle Fraser River_SP_1.3,Rel_Idx,2000,6903.465749,6903.465749,NA,NA,NA,NA,NA,NA,NA,NA,0,8108.130853,NA,NA,NA,None,Node16.NA,"No LongTrend, so no SynStatus",NA,NA,NA,NA,NA,NA,NA,NA,NA,NA,NA,4692,19652,7901.465749,7901.465749,NA,NA,NA,NA,NA,NA
CK-10,Chinook,Middle Fraser River_SP_1.3,Rel_Idx,2001,5692.497538,5692.497538,NA,NA,NA,NA,NA,NA,NA,NA,0,6976.903833,NA,NA,NA,None,Node16.NA,"No LongTrend, so no SynStatus",NA,NA,NA,NA,NA,NA,NA,NA,NA,NA,NA,4692,19652,6133.497538,6133.497538,NA,NA,NA,NA,NA,NA
CK-10,Chinook,Middle Fraser River_SP_1.3,Rel_Idx,2002,6870.978494,6870.978494,NA,NA,NA,NA,NA,NA,NA,NA,0,6427.622139,NA,NA,NA,None,Node16.NA,"No LongTrend, so no SynStatus",NA,NA,NA,NA,NA,NA,NA,NA,NA,NA,NA,4692,19652,8359.978494,8359.978494,NA,NA,NA,NA,NA,NA
CK-10,Chinook,Middle Fraser River_SP_1.3,Rel_Idx,2003,11245.6556,11245.6556,NA,NA,NA,NA,NA,NA,NA,NA,0,7245.733383,NA,NA,NA,None,Node16.NA,"No LongTrend, so no SynStatus",NA,NA,NA,NA,NA,NA,NA,NA,NA,NA,NA,4692,19652,12810.47424,12810.47424,NA,NA,NA,NA,NA,NA
CK-10,Chinook,Middle Fraser River_SP_1.3,Rel_Idx,2004,4866.77461,4866.77461,NA,NA,NA,NA,NA,NA,NA,NA,0,6822.176099,NA,NA,NA,None,Node16.NA,"No LongTrend, so no SynStatus",NA,NA,NA,NA,NA,NA,NA,NA,NA,NA,NA,4692,19652,6206.77461,6206.77461,NA,NA,NA,NA,NA,NA
CK-10,Chinook,Middle Fraser River_SP_1.3,Rel_Idx,2005,4617,4617,NA,NA,NA,NA,NA,NA,NA,NA,0,6294.79318,NA,NA,NA,None,Node16.NA,"No LongTrend, so no SynStatus",NA,NA,NA,NA,NA,NA,NA,NA,NA,NA,NA,4692,19652,4947,4947,NA,NA,NA,NA,NA,NA
CK-10,Chinook,Middle Fraser River_SP_1.3,Rel_Idx,2006,4072.956212,4072.956212,NA,NA,NA,NA,NA,NA,NA,NA,0,5887.119392,NA,NA,NA,None,Node16.NA,"No LongTrend, so no SynStatus",NA,NA,NA,NA,NA,NA,NA,NA,NA,NA,NA,4692,19652,4341.956212,4341.956212,NA,NA,NA,NA,NA,NA
CK-10,Chinook,Middle Fraser River_SP_1.3,Rel_Idx,2007,1521,1521,NA,NA,NA,NA,NA,NA,NA,NA,0,4354.366383,NA,NA,NA,None,Node16.NA,"No LongTrend, so no SynStatus",NA,NA,NA,NA,NA,NA,NA,NA,NA,NA,NA,4692,19652,1748,1748,NA,NA,NA,NA,NA,NA
CK-10,Chinook,Middle Fraser River_SP_1.3,Rel_Idx,2008,4070,4070,NA,NA,NA,NA,NA,NA,NA,NA,0,3553.422881,NA,NA,NA,None,Node16.NA,"No LongTrend, so no SynStatus",NA,NA,NA,NA,NA,NA,NA,NA,NA,NA,NA,4692,19652,6201,6201,NA,NA,NA,NA,NA,NA
CK-10,Chinook,Middle Fraser River_SP_1.3,Rel_Idx,2009,2841,2841,NA,NA,54,-78.7975,100,NA,NA,NA,2,3190.750857,NA,NA,NA,Red,Node17,"AbsLBM = NA OR AbsLBM >= 1.5, then AbsUBM = NA OR AbsUBM >= 1, then Don't have RelLBM, then LongTrend < 79",5,NA,NA,Amber,Red,NA,NA,NA,NA,NA,NA,4692,19652,3087,3087,Moderate,Moderate,High,NA,NA,NA
CK-10,Chinook,Middle Fraser River_SP_1.3,Rel_Idx,2010,5060,5060,NA,NA,55,-69.8263,99.2667,NA,NA,NA,2,3249.758011,NA,NA,NA,Red,Node17,"AbsLBM = NA OR AbsLBM >= 1.5, then AbsUBM = NA OR AbsUBM >= 1, then Don't have RelLBM, then LongTrend < 79",5,NA,NA,Amber,Red,NA,NA,NA,NA,NA,NA,4692,19652,6806,6806,Moderate,Moderate,High,NA,NA,NA
CK-10,Chinook,Middle Fraser River_SP_1.3,Rel_Idx,2011,2767,2767,NA,NA,53,-67.6396,99.1667,NA,NA,NA,2,3007.952034,NA,NA,NA,Red,Node17,"AbsLBM = NA OR AbsLBM >= 1.5, then AbsUBM = NA OR AbsUBM >= 1, then Don't have RelLBM, then LongTrend < 79",5,NA,NA,Amber,Red,NA,NA,NA,NA,NA,NA,4692,19652,3602,3602,Moderate,Moderate,High,NA,NA,NA
CK-10,Chinook,Middle Fraser River_SP_1.3,Rel_Idx,2012,2494.826825,2494.826825,NA,NA,62,-66.0824,98.5,NA,NA,NA,2,3320.879711,Red,R,R,Red,Node17,"AbsLBM = NA OR AbsLBM >= 1.5, then AbsUBM = NA OR AbsUBM >= 1, then Don't have RelLBM, then LongTrend < 79",5,NA,NA,Amber,Red,NA,NA,NA,NA,NA,NA,4692,19652,3012.826825,3012.826825,Moderate,Moderate,High,Red,Red,Red
CK-10,Chinook,Middle Fraser River_SP_1.3,Rel_Idx,2013,3688.49086,3688.49086,NA,NA,62,-64.0584,97.9667,NA,NA,NA,2,3256.147017,NA,NA,NA,Red,Node17,"AbsLBM = NA OR AbsLBM >= 1.5, then AbsUBM = NA OR AbsUBM >= 1, then Don't have RelLBM, then LongTrend < 79",5,NA,NA,Amber,Red,NA,NA,NA,NA,NA,NA,4692,19652,4051.49086,4051.49086,Moderate,Moderate,High,NA,NA,NA
CK-10,Chinook,Middle Fraser River_SP_1.3,Rel_Idx,2014,13810.27052,13810.27052,NA,NA,81,-37.3245,64.7667,NA,NA,NA,2,4467.352227,NA,NA,NA,Amber,Node65,"AbsLBM = NA OR AbsLBM >= 1.5, then AbsUBM = NA OR AbsUBM >= 1, then Don't have RelLBM, then LongTrend >= 79, then PercChange >= -70, then LongTrend < 233",3,NA,NA,Green,Red,NA,NA,NA,NA,NA,NA,4692,19652,15149.27052,15149.27052,Low,Low,Moderate,NA,NA,NA
CK-10,Chinook,Middle Fraser River_SP_1.3,Rel_Idx,2015,7465.074791,7465.074791,NA,NA,86,-11.8656,38,NA,NA,NA,2,4828.663318,NA,NA,NA,Amber,Node65,"AbsLBM = NA OR AbsLBM >= 1.5, then AbsUBM = NA OR AbsUBM >= 1, then Don't have RelLBM, then LongTrend >= 79, then PercChange >= -70, then LongTrend < 233",3,NA,NA,Green,Green,NA,NA,NA,NA,NA,NA,4692,19652,8161.074791,8161.074791,Low,Low,Moderate,NA,NA,NA
CK-10,Chinook,Middle Fraser River_SP_1.3,Rel_Idx,2016,2410.343826,2410.343826,NA,NA,87,-23.9375,49.2333,NA,NA,NA,2,4697.219905,NA,NA,NA,Amber,Node65,"AbsLBM = NA OR AbsLBM >= 1.5, then AbsUBM = NA OR AbsUBM >= 1, then Don't have RelLBM, then LongTrend >= 79, then PercChange >= -70, then LongTrend < 233",3,NA,NA,Green,Amber,NA,NA,NA,NA,NA,NA,4692,19652,2711.346448,2711.346448,Low,Low,Moderate,NA,NA,NA
CK-10,Chinook,Middle Fraser River_SP_1.3,Rel_Idx,2017,1390.17522,1390.17522,NA,NA,82,-38.6713,64.2667,NA,NA,NA,2,4178.753181,NA,NA,NA,Amber,Node65,"AbsLBM = NA OR AbsLBM >= 1.5, then AbsUBM = NA OR AbsUBM >= 1, then Don't have RelLBM, then LongTrend >= 79, then PercChange >= -70, then LongTrend < 233",3,NA,NA,Green,Red,NA,NA,NA,NA,NA,NA,4692,19652,1911.493143,1911.493143,Low,Low,Moderate,NA,NA,NA
CK-10,Chinook,Middle Fraser River_SP_1.3,Rel_Idx,2018,2336.929819,2336.929819,NA,NA,77,-22.7313,48,NA,NA,NA,2,3814.223274,NA,NA,NA,Red,Node17,"AbsLBM = NA OR AbsLBM >= 1.5, then AbsUBM = NA OR AbsUBM >= 1, then Don't have RelLBM, then LongTrend < 79",5,NA,NA,Green,Amber,NA,NA,NA,NA,NA,NA,4692,19652,2452.929819,2452.929819,Moderate,Moderate,High,NA,NA,NA
CK-10,Chinook,Middle Fraser River_SP_1.3,Rel_Idx,2019,915,915,NA,NA,48,-45.3897,69.9333,NA,NA,NA,2,2216.408942,NA,NA,NA,Red,Node17,"AbsLBM = NA OR AbsLBM >= 1.5, then AbsUBM = NA OR AbsUBM >= 1, then Don't have RelLBM, then LongTrend < 79",5,NA,NA,Red,Red,NA,NA,NA,NA,NA,NA,4692,19652,1041,1041,Moderate,Moderate,High,NA,NA,NA
CK-10,Chinook,Middle Fraser River_SP_1.3,Rel_Idx,2020,4769.141707,4769.141707,NA,NA,44,-25.3791,50.2667,NA,NA,NA,2,2026.427667,NA,NA,NA,Red,Node17,"AbsLBM = NA OR AbsLBM >= 1.5, then AbsUBM = NA OR AbsUBM >= 1, then Don't have RelLBM, then LongTrend < 79",5,NA,NA,Red,Red,NA,NA,NA,NA,NA,NA,4692,19652,4852.141707,4852.141707,Moderate,Moderate,High,NA,NA,NA
CK-10,Chinook,Middle Fraser River_SP_1.3,Rel_Idx,2021,4362,4362,NA,NA,50,-8.3926,37.6333,NA,NA,NA,2,2281.667934,NA,NA,NA,Red,Node17,"AbsLBM = NA OR AbsLBM >= 1.5, then AbsUBM = NA OR AbsUBM >= 1, then Don't have RelLBM, then LongTrend < 79",5,NA,NA,Red,Green,NA,NA,NA,NA,NA,NA,4692,19652,4901,4901,Moderate,Moderate,High,NA,NA,NA
CK-10,Chinook,Middle Fraser River_SP_1.3,Rel_Idx,2022,5613,5613,NA,NA,65,-18.635,44.1,NA,NA,NA,2,3016.320869,NA,NA,NA,Red,Node17,"AbsLBM = NA OR AbsLBM >= 1.5, then AbsUBM = NA OR AbsUBM >= 1, then Don't have RelLBM, then LongTrend < 79",5,NA,NA,Amber,Amber,NA,NA,NA,NA,NA,NA,4692,19652,6453,6453,Moderate,Moderate,High,NA,NA,NA
CK-10,Chinook,Middle Fraser River_SP_1.3,Rel_Idx,2023,3499.451076,3499.451076,NA,NA,71,-10.5128,38.9333,NA,NA,NA,2,3270.0048,NA,NA,NA,Red,Node17,"AbsLBM = NA OR AbsLBM >= 1.5, then AbsUBM = NA OR AbsUBM >= 1, then Don't have RelLBM, then LongTrend < 79",5,NA,NA,Amber,Green,NA,NA,NA,NA,NA,NA,4692,19652,3710.451076,3710.451076,Moderate,Moderate,High,NA,NA,NA
CK-10,Chinook,Middle Fraser River_SP_1.3,Rel_Idx,2024,3207.649903,3207.649903,NA,NA,93,-18.0624,44.5667,NA,NA,NA,2,4202.440407,NA,NA,NA,Amber,Node65,"AbsLBM = NA OR AbsLBM >= 1.5, then AbsUBM = NA OR AbsUBM >= 1, then Don't have RelLBM, then LongTrend >= 79, then PercChange >= -70, then LongTrend < 233",3,NA,NA,Green,Amber,NA,NA,NA,NA,NA,NA,4692,19652,3526.57874,3526.57874,Low,Low,Moderate,NA,NA,NA
CK-11,Chinook,Middle Fraser River_SU_1.3,Rel_Idx,1995,NA,NA,NA,NA,NA,NA,NA,NA,NA,NA,0,NA,NA,NA,NA,None,Node16.NA,"No LongTrend, so no SynStatus",NA,NA,NA,NA,NA,NA,NA,NA,NA,NA,NA,3491,13555,NA,NA,NA,NA,NA,NA,NA,NA
CK-11,Chinook,Middle Fraser River_SU_1.3,Rel_Idx,1996,NA,NA,NA,NA,NA,NA,NA,NA,NA,NA,0,NA,NA,NA,NA,None,Node16.NA,"No LongTrend, so no SynStatus",NA,NA,NA,NA,NA,NA,NA,NA,NA,NA,NA,3491,13555,NA,NA,NA,NA,NA,NA,NA,NA
CK-11,Chinook,Middle Fraser River_SU_1.3,Rel_Idx,1997,NA,NA,NA,NA,NA,NA,NA,NA,NA,NA,0,NA,NA,NA,NA,None,Node16.NA,"No LongTrend, so no SynStatus",NA,NA,NA,NA,NA,NA,NA,NA,NA,NA,NA,3491,13555,NA,NA,NA,NA,NA,NA,NA,NA
CK-11,Chinook,Middle Fraser River_SU_1.3,Rel_Idx,1998,NA,NA,NA,NA,NA,NA,NA,NA,NA,NA,0,NA,NA,NA,NA,None,Node16.NA,"No LongTrend, so no SynStatus",NA,NA,NA,NA,NA,NA,NA,NA,NA,NA,NA,3491,13555,NA,NA,NA,NA,NA,NA,NA,NA
CK-11,Chinook,Middle Fraser River_SU_1.3,Rel_Idx,1999,13499.25798,13499.25798,NA,NA,NA,NA,NA,NA,NA,NA,0,NA,NA,NA,NA,None,Node16.NA,"No LongTrend, so no SynStatus",NA,NA,NA,NA,NA,NA,NA,NA,NA,NA,NA,3491,13555,15269.25798,15269.25798,NA,NA,NA,NA,NA,NA
CK-11,Chinook,Middle Fraser River_SU_1.3,Rel_Idx,2000,15137.08373,15137.08373,NA,NA,NA,NA,NA,NA,NA,NA,0,NA,NA,NA,NA,None,Node16.NA,"No LongTrend, so no SynStatus",NA,NA,NA,NA,NA,NA,NA,NA,NA,NA,NA,3491,13555,16916.08373,16916.08373,NA,NA,NA,NA,NA,NA
CK-11,Chinook,Middle Fraser River_SU_1.3,Rel_Idx,2001,21389.65191,21389.65191,NA,NA,NA,NA,NA,NA,NA,NA,0,NA,NA,NA,NA,None,Node16.NA,"No LongTrend, so no SynStatus",NA,NA,NA,NA,NA,NA,NA,NA,NA,NA,NA,3491,13555,23807.65191,23807.65191,NA,NA,NA,NA,NA,NA
CK-11,Chinook,Middle Fraser River_SU_1.3,Rel_Idx,2002,18893.07279,18893.07279,NA,NA,NA,NA,NA,NA,NA,NA,0,NA,NA,NA,NA,None,Node16.NA,"No LongTrend, so no SynStatus",NA,NA,NA,NA,NA,NA,NA,NA,NA,NA,NA,3491,13555,24408.07279,24408.07279,NA,NA,NA,NA,NA,NA
CK-11,Chinook,Middle Fraser River_SU_1.3,Rel_Idx,2003,34062.49414,34062.49414,NA,NA,NA,NA,NA,NA,NA,NA,0,19490.67923,NA,NA,NA,None,Node16.NA,"No LongTrend, so no SynStatus",NA,NA,NA,NA,NA,NA,NA,NA,NA,NA,NA,3491,13555,39328.49414,39328.49414,NA,NA,NA,NA,NA,NA
CK-11,Chinook,Middle Fraser River_SU_1.3,Rel_Idx,2004,25462.85268,25462.85268,NA,NA,NA,NA,NA,NA,NA,NA,0,22128.2162,NA,NA,NA,None,Node16.NA,"No LongTrend, so no SynStatus",NA,NA,NA,NA,NA,NA,NA,NA,NA,NA,NA,3491,13555,28407.85268,28407.85268,NA,NA,NA,NA,NA,NA
CK-11,Chinook,Middle Fraser River_SU_1.3,Rel_Idx,2005,14392.45974,14392.45974,NA,NA,NA,NA,NA,NA,NA,NA,0,21906.09507,NA,NA,NA,None,Node16.NA,"No LongTrend, so no SynStatus",NA,NA,NA,NA,NA,NA,NA,NA,NA,NA,NA,3491,13555,17566.45974,17566.45974,NA,NA,NA,NA,NA,NA
CK-11,Chinook,Middle Fraser River_SU_1.3,Rel_Idx,2006,14533.71735,14533.71735,NA,NA,NA,NA,NA,NA,NA,NA,0,20276.80696,NA,NA,NA,None,Node16.NA,"No LongTrend, so no SynStatus",NA,NA,NA,NA,NA,NA,NA,NA,NA,NA,NA,3491,13555,17198.71735,17198.71735,NA,NA,NA,NA,NA,NA
CK-11,Chinook,Middle Fraser River_SU_1.3,Rel_Idx,2007,7828.509553,7828.509553,NA,NA,NA,NA,NA,NA,NA,NA,0,17001.01554,NA,NA,NA,None,Node16.NA,"No LongTrend, so no SynStatus",NA,NA,NA,NA,NA,NA,NA,NA,NA,NA,NA,3491,13555,9601.509553,9601.509553,NA,NA,NA,NA,NA,NA
CK-11,Chinook,Middle Fraser River_SU_1.3,Rel_Idx,2008,12810.63011,12810.63011,NA,NA,NA,NA,NA,NA,NA,NA,0,13980.85314,NA,NA,NA,None,Node16.NA,"No LongTrend, so no SynStatus",NA,NA,NA,NA,NA,NA,NA,NA,NA,NA,NA,3491,13555,14193.63011,14193.63011,NA,NA,NA,NA,NA,NA
CK-11,Chinook,Middle Fraser River_SU_1.3,Rel_Idx,2009,14675.38011,14675.38011,NA,NA,NA,NA,NA,NA,NA,NA,0,12521.8972,NA,NA,NA,None,Node16.NA,"No LongTrend, so no SynStatus",NA,NA,NA,NA,NA,NA,NA,NA,NA,NA,NA,3491,13555,16549.38011,16549.38011,NA,NA,NA,NA,NA,NA
CK-11,Chinook,Middle Fraser River_SU_1.3,Rel_Idx,2010,17125,17125,NA,NA,NA,NA,NA,NA,NA,NA,0,12964.90221,NA,NA,NA,None,Node16.NA,"No LongTrend, so no SynStatus",NA,NA,NA,NA,NA,NA,NA,NA,NA,NA,NA,3491,13555,19444,19444,NA,NA,NA,NA,NA,NA
CK-11,Chinook,Middle Fraser River_SU_1.3,Rel_Idx,2011,14746.95975,14746.95975,NA,NA,NA,NA,NA,NA,NA,NA,0,13002.72574,NA,NA,NA,None,Node16.NA,"No LongTrend, so no SynStatus",NA,NA,NA,NA,NA,NA,NA,NA,NA,NA,NA,3491,13555,16174.95975,16174.95975,NA,NA,NA,NA,NA,NA
CK-11,Chinook,Middle Fraser River_SU_1.3,Rel_Idx,2012,6147.00242,6147.00242,NA,NA,NA,NA,NA,NA,NA,NA,0,12388.85762,Amber,A,A,None,Node16.NA,"No LongTrend, so no SynStatus",NA,NA,NA,NA,NA,NA,NA,NA,NA,NA,NA,3491,13555,7707.00242,7707.00242,NA,NA,NA,Amber,Amber,NotRed
CK-11,Chinook,Middle Fraser River_SU_1.3,Rel_Idx,2013,6667.018512,6667.018512,NA,NA,76,-57.448,94.4667,NA,NA,NA,2,10871.8511,NA,NA,NA,Red,Node17,"AbsLBM = NA OR AbsLBM >= 1.5, then AbsUBM = NA OR AbsUBM >= 1, then Don't have RelLBM, then LongTrend < 79",5,NA,NA,Green,Red,NA,NA,NA,NA,NA,NA,3491,13555,9246.018512,9246.018512,Moderate,Moderate,High,NA,NA,NA
CK-11,Chinook,Middle Fraser River_SU_1.3,Rel_Idx,2014,20595.46156,20595.46156,NA,NA,79,-52.6028,88.6333,NA,NA,NA,2,11634.2912,NA,NA,NA,Amber,Node65,"AbsLBM = NA OR AbsLBM >= 1.5, then AbsUBM = NA OR AbsUBM >= 1, then Don't have RelLBM, then LongTrend >= 79, then PercChange >= -70, then LongTrend < 233",3,NA,NA,Green,Red,NA,NA,NA,NA,NA,NA,3491,13555,22454.46156,22454.46156,Low,Low,Moderate,NA,NA,NA
CK-11,Chinook,Middle Fraser River_SU_1.3,Rel_Idx,2015,21763,21763,NA,NA,81,-45.9836,77.8,NA,NA,NA,2,12205.55596,NA,NA,NA,Amber,Node65,"AbsLBM = NA OR AbsLBM >= 1.5, then AbsUBM = NA OR AbsUBM >= 1, then Don't have RelLBM, then LongTrend >= 79, then PercChange >= -70, then LongTrend < 233",3,NA,NA,Green,Red,NA,NA,NA,NA,NA,NA,3491,13555,25645,25645,Low,Low,Moderate,NA,NA,NA
CK-11,Chinook,Middle Fraser River_SU_1.3,Rel_Idx,2016,8051,8051,NA,NA,74,-49.5893,83.0333,NA,NA,NA,2,10814.01662,NA,NA,NA,Red,Node17,"AbsLBM = NA OR AbsLBM >= 1.5, then AbsUBM = NA OR AbsUBM >= 1, then Don't have RelLBM, then LongTrend < 79",5,NA,NA,Amber,Red,NA,NA,NA,NA,NA,NA,3491,13555,9072,9072,Moderate,Moderate,High,NA,NA,NA
CK-11,Chinook,Middle Fraser River_SU_1.3,Rel_Idx,2017,4954,4954,NA,NA,75,-61.4389,92.9667,NA,NA,NA,2,10357.27616,NA,NA,NA,Red,Node17,"AbsLBM = NA OR AbsLBM >= 1.5, then AbsUBM = NA OR AbsUBM >= 1, then Don't have RelLBM, then LongTrend < 79",5,NA,NA,Amber,Red,NA,NA,NA,NA,NA,NA,3491,13555,5456,5456,Moderate,Moderate,High,NA,NA,NA
CK-11,Chinook,Middle Fraser River_SU_1.3,Rel_Idx,2018,5368,5368,NA,NA,76,-57.3016,90.7,NA,NA,NA,2,9917.945683,NA,NA,NA,Red,Node17,"AbsLBM = NA OR AbsLBM >= 1.5, then AbsUBM = NA OR AbsUBM >= 1, then Don't have RelLBM, then LongTrend < 79",5,NA,NA,Green,Red,NA,NA,NA,NA,NA,NA,3491,13555,5880,5880,Moderate,Moderate,High,NA,NA,NA
CK-11,Chinook,Middle Fraser River_SU_1.3,Rel_Idx,2019,4445,4445,NA,NA,59,-58.3338,92.2,NA,NA,NA,2,7298.637139,NA,NA,NA,Red,Node17,"AbsLBM = NA OR AbsLBM >= 1.5, then AbsUBM = NA OR AbsUBM >= 1, then Don't have RelLBM, then LongTrend < 79",5,NA,NA,Amber,Red,NA,NA,NA,NA,NA,NA,3491,13555,4616,4616,Moderate,Moderate,High,NA,NA,NA
CK-11,Chinook,Middle Fraser River_SU_1.3,Rel_Idx,2020,10233,10233,NA,NA,51,-52.0648,85.4,NA,NA,NA,2,6276.226599,NA,NA,NA,Red,Node17,"AbsLBM = NA OR AbsLBM >= 1.5, then AbsUBM = NA OR AbsUBM >= 1, then Don't have RelLBM, then LongTrend < 79",5,NA,NA,Amber,Red,NA,NA,NA,NA,NA,NA,3491,13555,10522,10522,Moderate,Moderate,High,NA,NA,NA
CK-11,Chinook,Middle Fraser River_SU_1.3,Rel_Idx,2021,9265,9265,NA,NA,53,-46.6977,78.7333,NA,NA,NA,2,6455.022115,NA,NA,NA,Red,Node17,"AbsLBM = NA OR AbsLBM >= 1.5, then AbsUBM = NA OR AbsUBM >= 1, then Don't have RelLBM, then LongTrend < 79",5,NA,NA,Amber,Red,NA,NA,NA,NA,NA,NA,3491,13555,10825,10825,Moderate,Moderate,High,NA,NA,NA
CK-11,Chinook,Middle Fraser River_SU_1.3,Rel_Idx,2022,20593.66072,20593.66072,NA,NA,69,-35.8544,62.5667,NA,NA,NA,2,8583.279301,NA,NA,NA,Red,Node17,"AbsLBM = NA OR AbsLBM >= 1.5, then AbsUBM = NA OR AbsUBM >= 1, then Don't have RelLBM, then LongTrend < 79",5,NA,NA,Amber,Red,NA,NA,NA,NA,NA,NA,3491,13555,22230.66072,22230.66072,Moderate,Moderate,High,NA,NA,NA
CK-11,Chinook,Middle Fraser River_SU_1.3,Rel_Idx,2023,13721.79938,13721.79938,NA,NA,83,-22.024,46.8,NA,NA,NA,2,10355.54491,NA,NA,NA,Amber,Node65,"AbsLBM = NA OR AbsLBM >= 1.5, then AbsUBM = NA OR AbsUBM >= 1, then Don't have RelLBM, then LongTrend >= 79, then PercChange >= -70, then LongTrend < 233",3,NA,NA,Green,Amber,NA,NA,NA,NA,NA,NA,3491,13555,15064.79938,15064.79938,Low,Low,Moderate,NA,NA,NA
CK-11,Chinook,Middle Fraser River_SU_1.3,Rel_Idx,2024,8566,8566,NA,NA,96,-18.3125,42.7333,NA,NA,NA,2,11807.3984,NA,NA,NA,Amber,Node65,"AbsLBM = NA OR AbsLBM >= 1.5, then AbsUBM = NA OR AbsUBM >= 1, then Don't have RelLBM, then LongTrend >= 79, then PercChange >= -70, then LongTrend < 233",3,NA,NA,Green,Amber,NA,NA,NA,NA,NA,NA,3491,13555,9164,9164,Low,Low,Moderate,NA,NA,NA
CK-12,Chinook,Upper Fraser River_SP_1.3,Rel_Idx,1995,30634.18561,30634.18561,NA,NA,NA,NA,NA,NA,NA,NA,0,NA,NA,NA,NA,None,Node16.NA,"No LongTrend, so no SynStatus",NA,NA,NA,NA,NA,NA,NA,NA,NA,NA,NA,2862,12457,32827.29718,32827.29718,NA,NA,NA,NA,NA,NA
CK-12,Chinook,Upper Fraser River_SP_1.3,Rel_Idx,1996,20115.30887,20115.30887,NA,NA,NA,NA,NA,NA,NA,NA,0,NA,NA,NA,NA,None,Node16.NA,"No LongTrend, so no SynStatus",NA,NA,NA,NA,NA,NA,NA,NA,NA,NA,NA,2862,12457,21555.37054,21555.37054,NA,NA,NA,NA,NA,NA
CK-12,Chinook,Upper Fraser River_SP_1.3,Rel_Idx,1997,21985.70699,21985.70699,NA,NA,NA,NA,NA,NA,NA,NA,0,NA,NA,NA,NA,None,Node16.NA,"No LongTrend, so no SynStatus",NA,NA,NA,NA,NA,NA,NA,NA,NA,NA,NA,2862,12457,23559.67109,23559.67109,NA,NA,NA,NA,NA,NA
CK-12,Chinook,Upper Fraser River_SP_1.3,Rel_Idx,1998,21489,21489,NA,NA,NA,NA,NA,NA,NA,NA,0,NA,NA,NA,NA,None,Node16.NA,"No LongTrend, so no SynStatus",NA,NA,NA,NA,NA,NA,NA,NA,NA,NA,NA,2862,12457,23435,23435,NA,NA,NA,NA,NA,NA
CK-12,Chinook,Upper Fraser River_SP_1.3,Rel_Idx,1999,12825.09238,12825.09238,NA,NA,NA,NA,NA,NA,NA,NA,0,20626.71356,NA,NA,NA,None,Node16.NA,"No LongTrend, so no SynStatus",NA,NA,NA,NA,NA,NA,NA,NA,NA,NA,NA,2862,12457,13755.09238,13755.09238,NA,NA,NA,NA,NA,NA
CK-12,Chinook,Upper Fraser River_SP_1.3,Rel_Idx,2000,14795,14795,NA,NA,NA,NA,NA,NA,NA,NA,0,17832.48074,NA,NA,NA,None,Node16.NA,"No LongTrend, so no SynStatus",NA,NA,NA,NA,NA,NA,NA,NA,NA,NA,NA,2862,12457,16081,16081,NA,NA,NA,NA,NA,NA
CK-12,Chinook,Upper Fraser River_SP_1.3,Rel_Idx,2001,19756.14893,19756.14893,NA,NA,NA,NA,NA,NA,NA,NA,0,17768.34102,NA,NA,NA,None,Node16.NA,"No LongTrend, so no SynStatus",NA,NA,NA,NA,NA,NA,NA,NA,NA,NA,NA,2862,12457,20843.14893,20843.14893,NA,NA,NA,NA,NA,NA
CK-12,Chinook,Upper Fraser River_SP_1.3,Rel_Idx,2002,30135.58305,30135.58305,NA,NA,NA,NA,NA,NA,NA,NA,0,18924.94881,NA,NA,NA,None,Node16.NA,"No LongTrend, so no SynStatus",NA,NA,NA,NA,NA,NA,NA,NA,NA,NA,NA,2862,12457,31727.58305,31727.58305,NA,NA,NA,NA,NA,NA
CK-12,Chinook,Upper Fraser River_SP_1.3,Rel_Idx,2003,35448,35448,NA,NA,NA,NA,NA,NA,NA,NA,0,20917.50202,NA,NA,NA,None,Node16.NA,"No LongTrend, so no SynStatus",NA,NA,NA,NA,NA,NA,NA,NA,NA,NA,NA,2862,12457,37541,37541,NA,NA,NA,NA,NA,NA
CK-12,Chinook,Upper Fraser River_SP_1.3,Rel_Idx,2004,29392.16221,29392.16221,NA,NA,NA,NA,NA,NA,NA,NA,0,24691.30399,NA,NA,NA,None,Node16.NA,"No LongTrend, so no SynStatus",NA,NA,NA,NA,NA,NA,NA,NA,NA,NA,NA,2862,12457,31300.16221,31300.16221,NA,NA,NA,NA,NA,NA
CK-12,Chinook,Upper Fraser River_SP_1.3,Rel_Idx,2005,14771.98915,14771.98915,NA,NA,NA,NA,NA,NA,NA,NA,0,24683.61867,NA,NA,NA,None,Node16.NA,"No LongTrend, so no SynStatus",NA,NA,NA,NA,NA,NA,NA,NA,NA,NA,NA,2862,12457,15836.98915,15836.98915,NA,NA,NA,NA,NA,NA
CK-12,Chinook,Upper Fraser River_SP_1.3,Rel_Idx,2006,15006,15006,NA,NA,NA,NA,NA,NA,NA,NA,0,23362.60997,NA,NA,NA,None,Node16.NA,"No LongTrend, so no SynStatus",NA,NA,NA,NA,NA,NA,NA,NA,NA,NA,NA,2862,12457,16436,16436,NA,NA,NA,NA,NA,NA
CK-12,Chinook,Upper Fraser River_SP_1.3,Rel_Idx,2007,7920.264348,7920.264348,NA,NA,NA,NA,NA,NA,NA,NA,0,17883.53522,NA,NA,NA,None,Node16.NA,"No LongTrend, so no SynStatus",NA,NA,NA,NA,NA,NA,NA,NA,NA,NA,NA,2862,12457,8469.264348,8469.264348,NA,NA,NA,NA,NA,NA
CK-12,Chinook,Upper Fraser River_SP_1.3,Rel_Idx,2008,13251.12575,13251.12575,NA,NA,NA,NA,NA,NA,NA,NA,0,14688.77512,NA,NA,NA,None,Node16.NA,"No LongTrend, so no SynStatus",NA,NA,NA,NA,NA,NA,NA,NA,NA,NA,NA,2862,12457,13929.12575,13929.12575,NA,NA,NA,NA,NA,NA
CK-12,Chinook,Upper Fraser River_SP_1.3,Rel_Idx,2009,22149,22149,NA,NA,72,-35.7848,67.5667,NA,NA,NA,2,13880.65946,NA,NA,NA,Red,Node17,"AbsLBM = NA OR AbsLBM >= 1.5, then AbsUBM = NA OR AbsUBM >= 1, then Don't have RelLBM, then LongTrend < 79",5,NA,NA,Amber,Red,NA,NA,NA,NA,NA,NA,2862,12457,23581.67317,23581.67317,Moderate,Moderate,High,NA,NA,NA
CK-12,Chinook,Upper Fraser River_SP_1.3,Rel_Idx,2010,9478.194452,9478.194452,NA,NA,69,-39.5422,72.7,NA,NA,NA,2,12701.86306,NA,NA,NA,Red,Node17,"AbsLBM = NA OR AbsLBM >= 1.5, then AbsUBM = NA OR AbsUBM >= 1, then Don't have RelLBM, then LongTrend < 79",5,NA,NA,Amber,Red,NA,NA,NA,NA,NA,NA,2862,12457,10246.09209,10246.09209,Moderate,Moderate,High,NA,NA,NA
CK-12,Chinook,Upper Fraser River_SP_1.3,Rel_Idx,2011,7421.267744,7421.267744,NA,NA,63,-54.0608,90.1333,NA,NA,NA,2,11033.41765,NA,NA,NA,Red,Node17,"AbsLBM = NA OR AbsLBM >= 1.5, then AbsUBM = NA OR AbsUBM >= 1, then Don't have RelLBM, then LongTrend < 79",5,NA,NA,Amber,Red,NA,NA,NA,NA,NA,NA,2862,12457,8190.663483,8190.663483,Moderate,Moderate,High,NA,NA,NA
CK-12,Chinook,Upper Fraser River_SP_1.3,Rel_Idx,2012,7326,7326,NA,NA,65,-60.4607,95.4667,NA,NA,NA,2,10862.64297,Red,R,R,Red,Node17,"AbsLBM = NA OR AbsLBM >= 1.5, then AbsUBM = NA OR AbsUBM >= 1, then Don't have RelLBM, then LongTrend < 79",5,NA,NA,Amber,Red,NA,NA,NA,NA,NA,NA,2862,12457,7823.154023,7823.154023,Moderate,Moderate,High,Red,Red,Red
CK-12,Chinook,Upper Fraser River_SP_1.3,Rel_Idx,2013,12317.40974,12317.40974,NA,NA,66,-59.3571,94.1,NA,NA,NA,2,10705.05316,NA,NA,NA,Red,Node17,"AbsLBM = NA OR AbsLBM >= 1.5, then AbsUBM = NA OR AbsUBM >= 1, then Don't have RelLBM, then LongTrend < 79",5,NA,NA,Amber,Red,NA,NA,NA,NA,NA,NA,2862,12457,13168.90087,13168.90087,Moderate,Moderate,High,NA,NA,NA
CK-12,Chinook,Upper Fraser River_SP_1.3,Rel_Idx,2014,20714,20714,NA,NA,64,-55.5162,91.1333,NA,NA,NA,2,10562.59913,NA,NA,NA,Red,Node17,"AbsLBM = NA OR AbsLBM >= 1.5, then AbsUBM = NA OR AbsUBM >= 1, then Don't have RelLBM, then LongTrend < 79",5,NA,NA,Amber,Red,NA,NA,NA,NA,NA,NA,2862,12457,22628.8989,22628.8989,Moderate,Moderate,High,NA,NA,NA
CK-12,Chinook,Upper Fraser River_SP_1.3,Rel_Idx,2015,16102.82681,16102.82681,NA,NA,71,-56.3779,90.7667,NA,NA,NA,2,11743.73112,NA,NA,NA,Red,Node17,"AbsLBM = NA OR AbsLBM >= 1.5, then AbsUBM = NA OR AbsUBM >= 1, then Don't have RelLBM, then LongTrend < 79",5,NA,NA,Amber,Red,NA,NA,NA,NA,NA,NA,2862,12457,17311.95619,17311.95619,Moderate,Moderate,High,NA,NA,NA
CK-12,Chinook,Upper Fraser River_SP_1.3,Rel_Idx,2016,12014.40011,12014.40011,NA,NA,79,-55.8935,90.0667,NA,NA,NA,2,12931.55936,NA,NA,NA,Amber,Node65,"AbsLBM = NA OR AbsLBM >= 1.5, then AbsUBM = NA OR AbsUBM >= 1, then Don't have RelLBM, then LongTrend >= 79, then PercChange >= -70, then LongTrend < 233",3,NA,NA,Green,Red,NA,NA,NA,NA,NA,NA,2862,12457,12621.09684,12621.09684,Low,Low,Moderate,NA,NA,NA
CK-12,Chinook,Upper Fraser River_SP_1.3,Rel_Idx,2017,6332.26842,6332.26842,NA,NA,80,-55.8277,91.1,NA,NA,NA,2,12559.99244,NA,NA,NA,Amber,Node65,"AbsLBM = NA OR AbsLBM >= 1.5, then AbsUBM = NA OR AbsUBM >= 1, then Don't have RelLBM, then LongTrend >= 79, then PercChange >= -70, then LongTrend < 233",3,NA,NA,Green,Red,NA,NA,NA,NA,NA,NA,2862,12457,6766.603275,6766.603275,Low,Low,Moderate,NA,NA,NA
CK-12,Chinook,Upper Fraser River_SP_1.3,Rel_Idx,2018,6955.09546,6955.09546,NA,NA,74,-49.5019,85.6667,NA,NA,NA,2,11203.30396,NA,NA,NA,Red,Node17,"AbsLBM = NA OR AbsLBM >= 1.5, then AbsUBM = NA OR AbsUBM >= 1, then Don't have RelLBM, then LongTrend < 79",5,NA,NA,Amber,Red,NA,NA,NA,NA,NA,NA,2862,12457,7336.663258,7336.663258,Moderate,Moderate,High,NA,NA,NA
CK-12,Chinook,Upper Fraser River_SP_1.3,Rel_Idx,2019,1615.461982,1615.461982,NA,NA,49,-64.2113,92.2667,NA,NA,NA,2,6725.935112,NA,NA,NA,Red,Node17,"AbsLBM = NA OR AbsLBM >= 1.5, then AbsUBM = NA OR AbsUBM >= 1, then Don't have RelLBM, then LongTrend < 79",5,NA,NA,Red,Red,NA,NA,NA,NA,NA,NA,2862,12457,1968.24596,1968.24596,Moderate,Moderate,High,NA,NA,NA
CK-12,Chinook,Upper Fraser River_SP_1.3,Rel_Idx,2020,12302.64063,12302.64063,NA,NA,46,-54.7232,83.4667,NA,NA,NA,2,6373.410865,NA,NA,NA,Red,Node17,"AbsLBM = NA OR AbsLBM >= 1.5, then AbsUBM = NA OR AbsUBM >= 1, then Don't have RelLBM, then LongTrend < 79",5,NA,NA,Red,Red,NA,NA,NA,NA,NA,NA,2862,12457,13640.42302,13640.42302,Moderate,Moderate,High,NA,NA,NA
CK-12,Chinook,Upper Fraser River_SP_1.3,Rel_Idx,2021,13076.5038,13076.5038,NA,NA,47,-41.2705,66.6333,NA,NA,NA,2,6482.310461,NA,NA,NA,Red,Node17,"AbsLBM = NA OR AbsLBM >= 1.5, then AbsUBM = NA OR AbsUBM >= 1, then Don't have RelLBM, then LongTrend < 79",5,NA,NA,Red,Red,NA,NA,NA,NA,NA,NA,2862,12457,14313.55006,14313.55006,Moderate,Moderate,High,NA,NA,NA
CK-12,Chinook,Upper Fraser River_SP_1.3,Rel_Idx,2022,17744.93793,17744.93793,NA,NA,58,-33.7446,59,NA,NA,NA,2,7965.86351,NA,NA,NA,Red,Node17,"AbsLBM = NA OR AbsLBM >= 1.5, then AbsUBM = NA OR AbsUBM >= 1, then Don't have RelLBM, then LongTrend < 79",5,NA,NA,Amber,Red,NA,NA,NA,NA,NA,NA,2862,12457,18841.20084,18841.20084,Moderate,Moderate,High,NA,NA,NA
CK-12,Chinook,Upper Fraser River_SP_1.3,Rel_Idx,2023,11847.02225,11847.02225,NA,NA,64,-21.1888,46,NA,NA,NA,2,8861.231499,NA,NA,NA,Red,Node17,"AbsLBM = NA OR AbsLBM >= 1.5, then AbsUBM = NA OR AbsUBM >= 1, then Don't have RelLBM, then LongTrend < 79",5,NA,NA,Amber,Amber,NA,NA,NA,NA,NA,NA,2862,12457,12961.4251,12961.4251,Moderate,Moderate,High,NA,NA,NA
CK-12,Chinook,Upper Fraser River_SP_1.3,Rel_Idx,2024,10485.69596,10485.69596,NA,NA,94,6.7843,26.0667,NA,NA,NA,2,12881.13662,NA,NA,NA,Amber,Node65,"AbsLBM = NA OR AbsLBM >= 1.5, then AbsUBM = NA OR AbsUBM >= 1, then Don't have RelLBM, then LongTrend >= 79, then PercChange >= -70, then LongTrend < 233",3,NA,NA,Green,Green,NA,NA,NA,NA,NA,NA,2862,12457,11020.86029,11020.86029,Low,Low,Moderate,NA,NA,NA
CK-13,Chinook,South Thompson_SU_0.3,Rel_Idx,1995,NA,NA,NA,NA,NA,NA,NA,NA,NA,NA,0,NA,NA,NA,NA,None,Node16.NA,"No LongTrend, so no SynStatus",NA,NA,NA,NA,NA,NA,NA,NA,NA,NA,NA,23538,88624,NA,NA,NA,NA,NA,NA,NA,NA
CK-13,Chinook,South Thompson_SU_0.3,Rel_Idx,1996,NA,NA,NA,NA,NA,NA,NA,NA,NA,NA,0,NA,NA,NA,NA,None,Node16.NA,"No LongTrend, so no SynStatus",NA,NA,NA,NA,NA,NA,NA,NA,NA,NA,NA,23538,88624,NA,NA,NA,NA,NA,NA,NA,NA
CK-13,Chinook,South Thompson_SU_0.3,Rel_Idx,1997,8129,8129,NA,NA,NA,NA,NA,NA,NA,NA,0,NA,NA,NA,NA,None,Node16.NA,"No LongTrend, so no SynStatus",NA,NA,NA,NA,NA,NA,NA,NA,NA,NA,NA,23538,88624,8129,8129,NA,NA,NA,NA,NA,NA
CK-13,Chinook,South Thompson_SU_0.3,Rel_Idx,1998,7348,7348,NA,NA,NA,NA,NA,NA,NA,NA,0,NA,NA,NA,NA,None,Node16.NA,"No LongTrend, so no SynStatus",NA,NA,NA,NA,NA,NA,NA,NA,NA,NA,NA,23538,88624,7348,7348,NA,NA,NA,NA,NA,NA
CK-13,Chinook,South Thompson_SU_0.3,Rel_Idx,1999,3799,3799,NA,NA,NA,NA,NA,NA,NA,NA,0,NA,NA,NA,NA,None,Node16.NA,"No LongTrend, so no SynStatus",NA,NA,NA,NA,NA,NA,NA,NA,NA,NA,NA,23538,88624,3799,3799,NA,NA,NA,NA,NA,NA
CK-13,Chinook,South Thompson_SU_0.3,Rel_Idx,2000,7612,7612,NA,NA,NA,NA,NA,NA,NA,NA,0,6446.790928,NA,NA,NA,None,Node16.NA,"No LongTrend, so no SynStatus",NA,NA,NA,NA,NA,NA,NA,NA,NA,NA,NA,23538,88624,7612,7612,NA,NA,NA,NA,NA,NA
CK-13,Chinook,South Thompson_SU_0.3,Rel_Idx,2001,20260,20260,NA,NA,NA,NA,NA,NA,NA,NA,0,8100.170594,NA,NA,NA,None,Node16.NA,"No LongTrend, so no SynStatus",NA,NA,NA,NA,NA,NA,NA,NA,NA,NA,NA,23538,88624,20260,20260,NA,NA,NA,NA,NA,NA
CK-13,Chinook,South Thompson_SU_0.3,Rel_Idx,2002,12075,12075,NA,NA,NA,NA,NA,NA,NA,NA,0,9171.147186,NA,NA,NA,None,Node16.NA,"No LongTrend, so no SynStatus",NA,NA,NA,NA,NA,NA,NA,NA,NA,NA,NA,23538,88624,12075,12075,NA,NA,NA,NA,NA,NA
CK-13,Chinook,South Thompson_SU_0.3,Rel_Idx,2003,8894,8894,NA,NA,NA,NA,NA,NA,NA,NA,0,11344.37623,NA,NA,NA,None,Node16.NA,"No LongTrend, so no SynStatus",NA,NA,NA,NA,NA,NA,NA,NA,NA,NA,NA,23538,88624,8894,8894,NA,NA,NA,NA,NA,NA
CK-13,Chinook,South Thompson_SU_0.3,Rel_Idx,2004,10395,10395,NA,NA,NA,NA,NA,NA,NA,NA,0,12263.43264,NA,NA,NA,None,Node16.NA,"No LongTrend, so no SynStatus",NA,NA,NA,NA,NA,NA,NA,NA,NA,NA,NA,23538,88624,10395,10395,NA,NA,NA,NA,NA,NA
CK-13,Chinook,South Thompson_SU_0.3,Rel_Idx,2005,14933,14933,NA,NA,NA,NA,NA,NA,NA,NA,0,11362.89401,NA,NA,NA,None,Node16.NA,"No LongTrend, so no SynStatus",NA,NA,NA,NA,NA,NA,NA,NA,NA,NA,NA,23538,88624,14933,14933,NA,NA,NA,NA,NA,NA
CK-13,Chinook,South Thompson_SU_0.3,Rel_Idx,2006,19420,19420,NA,NA,NA,NA,NA,NA,NA,NA,0,12796.15457,NA,NA,NA,None,Node16.NA,"No LongTrend, so no SynStatus",NA,NA,NA,NA,NA,NA,NA,NA,NA,NA,NA,23538,88624,19420,19420,NA,NA,NA,NA,NA,NA
CK-13,Chinook,South Thompson_SU_0.3,Rel_Idx,2007,12583,12583,NA,NA,NA,NA,NA,NA,NA,NA,0,13955.6878,NA,NA,NA,None,Node16.NA,"No LongTrend, so no SynStatus",NA,NA,NA,NA,NA,NA,NA,NA,NA,NA,NA,23538,88624,12583,12583,NA,NA,NA,NA,NA,NA
CK-13,Chinook,South Thompson_SU_0.3,Rel_Idx,2008,72200,72200,NA,NA,NA,389.2187,0.1333,NA,NA,NA,1,22655.80099,NA,NA,NA,None,Node16.NA,"No LongTrend, so no SynStatus",NA,NA,NA,NA,Green,NA,NA,NA,NA,NA,NA,23538,88624,72200,72200,NA,NA,NA,NA,NA,NA
CK-13,Chinook,South Thompson_SU_0.3,Rel_Idx,2009,58719,58719,NA,NA,NA,672.7791,0,NA,NA,NA,1,31903.42561,NA,NA,NA,None,Node16.NA,"No LongTrend, so no SynStatus",NA,NA,NA,NA,Green,NA,NA,NA,NA,NA,NA,23538,88624,58719,58719,NA,NA,NA,NA,NA,NA
CK-13,Chinook,South Thompson_SU_0.3,Rel_Idx,2010,80996,80996,NA,NA,NA,1075.1457,0,NA,NA,NA,1,45592.23728,NA,NA,NA,None,Node16.NA,"No LongTrend, so no SynStatus",NA,NA,NA,NA,Green,NA,NA,NA,NA,NA,NA,23538,88624,80996,80996,NA,NA,NA,NA,NA,NA
CK-13,Chinook,South Thompson_SU_0.3,Rel_Idx,2011,105244,105244,NA,NA,439,1070.9841,0.0333,NA,NA,NA,2,77534.35734,NA,NA,NA,Green,Node64," AbsLBM = NA OR AbsLBM >= 1.5, then AbsUBM = NA OR AbsUBM >= 1, then Don't have RelLBM, then LongTrend >= 79, then PercChange >= -70, then LongTrend >= 233",1,NA,NA,Green,Green,NA,NA,NA,NA,NA,NA,23538,88624,105244,105244,Low,Low,High,NA,NA,NA
CK-13,Chinook,South Thompson_SU_0.3,Rel_Idx,2012,42983,42983,NA,NA,364,750.1812,0,NA,NA,NA,2,68105.79598,Green,G,G,Green,Node64," AbsLBM = NA OR AbsLBM >= 1.5, then AbsUBM = NA OR AbsUBM >= 1, then Don't have RelLBM, then LongTrend >= 79, then PercChange >= -70, then LongTrend >= 233",1,NA,NA,Green,Green,NA,NA,NA,NA,NA,NA,23538,88624,42983,42983,Low,Low,High,Green,Green,NotRed
CK-13,Chinook,South Thompson_SU_0.3,Rel_Idx,2013,87495,87495,NA,NA,368,1128.7822,0,NA,NA,NA,2,75246.31204,NA,NA,NA,Green,Node64," AbsLBM = NA OR AbsLBM >= 1.5, then AbsUBM = NA OR AbsUBM >= 1, then Don't have RelLBM, then LongTrend >= 79, then PercChange >= -70, then LongTrend >= 233",1,NA,NA,Green,Green,NA,NA,NA,NA,NA,NA,23538,88624,87495,87495,Low,Low,High,NA,NA,NA
CK-13,Chinook,South Thompson_SU_0.3,Rel_Idx,2014,37840,37840,NA,NA,294,769.0667,0.0333,NA,NA,NA,2,62209.55693,NA,NA,NA,Green,Node64," AbsLBM = NA OR AbsLBM >= 1.5, then AbsUBM = NA OR AbsUBM >= 1, then Don't have RelLBM, then LongTrend >= 79, then PercChange >= -70, then LongTrend >= 233",1,NA,NA,Green,Green,NA,NA,NA,NA,NA,NA,23538,88624,37840,37840,Low,Low,High,NA,NA,NA
CK-13,Chinook,South Thompson_SU_0.3,Rel_Idx,2015,134254,134254,NA,NA,283,710.6816,0.0667,NA,NA,NA,2,66113.41342,NA,NA,NA,Green,Node64," AbsLBM = NA OR AbsLBM >= 1.5, then AbsUBM = NA OR AbsUBM >= 1, then Don't have RelLBM, then LongTrend >= 79, then PercChange >= -70, then LongTrend >= 233",1,NA,NA,Green,Green,NA,NA,NA,NA,NA,NA,23538,88624,134254,134254,Low,Low,High,NA,NA,NA
CK-13,Chinook,South Thompson_SU_0.3,Rel_Idx,2016,86205,86205,NA,NA,316,456.8774,0.1333,NA,NA,NA,2,78677.13074,NA,NA,NA,Green,Node64," AbsLBM = NA OR AbsLBM >= 1.5, then AbsUBM = NA OR AbsUBM >= 1, then Don't have RelLBM, then LongTrend >= 79, then PercChange >= -70, then LongTrend >= 233",1,NA,NA,Green,Green,NA,NA,NA,NA,NA,NA,23538,88624,86205,86205,Low,Low,High,NA,NA,NA
CK-13,Chinook,South Thompson_SU_0.3,Rel_Idx,2017,70182,70182,NA,NA,284,254.7355,1,NA,NA,NA,2,74457.61819,NA,NA,NA,Green,Node64," AbsLBM = NA OR AbsLBM >= 1.5, then AbsUBM = NA OR AbsUBM >= 1, then Don't have RelLBM, then LongTrend >= 79, then PercChange >= -70, then LongTrend >= 233",1,NA,NA,Green,Green,NA,NA,NA,NA,NA,NA,23538,88624,70182,70182,Low,Low,High,NA,NA,NA
CK-13,Chinook,South Thompson_SU_0.3,Rel_Idx,2018,27323,27323,NA,NA,262,50.9671,13.7,NA,NA,NA,2,68636.2351,NA,NA,NA,Green,Node64," AbsLBM = NA OR AbsLBM >= 1.5, then AbsUBM = NA OR AbsUBM >= 1, then Don't have RelLBM, then LongTrend >= 79, then PercChange >= -70, then LongTrend >= 233",1,NA,NA,Green,Green,NA,NA,NA,NA,NA,NA,23538,88624,27323,27323,Low,Low,High,NA,NA,NA
CK-13,Chinook,South Thompson_SU_0.3,Rel_Idx,2019,137227,137227,NA,NA,245,1.5963,26.3667,NA,NA,NA,2,69013.10016,NA,NA,NA,Green,Node64," AbsLBM = NA OR AbsLBM >= 1.5, then AbsUBM = NA OR AbsUBM >= 1, then Don't have RelLBM, then LongTrend >= 79, then PercChange >= -70, then LongTrend >= 233",1,NA,NA,Green,Green,NA,NA,NA,NA,NA,NA,23538,88624,137227,137227,Low,Low,High,NA,NA,NA
CK-13,Chinook,South Thompson_SU_0.3,Rel_Idx,2020,269540,269540,NA,NA,296,77.3249,7.9667,NA,NA,NA,2,91770.73899,NA,NA,NA,Green,Node64," AbsLBM = NA OR AbsLBM >= 1.5, then AbsUBM = NA OR AbsUBM >= 1, then Don't have RelLBM, then LongTrend >= 79, then PercChange >= -70, then LongTrend >= 233",1,NA,NA,Green,Green,NA,NA,NA,NA,NA,NA,23538,88624,269540,269540,Low,Low,High,NA,NA,NA
CK-13,Chinook,South Thompson_SU_0.3,Rel_Idx,2021,144228,144228,NA,NA,334,105.3131,5.6667,NA,NA,NA,2,109877.8592,NA,NA,NA,Green,Node64," AbsLBM = NA OR AbsLBM >= 1.5, then AbsUBM = NA OR AbsUBM >= 1, then Don't have RelLBM, then LongTrend >= 79, then PercChange >= -70, then LongTrend >= 233",1,NA,NA,Green,Green,NA,NA,NA,NA,NA,NA,23538,88624,144228,144228,Low,Low,High,NA,NA,NA
CK-13,Chinook,South Thompson_SU_0.3,Rel_Idx,2022,51645,51645,NA,NA,385,57.9942,13.0333,NA,NA,NA,2,128835.3863,NA,NA,NA,Green,Node64," AbsLBM = NA OR AbsLBM >= 1.5, then AbsUBM = NA OR AbsUBM >= 1, then Don't have RelLBM, then LongTrend >= 79, then PercChange >= -70, then LongTrend >= 233",1,NA,NA,Green,Green,NA,NA,NA,NA,NA,NA,23538,88624,51645,51645,Low,Low,High,NA,NA,NA
CK-13,Chinook,South Thompson_SU_0.3,Rel_Idx,2023,21904,21904,NA,NA,247,5.0804,33.2,NA,NA,NA,2,81434.06784,NA,NA,NA,Green,Node64," AbsLBM = NA OR AbsLBM >= 1.5, then AbsUBM = NA OR AbsUBM >= 1, then Don't have RelLBM, then LongTrend >= 79, then PercChange >= -70, then LongTrend >= 233",1,NA,NA,Green,Green,NA,NA,NA,NA,NA,NA,23538,88624,21904,21904,Low,Low,High,NA,NA,NA
CK-13,Chinook,South Thompson_SU_0.3,Rel_Idx,2024,NA,NA,NA,NA,NA,NA,NA,NA,NA,NA,0,NA,NA,NA,NA,None,Node16.NA,"No LongTrend, so no SynStatus",NA,NA,NA,NA,NA,NA,NA,NA,NA,NA,NA,23538,88624,NA,NA,NA,NA,NA,NA,NA,NA
CK-14,Chinook,South Thompson_SU_1.3,Rel_Idx,1995,NA,NA,NA,NA,NA,NA,NA,NA,NA,NA,0,NA,NA,NA,NA,None,Node16.NA,"No LongTrend, so no SynStatus",NA,NA,NA,NA,NA,NA,NA,NA,NA,NA,NA,504,1986,NA,NA,NA,NA,NA,NA,NA,NA
CK-14,Chinook,South Thompson_SU_1.3,Rel_Idx,1996,NA,NA,NA,NA,NA,NA,NA,NA,NA,NA,0,NA,NA,NA,NA,None,Node16.NA,"No LongTrend, so no SynStatus",NA,NA,NA,NA,NA,NA,NA,NA,NA,NA,NA,504,1986,NA,NA,NA,NA,NA,NA,NA,NA
CK-14,Chinook,South Thompson_SU_1.3,Rel_Idx,1997,NA,NA,NA,NA,NA,NA,NA,NA,NA,NA,0,NA,NA,NA,NA,None,Node16.NA,"No LongTrend, so no SynStatus",NA,NA,NA,NA,NA,NA,NA,NA,NA,NA,NA,504,1986,NA,NA,NA,NA,NA,NA,NA,NA
CK-14,Chinook,South Thompson_SU_1.3,Rel_Idx,1998,NA,NA,NA,NA,NA,NA,NA,NA,NA,NA,0,NA,NA,NA,NA,None,Node16.NA,"No LongTrend, so no SynStatus",NA,NA,NA,NA,NA,NA,NA,NA,NA,NA,NA,504,1986,NA,NA,NA,NA,NA,NA,NA,NA
CK-14,Chinook,South Thompson_SU_1.3,Rel_Idx,1999,1705.290938,1705.290938,NA,NA,NA,NA,NA,NA,NA,NA,0,NA,NA,NA,NA,None,Node16.NA,"No LongTrend, so no SynStatus",NA,NA,NA,NA,NA,NA,NA,NA,NA,NA,NA,504,1986,6109.290938,6109.290938,NA,NA,NA,NA,NA,NA
CK-14,Chinook,South Thompson_SU_1.3,Rel_Idx,2000,1197.919853,1197.919853,NA,NA,NA,NA,NA,NA,NA,NA,0,NA,NA,NA,NA,None,Node16.NA,"No LongTrend, so no SynStatus",NA,NA,NA,NA,NA,NA,NA,NA,NA,NA,NA,504,1986,10646.91985,10646.91985,NA,NA,NA,NA,NA,NA
CK-14,Chinook,South Thompson_SU_1.3,Rel_Idx,2001,1439.837812,1439.837812,NA,NA,NA,NA,NA,NA,NA,NA,0,NA,NA,NA,NA,None,Node16.NA,"No LongTrend, so no SynStatus",NA,NA,NA,NA,NA,NA,NA,NA,NA,NA,NA,504,1986,7244.837812,7244.837812,NA,NA,NA,NA,NA,NA
CK-14,Chinook,South Thompson_SU_1.3,Rel_Idx,2002,1529.663218,1529.663218,NA,NA,NA,NA,NA,NA,NA,NA,0,NA,NA,NA,NA,None,Node16.NA,"No LongTrend, so no SynStatus",NA,NA,NA,NA,NA,NA,NA,NA,NA,NA,NA,504,1986,7322.663218,7322.663218,NA,NA,NA,NA,NA,NA
CK-14,Chinook,South Thompson_SU_1.3,Rel_Idx,2003,1662.056761,1662.056761,NA,NA,NA,NA,NA,NA,NA,NA,0,1495.396291,NA,NA,NA,None,Node16.NA,"No LongTrend, so no SynStatus",NA,NA,NA,NA,NA,NA,NA,NA,NA,NA,NA,504,1986,7454.056761,7454.056761,NA,NA,NA,NA,NA,NA
CK-14,Chinook,South Thompson_SU_1.3,Rel_Idx,2004,913.3115834,913.3115834,NA,NA,NA,NA,NA,NA,NA,NA,0,1319.837293,NA,NA,NA,None,Node16.NA,"No LongTrend, so no SynStatus",NA,NA,NA,NA,NA,NA,NA,NA,NA,NA,NA,504,1986,4272.311583,4272.311583,NA,NA,NA,NA,NA,NA
CK-14,Chinook,South Thompson_SU_1.3,Rel_Idx,2005,483.671237,483.671237,NA,NA,NA,NA,NA,NA,NA,NA,0,1100.892455,NA,NA,NA,None,Node16.NA,"No LongTrend, so no SynStatus",NA,NA,NA,NA,NA,NA,NA,NA,NA,NA,NA,504,1986,5437.671237,5437.671237,NA,NA,NA,NA,NA,NA
CK-14,Chinook,South Thompson_SU_1.3,Rel_Idx,2006,579.6038388,579.6038388,NA,NA,NA,NA,NA,NA,NA,NA,0,917.7162697,NA,NA,NA,None,Node16.NA,"No LongTrend, so no SynStatus",NA,NA,NA,NA,NA,NA,NA,NA,NA,NA,NA,504,1986,5525.603839,5525.603839,NA,NA,NA,NA,NA,NA
CK-14,Chinook,South Thompson_SU_1.3,Rel_Idx,2007,400.2897639,400.2897639,NA,NA,NA,NA,NA,NA,NA,NA,0,701.8820943,NA,NA,NA,None,Node16.NA,"No LongTrend, so no SynStatus",NA,NA,NA,NA,NA,NA,NA,NA,NA,NA,NA,504,1986,6250.289764,6250.289764,NA,NA,NA,NA,NA,NA
CK-14,Chinook,South Thompson_SU_1.3,Rel_Idx,2008,678,678,NA,NA,NA,NA,NA,NA,NA,NA,0,586.6525082,NA,NA,NA,None,Node16.NA,"No LongTrend, so no SynStatus",NA,NA,NA,NA,NA,NA,NA,NA,NA,NA,NA,504,1986,1198,1198,NA,NA,NA,NA,NA,NA
CK-14,Chinook,South Thompson_SU_1.3,Rel_Idx,2009,588,588,NA,NA,NA,NA,NA,NA,NA,NA,0,537.1957942,NA,NA,NA,None,Node16.NA,"No LongTrend, so no SynStatus",NA,NA,NA,NA,NA,NA,NA,NA,NA,NA,NA,504,1986,980,980,NA,NA,NA,NA,NA,NA
CK-14,Chinook,South Thompson_SU_1.3,Rel_Idx,2010,1768,1768,NA,NA,NA,NA,NA,NA,NA,NA,0,696.17593,NA,NA,NA,None,Node16.NA,"No LongTrend, so no SynStatus",NA,NA,NA,NA,NA,NA,NA,NA,NA,NA,NA,504,1986,2438,2438,NA,NA,NA,NA,NA,NA
CK-14,Chinook,South Thompson_SU_1.3,Rel_Idx,2011,449,449,NA,NA,NA,NA,NA,NA,NA,NA,0,661.5185413,NA,NA,NA,None,Node16.NA,"No LongTrend, so no SynStatus",NA,NA,NA,NA,NA,NA,NA,NA,NA,NA,NA,504,1986,672,672,NA,NA,NA,NA,NA,NA
CK-14,Chinook,South Thompson_SU_1.3,Rel_Idx,2012,443,443,NA,NA,NA,NA,NA,NA,NA,NA,0,675.0685406,RedAmber,RA,R,None,Node16.NA,"No LongTrend, so no SynStatus",NA,NA,NA,NA,NA,NA,NA,NA,NA,NA,NA,504,1986,837,837,NA,NA,NA,RedAmber,Red,Red
CK-14,Chinook,South Thompson_SU_1.3,Rel_Idx,2013,916,916,NA,NA,84,-62.2427,94.3333,NA,NA,NA,2,716.9370517,NA,NA,NA,Amber,Node65,"AbsLBM = NA OR AbsLBM >= 1.5, then AbsUBM = NA OR AbsUBM >= 1, then Don't have RelLBM, then LongTrend >= 79, then PercChange >= -70, then LongTrend < 233",3,NA,NA,Green,Red,NA,NA,NA,NA,NA,NA,504,1986,1661,1661,Low,Low,Moderate,NA,NA,NA
CK-14,Chinook,South Thompson_SU_1.3,Rel_Idx,2014,851,851,NA,NA,90,-49.9413,83.1,NA,NA,NA,2,771.9540896,NA,NA,NA,Amber,Node65,"AbsLBM = NA OR AbsLBM >= 1.5, then AbsUBM = NA OR AbsUBM >= 1, then Don't have RelLBM, then LongTrend >= 79, then PercChange >= -70, then LongTrend < 233",3,NA,NA,Green,Red,NA,NA,NA,NA,NA,NA,504,1986,1704,1704,Low,Low,Moderate,NA,NA,NA
CK-14,Chinook,South Thompson_SU_1.3,Rel_Idx,2015,908,908,NA,NA,79,-40.7582,70.8,NA,NA,NA,2,675.6350787,NA,NA,NA,Amber,Node65,"AbsLBM = NA OR AbsLBM >= 1.5, then AbsUBM = NA OR AbsUBM >= 1, then Don't have RelLBM, then LongTrend >= 79, then PercChange >= -70, then LongTrend < 233",3,NA,NA,Green,Red,NA,NA,NA,NA,NA,NA,504,1986,1095,1095,Low,Low,Moderate,NA,NA,NA
CK-14,Chinook,South Thompson_SU_1.3,Rel_Idx,2016,277,277,NA,NA,76,-47.9585,78.8667,NA,NA,NA,2,613.4213332,NA,NA,NA,Red,Node17,"AbsLBM = NA OR AbsLBM >= 1.5, then AbsUBM = NA OR AbsUBM >= 1, then Don't have RelLBM, then LongTrend < 79",5,NA,NA,Green,Red,NA,NA,NA,NA,NA,NA,504,1986,992.3664941,992.3664941,Moderate,Moderate,High,NA,NA,NA
CK-14,Chinook,South Thompson_SU_1.3,Rel_Idx,2017,935,935,NA,NA,88,-22.9234,47.4,NA,NA,NA,2,712.2631113,NA,NA,NA,Amber,Node65,"AbsLBM = NA OR AbsLBM >= 1.5, then AbsUBM = NA OR AbsUBM >= 1, then Don't have RelLBM, then LongTrend >= 79, then PercChange >= -70, then LongTrend < 233",3,NA,NA,Green,Amber,NA,NA,NA,NA,NA,NA,504,1986,1141,1141,Low,Low,Moderate,NA,NA,NA
CK-14,Chinook,South Thompson_SU_1.3,Rel_Idx,2018,750,750,NA,NA,84,13.6293,15,NA,NA,NA,2,684.342655,NA,NA,NA,Amber,Node65,"AbsLBM = NA OR AbsLBM >= 1.5, then AbsUBM = NA OR AbsUBM >= 1, then Don't have RelLBM, then LongTrend >= 79, then PercChange >= -70, then LongTrend < 233",3,NA,NA,Green,Green,NA,NA,NA,NA,NA,NA,504,1986,922,922,Low,Low,Moderate,NA,NA,NA
CK-14,Chinook,South Thompson_SU_1.3,Rel_Idx,2019,807,807,NA,NA,84,36.8102,7.6,NA,NA,NA,2,677.1149541,NA,NA,NA,Amber,Node65,"AbsLBM = NA OR AbsLBM >= 1.5, then AbsUBM = NA OR AbsUBM >= 1, then Don't have RelLBM, then LongTrend >= 79, then PercChange >= -70, then LongTrend < 233",3,NA,NA,Green,Green,NA,NA,NA,NA,NA,NA,504,1986,1228,1228,Low,Low,Moderate,NA,NA,NA
CK-14,Chinook,South Thompson_SU_1.3,Rel_Idx,2020,723,723,NA,NA,80,24.8735,9.9667,NA,NA,NA,2,646.9532443,NA,NA,NA,Amber,Node65,"AbsLBM = NA OR AbsLBM >= 1.5, then AbsUBM = NA OR AbsUBM >= 1, then Don't have RelLBM, then LongTrend >= 79, then PercChange >= -70, then LongTrend < 233",3,NA,NA,Green,Green,NA,NA,NA,NA,NA,NA,504,1986,1109,1109,Low,Low,Moderate,NA,NA,NA
CK-14,Chinook,South Thompson_SU_1.3,Rel_Idx,2021,2669,2669,NA,NA,120,90.0804,3.1333,NA,NA,NA,2,1017.762994,NA,NA,NA,Amber,Node65,"AbsLBM = NA OR AbsLBM >= 1.5, then AbsUBM = NA OR AbsUBM >= 1, then Don't have RelLBM, then LongTrend >= 79, then PercChange >= -70, then LongTrend < 233",3,NA,NA,Green,Green,NA,NA,NA,NA,NA,NA,504,1986,3125,3125,Low,Low,Moderate,NA,NA,NA
CK-14,Chinook,South Thompson_SU_1.3,Rel_Idx,2022,715,715,NA,NA,114,48.8074,7.9333,NA,NA,NA,2,964.59619,NA,NA,NA,Amber,Node65,"AbsLBM = NA OR AbsLBM >= 1.5, then AbsUBM = NA OR AbsUBM >= 1, then Don't have RelLBM, then LongTrend >= 79, then PercChange >= -70, then LongTrend < 233",3,NA,NA,Green,Green,NA,NA,NA,NA,NA,NA,504,1986,1253,1253,Low,Low,Moderate,NA,NA,NA
CK-14,Chinook,South Thompson_SU_1.3,Rel_Idx,2023,950,950,NA,NA,119,49.0078,8.7333,NA,NA,NA,2,1011.295351,NA,NA,NA,Amber,Node65,"AbsLBM = NA OR AbsLBM >= 1.5, then AbsUBM = NA OR AbsUBM >= 1, then Don't have RelLBM, then LongTrend >= 79, then PercChange >= -70, then LongTrend < 233",3,NA,NA,Green,Green,NA,NA,NA,NA,NA,NA,504,1986,1241,1241,Low,Low,Moderate,NA,NA,NA
CK-14,Chinook,South Thompson_SU_1.3,Rel_Idx,2024,575,575,NA,NA,113,18.5099,17.3,NA,NA,NA,2,945.0110192,NA,NA,NA,Amber,Node65,"AbsLBM = NA OR AbsLBM >= 1.5, then AbsUBM = NA OR AbsUBM >= 1, then Don't have RelLBM, then LongTrend >= 79, then PercChange >= -70, then LongTrend < 233",3,NA,NA,Green,Green,NA,NA,NA,NA,NA,NA,504,1986,2059.966549,2059.966549,Low,Low,Moderate,NA,NA,NA
CK-15,Chinook,Shuswap River_SU_0.3,Abs_Abd,1995,7660,7660,0.487534998,6.050309325,134,100.1325,0,NA,0.248022961,0.605030932,6,6050.309325,NA,NA,NA,Red,Node23,"Have AbsLBM, then AbsLBM >= 1.5, then have AbsUBM, then AbsUBM < 1,then Have RelLBM, then RelLBM < 1",5,Red,Amber,Green,Green,NA,NA,Red,Amber,Red,Amber,12410,24394.15,7660,7660,High,High,High,NA,NA,NA
CK-15,Chinook,Shuswap River_SU_0.3,Abs_Abd,1996,8776,8776,0.576042417,7.148686398,154,100.7304,0,NA,0.29304921,0.71486864,6,7148.686398,NA,NA,NA,Red,Node23,"Have AbsLBM, then AbsLBM >= 1.5, then have AbsUBM, then AbsUBM < 1,then Have RelLBM, then RelLBM < 1",5,Red,Amber,Green,Green,NA,NA,Red,Amber,Red,Amber,12410,24394.15,8776,8776,High,High,High,NA,NA,NA
CK-15,Chinook,Shuswap River_SU_0.3,Abs_Abd,1997,3603,3603,0.486241283,6.034254318,131,42.9949,1.4,NA,0.247364812,0.603425432,6,6034.254318,NA,NA,NA,Red,Node23,"Have AbsLBM, then AbsLBM >= 1.5, then have AbsUBM, then AbsUBM < 1,then Have RelLBM, then RelLBM < 1",5,Red,Amber,Green,Green,NA,NA,Red,Amber,Red,Amber,12410,24394.15,3603,3603,High,High,High,NA,NA,NA
CK-15,Chinook,Shuswap River_SU_0.3,Abs_Abd,1998,4928,4928,0.473634473,5.877803814,127,18.7932,4.6,NA,0.240951368,0.587780381,6,5877.803814,NA,NA,NA,Red,Node23,"Have AbsLBM, then AbsLBM >= 1.5, then have AbsUBM, then AbsUBM < 1,then Have RelLBM, then RelLBM < 1",5,Red,Amber,Green,Green,NA,NA,Red,Amber,Red,Amber,12410,24394.15,4928,4928,High,High,High,NA,NA,NA
CK-15,Chinook,Shuswap River_SU_0.3,Abs_Abd,1999,7064,7064,0.464139773,5.759974577,123,15.5818,4.8333,NA,0.236121143,0.575997458,6,5759.974577,NA,NA,NA,Red,Node23,"Have AbsLBM, then AbsLBM >= 1.5, then have AbsUBM, then AbsUBM < 1,then Have RelLBM, then RelLBM < 1",5,Red,Amber,Green,Green,NA,NA,Red,Amber,Red,Amber,12410,24394.15,7064,7064,High,High,High,NA,NA,NA
CK-15,Chinook,Shuswap River_SU_0.3,Abs_Abd,2000,3528,3528,0.369578566,4.586469999,99,-6.2234,21.6333,NA,0.188015159,0.458647,6,4586.469999,NA,NA,NA,Red,Node23,"Have AbsLBM, then AbsLBM >= 1.5, then have AbsUBM, then AbsUBM < 1,then Have RelLBM, then RelLBM < 1",5,Red,Amber,Green,Green,NA,NA,Red,Amber,Red,Amber,12410,24394.15,3528,3528,High,High,High,NA,NA,NA
CK-15,Chinook,Shuswap River_SU_0.3,Abs_Abd,2001,5709,5709,0.414649094,5.145795257,110,-4.2321,20.0333,NA,0.210943823,0.514579526,6,5145.795257,NA,NA,NA,Red,Node23,"Have AbsLBM, then AbsLBM >= 1.5, then have AbsUBM, then AbsUBM < 1,then Have RelLBM, then RelLBM < 1",5,Red,Amber,Green,Green,NA,NA,Red,Amber,Red,Amber,12410,24394.15,5709,5709,High,High,High,NA,NA,NA
CK-15,Chinook,Shuswap River_SU_0.3,Abs_Abd,2002,4401,4401,0.403088946,5.002333815,107,-20.1133,39.8,NA,0.205062846,0.500233382,6,5002.333815,NA,NA,NA,Red,Node23,"Have AbsLBM, then AbsLBM >= 1.5, then have AbsUBM, then AbsUBM < 1,then Have RelLBM, then RelLBM < 1",5,Red,Amber,Green,Amber,NA,NA,Red,Amber,Red,Amber,12410,24394.15,4401,4401,High,High,High,NA,NA,NA
CK-15,Chinook,Shuswap River_SU_0.3,Abs_Abd,2003,5726,5726,0.382473237,4.746492871,101,-19.3496,40.3333,NA,0.194575047,0.474649287,6,4746.492871,NA,NA,NA,Red,Node23,"Have AbsLBM, then AbsLBM >= 1.5, then have AbsUBM, then AbsUBM < 1,then Have RelLBM, then RelLBM < 1",5,Red,Amber,Green,Amber,NA,NA,Red,Amber,Red,Amber,12410,24394.15,5726,5726,High,High,High,NA,NA,NA
CK-15,Chinook,Shuswap River_SU_0.3,Abs_Abd,2004,7383,7383,0.460020435,5.7088536,120,-17.6447,36.7333,NA,0.234025518,0.57088536,6,5708.8536,NA,NA,NA,Red,Node23,"Have AbsLBM, then AbsLBM >= 1.5, then have AbsUBM, then AbsUBM < 1,then Have RelLBM, then RelLBM < 1",5,Red,Amber,Green,Amber,NA,NA,Red,Amber,Red,Amber,12410,24394.15,7383,7383,High,High,High,NA,NA,NA
CK-15,Chinook,Shuswap River_SU_0.3,Abs_Abd,2005,5611,5611,0.458033435,5.684194922,119,-8.5805,25.2333,NA,0.233014675,0.568419492,6,5684.194922,NA,NA,NA,Red,Node23,"Have AbsLBM, then AbsLBM >= 1.5, then have AbsUBM, then AbsUBM < 1,then Have RelLBM, then RelLBM < 1",5,Red,Amber,Green,Green,NA,NA,Red,Amber,Red,Amber,12410,24394.15,5611,5611,High,High,High,NA,NA,NA
CK-15,Chinook,Shuswap River_SU_0.3,Abs_Abd,2006,4766,4766,0.467248427,5.798552982,121,-15.3195,34,NA,0.237702604,0.579855298,6,5798.552982,NA,NA,NA,Red,Node23,"Have AbsLBM, then AbsLBM >= 1.5, then have AbsUBM, then AbsUBM < 1,then Have RelLBM, then RelLBM < 1",5,Red,Amber,Green,Amber,NA,NA,Red,Amber,Red,Amber,12410,24394.15,4766,4766,High,High,High,NA,NA,NA
CK-15,Chinook,Shuswap River_SU_0.3,Abs_Abd,2007,5618,5618,0.465029438,5.771015324,120,-0.2967,15.8,NA,0.236573741,0.577101532,6,5771.015324,NA,NA,NA,Red,Node23,"Have AbsLBM, then AbsLBM >= 1.5, then have AbsUBM, then AbsUBM < 1,then Have RelLBM, then RelLBM < 1",5,Red,Amber,Green,Green,NA,NA,Red,Amber,Red,Amber,12410,24394.15,5618,5618,High,High,High,NA,NA,NA
CK-15,Chinook,Shuswap River_SU_0.3,Abs_Abd,2008,14269,14269,0.548302989,6.804440093,137,92.5509,0.3,NA,0.278937372,0.680444009,6,6804.440093,NA,NA,NA,Red,Node23,"Have AbsLBM, then AbsLBM >= 1.5, then have AbsUBM, then AbsUBM < 1,then Have RelLBM, then RelLBM < 1",5,Red,Amber,Green,Green,NA,NA,Red,Amber,Red,Amber,12410,24394.15,14269,14269,High,High,High,NA,NA,NA
CK-15,Chinook,Shuswap River_SU_0.3,Abs_Abd,2009,22971,22971,0.779929813,9.678928979,186,181.8719,0.4333,NA,0.396772545,0.967892898,6,9678.928979,NA,NA,NA,Red,Node23,"Have AbsLBM, then AbsLBM >= 1.5, then have AbsUBM, then AbsUBM < 1,then Have RelLBM, then RelLBM < 1",5,Red,Amber,Green,Green,NA,NA,Red,Amber,Red,Amber,12410,24394.15,22971,22971,High,High,High,NA,NA,NA
CK-15,Chinook,Shuswap River_SU_0.3,Abs_Abd,2010,72483,72483,1.540196216,19.11383505,342,555.2719,0.1333,NA,0.783541753,1.911383505,6,19113.83505,NA,NA,NA,Amber,Node37,"AbsLBM = NA OR AbsLBM >= 1.5, then AbsUBM = NA OR AbsUBM >= 1, then Have RelLBM, then RelLBM >= 1, then RelUBM < 1.1",3,Amber,Green,Green,Green,NA,NA,Amber,Green,Amber,Green,12410,24394.15,72483,72483,High,High,Moderate,NA,NA,NA
CK-15,Chinook,Shuswap River_SU_0.3,Abs_Abd,2011,18093,18093,2.063280455,25.60531045,444,770.01,0.0333,NA,1.049649627,2.560531045,6,25605.31045,NA,NA,NA,Amber,Node37,"AbsLBM = NA OR AbsLBM >= 1.5, then AbsUBM = NA OR AbsUBM >= 1, then Have RelLBM, then RelLBM >= 1, then RelUBM < 1.1",3,Green,Green,Green,Green,NA,NA,Green,Green,Green,Green,12410,24394.15,18093,18093,High,High,Moderate,NA,NA,NA
CK-15,Chinook,Shuswap River_SU_0.3,Abs_Abd,2012,3542,3542,1.456370988,18.07356397,317,264.1851,2.7667,NA,0.740897468,1.807356397,6,18073.56397,NA,NA,NA,Amber,Node37,"AbsLBM = NA OR AbsLBM >= 1.5, then AbsUBM = NA OR AbsUBM >= 1, then Have RelLBM, then RelLBM >= 1, then RelUBM < 1.1",3,Amber,Green,Green,Green,NA,NA,Amber,Green,Amber,Green,12410,24394.15,3542,3542,High,High,Moderate,NA,NA,NA
CK-15,Chinook,Shuswap River_SU_0.3,Abs_Abd,2013,22414,22414,1.447461048,17.9629916,304,335.4376,2,NA,0.736364727,1.79629916,6,17962.9916,NA,NA,NA,Amber,Node37,"AbsLBM = NA OR AbsLBM >= 1.5, then AbsUBM = NA OR AbsUBM >= 1, then Have RelLBM, then RelLBM >= 1, then RelUBM < 1.1",3,Amber,Green,Green,Green,NA,NA,Amber,Green,Amber,Green,12410,24394.15,22414,22414,High,High,Moderate,NA,NA,NA
CK-15,Chinook,Shuswap River_SU_0.3,Abs_Abd,2014,42942,42942,1.269896752,15.75941869,254,438.3855,1.5333,NA,0.646032704,1.575941869,6,15759.41869,NA,NA,NA,Amber,Node37,"AbsLBM = NA OR AbsLBM >= 1.5, then AbsUBM = NA OR AbsUBM >= 1, then Have RelLBM, then RelLBM >= 1, then RelUBM < 1.1",3,Amber,Green,Green,Green,NA,NA,Amber,Green,Amber,Green,12410,24394.15,42942,42942,High,High,Moderate,NA,NA,NA
CK-15,Chinook,Shuswap River_SU_0.3,Abs_Abd,2015,38729,38729,1.536030493,19.06213842,294,495.8098,1.1333,NA,0.78142253,1.906213842,6,19062.13842,NA,NA,NA,Amber,Node37,"AbsLBM = NA OR AbsLBM >= 1.5, then AbsUBM = NA OR AbsUBM >= 1, then Have RelLBM, then RelLBM >= 1, then RelUBM < 1.1",3,Amber,Green,Green,Green,NA,NA,Amber,Green,Amber,Green,12410,24394.15,38729,38729,High,High,Moderate,NA,NA,NA
CK-15,Chinook,Shuswap River_SU_0.3,Abs_Abd,2016,6388,6388,1.780036571,22.09025385,341,200.6045,6.8333,NA,0.905555383,2.209025385,6,22090.25385,NA,NA,NA,Amber,Node37,"AbsLBM = NA OR AbsLBM >= 1.5, then AbsUBM = NA OR AbsUBM >= 1, then Have RelLBM, then RelLBM >= 1, then RelUBM < 1.1",3,Amber,Green,Green,Green,NA,NA,Amber,Green,Amber,Green,12410,24394.15,6388,6388,High,High,Moderate,NA,NA,NA
CK-15,Chinook,Shuswap River_SU_0.3,Abs_Abd,2017,12293,12293,1.531840521,19.01014087,289,88.5134,15.5667,NA,0.779290972,1.901014087,6,19010.14087,NA,NA,NA,Amber,Node37,"AbsLBM = NA OR AbsLBM >= 1.5, then AbsUBM = NA OR AbsUBM >= 1, then Have RelLBM, then RelLBM >= 1, then RelUBM < 1.1",3,Amber,Green,Green,Green,NA,NA,Amber,Green,Amber,Green,12410,24394.15,12293,12293,High,High,Moderate,NA,NA,NA
CK-15,Chinook,Shuswap River_SU_0.3,Abs_Abd,2018,16222,16222,1.200933849,14.90358907,222,9.5844,33.1333,NA,0.610949308,1.490358907,6,14903.58907,NA,NA,NA,Amber,Node37,"AbsLBM = NA OR AbsLBM >= 1.5, then AbsUBM = NA OR AbsUBM >= 1, then Have RelLBM, then RelLBM >= 1, then RelUBM < 1.1",3,Amber,Green,Green,Green,NA,NA,Amber,Green,Amber,Green,12410,24394.15,16222,16222,High,High,Moderate,NA,NA,NA
CK-15,Chinook,Shuswap River_SU_0.3,Abs_Abd,2019,26319,26319,1.090378705,13.53159973,195,-21.9494,47.6667,NA,0.554706752,1.353159973,6,13531.59973,NA,NA,NA,Amber,Node37,"AbsLBM = NA OR AbsLBM >= 1.5, then AbsUBM = NA OR AbsUBM >= 1, then Have RelLBM, then RelLBM >= 1, then RelUBM < 1.1",3,Amber,Green,Green,Amber,NA,NA,Amber,Green,Amber,Green,12410,24394.15,26319,26319,High,High,Moderate,NA,NA,NA
CK-15,Chinook,Shuswap River_SU_0.3,Abs_Abd,2020,22264,22264,1.489830745,18.48879955,260,-26.311,51.2,NA,0.757919401,1.848879955,6,18488.79955,NA,NA,NA,Amber,Node37,"AbsLBM = NA OR AbsLBM >= 1.5, then AbsUBM = NA OR AbsUBM >= 1, then Have RelLBM, then RelLBM >= 1, then RelUBM < 1.1",3,Amber,Green,Green,Red,NA,NA,Amber,Green,Amber,Green,12410,24394.15,22264,22264,High,High,Moderate,NA,NA,NA
CK-15,Chinook,Shuswap River_SU_0.3,Abs_Abd,2021,27980,27980,1.829929632,22.70942673,311,-7.0986,39.3333,NA,0.930937406,2.270942673,6,22709.42673,NA,NA,NA,Amber,Node37,"AbsLBM = NA OR AbsLBM >= 1.5, then AbsUBM = NA OR AbsUBM >= 1, then Have RelLBM, then RelLBM >= 1, then RelUBM < 1.1",3,Amber,Green,Green,Green,NA,NA,Amber,Green,Amber,Green,12410,24394.15,27980,27980,High,High,Moderate,NA,NA,NA
CK-15,Chinook,Shuswap River_SU_0.3,Abs_Abd,2022,32858,32858,2.183074575,27.09195548,359,119.0691,6.8667,NA,1.110592313,2.709195548,6,27091.95548,NA,NA,NA,Green,Node36,"AbsLBM = NA OR AbsLBM >= 1.5, then AbsUBM = NA OR AbsUBM >= 1, then Have RelLBM, then RelLBM >= 1, then RelUBM >= 1.1",1,Green,Green,Green,Green,NA,NA,Green,Green,Green,Green,12410,24394.15,32858,32858,High,High,High,NA,NA,NA
CK-15,Chinook,Shuswap River_SU_0.3,Abs_Abd,2023,1072,1072,0.980731043,12.17087224,168,-35.1943,55.2,NA,0.498925859,1.217087224,6,12170.87224,NA,NA,NA,Red,Node19,"AbsLBM = NA OR AbsLBM >= 1.5, then AbsUBM = NA OR AbsUBM >= 1, then Have RelLBM, then RelLBM < 1",5,Red,Green,Green,Red,NA,NA,Red,Green,Red,Green,12410,24394.15,1072,1072,High,High,High,NA,NA,NA
CK-15,Chinook,Shuswap River_SU_0.3,Abs_Abd,2024,NA,NA,NA,NA,NA,NA,NA,NA,NA,NA,0,NA,NA,NA,NA,None,Node16.NA,"No LongTrend, so no SynStatus",NA,NA,NA,NA,NA,NA,NA,NA,NA,NA,NA,12410,24394.15,NA,NA,NA,NA,NA,NA,NA,NA
CK-16,Chinook,South Thompson-Bessette Creek_SU_1.2,Abs_Abd,1995,132.7985652,132.7985652,NA,NA,NA,NA,NA,NA,NA,NA,0,NA,NA,NA,NA,None,Node16.NA,"No LongTrend, so no SynStatus",NA,NA,NA,NA,NA,NA,NA,NA,NA,NA,NA,77,103,132.7985652,132.7985652,NA,NA,NA,NA,NA,NA
CK-16,Chinook,South Thompson-Bessette Creek_SU_1.2,Abs_Abd,1996,199.263509,199.263509,NA,NA,NA,NA,NA,NA,NA,NA,0,NA,NA,NA,NA,None,Node16.NA,"No LongTrend, so no SynStatus",NA,NA,NA,NA,NA,NA,NA,NA,NA,NA,NA,77,103,199.263509,199.263509,NA,NA,NA,NA,NA,NA
CK-16,Chinook,South Thompson-Bessette Creek_SU_1.2,Abs_Abd,1997,174.7925518,174.7925518,NA,NA,NA,NA,NA,NA,NA,NA,0,NA,NA,NA,NA,None,Node16.NA,"No LongTrend, so no SynStatus",NA,NA,NA,NA,NA,NA,NA,NA,NA,NA,NA,77,103,174.7925518,174.7925518,NA,NA,NA,NA,NA,NA
CK-16,Chinook,South Thompson-Bessette Creek_SU_1.2,Abs_Abd,1998,37.33895191,37.33895191,1.488798167,0.114637459,NA,NA,NA,NA,1.112985038,0.011463746,4,114.6374589,NA,NA,NA,Red,Node3,"Have AbsLBM, then AbsLBM < 1.5",5,Green,Red,NA,NA,NA,NA,Green,Red,Green,Red,77,103,37.33895191,37.33895191,High,High,High,NA,NA,NA
CK-16,Chinook,South Thompson-Bessette Creek_SU_1.2,Abs_Abd,1999,283.4218802,283.4218802,1.799475025,0.138559577,NA,NA,NA,NA,1.345238611,0.013855958,4,138.5595769,NA,NA,NA,Red,Node3,"Have AbsLBM, then AbsLBM < 1.5",5,Green,Red,NA,NA,NA,NA,Green,Red,Green,Red,77,103,283.4218802,283.4218802,High,High,High,NA,NA,NA
CK-16,Chinook,South Thompson-Bessette Creek_SU_1.2,Abs_Abd,2000,91,91,1.479276057,0.113904256,NA,NA,NA,NA,1.105866567,0.011390426,4,113.9042564,NA,NA,NA,Red,Node3,"Have AbsLBM, then AbsLBM < 1.5",5,Green,Red,NA,NA,NA,NA,Green,Red,Green,Red,77,103,91,91,High,High,High,NA,NA,NA
CK-16,Chinook,South Thompson-Bessette Creek_SU_1.2,Abs_Abd,2001,459,459,1.883092566,0.144998128,NA,NA,NA,NA,1.407748811,0.014499813,4,144.9981276,NA,NA,NA,Red,Node3,"Have AbsLBM, then AbsLBM < 1.5",5,Green,Red,NA,NA,NA,NA,Green,Red,Green,Red,77,103,459,459,High,High,High,NA,NA,NA
CK-16,Chinook,South Thompson-Bessette Creek_SU_1.2,Abs_Abd,2002,251.1893129,251.1893129,3.0327138,0.233518963,NA,NA,NA,NA,2.267174394,0.023351896,4,233.5189626,NA,NA,NA,Red,Node3,"Have AbsLBM, then AbsLBM < 1.5",5,Green,Red,NA,NA,NA,NA,Green,Red,Green,Red,77,103,251.1893129,251.1893129,High,High,High,NA,NA,NA
CK-16,Chinook,South Thompson-Bessette Creek_SU_1.2,Abs_Abd,2003,207,207,2.803597539,0.215877011,NA,NA,NA,NA,2.095893306,0.021587701,4,215.8770105,NA,NA,NA,Red,Node3,"Have AbsLBM, then AbsLBM < 1.5",5,Green,Red,NA,NA,NA,NA,Green,Red,Green,Red,77,103,207,207,High,High,High,NA,NA,NA
CK-16,Chinook,South Thompson-Bessette Creek_SU_1.2,Abs_Abd,2004,166.3280585,166.3280585,3.259843131,0.251007921,NA,NA,NA,NA,2.436970108,0.025100792,4,251.0079211,NA,NA,NA,Red,Node3,"Have AbsLBM, then AbsLBM < 1.5",5,Green,Red,NA,NA,NA,NA,Green,Red,Green,Red,77,103,166.3280585,166.3280585,High,High,High,NA,NA,NA
CK-16,Chinook,South Thompson-Bessette Creek_SU_1.2,Abs_Abd,2005,180,180,2.57965517,0.198633448,NA,NA,NA,NA,1.928480079,0.019863345,4,198.6334481,NA,NA,NA,Red,Node3,"Have AbsLBM, then AbsLBM < 1.5",5,Green,Red,NA,NA,NA,NA,Green,Red,Green,Red,77,103,180,180,High,High,High,NA,NA,NA
CK-16,Chinook,South Thompson-Bessette Creek_SU_1.2,Abs_Abd,2006,257,257,2.594446072,0.199772348,NA,81.415,8.0333,NA,1.939537354,0.019977235,5,199.7723475,NA,NA,NA,Red,Node3,"Have AbsLBM, then AbsLBM < 1.5",5,Green,Red,NA,Green,NA,NA,Green,Red,Green,Red,77,103,257,257,High,High,High,NA,NA,NA
CK-16,Chinook,South Thompson-Bessette Creek_SU_1.2,Abs_Abd,2007,0.01,0.01,0.21629778,0.016654929,NA,-95.0818,87.4,NA,0.16169834,0.001665493,5,16.65492904,NA,NA,NA,Red,Node3,"Have AbsLBM, then AbsLBM < 1.5",5,Red,Red,NA,Red,NA,NA,Red,Red,Red,Red,77,103,0,0,High,High,High,NA,NA,NA
CK-16,Chinook,South Thompson-Bessette Creek_SU_1.2,Abs_Abd,2008,77,77,0.178415821,0.013738018,NA,-93.6191,84.1,NA,0.133378818,0.001373802,5,13.73801823,NA,NA,NA,Red,Node3,"Have AbsLBM, then AbsLBM < 1.5",5,Red,Red,NA,Red,NA,NA,Red,Red,Red,Red,77,103,77,77,High,High,High,NA,NA,NA
CK-16,Chinook,South Thompson-Bessette Creek_SU_1.2,Abs_Abd,2009,28,28,0.112048164,0.008627709,11,-92.8284,83.4333,NA,0.083764161,0.000862771,6,8.627708631,NA,NA,NA,Red,Node3,"Have AbsLBM, then AbsLBM < 1.5",5,Red,Red,Red,Red,NA,NA,Red,Red,Red,Red,77,103,28,28,High,High,High,NA,NA,NA
CK-16,Chinook,South Thompson-Bessette Creek_SU_1.2,Abs_Abd,2010,202,202,0.105501663,0.008123628,10,-91.6821,81.3333,NA,0.078870175,0.000812363,6,8.123628069,NA,NA,NA,Red,Node3,"Have AbsLBM, then AbsLBM < 1.5",5,Red,Red,Red,Red,NA,NA,Red,Red,Red,Red,77,103,202,202,High,High,High,NA,NA,NA
CK-16,Chinook,South Thompson-Bessette Creek_SU_1.2,Abs_Abd,2011,8,8,0.561089063,0.043203858,61,-93.0778,82.9667,NA,0.41945493,0.004320386,6,43.20385783,NA,NA,NA,Red,Node3,"Have AbsLBM, then AbsLBM < 1.5",5,Red,Red,Amber,Red,NA,NA,Red,Red,Red,Red,77,103,8,8,High,High,High,NA,NA,NA
CK-16,Chinook,South Thompson-Bessette Creek_SU_1.2,Abs_Abd,2012,14,14,0.366387907,0.028211869,44,-95.0385,86.8,NA,0.273901639,0.002821187,6,28.21186882,Red,R,R,Red,Node3,"Have AbsLBM, then AbsLBM < 1.5",5,Red,Red,Red,Red,NA,NA,Red,Red,Red,Red,77,103,14,14,High,High,High,Red,Red,Red
CK-16,Chinook,South Thompson-Bessette Creek_SU_1.2,Abs_Abd,2013,195,195,0.595196373,0.045830121,67,-77.6976,68.6333,NA,0.444952628,0.004583012,6,45.83012068,NA,NA,NA,Red,Node3,"Have AbsLBM, then AbsLBM < 1.5",5,Red,Red,Amber,Red,NA,NA,Red,Red,Red,Red,77,103,195,195,High,High,High,NA,NA,NA
CK-16,Chinook,South Thompson-Bessette Creek_SU_1.2,Abs_Abd,2014,96,96,0.494185777,0.038052305,55,-37.0576,53.2667,NA,0.369439852,0.00380523,6,38.0523048,NA,NA,NA,Red,Node3,"Have AbsLBM, then AbsLBM < 1.5",5,Red,Red,Amber,Red,NA,NA,Red,Red,Red,Red,77,103,96,96,High,High,High,NA,NA,NA
CK-16,Chinook,South Thompson-Bessette Creek_SU_1.2,Abs_Abd,2015,144,144,1.017907626,0.078378887,109,70.1037,36.9,NA,0.76096007,0.007837889,6,78.37888717,NA,NA,NA,Red,Node3,"Have AbsLBM, then AbsLBM < 1.5",5,Amber,Red,Green,Green,NA,NA,Amber,Red,Amber,Red,77,103,144,144,High,High,High,NA,NA,NA
CK-16,Chinook,South Thompson-Bessette Creek_SU_1.2,Abs_Abd,2016,6.435541525,6.435541525,0.838151706,0.064537681,100,79.2918,36.3333,NA,0.62657943,0.006453768,6,64.53768134,NA,NA,NA,Red,Node3,"Have AbsLBM, then AbsLBM < 1.5",5,Red,Red,Green,Green,NA,NA,Red,Red,Red,Red,77,103,6.435541525,6.435541525,High,High,High,NA,NA,NA
CK-16,Chinook,South Thompson-Bessette Creek_SU_1.2,Abs_Abd,2017,17,17,0.455434798,0.035068479,57,198.8888,28.0667,NA,0.340470675,0.003506848,6,35.06847948,NA,NA,NA,Red,Node3,"Have AbsLBM, then AbsLBM < 1.5",5,Red,Red,Amber,Green,NA,NA,Red,Red,Red,Red,77,103,17,17,High,High,High,NA,NA,NA
CK-16,Chinook,South Thompson-Bessette Creek_SU_1.2,Abs_Abd,2018,4.201994813,4.201994813,0.208315833,0.016040319,29,350.2163,21.5667,NA,0.155731254,0.001604032,6,16.04031917,NA,NA,NA,Red,Node3,"Have AbsLBM, then AbsLBM < 1.5",5,Red,Red,Red,Green,NA,NA,Red,Red,Red,Red,77,103,4.201994813,4.201994813,High,High,High,NA,NA,NA
CK-16,Chinook,South Thompson-Bessette Creek_SU_1.2,Abs_Abd,2019,0.01,0.01,0.019016547,0.001464274,4,-98.2794,96.1667,NA,0.014216253,0.000146427,6,1.464274106,NA,NA,NA,Red,Node3,"Have AbsLBM, then AbsLBM < 1.5",5,Red,Red,Red,Red,NA,NA,Red,Red,Red,Red,77,103,0,0,High,High,High,NA,NA,NA
CK-16,Chinook,South Thompson-Bessette Creek_SU_1.2,Abs_Abd,2020,1.481723772,1.481723772,0.013172773,0.001014303,3,-98.6082,96.8333,NA,0.009847607,0.00010143,6,1.014303492,NA,NA,NA,Red,Node3,"Have AbsLBM, then AbsLBM < 1.5",5,Red,Red,Red,Red,NA,NA,Red,Red,Red,Red,77,103,1.481723772,1.481723772,High,High,High,NA,NA,NA
CK-16,Chinook,South Thompson-Bessette Creek_SU_1.2,Abs_Abd,2021,0.01,0.01,0.002051469,0.000157963,1,-99.8212,99.3,NA,0.001533622,1.58E-05,6,0.157963115,NA,NA,NA,Red,Node3,"Have AbsLBM, then AbsLBM < 1.5",5,Red,Red,Red,Red,NA,NA,Red,Red,Red,Red,77,103,0,0,High,High,High,NA,NA,NA
CK-16,Chinook,South Thompson-Bessette Creek_SU_1.2,Abs_Abd,2022,25,25,0.003203953,0.000246704,1,-98.5807,93.2333,NA,0.002395188,2.47E-05,6,0.246704354,NA,NA,NA,Red,Node3,"Have AbsLBM, then AbsLBM < 1.5",5,Red,Red,Red,Red,NA,NA,Red,Red,Red,Red,77,103,25,25,High,High,High,NA,NA,NA
CK-16,Chinook,South Thompson-Bessette Creek_SU_1.2,Abs_Abd,2023,6.788900348,6.788900348,0.01635445,0.001259293,5,-98.1267,92.1667,NA,0.012226142,0.000125929,6,1.259292662,NA,NA,NA,Red,Node3,"Have AbsLBM, then AbsLBM < 1.5",5,Red,Red,Red,Red,NA,NA,Red,Red,Red,Red,77,103,6.788900348,6.788900348,High,High,High,NA,NA,NA
CK-16,Chinook,South Thompson-Bessette Creek_SU_1.2,Abs_Abd,2024,2,2,0.017627943,0.001357352,6,-97.7098,91.0667,NA,0.013178171,0.000135735,6,1.357351601,NA,NA,NA,Red,Node3,"Have AbsLBM, then AbsLBM < 1.5",5,Red,Red,Red,Red,NA,NA,Red,Red,Red,Red,77,103,2,2,High,High,High,NA,NA,NA
CK-17,Chinook,Lower Thompson_SP_1.2,Abs_Abd,1995,10174,10174,4.357515034,11.59970502,NA,NA,NA,NA,3.218564101,1.159970502,4,11599.70502,NA,NA,NA,Green,Node36,"AbsLBM = NA OR AbsLBM >= 1.5, then AbsUBM = NA OR AbsUBM >= 1, then Have RelLBM, then RelLBM >= 1, then RelUBM >= 1.1",1,Green,Green,NA,NA,NA,NA,Green,Green,Green,Green,2662,3604,12433.83503,12433.83503,High,High,High,NA,NA,NA
CK-17,Chinook,Lower Thompson_SP_1.2,Abs_Abd,1996,24223,24223,5.638488268,15.00965577,NA,NA,NA,NA,4.164721356,1.500965577,4,15009.65577,NA,NA,NA,Green,Node36,"AbsLBM = NA OR AbsLBM >= 1.5, then AbsUBM = NA OR AbsUBM >= 1, then Have RelLBM, then RelLBM >= 1, then RelUBM >= 1.1",1,Green,Green,NA,NA,NA,NA,Green,Green,Green,Green,2662,3604,29603.37979,29603.37979,High,High,High,NA,NA,NA
CK-17,Chinook,Lower Thompson_SP_1.2,Abs_Abd,1997,20434,20434,6.631448828,17.65291678,NA,600.3534,0,NA,4.89814561,1.765291678,5,17652.91678,NA,NA,NA,Green,Node36,"AbsLBM = NA OR AbsLBM >= 1.5, then AbsUBM = NA OR AbsUBM >= 1, then Have RelLBM, then RelLBM >= 1, then RelUBM >= 1.1",1,Green,Green,NA,Green,NA,NA,Green,Green,Green,Green,2662,3604,24972.77227,24972.77227,High,High,High,NA,NA,NA
CK-17,Chinook,Lower Thompson_SP_1.2,Abs_Abd,1998,4107,4107,4.50496465,11.9922159,NA,354.4409,0.3333,NA,3.32747389,1.19922159,5,11992.2159,NA,NA,NA,Green,Node36,"AbsLBM = NA OR AbsLBM >= 1.5, then AbsUBM = NA OR AbsUBM >= 1, then Have RelLBM, then RelLBM >= 1, then RelUBM >= 1.1",1,Green,Green,NA,Green,NA,NA,Green,Green,Green,Green,2662,3604,7924.910779,7924.910779,High,High,High,NA,NA,NA
CK-17,Chinook,Lower Thompson_SP_1.2,Abs_Abd,1999,6405,6405,4.012806679,10.68209138,NA,146.0666,3.5,NA,2.963954323,1.068209138,5,10682.09138,NA,NA,NA,Green,Node36,"AbsLBM = NA OR AbsLBM >= 1.5, then AbsUBM = NA OR AbsUBM >= 1, then Have RelLBM, then RelLBM >= 1, then RelUBM >= 1.1",1,Green,Green,NA,Green,NA,NA,Green,Green,Green,Green,2662,3604,9346,9346,High,High,High,NA,NA,NA
CK-17,Chinook,Lower Thompson_SP_1.2,Abs_Abd,2000,11361,11361,3.320820454,8.840024048,116,115.1931,5.6667,NA,2.452836861,0.884002405,6,8840.024048,NA,NA,NA,Amber,Node22,"Have AbsLBM, then AbsLBM >= 1.5, then have AbsUBM, then AbsUBM < 1,then Have RelLBM, then RelLBM >= 1",3,Green,Amber,Green,Green,NA,NA,Green,Amber,Green,Amber,2662,3604,12733,12733,High,High,High,NA,NA,NA
CK-17,Chinook,Lower Thompson_SP_1.2,Abs_Abd,2001,13472,13472,2.992368446,7.965684804,101,84.7222,7.4667,NA,2.210234407,0.79656848,6,7965.684804,NA,NA,NA,Amber,Node22,"Have AbsLBM, then AbsLBM >= 1.5, then have AbsUBM, then AbsUBM < 1,then Have RelLBM, then RelLBM >= 1",3,Green,Amber,Green,Green,NA,NA,Green,Amber,Green,Amber,2662,3604,16353,16353,High,High,High,NA,NA,NA
CK-17,Chinook,Lower Thompson_SP_1.2,Abs_Abd,2002,18743,18743,4.373646388,11.64264669,140,31.1366,13.7333,NA,3.230479103,1.164264669,6,11642.64669,NA,NA,NA,Green,Node36,"AbsLBM = NA OR AbsLBM >= 1.5, then AbsUBM = NA OR AbsUBM >= 1, then Have RelLBM, then RelLBM >= 1, then RelUBM >= 1.1",1,Green,Green,Green,Green,NA,NA,Green,Green,Green,Green,2662,3604,21505,21505,High,High,High,NA,NA,NA
CK-17,Chinook,Lower Thompson_SP_1.2,Abs_Abd,2003,22432,22432,5.983163664,15.92718167,182,36.8047,14.6333,NA,4.419306791,1.592718167,6,15927.18167,NA,NA,NA,Green,Node36,"AbsLBM = NA OR AbsLBM >= 1.5, then AbsUBM = NA OR AbsUBM >= 1, then Have RelLBM, then RelLBM >= 1, then RelUBM >= 1.1",1,Green,Green,Green,Green,NA,NA,Green,Green,Green,Green,2662,3604,29980,29980,High,High,High,NA,NA,NA
CK-17,Chinook,Lower Thompson_SP_1.2,Abs_Abd,2004,16879,16879,6.605617483,17.58415374,194,28.1465,16.2333,NA,4.879065966,1.758415374,6,17584.15374,NA,NA,NA,Green,Node36,"AbsLBM = NA OR AbsLBM >= 1.5, then AbsUBM = NA OR AbsUBM >= 1, then Have RelLBM, then RelLBM >= 1, then RelUBM >= 1.1",1,Green,Green,Green,Green,NA,NA,Green,Green,Green,Green,2662,3604,20096,20096,High,High,High,NA,NA,NA
CK-17,Chinook,Lower Thompson_SP_1.2,Abs_Abd,2005,7831,7831,5.76779357,15.35386648,170,-8.1502,34.9667,NA,4.260229324,1.535386648,6,15353.86648,NA,NA,NA,Green,Node36,"AbsLBM = NA OR AbsLBM >= 1.5, then AbsUBM = NA OR AbsUBM >= 1, then Have RelLBM, then RelLBM >= 1, then RelUBM >= 1.1",1,Green,Green,Green,Green,NA,NA,Green,Green,Green,Green,2662,3604,12662,12662,High,High,High,NA,NA,NA
CK-17,Chinook,Lower Thompson_SP_1.2,Abs_Abd,2006,8296,8296,4.704539487,12.52348411,140,-7.383,34.9,NA,3.474884604,1.252348411,6,12523.48411,NA,NA,NA,Green,Node36,"AbsLBM = NA OR AbsLBM >= 1.5, then AbsUBM = NA OR AbsUBM >= 1, then Have RelLBM, then RelLBM >= 1, then RelUBM >= 1.1",1,Green,Green,Green,Green,NA,NA,Green,Green,Green,Green,2662,3604,10875,10875,High,High,High,NA,NA,NA
CK-17,Chinook,Lower Thompson_SP_1.2,Abs_Abd,2007,2300,2300,2.662147276,7.086636049,84,-57.7974,79.9333,NA,1.966325208,0.708663605,6,7086.636049,NA,NA,NA,Amber,Node22,"Have AbsLBM, then AbsLBM >= 1.5, then have AbsUBM, then AbsUBM < 1,then Have RelLBM, then RelLBM >= 1",3,Green,Amber,Green,Red,NA,NA,Green,Amber,Green,Amber,2662,3604,6946,6946,High,High,High,NA,NA,NA
CK-17,Chinook,Lower Thompson_SP_1.2,Abs_Abd,2008,10255,10255,2.350332554,6.256585258,74,-36.0207,60.8,NA,1.736011448,0.625658526,6,6256.585258,NA,NA,NA,Amber,Node22,"Have AbsLBM, then AbsLBM >= 1.5, then have AbsUBM, then AbsUBM < 1,then Have RelLBM, then RelLBM >= 1",3,Green,Amber,Amber,Red,NA,NA,Green,Amber,Green,Amber,2662,3604,10982,10982,High,High,High,NA,NA,NA
CK-17,Chinook,Lower Thompson_SP_1.2,Abs_Abd,2009,1914,1914,1.652572392,4.399147709,55,-54.277,74.5333,NA,1.22062922,0.439914771,6,4399.147709,NA,NA,NA,Amber,Node22,"Have AbsLBM, then AbsLBM >= 1.5, then have AbsUBM, then AbsUBM < 1,then Have RelLBM, then RelLBM >= 1",3,Green,Amber,Amber,Red,NA,NA,Green,Amber,Green,Amber,2662,3604,2203,2203,High,High,High,NA,NA,NA
CK-17,Chinook,Lower Thompson_SP_1.2,Abs_Abd,2010,6598,6598,1.560617186,4.154362949,52,-71.1769,91.5333,NA,1.15270892,0.415436295,6,4154.362949,NA,NA,NA,Amber,Node22,"Have AbsLBM, then AbsLBM >= 1.5, then have AbsUBM, then AbsUBM < 1,then Have RelLBM, then RelLBM >= 1",3,Green,Amber,Amber,Red,NA,NA,Green,Amber,Green,Amber,2662,3604,7188,7188,High,High,High,NA,NA,NA
CK-17,Chinook,Lower Thompson_SP_1.2,Abs_Abd,2011,4438,4438,1.839336761,4.896314457,63,-80.6306,98,NA,1.358577818,0.489631446,6,4896.314457,NA,NA,NA,Amber,Node22,"Have AbsLBM, then AbsLBM >= 1.5, then have AbsUBM, then AbsUBM < 1,then Have RelLBM, then RelLBM >= 1",3,Green,Amber,Amber,Red,NA,NA,Green,Amber,Green,Amber,2662,3604,4743,4743,High,High,High,NA,NA,NA
CK-17,Chinook,Lower Thompson_SP_1.2,Abs_Abd,2012,8932,8932,1.776906243,4.730124418,61,-75.8667,96.2667,NA,1.312465155,0.473012442,6,4730.124418,Red,R,R,Amber,Node22,"Have AbsLBM, then AbsLBM >= 1.5, then have AbsUBM, then AbsUBM < 1,then Have RelLBM, then RelLBM >= 1",3,Green,Amber,Amber,Red,NA,NA,Green,Amber,Green,Amber,2662,3604,10511,10511,High,High,High,Red,Red,Red
CK-17,Chinook,Lower Thompson_SP_1.2,Abs_Abd,2013,4972,4972,2.255858266,6.005094704,78,-75.0792,95.0333,NA,1.666230495,0.60050947,6,6005.094704,NA,NA,NA,Amber,Node22,"Have AbsLBM, then AbsLBM >= 1.5, then have AbsUBM, then AbsUBM < 1,then Have RelLBM, then RelLBM >= 1",3,Green,Amber,Green,Red,NA,NA,Green,Amber,Green,Amber,2662,3604,5670.182054,5670.182054,High,High,High,NA,NA,NA
CK-17,Chinook,Lower Thompson_SP_1.2,Abs_Abd,2014,21225,21225,3.021138648,8.042271081,101,-38.8081,59.8333,NA,2.231484762,0.804227108,6,8042.271081,NA,NA,NA,Amber,Node22,"Have AbsLBM, then AbsLBM >= 1.5, then have AbsUBM, then AbsUBM < 1,then Have RelLBM, then RelLBM >= 1",3,Green,Amber,Green,Red,NA,NA,Green,Amber,Green,Amber,2662,3604,23716.48429,23716.48429,High,High,High,NA,NA,NA
CK-17,Chinook,Lower Thompson_SP_1.2,Abs_Abd,2015,9223,9223,3.627370229,9.656059551,121,17.6037,25.3,NA,2.679261807,0.965605955,6,9656.059551,NA,NA,NA,Amber,Node22,"Have AbsLBM, then AbsLBM >= 1.5, then have AbsUBM, then AbsUBM < 1,then Have RelLBM, then RelLBM >= 1",3,Green,Amber,Green,Green,NA,NA,Green,Amber,Green,Amber,2662,3604,10083.26547,10083.26547,High,High,High,NA,NA,NA
CK-17,Chinook,Lower Thompson_SP_1.2,Abs_Abd,2016,7416.279452,7416.279452,3.46259125,9.217417908,116,86.8299,8.4,NA,2.557552139,0.921741791,6,9217.417908,NA,NA,NA,Amber,Node22,"Have AbsLBM, then AbsLBM >= 1.5, then have AbsUBM, then AbsUBM < 1,then Have RelLBM, then RelLBM >= 1",3,Green,Amber,Green,Green,NA,NA,Green,Amber,Green,Amber,2662,3604,8186.793392,8186.793392,High,High,High,NA,NA,NA
CK-17,Chinook,Lower Thompson_SP_1.2,Abs_Abd,2017,4232.643347,4232.643347,3.32599327,8.853794084,113,72.9237,10.7667,NA,2.456657626,0.885379408,6,8853.794084,NA,NA,NA,Amber,Node22,"Have AbsLBM, then AbsLBM >= 1.5, then have AbsUBM, then AbsUBM < 1,then Have RelLBM, then RelLBM >= 1",3,Green,Amber,Green,Green,NA,NA,Green,Amber,Green,Amber,2662,3604,4601.217545,4601.217545,High,High,High,NA,NA,NA
CK-17,Chinook,Lower Thompson_SP_1.2,Abs_Abd,2018,823,823,1.475908385,3.928868122,54,-13.3377,43.8333,NA,1.090140988,0.392886812,6,3928.868122,NA,NA,NA,Amber,Node22,"Have AbsLBM, then AbsLBM >= 1.5, then have AbsUBM, then AbsUBM < 1,then Have RelLBM, then RelLBM >= 1",3,Green,Amber,Amber,Green,NA,NA,Green,Amber,Green,Amber,2662,3604,982.8033145,982.8033145,High,High,High,NA,NA,NA
CK-17,Chinook,Lower Thompson_SP_1.2,Abs_Abd,2019,3459,3459,1.154992033,3.074588792,43,-51.8794,69.7667,NA,0.853104548,0.307458879,6,3074.588792,NA,NA,NA,Amber,Node22,"Have AbsLBM, then AbsLBM >= 1.5, then have AbsUBM, then AbsUBM < 1,then Have RelLBM, then RelLBM >= 1",3,Amber,Amber,Red,Red,NA,NA,Amber,Amber,Amber,Amber,2662,3604,3957.68964,3957.68964,High,High,High,NA,NA,NA
CK-17,Chinook,Lower Thompson_SP_1.2,Abs_Abd,2020,6576,6576,1.12078657,2.983533848,42,-26.763,51.0333,NA,0.82783958,0.298353385,6,2983.533848,NA,NA,NA,Amber,Node22,"Have AbsLBM, then AbsLBM >= 1.5, then have AbsUBM, then AbsUBM < 1,then Have RelLBM, then RelLBM >= 1",3,Amber,Amber,Red,Red,NA,NA,Amber,Amber,Amber,Amber,2662,3604,7205.812233,7205.812233,High,High,High,NA,NA,NA
CK-17,Chinook,Lower Thompson_SP_1.2,Abs_Abd,2021,3353,3353,1.057373417,2.814728035,40,-61.8857,83.4333,NA,0.78100112,0.281472804,6,2814.728035,NA,NA,NA,Amber,Node22,"Have AbsLBM, then AbsLBM >= 1.5, then have AbsUBM, then AbsUBM < 1,then Have RelLBM, then RelLBM >= 1",3,Amber,Amber,Red,Red,NA,NA,Amber,Amber,Amber,Amber,2662,3604,3779.768351,3779.768351,High,High,High,NA,NA,NA
CK-17,Chinook,Lower Thompson_SP_1.2,Abs_Abd,2022,5591,5591,1.707067924,4.544214813,66,-55.8329,77.8667,NA,1.260880914,0.454421481,6,4544.214813,NA,NA,NA,Amber,Node22,"Have AbsLBM, then AbsLBM >= 1.5, then have AbsUBM, then AbsUBM < 1,then Have RelLBM, then RelLBM >= 1",3,Green,Amber,Amber,Red,NA,NA,Green,Amber,Green,Amber,2662,3604,6832.86531,6832.86531,High,High,High,NA,NA,NA
CK-17,Chinook,Lower Thompson_SP_1.2,Abs_Abd,2023,9439,9439,2.194040591,5.840536052,84,-46.8867,67.2,NA,1.620570492,0.584053605,6,5840.536052,NA,NA,NA,Amber,Node22,"Have AbsLBM, then AbsLBM >= 1.5, then have AbsUBM, then AbsUBM < 1,then Have RelLBM, then RelLBM >= 1",3,Green,Amber,Green,Red,NA,NA,Green,Amber,Green,Amber,2662,3604,11535.57783,11535.57783,High,High,High,NA,NA,NA
CK-17,Chinook,Lower Thompson_SP_1.2,Abs_Abd,2024,3892,3892,1.924409157,5.122777175,74,-43.116,64.2,NA,1.421414311,0.512277718,6,5122.777175,NA,NA,NA,Amber,Node22,"Have AbsLBM, then AbsLBM >= 1.5, then have AbsUBM, then AbsUBM < 1,then Have RelLBM, then RelLBM >= 1",3,Green,Amber,Amber,Red,NA,NA,Green,Amber,Green,Amber,2662,3604,4756.485743,4756.485743,High,High,High,NA,NA,NA
CK-18,Chinook,North Thompson_SP_1.3,Rel_Idx,1995,NA,NA,NA,NA,NA,NA,NA,NA,NA,NA,0,NA,NA,NA,NA,None,Node16.NA,"No LongTrend, so no SynStatus",NA,NA,NA,NA,NA,NA,NA,NA,NA,NA,NA,898,3711,NA,NA,NA,NA,NA,NA,NA,NA
CK-18,Chinook,North Thompson_SP_1.3,Rel_Idx,1996,NA,NA,NA,NA,NA,NA,NA,NA,NA,NA,0,NA,NA,NA,NA,None,Node16.NA,"No LongTrend, so no SynStatus",NA,NA,NA,NA,NA,NA,NA,NA,NA,NA,NA,898,3711,NA,NA,NA,NA,NA,NA,NA,NA
CK-18,Chinook,North Thompson_SP_1.3,Rel_Idx,1997,NA,NA,NA,NA,NA,NA,NA,NA,NA,NA,0,NA,NA,NA,NA,None,Node16.NA,"No LongTrend, so no SynStatus",NA,NA,NA,NA,NA,NA,NA,NA,NA,NA,NA,898,3711,NA,NA,NA,NA,NA,NA,NA,NA
CK-18,Chinook,North Thompson_SP_1.3,Rel_Idx,1998,NA,NA,NA,NA,NA,NA,NA,NA,NA,NA,0,NA,NA,NA,NA,None,Node16.NA,"No LongTrend, so no SynStatus",NA,NA,NA,NA,NA,NA,NA,NA,NA,NA,NA,898,3711,NA,NA,NA,NA,NA,NA,NA,NA
CK-18,Chinook,North Thompson_SP_1.3,Rel_Idx,1999,535,535,NA,NA,NA,NA,NA,NA,NA,NA,0,NA,NA,NA,NA,None,Node16.NA,"No LongTrend, so no SynStatus",NA,NA,NA,NA,NA,NA,NA,NA,NA,NA,NA,898,3711,535,535,NA,NA,NA,NA,NA,NA
CK-18,Chinook,North Thompson_SP_1.3,Rel_Idx,2000,1746,1746,NA,NA,NA,NA,NA,NA,NA,NA,0,NA,NA,NA,NA,None,Node16.NA,"No LongTrend, so no SynStatus",NA,NA,NA,NA,NA,NA,NA,NA,NA,NA,NA,898,3711,1746,1746,NA,NA,NA,NA,NA,NA
CK-18,Chinook,North Thompson_SP_1.3,Rel_Idx,2001,1210,1210,NA,NA,NA,NA,NA,NA,NA,NA,0,NA,NA,NA,NA,None,Node16.NA,"No LongTrend, so no SynStatus",NA,NA,NA,NA,NA,NA,NA,NA,NA,NA,NA,898,3711,1210,1210,NA,NA,NA,NA,NA,NA
CK-18,Chinook,North Thompson_SP_1.3,Rel_Idx,2002,962,962,NA,NA,NA,NA,NA,NA,NA,NA,0,NA,NA,NA,NA,None,Node16.NA,"No LongTrend, so no SynStatus",NA,NA,NA,NA,NA,NA,NA,NA,NA,NA,NA,898,3711,962,962,NA,NA,NA,NA,NA,NA
CK-18,Chinook,North Thompson_SP_1.3,Rel_Idx,2003,374,374,NA,NA,NA,NA,NA,NA,NA,NA,0,835.3067929,NA,NA,NA,None,Node16.NA,"No LongTrend, so no SynStatus",NA,NA,NA,NA,NA,NA,NA,NA,NA,NA,NA,898,3711,374,374,NA,NA,NA,NA,NA,NA
CK-18,Chinook,North Thompson_SP_1.3,Rel_Idx,2004,690,690,NA,NA,NA,NA,NA,NA,NA,NA,0,878.9113542,NA,NA,NA,None,Node16.NA,"No LongTrend, so no SynStatus",NA,NA,NA,NA,NA,NA,NA,NA,NA,NA,NA,898,3711,690,690,NA,NA,NA,NA,NA,NA
CK-18,Chinook,North Thompson_SP_1.3,Rel_Idx,2005,348.3416335,348.3416335,NA,NA,NA,NA,NA,NA,NA,NA,0,636.7035977,NA,NA,NA,None,Node16.NA,"No LongTrend, so no SynStatus",NA,NA,NA,NA,NA,NA,NA,NA,NA,NA,NA,898,3711,348.3416335,348.3416335,NA,NA,NA,NA,NA,NA
CK-18,Chinook,North Thompson_SP_1.3,Rel_Idx,2006,410,410,NA,NA,NA,NA,NA,NA,NA,NA,0,512.7869936,NA,NA,NA,None,Node16.NA,"No LongTrend, so no SynStatus",NA,NA,NA,NA,NA,NA,NA,NA,NA,NA,NA,898,3711,410,410,NA,NA,NA,NA,NA,NA
CK-18,Chinook,North Thompson_SP_1.3,Rel_Idx,2007,155,155,NA,NA,NA,NA,NA,NA,NA,NA,0,355.9330584,NA,NA,NA,None,Node16.NA,"No LongTrend, so no SynStatus",NA,NA,NA,NA,NA,NA,NA,NA,NA,NA,NA,898,3711,155,155,NA,NA,NA,NA,NA,NA
CK-18,Chinook,North Thompson_SP_1.3,Rel_Idx,2008,238,238,NA,NA,NA,NA,NA,NA,NA,NA,0,325.1691961,NA,NA,NA,None,Node16.NA,"No LongTrend, so no SynStatus",NA,NA,NA,NA,NA,NA,NA,NA,NA,NA,NA,898,3711,238,238,NA,NA,NA,NA,NA,NA
CK-18,Chinook,North Thompson_SP_1.3,Rel_Idx,2009,154,154,NA,NA,NA,NA,NA,NA,NA,NA,0,240.9038404,NA,NA,NA,None,Node16.NA,"No LongTrend, so no SynStatus",NA,NA,NA,NA,NA,NA,NA,NA,NA,NA,NA,898,3711,154,154,NA,NA,NA,NA,NA,NA
CK-18,Chinook,North Thompson_SP_1.3,Rel_Idx,2010,224,224,NA,NA,NA,NA,NA,NA,NA,NA,0,220.5424781,NA,NA,NA,None,Node16.NA,"No LongTrend, so no SynStatus",NA,NA,NA,NA,NA,NA,NA,NA,NA,NA,NA,898,3711,224,224,NA,NA,NA,NA,NA,NA
CK-18,Chinook,North Thompson_SP_1.3,Rel_Idx,2011,319,319,NA,NA,NA,NA,NA,NA,NA,NA,0,209.7459653,NA,NA,NA,None,Node16.NA,"No LongTrend, so no SynStatus",NA,NA,NA,NA,NA,NA,NA,NA,NA,NA,NA,898,3711,319,319,NA,NA,NA,NA,NA,NA
CK-18,Chinook,North Thompson_SP_1.3,Rel_Idx,2012,196,196,NA,NA,NA,NA,NA,NA,NA,NA,0,219.8257128,Red,R,R,None,Node16.NA,"No LongTrend, so no SynStatus",NA,NA,NA,NA,NA,NA,NA,NA,NA,NA,NA,898,3711,196,196,NA,NA,NA,Red,Red,Red
CK-18,Chinook,North Thompson_SP_1.3,Rel_Idx,2013,159,159,NA,NA,53,-85.9843,100,NA,NA,NA,2,202.7881268,NA,NA,NA,Red,Node17,"AbsLBM = NA OR AbsLBM >= 1.5, then AbsUBM = NA OR AbsUBM >= 1, then Don't have RelLBM, then LongTrend < 79",5,NA,NA,Amber,Red,NA,NA,NA,NA,NA,NA,898,3711,159,159,Moderate,Moderate,High,NA,NA,NA
CK-18,Chinook,North Thompson_SP_1.3,Rel_Idx,2014,142,142,NA,NA,56,-88.5892,100,NA,NA,NA,2,199.524416,NA,NA,NA,Red,Node17,"AbsLBM = NA OR AbsLBM >= 1.5, then AbsUBM = NA OR AbsUBM >= 1, then Don't have RelLBM, then LongTrend < 79",5,NA,NA,Amber,Red,NA,NA,NA,NA,NA,NA,898,3711,142,142,Moderate,Moderate,High,NA,NA,NA
CK-18,Chinook,North Thompson_SP_1.3,Rel_Idx,2015,106.8984907,106.8984907,NA,NA,52,-85.7018,100,NA,NA,NA,2,172.0841057,NA,NA,NA,Red,Node17,"AbsLBM = NA OR AbsLBM >= 1.5, then AbsUBM = NA OR AbsUBM >= 1, then Don't have RelLBM, then LongTrend < 79",5,NA,NA,Amber,Red,NA,NA,NA,NA,NA,NA,898,3711,106.8984907,106.8984907,Moderate,Moderate,High,NA,NA,NA
CK-18,Chinook,North Thompson_SP_1.3,Rel_Idx,2016,174,174,NA,NA,47,-79.1296,99.8667,NA,NA,NA,2,152.4377298,NA,NA,NA,Red,Node17,"AbsLBM = NA OR AbsLBM >= 1.5, then AbsUBM = NA OR AbsUBM >= 1, then Don't have RelLBM, then LongTrend < 79",5,NA,NA,Red,Red,NA,NA,NA,NA,NA,NA,898,3711,174,174,Moderate,Moderate,High,NA,NA,NA
CK-18,Chinook,North Thompson_SP_1.3,Rel_Idx,2017,92,92,NA,NA,44,-75.1487,99.9333,NA,NA,NA,2,131.038473,NA,NA,NA,Red,Node17,"AbsLBM = NA OR AbsLBM >= 1.5, then AbsUBM = NA OR AbsUBM >= 1, then Don't have RelLBM, then LongTrend < 79",5,NA,NA,Red,Red,NA,NA,NA,NA,NA,NA,898,3711,92,92,Moderate,Moderate,High,NA,NA,NA
CK-18,Chinook,North Thompson_SP_1.3,Rel_Idx,2018,61,61,NA,NA,39,-80.3434,99.9333,NA,NA,NA,2,108.1895628,NA,NA,NA,Red,Node17,"AbsLBM = NA OR AbsLBM >= 1.5, then AbsUBM = NA OR AbsUBM >= 1, then Don't have RelLBM, then LongTrend < 79",5,NA,NA,Red,Red,NA,NA,NA,NA,NA,NA,898,3711,61,61,Moderate,Moderate,High,NA,NA,NA
CK-18,Chinook,North Thompson_SP_1.3,Rel_Idx,2019,424,424,NA,NA,47,-55.8303,88.6,NA,NA,NA,2,134.648298,NA,NA,NA,Red,Node17,"AbsLBM = NA OR AbsLBM >= 1.5, then AbsUBM = NA OR AbsUBM >= 1, then Don't have RelLBM, then LongTrend < 79",5,NA,NA,Red,Red,NA,NA,NA,NA,NA,NA,898,3711,424,424,Moderate,Moderate,High,NA,NA,NA
CK-18,Chinook,North Thompson_SP_1.3,Rel_Idx,2020,473,473,NA,NA,62,-24.356,49.3,NA,NA,NA,2,181.2920591,NA,NA,NA,Red,Node17,"AbsLBM = NA OR AbsLBM >= 1.5, then AbsUBM = NA OR AbsUBM >= 1, then Don't have RelLBM, then LongTrend < 79",5,NA,NA,Amber,Amber,NA,NA,NA,NA,NA,NA,898,3711,473,473,Moderate,Moderate,High,NA,NA,NA
CK-18,Chinook,North Thompson_SP_1.3,Rel_Idx,2021,281,281,NA,NA,69,19.8457,16.8,NA,NA,NA,2,199.5309158,NA,NA,NA,Red,Node17,"AbsLBM = NA OR AbsLBM >= 1.5, then AbsUBM = NA OR AbsUBM >= 1, then Don't have RelLBM, then LongTrend < 79",5,NA,NA,Amber,Green,NA,NA,NA,NA,NA,NA,898,3711,281,281,Moderate,Moderate,High,NA,NA,NA
CK-18,Chinook,North Thompson_SP_1.3,Rel_Idx,2022,369,369,NA,NA,90,40.5351,11.6,NA,NA,NA,2,263.425555,NA,NA,NA,Amber,Node65,"AbsLBM = NA OR AbsLBM >= 1.5, then AbsUBM = NA OR AbsUBM >= 1, then Don't have RelLBM, then LongTrend >= 79, then PercChange >= -70, then LongTrend < 233",3,NA,NA,Green,Green,NA,NA,NA,NA,NA,NA,898,3711,369,369,Low,Low,Moderate,NA,NA,NA
CK-18,Chinook,North Thompson_SP_1.3,Rel_Idx,2023,454,454,NA,NA,132,107.3537,2.8667,NA,NA,NA,2,393.5528912,NA,NA,NA,Amber,Node65,"AbsLBM = NA OR AbsLBM >= 1.5, then AbsUBM = NA OR AbsUBM >= 1, then Don't have RelLBM, then LongTrend >= 79, then PercChange >= -70, then LongTrend < 233",3,NA,NA,Green,Green,NA,NA,NA,NA,NA,NA,898,3711,454,454,Low,Low,Moderate,NA,NA,NA
CK-18,Chinook,North Thompson_SP_1.3,Rel_Idx,2024,385,385,NA,NA,128,126.6544,2.3333,NA,NA,NA,2,386.0309111,NA,NA,NA,Amber,Node65,"AbsLBM = NA OR AbsLBM >= 1.5, then AbsUBM = NA OR AbsUBM >= 1, then Don't have RelLBM, then LongTrend >= 79, then PercChange >= -70, then LongTrend < 233",3,NA,NA,Green,Green,NA,NA,NA,NA,NA,NA,898,3711,385,385,Low,Low,Moderate,NA,NA,NA
CK-19,Chinook,North Thompson_SU_1.3,Rel_Idx,1995,NA,NA,NA,NA,NA,NA,NA,NA,NA,NA,0,NA,NA,NA,NA,None,Node16.NA,"No LongTrend, so no SynStatus",NA,NA,NA,NA,NA,NA,NA,NA,NA,NA,NA,1756,7481,NA,NA,NA,NA,NA,NA,NA,NA
CK-19,Chinook,North Thompson_SU_1.3,Rel_Idx,1996,NA,NA,NA,NA,NA,NA,NA,NA,NA,NA,0,NA,NA,NA,NA,None,Node16.NA,"No LongTrend, so no SynStatus",NA,NA,NA,NA,NA,NA,NA,NA,NA,NA,NA,1756,7481,NA,NA,NA,NA,NA,NA,NA,NA
CK-19,Chinook,North Thompson_SU_1.3,Rel_Idx,1997,9908.661429,9908.661429,NA,NA,NA,NA,NA,NA,NA,NA,0,NA,NA,NA,NA,None,Node16.NA,"No LongTrend, so no SynStatus",NA,NA,NA,NA,NA,NA,NA,NA,NA,NA,NA,1756,7481,9908.661429,9908.661429,NA,NA,NA,NA,NA,NA
CK-19,Chinook,North Thompson_SU_1.3,Rel_Idx,1998,7386.704354,7386.704354,NA,NA,NA,NA,NA,NA,NA,NA,0,NA,NA,NA,NA,None,Node16.NA,"No LongTrend, so no SynStatus",NA,NA,NA,NA,NA,NA,NA,NA,NA,NA,NA,1756,7481,7386.704354,7386.704354,NA,NA,NA,NA,NA,NA
CK-19,Chinook,North Thompson_SU_1.3,Rel_Idx,1999,5398.644597,5398.644597,NA,NA,NA,NA,NA,NA,NA,NA,0,NA,NA,NA,NA,None,Node16.NA,"No LongTrend, so no SynStatus",NA,NA,NA,NA,NA,NA,NA,NA,NA,NA,NA,1756,7481,5398.644597,5398.644597,NA,NA,NA,NA,NA,NA
CK-19,Chinook,North Thompson_SU_1.3,Rel_Idx,2000,5855,5855,NA,NA,NA,NA,NA,NA,NA,NA,0,NA,NA,NA,NA,None,Node16.NA,"No LongTrend, so no SynStatus",NA,NA,NA,NA,NA,NA,NA,NA,NA,NA,NA,1756,7481,5855,5855,NA,NA,NA,NA,NA,NA
CK-19,Chinook,North Thompson_SU_1.3,Rel_Idx,2001,4477,4477,NA,NA,NA,NA,NA,NA,NA,NA,0,6354.08306,NA,NA,NA,None,Node16.NA,"No LongTrend, so no SynStatus",NA,NA,NA,NA,NA,NA,NA,NA,NA,NA,NA,1756,7481,4477,4477,NA,NA,NA,NA,NA,NA
CK-19,Chinook,North Thompson_SU_1.3,Rel_Idx,2002,6830,6830,NA,NA,NA,NA,NA,NA,NA,NA,0,5898.397414,NA,NA,NA,None,Node16.NA,"No LongTrend, so no SynStatus",NA,NA,NA,NA,NA,NA,NA,NA,NA,NA,NA,1756,7481,6830,6830,NA,NA,NA,NA,NA,NA
CK-19,Chinook,North Thompson_SU_1.3,Rel_Idx,2003,7606,7606,NA,NA,NA,NA,NA,NA,NA,NA,0,5933.01097,NA,NA,NA,None,Node16.NA,"No LongTrend, so no SynStatus",NA,NA,NA,NA,NA,NA,NA,NA,NA,NA,NA,1756,7481,7606,7606,NA,NA,NA,NA,NA,NA
CK-19,Chinook,North Thompson_SU_1.3,Rel_Idx,2004,6180,6180,NA,NA,NA,NA,NA,NA,NA,NA,0,6095.592117,NA,NA,NA,None,Node16.NA,"No LongTrend, so no SynStatus",NA,NA,NA,NA,NA,NA,NA,NA,NA,NA,NA,1756,7481,6180,6180,NA,NA,NA,NA,NA,NA
CK-19,Chinook,North Thompson_SU_1.3,Rel_Idx,2005,4183,4183,NA,NA,NA,NA,NA,NA,NA,NA,0,5699.123809,NA,NA,NA,None,Node16.NA,"No LongTrend, so no SynStatus",NA,NA,NA,NA,NA,NA,NA,NA,NA,NA,NA,1756,7481,4183,4183,NA,NA,NA,NA,NA,NA
CK-19,Chinook,North Thompson_SU_1.3,Rel_Idx,2006,4398,4398,NA,NA,NA,NA,NA,NA,NA,NA,0,5678.867266,NA,NA,NA,None,Node16.NA,"No LongTrend, so no SynStatus",NA,NA,NA,NA,NA,NA,NA,NA,NA,NA,NA,1756,7481,4398,4398,NA,NA,NA,NA,NA,NA
CK-19,Chinook,North Thompson_SU_1.3,Rel_Idx,2007,2111,2111,NA,NA,NA,NA,NA,NA,NA,NA,0,4490.298618,NA,NA,NA,None,Node16.NA,"No LongTrend, so no SynStatus",NA,NA,NA,NA,NA,NA,NA,NA,NA,NA,NA,1756,7481,2111,2111,NA,NA,NA,NA,NA,NA
CK-19,Chinook,North Thompson_SU_1.3,Rel_Idx,2008,3911,3911,NA,NA,NA,NA,NA,NA,NA,NA,0,3930.986232,NA,NA,NA,None,Node16.NA,"No LongTrend, so no SynStatus",NA,NA,NA,NA,NA,NA,NA,NA,NA,NA,NA,1756,7481,3911,3911,NA,NA,NA,NA,NA,NA
CK-19,Chinook,North Thompson_SU_1.3,Rel_Idx,2009,6444,6444,NA,NA,NA,NA,NA,NA,NA,NA,0,3964.011759,NA,NA,NA,None,Node16.NA,"No LongTrend, so no SynStatus",NA,NA,NA,NA,NA,NA,NA,NA,NA,NA,NA,1756,7481,6444,6444,NA,NA,NA,NA,NA,NA
CK-19,Chinook,North Thompson_SU_1.3,Rel_Idx,2010,1402,1402,NA,NA,NA,NA,NA,NA,NA,NA,0,3185.568615,NA,NA,NA,None,Node16.NA,"No LongTrend, so no SynStatus",NA,NA,NA,NA,NA,NA,NA,NA,NA,NA,NA,1756,7481,1402,1402,NA,NA,NA,NA,NA,NA
CK-19,Chinook,North Thompson_SU_1.3,Rel_Idx,2011,1412,1412,NA,NA,56,-75.3254,99.6,NA,NA,NA,2,2538.06569,NA,NA,NA,Red,Node17,"AbsLBM = NA OR AbsLBM >= 1.5, then AbsUBM = NA OR AbsUBM >= 1, then Don't have RelLBM, then LongTrend < 79",5,NA,NA,Amber,Red,NA,NA,NA,NA,NA,NA,1756,7481,1412,1412,Moderate,Moderate,High,NA,NA,NA
CK-19,Chinook,North Thompson_SU_1.3,Rel_Idx,2012,2414,2414,NA,NA,60,-72.6344,99.4333,NA,NA,NA,2,2607.069836,Red,R,R,Red,Node17,"AbsLBM = NA OR AbsLBM >= 1.5, then AbsUBM = NA OR AbsUBM >= 1, then Don't have RelLBM, then LongTrend < 79",5,NA,NA,Amber,Red,NA,NA,NA,NA,NA,NA,1756,7481,2414,2414,Moderate,Moderate,High,Red,Red,Red
CK-19,Chinook,North Thompson_SU_1.3,Rel_Idx,2013,2479,2479,NA,NA,57,-71.1446,99.3,NA,NA,NA,2,2379.854506,NA,NA,NA,Red,Node17,"AbsLBM = NA OR AbsLBM >= 1.5, then AbsUBM = NA OR AbsUBM >= 1, then Don't have RelLBM, then LongTrend < 79",5,NA,NA,Amber,Red,NA,NA,NA,NA,NA,NA,1756,7481,2479,2479,Moderate,Moderate,High,NA,NA,NA
CK-19,Chinook,North Thompson_SU_1.3,Rel_Idx,2014,3220,3220,NA,NA,50,-68.958,98.5333,NA,NA,NA,2,2071.526412,NA,NA,NA,Red,Node17,"AbsLBM = NA OR AbsLBM >= 1.5, then AbsUBM = NA OR AbsUBM >= 1, then Don't have RelLBM, then LongTrend < 79",5,NA,NA,Red,Red,NA,NA,NA,NA,NA,NA,1756,7481,3220,3220,Moderate,Moderate,High,NA,NA,NA
CK-19,Chinook,North Thompson_SU_1.3,Rel_Idx,2015,5587,5587,NA,NA,65,-57.5194,89.4,NA,NA,NA,2,2731.345293,NA,NA,NA,Red,Node17,"AbsLBM = NA OR AbsLBM >= 1.5, then AbsUBM = NA OR AbsUBM >= 1, then Don't have RelLBM, then LongTrend < 79",5,NA,NA,Amber,Red,NA,NA,NA,NA,NA,NA,1756,7481,5587,5587,Moderate,Moderate,High,NA,NA,NA
CK-19,Chinook,North Thompson_SU_1.3,Rel_Idx,2016,804,804,NA,NA,63,-72.8221,97.7,NA,NA,NA,2,2440.399216,NA,NA,NA,Red,Node17,"AbsLBM = NA OR AbsLBM >= 1.5, then AbsUBM = NA OR AbsUBM >= 1, then Don't have RelLBM, then LongTrend < 79",5,NA,NA,Amber,Red,NA,NA,NA,NA,NA,NA,1756,7481,804,804,Moderate,Moderate,High,NA,NA,NA
CK-19,Chinook,North Thompson_SU_1.3,Rel_Idx,2017,1453,1453,NA,NA,60,-72.3151,97.6667,NA,NA,NA,2,2204.786528,NA,NA,NA,Red,Node17,"AbsLBM = NA OR AbsLBM >= 1.5, then AbsUBM = NA OR AbsUBM >= 1, then Don't have RelLBM, then LongTrend < 79",5,NA,NA,Amber,Red,NA,NA,NA,NA,NA,NA,1756,7481,1453,1453,Moderate,Moderate,High,NA,NA,NA
CK-19,Chinook,North Thompson_SU_1.3,Rel_Idx,2018,674,674,NA,NA,50,-75.7179,98.1333,NA,NA,NA,2,1699.194996,NA,NA,NA,Red,Node17,"AbsLBM = NA OR AbsLBM >= 1.5, then AbsUBM = NA OR AbsUBM >= 1, then Don't have RelLBM, then LongTrend < 79",5,NA,NA,Red,Red,NA,NA,NA,NA,NA,NA,1756,7481,674,674,Moderate,Moderate,High,NA,NA,NA
CK-19,Chinook,North Thompson_SU_1.3,Rel_Idx,2019,1015,1015,NA,NA,42,-74.3314,97.6667,NA,NA,NA,2,1348.854964,NA,NA,NA,Red,Node17,"AbsLBM = NA OR AbsLBM >= 1.5, then AbsUBM = NA OR AbsUBM >= 1, then Don't have RelLBM, then LongTrend < 79",5,NA,NA,Red,Red,NA,NA,NA,NA,NA,NA,1756,7481,1015,1015,Moderate,Moderate,High,NA,NA,NA
CK-19,Chinook,North Thompson_SU_1.3,Rel_Idx,2020,4002,4002,NA,NA,39,-59.708,86.1,NA,NA,NA,2,1261.783771,NA,NA,NA,Red,Node17,"AbsLBM = NA OR AbsLBM >= 1.5, then AbsUBM = NA OR AbsUBM >= 1, then Don't have RelLBM, then LongTrend < 79",5,NA,NA,Red,Red,NA,NA,NA,NA,NA,NA,1756,7481,4002,4002,Moderate,Moderate,High,NA,NA,NA
CK-19,Chinook,North Thompson_SU_1.3,Rel_Idx,2021,3961,3961,NA,NA,53,-37.4962,61.3333,NA,NA,NA,2,1735.780064,NA,NA,NA,Red,Node17,"AbsLBM = NA OR AbsLBM >= 1.5, then AbsUBM = NA OR AbsUBM >= 1, then Don't have RelLBM, then LongTrend < 79",5,NA,NA,Amber,Red,NA,NA,NA,NA,NA,NA,1756,7481,3961,3961,Moderate,Moderate,High,NA,NA,NA
CK-19,Chinook,North Thompson_SU_1.3,Rel_Idx,2022,6076,6076,NA,NA,69,-8.998,37.9,NA,NA,NA,2,2310.814724,NA,NA,NA,Red,Node17,"AbsLBM = NA OR AbsLBM >= 1.5, then AbsUBM = NA OR AbsUBM >= 1, then Don't have RelLBM, then LongTrend < 79",5,NA,NA,Amber,Green,NA,NA,NA,NA,NA,NA,1756,7481,6076,6076,Moderate,Moderate,High,NA,NA,NA
CK-19,Chinook,North Thompson_SU_1.3,Rel_Idx,2023,4593,4593,NA,NA,99,38.8568,17.6,NA,NA,NA,2,3391.973385,NA,NA,NA,Amber,Node65,"AbsLBM = NA OR AbsLBM >= 1.5, then AbsUBM = NA OR AbsUBM >= 1, then Don't have RelLBM, then LongTrend >= 79, then PercChange >= -70, then LongTrend < 233",3,NA,NA,Green,Green,NA,NA,NA,NA,NA,NA,1756,7481,4593,4593,Low,Low,Moderate,NA,NA,NA
CK-19,Chinook,North Thompson_SU_1.3,Rel_Idx,2024,2913.387135,2913.387135,NA,NA,123,115.713,4.4,NA,NA,NA,2,4188.310466,NA,NA,NA,Amber,Node65,"AbsLBM = NA OR AbsLBM >= 1.5, then AbsUBM = NA OR AbsUBM >= 1, then Don't have RelLBM, then LongTrend >= 79, then PercChange >= -70, then LongTrend < 233",3,NA,NA,Green,Green,NA,NA,NA,NA,NA,NA,1756,7481,2913.387135,2913.387135,Low,Low,Moderate,NA,NA,NA
