PROGRAM_CODE,PROJ_NAME,SPECIES_NAME,RUN_NAME,BROOD_YEAR,STOCK_NAME,STOCK_PROD_AREA_CODE,STOCK_CU_INDEX,STOCK_CU_NAME,STOCK_TYPE_CODE,REARING_TYPE_CODE,FACILITY_NAME,RELEASE_SITE_NAME,REL_CU_INDEX,REL_CU_NAME,RELEASE_STAGE_NAME,MRP_TAGCODE,RELEASE_YEAR,START_DATE,END_DATE,AVE_WEIGHT,PURPOSE_CODE,TRANSFER,RELEASE_COMMENT,RowNum,TaggedClip,TaggedNum,ShedTagNum,NoTagClip,NoTagNum,NoTagPartMarkNum,UnmarkedNum,TotalRelease
CDP,Chehalis Band,Chinook,Fall,1980,Harrison R,LWFR,CK-03,LOWER FRASER RIVER_FA_0.3,W,H,Smokehouse H,Billy Harris Sl,CK-03,LOWER FRASER RIVER_FA_0.3,Smolt 0+,022109,1981,19810629,19810704,5,P,N,CONTRIBUTION AND DISTRIBUTION,1,AD,18900,31,,0,0,223,19154
CDP,Chehalis Band,Chinook,Fall,1980,Harrison R,LWFR,CK-03,LOWER FRASER RIVER_FA_0.3,W,H,Smokehouse H,Billy Harris Sl,CK-03,LOWER FRASER RIVER_FA_0.3,Smolt 0+,022113,1981,19810629,19810704,5,P,N,CONTRIBUTION AND DISTRIBUTION,1,AD,19876,34,,0,0,234,20144
CDP,Chehalis Band,Chinook,Fall,1981,Harrison R,LWFR,CK-03,LOWER FRASER RIVER_FA_0.3,W,H,Smokehouse H,Harrison R,CK-03,LOWER FRASER RIVER_FA_0.3,Fed Fry,022205,1982,198205,198205,1.6,P,N,CONTRIBUTION AND DISTRIBUTION,1,AD,43460,810,,0,0,35321,79591
CDP,Chehalis Band,Chinook,Fall,1982,Harrison R,LWFR,CK-03,LOWER FRASER RIVER_FA_0.3,M,H,Smokehouse H,Harrison R,CK-03,LOWER FRASER RIVER_FA_0.3,Fed Fry,NOCN8216,1983,198304,19830425,0,B,N,,1,,0,0,,0,0,70138,70138
CDP,Chehalis Band,Chinook,Fall,1985,Harrison R,LWFR,CK-03,LOWER FRASER RIVER_FA_0.3,M,H,Smokehouse H,Harrison R,CK-03,LOWER FRASER RIVER_FA_0.3,Fed Fry,NOCN8530,1986,198606,19860606,2.8,B,N,COMPARE INCUBATION AND EARLY REARING SURVIVAL TO CHEHALIS H (OPERATIONS).,1,,0,0,,0,0,61661,61661
CDP,Deadman R,Chinook,Spring,1985,Deadman R,TOMM,CK-17,LOWER THOMPSON_SP_1.2,W,W,Deadman River H,Deadman R,CK-17,LOWER THOMPSON_SP_1.2,Nat Fry,023842,1986,19860801,19860831,0,B,N,RECONNAISSANCE PRIOR TO HATCHERY CONSTRUCTION,1,AD,6834,716,,0,0,,7550
CDP,Deadman R,Chinook,Spring,1986,Deadman R,TOMM,CK-17,LOWER THOMPSON_SP_1.2,W,W,Deadman River H,Deadman R,CK-17,LOWER THOMPSON_SP_1.2,Nat Fry,023843,1987,19870625,19870629,1.7,B,N,RECONNAISSANCE PRIOR TO HATCHERY CONSTRUCTION,1,AD,8444,60,,0,0,347,8851
CDP,Deadman R,Chinook,Spring,1986,Deadman R,TOMM,CK-17,LOWER THOMPSON_SP_1.2,W,W,Deadman River H,Deadman R,CK-17,LOWER THOMPSON_SP_1.2,Nat Fry,023844,1987,19870629,19870708,1.7,B,N,RECONNAISSANCE PRIOR TO HATCHERY CONSTRUCTION,1,AD,9150,97,,0,0,450,9697
CDP,Deadman R,Chinook,Spring,1986,Deadman R,TOMM,CK-17,LOWER THOMPSON_SP_1.2,W,W,Deadman River H,Deadman R,CK-17,LOWER THOMPSON_SP_1.2,Nat Fry,023845,1987,19870629,19870817,2.1,B,N,RECONNAISSANCE PRIOR TO HATCHERY CONSTRUCTION,1,AD,7452,63,,0,0,177,7692
CDP,Deadman R,Chinook,Spring,1986,Deadman R,TOMM,CK-17,LOWER THOMPSON_SP_1.2,W,W,Deadman River H,Deadman R,CK-17,LOWER THOMPSON_SP_1.2,Nat Fry,023846,1987,19870817,19871112,3.8,B,N,RECONNAISSANCE PRIOR TO HATCHERY CONSTRUCTION,1,AD,4359,3,,0,0,27,4389
CDP,Deadman R,Chinook,Spring,1988,Deadman R,TOMM,CK-17,LOWER THOMPSON_SP_1.2,W,H,Deadman River H,Deadman R,CK-17,LOWER THOMPSON_SP_1.2,Smolt 1+,026302,1990,19900329,19900420,18.9,P,N,YEARLING RELEASE - SURVIVAL COMPARISON TO EARLIER WILD TAGGING,1,AD,18244,0,,0,0,,18244
CDP,Deadman R,Chinook,Spring,1989,Deadman R,TOMM,CK-17,LOWER THOMPSON_SP_1.2,W,H,Deadman River H,Deadman R,CK-17,LOWER THOMPSON_SP_1.2,Fed Fry,NOCN8979,1990,19900613,19900613,1.8,B,N,RELEASED DURING FLOOD THAT DESTROYED HATCHERY.,1,,0,0,,0,0,75857,75857
CDP,Deadman R,Chinook,Spring,1990,Deadman R,TOMM,CK-17,LOWER THOMPSON_SP_1.2,M,H,Deadman River H,Deadman R,CK-17,LOWER THOMPSON_SP_1.2,Smolt 1+,021029,1992,19920428,19920428,30.5,P,N,YEARLING RELEASE,1,AD,7888,0,,0,0,3652,11540
CDP,Deadman R,Chinook,Spring,1990,Deadman R,TOMM,CK-17,LOWER THOMPSON_SP_1.2,M,H,Deadman River H,Deadman R,CK-17,LOWER THOMPSON_SP_1.2,Smolt 0+,NOCN9051,1991,19910516,19910516,5.5,B,N,ACCELERATED GROWTH,1,,0,0,,0,0,25700,25700
CDP,Deadman R,Chinook,Spring,1991,Deadman R,TOMM,CK-17,LOWER THOMPSON_SP_1.2,M,H,Deadman River H,Deadman R,CK-17,LOWER THOMPSON_SP_1.2,Smolt 1+,020861,1993,19930413,19930419,17.2,P,N,YEARLING RELEASE; IFF MARK-ONLY FISHERY; MORTALITIES NOT RECORDED SO REL # EST,1,AD,3000,0,,0,0,,3000
CDP,Deadman R,Chinook,Spring,1993,Deadman R,TOMM,CK-17,LOWER THOMPSON_SP_1.2,M,H,Deadman River H,Deadman R,CK-17,LOWER THOMPSON_SP_1.2,Smolt 1+,020929,1995,19950422,19950510,18,P,N,EXTENDED REARING; DEVELOP IFF MARK-ONLY FISHERY; ALSO SEE 181327,1,AD,8066,0,,0,0,1928,9994
CDP,Deadman R,Chinook,Spring,1993,Deadman R,TOMM,CK-17,LOWER THOMPSON_SP_1.2,M,H,Deadman River H,Deadman R,CK-17,LOWER THOMPSON_SP_1.2,Smolt 1+,181327,1995,19950422,19950510,18,P,N,EXTENDED REARING; DEVELOP IFF MARK-ONLY FISHERY; ALSO SEE 020929,1,AD,23338,0,,0,0,5578,28916
CDP,Deadman R,Chinook,Spring,1994,Deadman R,TOMM,CK-17,LOWER THOMPSON_SP_1.2,M,H,Deadman River H,Deadman R,CK-17,LOWER THOMPSON_SP_1.2,Smolt 1+,181461,1996,19960430,199605,19.4,P,N,REARING MORTS NOT REC.; USED BIOSTD SURV.; SEE ALSO 181462.,1,AD,22467,0,,0,0,,22467
CDP,Deadman R,Chinook,Spring,1994,Deadman R,TOMM,CK-17,LOWER THOMPSON_SP_1.2,M,H,Deadman River H,Deadman R,CK-17,LOWER THOMPSON_SP_1.2,Smolt 1+,181462,1996,19960430,199605,19.4,P,N,REARING MORTS NOT REC.; USED BIOSTD SURV.; SEE ALSO 181461.,1,AD,17844,0,,0,0,,17844
CDP,Deadman R,Chinook,Spring,1995,Deadman R,TOMM,CK-17,LOWER THOMPSON_SP_1.2,M,H,Deadman River H,Deadman R,CK-17,LOWER THOMPSON_SP_1.2,Fed Fall,NOCN95101,1996,199610,199610,5,B,N,FRY RELEASE; RELEASED FISH SERIOUSLY ILL.,1,,0,0,,0,0,4700,4700
CDP,Deadman R,Chinook,Spring,1995,Deadman R,TOMM,CK-17,LOWER THOMPSON_SP_1.2,M,H,Deadman River H,Deadman R,CK-17,LOWER THOMPSON_SP_1.2,Smolt 1+,NOCN9596,1997,199705,199705,16,P,N,NOT TAGGED DUE TO ILL HEALTH AT REGULAR TAGGING TIME,1,,0,0,,0,0,23400,23400
CDP,Deadman R,Chinook,Spring,1996,Deadman R,TOMM,CK-17,LOWER THOMPSON_SP_1.2,M,H,Deadman River H,Deadman R,CK-17,LOWER THOMPSON_SP_1.2,Smolt 1+,NOCN96131,1998,19980511,19980511,19,B,N,EXTENDED REARING,1,,0,0,,0,0,9770,9770
CDP,Deadman R,Chinook,Spring,1997,Deadman R,TOMM,CK-17,LOWER THOMPSON_SP_1.2,M,H,Deadman River H,Deadman R,CK-17,LOWER THOMPSON_SP_1.2,Smolt 1+,183103,1999,19990416,19990416,19.01,P,N,YEARLING REL. ALSO 183104; ESTIMATED RELEASE #'S DUE TO POOR RECORD-KEEPING.,1,AD,24430,562,,0,0,,24992
CDP,Deadman R,Chinook,Spring,1997,Deadman R,TOMM,CK-17,LOWER THOMPSON_SP_1.2,M,H,Deadman River H,Deadman R,CK-17,LOWER THOMPSON_SP_1.2,Smolt 1+,183104,1999,19990416,19990416,19.01,P,N,YEARLING REL. ALSO 183103; ESTIMATED RELEASE #'S DUE TO POOR RECORD-KEEPING.,1,AD,24732,125,,0,0,32900,57757
CDP,Deadman R,Chinook,Spring,1998,Deadman R,TOMM,CK-17,LOWER THOMPSON_SP_1.2,M,H,Deadman River H,Deadman R,CK-17,LOWER THOMPSON_SP_1.2,Smolt 1+,NOCN98117,2000,20000430,20000430,20,B,N,EXTENDED REARING.,1,,0,0,,0,0,51500,51500
CDP,Deadman R,Chinook,Spring,1999,Deadman R,TOMM,CK-17,LOWER THOMPSON_SP_1.2,M,H,Deadman River H,Deadman R,CK-17,LOWER THOMPSON_SP_1.2,Smolt 1+,NOCN99122,2001,20010508,20010508,13,B,N,YEARLING RELEASE.,1,,0,0,,0,0,78664,78664
CDP,Fort St James,Chinook,Summer,1983,Stuart R,UPFR,CK-11,MIDDLE FRASER RIVER_SU_1.3,W,H,Stuart River,Stuart R,CK-11,MIDDLE FRASER RIVER_SU_1.3,Smolt 0+,022446,1984,198404,19840426,6,P,N,,1,AD,29107,354,,0,0,763,30224
CDP,Fort St James,Chinook,Summer,1984,Stuart R,UPFR,CK-11,MIDDLE FRASER RIVER_SU_1.3,W,H,Stuart River,Stuart R,CK-11,MIDDLE FRASER RIVER_SU_1.3,Smolt 0+,021717,1985,19850415,19850507,5.8,B,N,NECHAKO RIVER STUDY,1,AD,102737,0,,0,0,62171,164908
CDP,Fort St James,Chinook,Summer,1985,Stuart R,UPFR,CK-11,MIDDLE FRASER RIVER_SU_1.3,M,H,Stuart River,Stuart R,CK-11,MIDDLE FRASER RIVER_SU_1.3,Smolt 0+,NOCN8535,1986,19860514,19860524,6.97,P,N,,1,,0,0,,0,0,111763,111763
CDP,Fort St James,Chinook,Summer,1986,Stuart R,UPFR,CK-11,MIDDLE FRASER RIVER_SU_1.3,M,H,Stuart River,Stuart R,CK-11,MIDDLE FRASER RIVER_SU_1.3,Smolt 0+,NOCN8634,1987,19870327,19870513,6.52,P,N,,1,,0,0,,0,0,138767,138767
CDP,Fort St James,Chinook,Summer,1987,Stuart R,UPFR,CK-11,MIDDLE FRASER RIVER_SU_1.3,M,H,Stuart River,Stuart R,CK-11,MIDDLE FRASER RIVER_SU_1.3,Smolt 0+,NOCN8722,1988,198803,19880327,3.9,P,N,,1,,0,0,,0,0,10000,10000
CDP,Fort St James,Chinook,Summer,1987,Stuart R,UPFR,CK-11,MIDDLE FRASER RIVER_SU_1.3,M,H,Stuart River,Stuart R,CK-11,MIDDLE FRASER RIVER_SU_1.3,Smolt 0+,NOCN8723,1988,198804,19880418,4.85,P,N,,1,,0,0,,0,0,13500,13500
CDP,Fort St James,Chinook,Summer,1987,Stuart R,UPFR,CK-11,MIDDLE FRASER RIVER_SU_1.3,M,H,Stuart River,Stuart R,CK-11,MIDDLE FRASER RIVER_SU_1.3,Smolt 0+,NOCN8724,1988,19880516,19880518,6.82,P,N,,1,,0,0,,0,0,97941,97941
CDP,Fort St James,Chinook,Summer,1988,Stuart R,UPFR,CK-11,MIDDLE FRASER RIVER_SU_1.3,M,H,Stuart River,Stuart R,CK-11,MIDDLE FRASER RIVER_SU_1.3,Smolt 0+,025756,1989,198905,19890512,7.55,B,N,NECHAKO RIVER STUDY - ALSO SEE 02-57-57,1,AD,27128,109,,0,0,,27237
CDP,Fort St James,Chinook,Summer,1988,Stuart R,UPFR,CK-11,MIDDLE FRASER RIVER_SU_1.3,M,H,Stuart River,Stuart R,CK-11,MIDDLE FRASER RIVER_SU_1.3,Smolt 0+,025757,1989,19890515,19890516,7.85,B,N,NECHAKO RIVER STUDY - ALSO SEE 02-57-56,1,AD,27521,0,,0,0,10601,38122
CDP,Fort St James,Chinook,Summer,1989,Stuart R,UPFR,CK-11,MIDDLE FRASER RIVER_SU_1.3,M,H,Stuart River,Stuart R,CK-11,MIDDLE FRASER RIVER_SU_1.3,Smolt 0+,026316,1990,19900516,19900518,7.1,B,N,"NECHAKO STUDY; ALSO SEE 2-63-17,18,19.",1,AD,25427,257,,0,0,,25684
CDP,Fort St James,Chinook,Summer,1989,Stuart R,UPFR,CK-11,MIDDLE FRASER RIVER_SU_1.3,M,H,Stuart River,Stuart R,CK-11,MIDDLE FRASER RIVER_SU_1.3,Smolt 0+,026317,1990,19900516,19900518,7.1,B,N,"NECHAKO STUDY; ALSO SEE 02-63-16,18,19.",1,AD,26413,0,,0,0,,26413
CDP,Fort St James,Chinook,Summer,1989,Stuart R,UPFR,CK-11,MIDDLE FRASER RIVER_SU_1.3,M,H,Stuart River,Stuart R,CK-11,MIDDLE FRASER RIVER_SU_1.3,Smolt 0+,026318,1990,19900516,19900518,7.1,B,N,"NECHAKO STUDY; ALSO SEE 2-63-16,17,19.",1,AD,27378,0,,0,0,,27378
CDP,Fort St James,Chinook,Summer,1989,Stuart R,UPFR,CK-11,MIDDLE FRASER RIVER_SU_1.3,M,H,Stuart River,Stuart R,CK-11,MIDDLE FRASER RIVER_SU_1.3,Smolt 0+,026319,1990,19900516,19900518,7.1,B,N,"NECHAKO STUDY; ALSO SEE 2-63-16,17,18.",1,AD,24989,0,,0,0,,24989
CDP,Fort St James,Chinook,Summer,1989,Stuart R,UPFR,CK-11,MIDDLE FRASER RIVER_SU_1.3,M,H,Stuart River,Stuart R,CK-11,MIDDLE FRASER RIVER_SU_1.3,Smolt 0+,NOCN8936,1990,199003,19900328,3.37,P,N,,1,,0,0,,0,0,20855,20855
CDP,Fort St James,Chinook,Summer,1990,Stuart R,UPFR,CK-11,MIDDLE FRASER RIVER_SU_1.3,M,H,Stuart River,Stuart R,CK-11,MIDDLE FRASER RIVER_SU_1.3,Smolt 0+,020319,1991,19910503,19910505,5.03,B,N,"NECHAKO RIVER STUDY- ALSO SEE 2-10-09, 2-11-22 & 2-11-23",1,AD,26804,0,,0,0,4189,30993
CDP,Fort St James,Chinook,Summer,1990,Stuart R,UPFR,CK-11,MIDDLE FRASER RIVER_SU_1.3,M,H,Stuart River,Stuart R,CK-11,MIDDLE FRASER RIVER_SU_1.3,Smolt 0+,021009,1991,19910503,19910505,5.03,B,N,"NECHAKO RIVER STUDY- ALSO SEE 2-03-19, 2-11-22 & 2-11-23",1,AD,26353,538,,0,0,4188,31079
CDP,Fort St James,Chinook,Summer,1990,Stuart R,UPFR,CK-11,MIDDLE FRASER RIVER_SU_1.3,M,H,Stuart River,Stuart R,CK-11,MIDDLE FRASER RIVER_SU_1.3,Smolt 0+,021122,1991,19910503,19910505,5.03,B,N,"NECHAKO RIVER STUDY- ALSO SEE 2-03-19, 2-10-09 & 2-11-23",1,AD,26889,0,,0,0,4189,31078
CDP,Fort St James,Chinook,Summer,1990,Stuart R,UPFR,CK-11,MIDDLE FRASER RIVER_SU_1.3,M,H,Stuart River,Stuart R,CK-11,MIDDLE FRASER RIVER_SU_1.3,Smolt 0+,021123,1991,19910503,19910505,5.03,B,N,"NECHAKO RIVER STUDY- ALSO SEE 2-03-19, 2-10-09 & 2-11-22",1,AD,25110,0,,0,0,4188,29298
CDP,Fort St James,Chinook,Summer,1991,Stuart R,UPFR,CK-11,MIDDLE FRASER RIVER_SU_1.3,M,H,Stuart River,Stuart Lk,,,Smolt 0+,020504,1992,19920319,19920502,7,B,N,NECHAKO STUDY; ACCID. REL. SOME TAGS WITH UNTAGGED FRY MAR.19/92 AT 3 GM,1,AD,5136,26,,0,0,316,5478
CDP,Fort St James,Chinook,Summer,1991,Stuart R,UPFR,CK-11,MIDDLE FRASER RIVER_SU_1.3,M,H,Stuart River,Stuart Lk,,,Smolt 0+,020547,1992,19920319,19920502,7,B,N,NECHAKO STUDY; ACCID. REL. SOME TAGS WITH UNTAGGED FRY MAR.19/92 AT 3 GM,1,AD,15107,153,,0,0,936,16196
CDP,Fort St James,Chinook,Summer,1991,Stuart R,UPFR,CK-11,MIDDLE FRASER RIVER_SU_1.3,M,H,Stuart River,Stuart Lk,,,Smolt 0+,020827,1992,19920319,19920502,7,B,N,NECHAKO STUDY; ACCID. REL. SOME TAGS WITH UNTAGGED FRY MAR.19/92 AT 3 GM,1,AD,9829,49,,0,0,606,10484
CDP,Fort St James,Chinook,Summer,1991,Stuart R,UPFR,CK-11,MIDDLE FRASER RIVER_SU_1.3,M,H,Stuart River,Stuart Lk,,,Smolt 0+,021158,1992,19920319,19920502,7,B,N,NECHAKO STUDY; ACCID. REL. SOME TAGS WITH UNTAGGED FRY MAR.19/92 AT 3 GM,1,AD,25219,0,,0,0,1546,26765
CDP,Fort St James,Chinook,Summer,1991,Stuart R,UPFR,CK-11,MIDDLE FRASER RIVER_SU_1.3,M,H,Stuart River,Stuart Lk,,,Smolt 0+,021159,1992,19920319,19920502,7,B,N,NECHAKO STUDY; ACCID. REL. SOME TAGS WITH UNTAGGED FRY MAR.19/92 AT 3 GM,1,AD,25042,0,,0,0,1536,26578
CDP,Fort St James,Chinook,Summer,1991,Stuart R,UPFR,CK-11,MIDDLE FRASER RIVER_SU_1.3,M,H,Stuart River,Stuart Lk,,,Smolt 0+,021160,1992,19920319,19920502,7,B,N,NECHAKO STUDY; ACCID. REL. SOME TAGS WITH UNTAGGED FRY MAR.19/92 AT 3 GM,1,AD,25171,126,,0,0,1551,26848
CDP,Fort St James,Chinook,Summer,1992,Stuart R,UPFR,CK-11,MIDDLE FRASER RIVER_SU_1.3,M,H,Stuart River,Stuart Lk,,,Smolt 0+,180239,1993,19930506,19930506,7,B,N,NECHAKO RIVER STUDY; ALSO SEE 180546 & 180547,1,AD,26428,0,,0,0,13570,39998
CDP,Fort St James,Chinook,Summer,1992,Stuart R,UPFR,CK-11,MIDDLE FRASER RIVER_SU_1.3,M,H,Stuart River,Stuart Lk,,,Smolt 0+,180546,1993,19930506,19930506,7,B,N,NECHAKO RIVER STUDY; ALSO SEE 180547 & 180239,1,AD,25913,0,,0,0,13305,39218
CDP,Fort St James,Chinook,Summer,1992,Stuart R,UPFR,CK-11,MIDDLE FRASER RIVER_SU_1.3,M,H,Stuart River,Stuart Lk,,,Smolt 0+,180547,1993,19930506,19930506,7,B,N,NECHAKO RIVER STUDY; ALSO SEE 180546 & 180239,1,AD,25559,0,,0,0,13123,38682
CDP,Fort St James,Chinook,Summer,1993,Stuart R,UPFR,CK-11,MIDDLE FRASER RIVER_SU_1.3,M,H,Stuart River,Stuart R,CK-11,MIDDLE FRASER RIVER_SU_1.3,Smolt 0+,NOCN9304,1994,19940506,19940506,4.21,P,N,,1,,0,0,,0,0,23669,23669
CDP,Fort St James,Chinook,Summer,1994,Stuart R,UPFR,CK-11,MIDDLE FRASER RIVER_SU_1.3,M,H,Stuart River,Stuart R,CK-11,MIDDLE FRASER RIVER_SU_1.3,Smolt 0+,180562,1995,199505,199505,5,B,N,NECHAKO STUDY; HATCHERY CLOSED- NO'S ESTIM.; ALSO SEE 181839 & 181840,1,AD,8863,90,,0,0,,8953
CDP,Fort St James,Chinook,Summer,1994,Stuart R,UPFR,CK-11,MIDDLE FRASER RIVER_SU_1.3,M,H,Stuart River,Stuart R,CK-11,MIDDLE FRASER RIVER_SU_1.3,Smolt 0+,181839,1995,199505,199505,5,B,N,NECHAKO STUDY; HATCHERY CLOSED- NO'S ESTIM.; ALSO SEE 181840 & 180562,1,AD,32881,0,,0,0,,32881
CDP,Fort St James,Chinook,Summer,1994,Stuart R,UPFR,CK-11,MIDDLE FRASER RIVER_SU_1.3,M,H,Stuart River,Stuart R,CK-11,MIDDLE FRASER RIVER_SU_1.3,Smolt 0+,181840,1995,199505,199505,5,B,N,NECHAKO STUDY; HATCHERY CLOSED- NO'S ESTIM.; ALSO SEE 181839 & 180562,1,AD,32676,0,,0,0,,32676
CDP,Penny,Chinook,Spring,1984,James Cr,UPFR,CK-12,UPPER FRASER RIVER_SP_1.3,W,H,Penny H,James Cr,CK-12,UPPER FRASER RIVER_SP_1.3,Fed Fry,022852,1985,198507,19850716,2,B,N,UPFR CHINOOK FRY; ALSO SEE 023108,1,AD,60060,0,,0,0,54932,114992
CDP,Penny,Chinook,Spring,1984,James Cr,UPFR,CK-12,UPPER FRASER RIVER_SP_1.3,W,H,Penny H,James Cr,CK-12,UPPER FRASER RIVER_SP_1.3,Fed Fry,023108,1985,198507,19850716,2,B,N,UPFR CHINOOK FRY; ALSO SEE 022852,1,AD,24962,0,,0,0,,24962
CDP,Penny,Chinook,Spring,1985,Fontoniko Cr,UPFR,CK-12,UPPER FRASER RIVER_SP_1.3,W,H,Penny H,Fontoniko Cr,CK-12,UPPER FRASER RIVER_SP_1.3,Fed Fry,NOCN8531,1986,198607,19860721,2,B,N,,1,,0,0,,0,0,72290,72290
CDP,Penny,Chinook,Spring,1985,Fontoniko Cr,UPFR,CK-12,UPPER FRASER RIVER_SP_1.3,W,H,Penny H,Red Mountain Cr,,,Smolt 1+,NOCN8532,1987,198704,19870430,12,B,Y,YEARLING RELEASE,1,,0,0,,0,0,309,309
CDP,Penny,Chinook,Spring,1986,Dome Cr,UPFR,CK-12,UPPER FRASER RIVER_SP_1.3,W,H,Penny H,Dome Cr,CK-12,UPPER FRASER RIVER_SP_1.3,Smolt 1+,024119,1988,198803,19880302,11,P,N,,1,AD,10645,32,,0,0,483,11160
CDP,Penny,Chinook,Spring,1986,Dome Cr,UPFR,CK-12,UPPER FRASER RIVER_SP_1.3,W,H,Penny H,Dome Cr,CK-12,UPPER FRASER RIVER_SP_1.3,Smolt 1+,024120,1988,198803,19880302,11,P,N,,1,AD,10089,30,,0,0,482,10601
CDP,Penny,Chinook,Spring,1986,Dome Cr,UPFR,CK-12,UPPER FRASER RIVER_SP_1.3,W,H,Penny H,Dome Cr,CK-12,UPPER FRASER RIVER_SP_1.3,Smolt 1+,025029,1988,198803,19880302,11,P,N,,1,AD,10411,31,,0,0,483,10925
CDP,Penny,Chinook,Spring,1986,Dome Cr,UPFR,CK-12,UPPER FRASER RIVER_SP_1.3,W,H,Penny H,Dome Cr,CK-12,UPPER FRASER RIVER_SP_1.3,Smolt 1+,025030,1988,198803,19880302,11,P,N,,1,AD,10489,32,,0,0,483,11004
CDP,Penny,Chinook,Spring,1986,Dome Cr,UPFR,CK-12,UPPER FRASER RIVER_SP_1.3,W,H,Penny H,Dome Cr,CK-12,UPPER FRASER RIVER_SP_1.3,Smolt 1+,025031,1988,198803,19880302,11,P,N,,1,AD,10372,31,,0,0,482,10885
CDP,Penny,Chinook,Spring,1986,Dome Cr,UPFR,CK-12,UPPER FRASER RIVER_SP_1.3,W,H,Penny H,Dome Cr,CK-12,UPPER FRASER RIVER_SP_1.3,Fed Fry,NOCN8632,1987,198705,19870512,0.5,B,N,,1,,0,0,,0,0,71644,71644
CDP,Penny,Chinook,Spring,1987,Dome Cr,UPFR,CK-12,UPPER FRASER RIVER_SP_1.3,W,H,Penny H,Dome Cr,CK-12,UPPER FRASER RIVER_SP_1.3,Smolt 1+,025042,1989,198904,19890411,12.15,P,N,,1,AD,10594,0,,0,0,456,11050
CDP,Penny,Chinook,Spring,1987,Dome Cr,UPFR,CK-12,UPPER FRASER RIVER_SP_1.3,W,H,Penny H,Dome Cr,CK-12,UPPER FRASER RIVER_SP_1.3,Smolt 1+,025043,1989,198904,19890411,12.15,P,N,,1,AD,10629,0,,0,0,457,11086
CDP,Penny,Chinook,Spring,1987,Dome Cr,UPFR,CK-12,UPPER FRASER RIVER_SP_1.3,W,H,Penny H,Dome Cr,CK-12,UPPER FRASER RIVER_SP_1.3,Smolt 1+,025207,1989,198904,19890411,12.15,P,N,,1,AD,10644,0,,0,0,457,11101
CDP,Penny,Chinook,Spring,1987,Dome Cr,UPFR,CK-12,UPPER FRASER RIVER_SP_1.3,W,H,Penny H,Dome Cr,CK-12,UPPER FRASER RIVER_SP_1.3,Smolt 1+,025208,1989,198904,19890411,12.15,P,N,,1,AD,10734,0,,0,0,457,11191
CDP,Penny,Chinook,Spring,1987,Dome Cr,UPFR,CK-12,UPPER FRASER RIVER_SP_1.3,W,H,Penny H,Dome Cr,CK-12,UPPER FRASER RIVER_SP_1.3,Smolt 1+,025209,1989,198904,19890411,12.15,P,N,,1,AD,10406,0,,0,0,456,10862
CDP,Penny,Chinook,Spring,1987,Dome Cr,UPFR,CK-12,UPPER FRASER RIVER_SP_1.3,W,H,Penny H,Dome Cr,CK-12,UPPER FRASER RIVER_SP_1.3,Fed Fry,RV8721,1988,198806,19880620,1.3,B,N,FED FRY RELEASE - MARKED FOR ESCAPEMENT I.D.,1,,0,0,RV,83032,0,16,83048
CDP,Penny,Chinook,Spring,1988,Dome Cr,UPFR,CK-12,UPPER FRASER RIVER_SP_1.3,W,H,Penny H,Dome Cr,CK-12,UPPER FRASER RIVER_SP_1.3,Smolt 1+,025246,1990,199004,19900410,12.2,P,N,,1,AD,10494,0,,0,0,688,11182
CDP,Penny,Chinook,Spring,1988,Dome Cr,UPFR,CK-12,UPPER FRASER RIVER_SP_1.3,W,H,Penny H,Dome Cr,CK-12,UPPER FRASER RIVER_SP_1.3,Smolt 1+,025247,1990,199004,19900410,12.2,P,N,,1,AD,10318,0,,0,0,687,11005
CDP,Penny,Chinook,Spring,1988,Dome Cr,UPFR,CK-12,UPPER FRASER RIVER_SP_1.3,W,H,Penny H,Dome Cr,CK-12,UPPER FRASER RIVER_SP_1.3,Smolt 1+,025248,1990,199004,19900410,12.2,P,N,,1,AD,10371,0,,0,0,687,11058
CDP,Penny,Chinook,Spring,1988,Dome Cr,UPFR,CK-12,UPPER FRASER RIVER_SP_1.3,W,H,Penny H,Dome Cr,CK-12,UPPER FRASER RIVER_SP_1.3,Smolt 1+,025249,1990,199004,19900410,12.2,P,N,,1,AD,10472,0,,0,0,687,11159
CDP,Penny,Chinook,Spring,1988,Dome Cr,UPFR,CK-12,UPPER FRASER RIVER_SP_1.3,W,H,Penny H,Dome Cr,CK-12,UPPER FRASER RIVER_SP_1.3,Smolt 1+,025250,1990,199004,19900410,12.2,P,N,,1,AD,10151,0,,0,0,687,10838
CDP,Penny,Chinook,Spring,1988,Dome Cr,UPFR,CK-12,UPPER FRASER RIVER_SP_1.3,W,H,Penny H,Dome Cr,CK-12,UPPER FRASER RIVER_SP_1.3,Fed Fry,LV8820,1989,198906,19890627,1.3,B,N,FED FRY RELEASE; MARKED FOR ESCAPEMENT I.D.,1,,0,0,LV,84528,0,140,84668
CDP,Penny,Chinook,Spring,1989,Dome Cr,UPFR,CK-12,UPPER FRASER RIVER_SP_1.3,M,H,Penny H,Dome Cr,CK-12,UPPER FRASER RIVER_SP_1.3,Smolt 1+,026340,1991,19910410,19910410,11.89,P,N,,1,AD,10014,0,,0,0,427,10441
CDP,Penny,Chinook,Spring,1989,Dome Cr,UPFR,CK-12,UPPER FRASER RIVER_SP_1.3,M,H,Penny H,Dome Cr,CK-12,UPPER FRASER RIVER_SP_1.3,Smolt 1+,026341,1991,19910410,19910410,11.89,P,N,,1,AD,10698,0,,0,0,428,11126
CDP,Penny,Chinook,Spring,1989,Dome Cr,UPFR,CK-12,UPPER FRASER RIVER_SP_1.3,M,H,Penny H,Dome Cr,CK-12,UPPER FRASER RIVER_SP_1.3,Smolt 1+,026342,1991,19910410,19910410,11.89,P,N,,1,AD,10750,0,,0,0,428,11178
CDP,Penny,Chinook,Spring,1990,Dome Cr,UPFR,CK-12,UPPER FRASER RIVER_SP_1.3,M,H,Penny H,Dome Cr,CK-12,UPPER FRASER RIVER_SP_1.3,Smolt 1+,021326,1992,19920410,19920410,12.54,P,N,,1,AD,27839,0,,0,0,719,28558
CDP,Penny,Chinook,Spring,1990,Dome Cr,UPFR,CK-12,UPPER FRASER RIVER_SP_1.3,M,H,Penny H,Dome Cr,CK-12,UPPER FRASER RIVER_SP_1.3,Smolt 1+,021327,1992,19920410,19920410,12.54,P,N,,1,AD,28349,0,,0,0,719,29068
CDP,Penny,Chinook,Spring,1990,Dome Cr,UPFR,CK-12,UPPER FRASER RIVER_SP_1.3,M,H,Penny H,Dome Cr,CK-12,UPPER FRASER RIVER_SP_1.3,Smolt 0+,NOCN9040,1991,19910704,19910704,2.47,P,N,,1,,0,0,,0,0,68624,68624
CDP,Penny,Chinook,Spring,1991,Dome Cr,UPFR,CK-12,UPPER FRASER RIVER_SP_1.3,M,H,Penny H,Dome Cr,CK-12,UPPER FRASER RIVER_SP_1.3,Smolt 1+,180543,1993,19930410,19930410,11.8,P,N,,1,AD,26729,270,,0,0,264,27263
CDP,Penny,Chinook,Spring,1991,Dome Cr,UPFR,CK-12,UPPER FRASER RIVER_SP_1.3,M,H,Penny H,Dome Cr,CK-12,UPPER FRASER RIVER_SP_1.3,Smolt 1+,180544,1993,19930410,19930410,11.8,P,N,,1,AD,25808,261,,0,0,264,26333
CDP,Penny,Chinook,Spring,1991,Dome Cr,UPFR,CK-12,UPPER FRASER RIVER_SP_1.3,M,H,Penny H,Dome Cr,CK-12,UPPER FRASER RIVER_SP_1.3,Fed Fry,NOCN9141,1992,19920627,19920627,1.7,B,N,,1,,0,0,,0,0,147031,147031
CDP,Penny,Chinook,Spring,1992,Dome Cr,UPFR,CK-12,UPPER FRASER RIVER_SP_1.3,M,H,Penny H,Dome Cr,CK-12,UPPER FRASER RIVER_SP_1.3,Smolt 1+,181019,1994,19940410,19940410,10.5,P,N,,1,AD,27364,276,,0,0,2723,30363
CDP,Penny,Chinook,Spring,1992,Dome Cr,UPFR,CK-12,UPPER FRASER RIVER_SP_1.3,M,H,Penny H,Dome Cr,CK-12,UPPER FRASER RIVER_SP_1.3,Smolt 1+,181020,1994,19940410,19940410,10.5,P,N,,1,AD,27356,276,,0,0,2722,30354
CDP,Penny,Chinook,Spring,1992,Dome Cr,UPFR,CK-12,UPPER FRASER RIVER_SP_1.3,M,H,Penny H,Dome Cr,CK-12,UPPER FRASER RIVER_SP_1.3,Fed Fry,NOCN9233,1993,19930623,19930623,1.5,B,N,,1,,0,0,,0,0,57541,57541
CDP,Penny,Chinook,Spring,1993,Dome Cr,UPFR,CK-12,UPPER FRASER RIVER_SP_1.3,M,H,Penny H,Dome Cr,CK-12,UPPER FRASER RIVER_SP_1.3,Smolt 1+,181432,1995,19950410,19950410,11.14,P,N,,1,AD,50396,0,,0,0,2483,52879
CDP,Penny,Chinook,Spring,1993,Dome Cr,UPFR,CK-12,UPPER FRASER RIVER_SP_1.3,M,H,Penny H,Dome Cr,CK-12,UPPER FRASER RIVER_SP_1.3,Fed Fry,NOCN9301,1994,19940410,19940410,0.4,B,N,,1,,0,0,,0,0,171128,171128
CDP,Penny,Chinook,Spring,1994,Dome Cr,UPFR,CK-12,UPPER FRASER RIVER_SP_1.3,M,H,Penny H,Dome Cr,CK-12,UPPER FRASER RIVER_SP_1.3,Smolt 1+,181503,1996,19960410,19960410,11.5,P,N,,1,AD,25131,0,,0,0,748,25879
CDP,Penny,Chinook,Spring,1994,Dome Cr,UPFR,CK-12,UPPER FRASER RIVER_SP_1.3,M,H,Penny H,Dome Cr,CK-12,UPPER FRASER RIVER_SP_1.3,Smolt 1+,181504,1996,19960410,19960410,11.5,P,N,,1,AD,25115,0,,0,0,747,25862
CDP,Penny,Chinook,Spring,1994,Dome Cr,UPFR,CK-12,UPPER FRASER RIVER_SP_1.3,M,H,Penny H,Dome Cr,CK-12,UPPER FRASER RIVER_SP_1.3,Fed Fry,NOCN9403,1995,19950410,19950410,0.34,B,N,,1,,0,0,,0,0,132861,132861
CDP,Penny,Chinook,Spring,1995,Dome Cr,UPFR,CK-12,UPPER FRASER RIVER_SP_1.3,M,H,Penny H,Dome Cr,CK-12,UPPER FRASER RIVER_SP_1.3,Smolt 1+,181509,1997,19970415,19970415,9.49,P,N,,1,AD,25152,0,,0,0,3539,28691
CDP,Penny,Chinook,Spring,1995,Dome Cr,UPFR,CK-12,UPPER FRASER RIVER_SP_1.3,M,H,Penny H,Dome Cr,CK-12,UPPER FRASER RIVER_SP_1.3,Smolt 1+,181510,1997,19970415,19970415,9.49,P,N,,1,AD,25192,0,,0,0,3544,28736
CDP,Penny,Chinook,Spring,1995,Dome Cr,UPFR,CK-12,UPPER FRASER RIVER_SP_1.3,M,H,Penny H,Dome Cr,CK-12,UPPER FRASER RIVER_SP_1.3,Fed Fry,NOCN9587,1996,19960523,19960617,0.61,B,N,EARLY FRY RELEASE.,1,,0,0,,0,0,101737,101737
CDP,Penny,Chinook,Spring,1996,Dome Cr,UPFR,CK-12,UPPER FRASER RIVER_SP_1.3,M,H,Penny H,Dome Cr,CK-12,UPPER FRASER RIVER_SP_1.3,Smolt 1+,183203,1998,19980417,19980417,11,P,N,,1,AD,25061,0,,0,0,250,25311
CDP,Penny,Chinook,Spring,1996,Dome Cr,UPFR,CK-12,UPPER FRASER RIVER_SP_1.3,M,H,Penny H,Dome Cr,CK-12,UPPER FRASER RIVER_SP_1.3,Smolt 1+,183204,1998,19980417,19980417,11,P,N,,1,AD,25135,0,,0,0,250,25385
CDP,Penny,Chinook,Spring,1996,Dome Cr,UPFR,CK-12,UPPER FRASER RIVER_SP_1.3,M,H,Penny H,Dome Cr,CK-12,UPPER FRASER RIVER_SP_1.3,Smolt 0+,NOCN9629,1997,19970725,19970725,2.42,P,N,,1,,0,0,,0,0,66271,66271
CDP,Penny,Chinook,Spring,1997,Dome Cr,UPFR,CK-12,UPPER FRASER RIVER_SP_1.3,M,H,Penny H,Dome Cr,CK-12,UPPER FRASER RIVER_SP_1.3,Smolt 1+,183233,1999,19990416,19990416,15.13,P,N,,1,AD,25114,0,,0,0,1093,26207
CDP,Penny,Chinook,Spring,1997,Dome Cr,UPFR,CK-12,UPPER FRASER RIVER_SP_1.3,M,H,Penny H,Dome Cr,CK-12,UPPER FRASER RIVER_SP_1.3,Smolt 1+,183234,1999,19990416,19990416,15.13,P,N,,1,AD,25151,0,,0,0,1094,26245
CDP,Penny,Chinook,Spring,1997,Dome Cr,UPFR,CK-12,UPPER FRASER RIVER_SP_1.3,M,H,Penny H,Dome Cr,CK-12,UPPER FRASER RIVER_SP_1.3,Fed Fry,NOCN9741,1998,19980615,19980615,1.77,B,N,FED FRY RELEASE; SOME TO OOG CREEK (TRIB. OF DOME),1,,0,0,,0,0,49356,49356
CDP,Penny,Chinook,Spring,1998,Dome Cr,UPFR,CK-12,UPPER FRASER RIVER_SP_1.3,M,H,Penny H,Dome Cr,CK-12,UPPER FRASER RIVER_SP_1.3,Smolt 1+,183242,2000,20000419,20000419,12.8,P,N,,1,AD,24451,756,,0,0,715,25922
CDP,Penny,Chinook,Spring,1998,Dome Cr,UPFR,CK-12,UPPER FRASER RIVER_SP_1.3,M,H,Penny H,Dome Cr,CK-12,UPPER FRASER RIVER_SP_1.3,Smolt 1+,183243,2000,20000419,20000419,12.8,P,N,,1,AD,25010,773,,0,0,732,26515
CDP,Penny,Chinook,Spring,1998,Dome Cr,UPFR,CK-12,UPPER FRASER RIVER_SP_1.3,M,H,Penny H,Dome Cr,CK-12,UPPER FRASER RIVER_SP_1.3,Fed Fry,NOCN9812,1999,19990615,19990615,1.84,B,N,FED FRY RELEASED TO UPPER DOME AND OOG CREEKS (TRIB OF DOME).,1,,0,0,,0,0,73934,73934
CDP,Penny,Chinook,Spring,1999,Dome Cr,UPFR,CK-12,UPPER FRASER RIVER_SP_1.3,M,H,Penny H,Dome Cr,CK-12,UPPER FRASER RIVER_SP_1.3,Fed Fall,NOCN99111,2000,200010,200010,7,B,N,FED FALL RELEASED TO POND AFTER FLOW FAILURE. UNMARKED.,1,,0,0,,0,0,200,200
CDP,Penny,Chinook,Spring,1999,Dome Cr,UPFR,CK-12,UPPER FRASER RIVER_SP_1.3,M,H,Penny H,Dome Cr,CK-12,UPPER FRASER RIVER_SP_1.3,Fed Fry,NOCN9919,2000,20000615,20000615,1.02,B,N,,1,,0,0,,0,0,82986,82986
CDP,Penny,Chinook,Spring,2000,Dome Cr,UPFR,CK-12,UPPER FRASER RIVER_SP_1.3,M,H,Penny H,Dome Cr,CK-12,UPPER FRASER RIVER_SP_1.3,Smolt 1+,184349,2002,20020415,20020415,11.88,P,N,LATE RELEASE TIMING (YEARLING),1,AD,25122,0,,0,0,,25122
CDP,Penny,Chinook,Spring,2000,Dome Cr,UPFR,CK-12,UPPER FRASER RIVER_SP_1.3,M,H,Penny H,Dome Cr,CK-12,UPPER FRASER RIVER_SP_1.3,Smolt 1+,184350,2002,20020415,20020415,11.88,P,N,LATE RELEASE TIMING (YEARLING),1,AD,25335,0,,0,0,,25335
CDP,Penny,Chinook,Spring,2000,Dome Cr,UPFR,CK-12,UPPER FRASER RIVER_SP_1.3,M,H,Penny H,Dome Cr,CK-12,UPPER FRASER RIVER_SP_1.3,Fed Fall,184619,2001,20010813,20010813,3.08,P,N,EARLY RELEASE TIMING (FALL),1,AD,25402,0,,0,0,1506,26908
CDP,Penny,Chinook,Spring,2000,Dome Cr,UPFR,CK-12,UPPER FRASER RIVER_SP_1.3,M,H,Penny H,Dome Cr,CK-12,UPPER FRASER RIVER_SP_1.3,Fed Fall,184620,2001,20010813,20010813,3.08,P,N,EARLY RELEASE TIMING (FALL),1,AD,24629,251,,0,0,1475,26355
CDP,Penny,Chinook,Spring,2000,Dome Cr,UPFR,CK-12,UPPER FRASER RIVER_SP_1.3,M,H,Penny H,Dome Cr,CK-12,UPPER FRASER RIVER_SP_1.3,Fed Fry,NOCN0027,2001,20010615,20010615,0.78,B,N,FED FRY RELEASE AT OOG CREEK.,1,,0,0,,0,0,80270,80270
CDP,Penny,Chinook,Spring,2001,Dome Cr,UPFR,CK-12,UPPER FRASER RIVER_SP_1.3,M,H,Penny H,Dome Cr,CK-12,UPPER FRASER RIVER_SP_1.3,Smolt 1+,184345,2003,20030418,20030418,10.62,P,N,YEARLING RELEASE TIMING,1,AD,25118,0,,0,0,171,25289
CDP,Penny,Chinook,Spring,2001,Dome Cr,UPFR,CK-12,UPPER FRASER RIVER_SP_1.3,M,H,Penny H,Dome Cr,CK-12,UPPER FRASER RIVER_SP_1.3,Smolt 1+,184346,2003,20030418,20030418,10.62,P,N,YEARLING RELEASE TIMING,1,AD,25068,0,,0,0,171,25239
CDP,Penny,Chinook,Spring,2001,Dome Cr,UPFR,CK-12,UPPER FRASER RIVER_SP_1.3,M,H,Penny H,Dome Cr,CK-12,UPPER FRASER RIVER_SP_1.3,Fed Fall,184655,2002,20020826,20020826,2.36,B,N,FALL FRY RELEASE,1,AD,25128,0,,0,0,1129,26257
CDP,Penny,Chinook,Spring,2001,Dome Cr,UPFR,CK-12,UPPER FRASER RIVER_SP_1.3,M,H,Penny H,Dome Cr,CK-12,UPPER FRASER RIVER_SP_1.3,Fed Fall,184656,2002,20020826,20020826,2.36,B,N,FALL FRY RELEASE,1,AD,25202,0,,0,0,1132,26334
CDP,Penny,Chinook,Spring,2001,Dome Cr,UPFR,CK-12,UPPER FRASER RIVER_SP_1.3,M,H,Penny H,Dome Cr,CK-12,UPPER FRASER RIVER_SP_1.3,Fed Fry,NOCN0110,2002,20020615,20020615,0.68,B,N,,1,,0,0,,0,0,62653,62653
CDP,Penny,Chinook,Spring,2002,Dome Cr,UPFR,CK-12,UPPER FRASER RIVER_SP_1.3,M,H,Penny H,Dome Cr,CK-12,UPPER FRASER RIVER_SP_1.3,Smolt 1+,185140,2004,20040315,20040315,8,P,N,SEE 185141,1,AD,24893,250,,0,0,2478,27621
CDP,Penny,Chinook,Spring,2002,Dome Cr,UPFR,CK-12,UPPER FRASER RIVER_SP_1.3,M,H,Penny H,Dome Cr,CK-12,UPPER FRASER RIVER_SP_1.3,Smolt 1+,185141,2004,20040315,20040315,8,P,N,SEE 185140,1,AD,24910,125,,0,0,2467,27502
CDP,Penny,Chinook,Spring,2002,Dome Cr,UPFR,CK-12,UPPER FRASER RIVER_SP_1.3,M,H,Penny H,Dome Cr,CK-12,UPPER FRASER RIVER_SP_1.3,Fed Fry,NOCN0291,2003,20030615,20030615,0.76,B,N,FED FRY RELEASE TO UPPER DOME CREEK,1,,0,0,,0,0,118916,118916
CDP,Penny,Chinook,Spring,2003,Dome Cr,UPFR,CK-12,UPPER FRASER RIVER_SP_1.3,M,H,Penny H,Dome Cr,CK-12,UPPER FRASER RIVER_SP_1.3,Smolt 1+,185403,2005,20050415,20050415,12.46,P,N,SEE ALSO 185404,1,AD,24949,125,,0,0,77,25151
CDP,Penny,Chinook,Spring,2003,Dome Cr,UPFR,CK-12,UPPER FRASER RIVER_SP_1.3,M,H,Penny H,Dome Cr,CK-12,UPPER FRASER RIVER_SP_1.3,Smolt 1+,185404,2005,20050415,20050415,12.46,P,N,SEE ALSO 195403,1,AD,23591,0,,0,0,73,23664
CDP,Penny,Chinook,Spring,2003,Dome Cr,UPFR,CK-12,UPPER FRASER RIVER_SP_1.3,M,H,Penny H,Dome Cr,CK-12,UPPER FRASER RIVER_SP_1.3,Fed Fry,NOCN0311,2004,20040618,20040618,1.35,B,N,,1,,0,0,,0,0,104802,104802
CDP,Penny,Chinook,Spring,2004,Dome Cr,UPFR,CK-12,UPPER FRASER RIVER_SP_1.3,M,H,Penny H,Dome Cr,CK-12,UPPER FRASER RIVER_SP_1.3,Smolt 1+,184833,2006,20060315,20060315,9.32,P,N,SEE ALSO 184858,1,AD,16461,0,,0,0,,16461
CDP,Penny,Chinook,Spring,2004,Dome Cr,UPFR,CK-12,UPPER FRASER RIVER_SP_1.3,M,H,Penny H,Dome Cr,CK-12,UPPER FRASER RIVER_SP_1.3,Smolt 1+,184858,2006,20060415,20060415,9.32,P,N,SEE ALSO 184833,1,AD,30197,0,,0,0,,30197
CDP,Penny,Chinook,Spring,2005,Dome Cr,UPFR,CK-12,UPPER FRASER RIVER_SP_1.3,M,H,Penny H,Dome Cr,CK-12,UPPER FRASER RIVER_SP_1.3,Fed Fry,NOCN0501,2006,20060612,20060612,1.07,B,N,ALL RELEASED AS FRY DUE TO TECHNICAL PROBLEMS AT HATCHERY.,1,,0,0,,0,0,55059,55059
CDP,Thompson R N,Chinook,Summer,2018,Quesnel R,UPFR,CK-11,MIDDLE FRASER RIVER_SU_1.3,M,H,Dunn Creek H,Fraser R Up,CK-12,UPPER FRASER RIVER_SP_1.3,Fed Fry,NOCN1827,2019,20190625,20190625,,B,U,,1,,0,0,,0,0,96,96
DPI,Alouette R,Chinook,Fall,1996,Chilliwack R,LWFR,CK-9008,FRASER-HARRISON FALL TRANSPLANT_FA_0.3,M,H,"Alouette River, South H",Alouette R S,CK-9006,FRASER-CROSS-CU SUPPLEMENTATION EXCLUSION,Smolt 0+,NOCN9626,1997,19970520,19970524,4,B,Y,,1,,0,0,,0,0,52593,52593
DPI,Alouette R,Chinook,Fall,1997,Alouette R S,LWFR,CK-9006,FRASER-CROSS-CU SUPPLEMENTATION EXCLUSION,W,H,"Alouette River, South H",Alouette R S,CK-9006,FRASER-CROSS-CU SUPPLEMENTATION EXCLUSION,Smolt 0+,NOCN9736,1998,19980528,19980528,5,P,N,,1,,0,0,,0,0,2787,2787
DPI,Alouette R,Chinook,Fall,1997,Chilliwack R,LWFR,CK-9008,FRASER-HARRISON FALL TRANSPLANT_FA_0.3,M,H,"Alouette River, South H",Alouette R S,CK-9006,FRASER-CROSS-CU SUPPLEMENTATION EXCLUSION,Smolt 0+,NOCN9737,1998,19980602,19980602,5,B,Y,,1,,0,0,,0,0,158824,158824
DPI,Alouette R,Chinook,Fall,1998,Chilliwack R,LWFR,CK-9008,FRASER-HARRISON FALL TRANSPLANT_FA_0.3,M,H,"Alouette River, South H",Alouette R S,CK-9006,FRASER-CROSS-CU SUPPLEMENTATION EXCLUSION,Fed Fry,NOCN9850,1999,19990605,19990606,1.8,B,Y,,1,,0,0,,0,0,171828,171828
DPI,Alouette R,Chinook,Fall,1999,Alouette R S,LWFR,CK-9006,FRASER-CROSS-CU SUPPLEMENTATION EXCLUSION,M,H,"Alouette River, South H",Alouette R S,CK-9006,FRASER-CROSS-CU SUPPLEMENTATION EXCLUSION,Smolt 0+,NOCN9982,2000,20000607,20000610,3.5,P,N,,1,,0,0,,0,0,25107,25107
DPI,Alouette R,Chinook,Fall,1999,Chilliwack R,LWFR,CK-9008,FRASER-HARRISON FALL TRANSPLANT_FA_0.3,M,H,"Alouette River, South H",Alouette R S,CK-9006,FRASER-CROSS-CU SUPPLEMENTATION EXCLUSION,Smolt 0+,NOCN9983,2000,20000607,20000610,3.5,B,Y,ORIGINALLY HARRISON STOCK.,1,,0,0,,0,0,109156,109156
DPI,Alouette R,Chinook,Fall,1999,Stave R,LWFR,CK-9006,FRASER-CROSS-CU SUPPLEMENTATION EXCLUSION,M,H,"Alouette River, South H",Alouette R S,CK-9006,FRASER-CROSS-CU SUPPLEMENTATION EXCLUSION,Smolt 0+,NOCN9981,2000,200006,200006,3,B,Y,ORIGINALLY HARRISON STOCK.,1,,0,0,,0,0,12544,12544
DPI,Alouette R,Chinook,Fall,2000,Alouette R S,LWFR,CK-9006,FRASER-CROSS-CU SUPPLEMENTATION EXCLUSION,M,H,"Alouette River, South H",Alouette R S,CK-9006,FRASER-CROSS-CU SUPPLEMENTATION EXCLUSION,Smolt 0+,NOCN0069,2001,20010603,20010610,3,P,N,,1,,0,0,,0,0,84794,84794
DPI,Alouette R,Chinook,Fall,2001,Chilliwack R,LWFR,CK-9008,FRASER-HARRISON FALL TRANSPLANT_FA_0.3,M,H,"Alouette River, South H",Alouette R S,CK-9006,FRASER-CROSS-CU SUPPLEMENTATION EXCLUSION,Smolt 0+,NOCN0163,2002,200206,200206,3.1,B,Y,,1,,0,0,,0,0,137941,137941
DPI,Alouette R,Chinook,Fall,2002,Chilliwack R,LWFR,CK-9008,FRASER-HARRISON FALL TRANSPLANT_FA_0.3,M,H,"Alouette River, South H",Alouette R S,CK-9006,FRASER-CROSS-CU SUPPLEMENTATION EXCLUSION,Smolt 0+,NOCN0244,2003,20030524,20030524,6,B,Y,,1,,0,0,,0,0,125000,125000
DPI,Alouette R,Chinook,Fall,2003,Chilliwack R,LWFR,CK-9008,FRASER-HARRISON FALL TRANSPLANT_FA_0.3,M,H,"Alouette River, South H",Alouette R S,CK-9006,FRASER-CROSS-CU SUPPLEMENTATION EXCLUSION,Smolt 0+,NOCN0319,2004,20040607,20040607,5.1,B,Y,CHILLIWACK FALL WHITES.,1,,0,0,,0,0,98972,98972
DPI,Alouette R,Chinook,Fall,2004,Chilliwack R,LWFR,CK-9008,FRASER-HARRISON FALL TRANSPLANT_FA_0.3,M,H,"Alouette River, South H",Alouette R S,CK-9006,FRASER-CROSS-CU SUPPLEMENTATION EXCLUSION,Smolt 0+,NOCN0412,2005,20050511,20050511,4.5,B,Y,,1,,0,0,,0,0,100933,100933
DPI,Alouette R,Chinook,Fall,2004,Chilliwack R,LWFR,CK-9008,FRASER-HARRISON FALL TRANSPLANT_FA_0.3,M,H,"Alouette River, South H",Alouette R S,CK-9006,FRASER-CROSS-CU SUPPLEMENTATION EXCLUSION,Smolt 0+,NOCN04140,2005,20050608,20050608,5.3,P,Y,,1,,0,0,,0,0,150000,150000
DPI,Alouette R,Chinook,Fall,2005,Chilliwack R,LWFR,CK-9008,FRASER-HARRISON FALL TRANSPLANT_FA_0.3,M,H,"Alouette River, South H",Alouette R S,CK-9006,FRASER-CROSS-CU SUPPLEMENTATION EXCLUSION,Smolt 0+,NOCN05144,2006,20060606,20060606,4.5,B,Y,,1,,0,0,,0,0,100000,100000
DPI,Alouette R,Chinook,Fall,2005,Chilliwack R,LWFR,CK-9008,FRASER-HARRISON FALL TRANSPLANT_FA_0.3,M,H,"Alouette River, South H",Alouette R S,CK-9006,FRASER-CROSS-CU SUPPLEMENTATION EXCLUSION,Smolt 0+,NOCN0567,2006,20060606,20060606,4.5,B,Y,,1,,0,0,,0,0,149000,149000
DPI,Alouette R,Chinook,Fall,2006,Chilliwack R,LWFR,CK-9008,FRASER-HARRISON FALL TRANSPLANT_FA_0.3,M,H,"Alouette River, South H",Alouette R S,CK-9006,FRASER-CROSS-CU SUPPLEMENTATION EXCLUSION,Smolt 0+,NOCN06102,2007,20070503,20070503,4,B,Y,,1,,0,0,,0,0,76150,76150
DPI,Alouette R,Chinook,Fall,2006,Chilliwack R,LWFR,CK-9008,FRASER-HARRISON FALL TRANSPLANT_FA_0.3,M,H,"Alouette River, South H",Alouette R S,CK-9006,FRASER-CROSS-CU SUPPLEMENTATION EXCLUSION,Smolt 0+,NOCN06204,2007,20070601,20070601,4,P,Y,,1,,0,0,,0,0,125336,125336
DPI,Alouette R,Chinook,Fall,2007,Chilliwack R,LWFR,CK-9008,FRASER-HARRISON FALL TRANSPLANT_FA_0.3,M,H,"Alouette River, South H",Alouette R S,CK-9006,FRASER-CROSS-CU SUPPLEMENTATION EXCLUSION,Smolt 0+,NOCN07114,2008,20080430,20080430,4,P,Y,,1,,0,0,,0,0,200000,200000
DPI,Alouette R,Chinook,Fall,2007,Chilliwack R,LWFR,CK-9008,FRASER-HARRISON FALL TRANSPLANT_FA_0.3,M,H,"Alouette River, South H",Alouette R S,CK-9006,FRASER-CROSS-CU SUPPLEMENTATION EXCLUSION,Smolt 0+,NOCN0724,2008,20080609,20080609,3.4,P,Y,,1,,0,0,,0,0,206000,206000
DPI,Alouette R,Chinook,Fall,2008,Chilliwack R,LWFR,CK-9008,FRASER-HARRISON FALL TRANSPLANT_FA_0.3,M,H,"Alouette River, South H",Alouette R S,CK-9006,FRASER-CROSS-CU SUPPLEMENTATION EXCLUSION,Smolt 0+,NOCN08111,2009,20090607,20090607,3.3,P,Y,,1,,0,0,,0,0,149800,149800
DPI,Alouette R,Chinook,Fall,2008,Chilliwack R,LWFR,CK-9008,FRASER-HARRISON FALL TRANSPLANT_FA_0.3,M,H,"Alouette River, South H",Alouette R S,CK-9006,FRASER-CROSS-CU SUPPLEMENTATION EXCLUSION,Smolt 0+,NOCN0869,2009,20090505,20090505,3.68,B,Y,,1,,0,0,,0,0,200000,200000
DPI,Alouette R,Chinook,Fall,2009,Chilliwack R,LWFR,CK-9008,FRASER-HARRISON FALL TRANSPLANT_FA_0.3,M,H,"Alouette River, South H",Alouette R,CK-9006,FRASER-CROSS-CU SUPPLEMENTATION EXCLUSION,Smolt 0+,NOCN0971,2010,20100626,20100626,8,E,Y,,1,,0,0,,0,0,129500,129500
DPI,Alouette R,Chinook,Fall,2009,Chilliwack R,LWFR,CK-9008,FRASER-HARRISON FALL TRANSPLANT_FA_0.3,M,H,"Alouette River, South H",Alouette R,CK-9006,FRASER-CROSS-CU SUPPLEMENTATION EXCLUSION,Smolt 0+,NOCN0972,2010,20100503,20100503,4.5,B,Y,,1,,0,0,,0,0,200000,200000
DPI,Alouette R,Chinook,Fall,2010,Chilliwack R,LWFR,CK-9008,FRASER-HARRISON FALL TRANSPLANT_FA_0.3,M,H,"Alouette River, South H",Alouette R,CK-9006,FRASER-CROSS-CU SUPPLEMENTATION EXCLUSION,Smolt 0+,NOCN1065,2011,20110427,20110427,,P,Y,These fish were transferred directly in as smolts from Chilliwack hatchery,1,,0,0,,0,0,50027,50027
DPI,Alouette R,Chinook,Fall,2010,Chilliwack R,LWFR,CK-9008,FRASER-HARRISON FALL TRANSPLANT_FA_0.3,M,H,"Alouette River, South H",Alouette R S,CK-9006,FRASER-CROSS-CU SUPPLEMENTATION EXCLUSION,Fed Fry,NOCN1060,2011,20110409,20110409,0.46,P,Y,,1,,0,0,,0,0,250,250
DPI,Alouette R,Chinook,Fall,2010,Chilliwack R,LWFR,CK-9008,FRASER-HARRISON FALL TRANSPLANT_FA_0.3,M,H,"Alouette River, South H",Alouette R S,CK-9006,FRASER-CROSS-CU SUPPLEMENTATION EXCLUSION,Smolt 0+,NOCN1062,2011,20110619,20110619,4.8,P,Y,,1,,0,0,,0,0,3000,3000
DPI,Alouette R,Chinook,Fall,2010,Chilliwack R,LWFR,CK-9008,FRASER-HARRISON FALL TRANSPLANT_FA_0.3,M,H,"Alouette River, South H",Alouette R S,CK-9006,FRASER-CROSS-CU SUPPLEMENTATION EXCLUSION,Smolt 0+,NOCN1063,2011,20110620,20110620,4.8,P,Y,,1,,0,0,,0,0,73500,73500
DPI,Alouette R,Chinook,Fall,2010,Chilliwack R,LWFR,CK-9008,FRASER-HARRISON FALL TRANSPLANT_FA_0.3,M,H,"Alouette River, South H",Coquitlam R,CK-9006,FRASER-CROSS-CU SUPPLEMENTATION EXCLUSION,Smolt 0+,NOCN1064,2011,20110628,20110628,5.2,P,Y,,1,,0,0,,0,0,48200,48200
DPI,Alouette R,Chinook,Fall,2011,Chilliwack R,LWFR,CK-9008,FRASER-HARRISON FALL TRANSPLANT_FA_0.3,M,H,"Alouette River, South H",Alouette R S,CK-9006,FRASER-CROSS-CU SUPPLEMENTATION EXCLUSION,Smolt 0+,NOCN1143,2012,20120617,20120617,5.4,P,N,,1,,0,0,,0,0,49805,49805
DPI,Alouette R,Chinook,Fall,2012,Chilliwack R,LWFR,CK-9008,FRASER-HARRISON FALL TRANSPLANT_FA_0.3,M,H,"Alouette River, South H",Alouette R S,CK-9006,FRASER-CROSS-CU SUPPLEMENTATION EXCLUSION,Smolt 0+,NOCN1272,2013,20130430,20130503,2.2,P,Y,,1,,0,0,,0,0,620,620
DPI,Alouette R,Chinook,Fall,2012,Chilliwack R,LWFR,CK-9008,FRASER-HARRISON FALL TRANSPLANT_FA_0.3,M,H,"Alouette River, South H",Alouette R S,CK-9006,FRASER-CROSS-CU SUPPLEMENTATION EXCLUSION,Smolt 0+,NOCN1273,2013,20130610,20130617,4.3,P,Y,,1,,0,0,,0,0,5100,5100
DPI,Alouette R,Chinook,Fall,2012,Chilliwack R,LWFR,CK-9008,FRASER-HARRISON FALL TRANSPLANT_FA_0.3,M,H,"Alouette River, South H",Alouette R S,CK-9006,FRASER-CROSS-CU SUPPLEMENTATION EXCLUSION,Smolt 0+,NOCN1274,2013,20130628,20130628,5,P,Y,,1,,0,0,,0,0,77900,77900
DPI,Alouette R,Chinook,Fall,2012,Chilliwack R,LWFR,CK-9008,FRASER-HARRISON FALL TRANSPLANT_FA_0.3,M,H,"Alouette River, South H",Coquitlam R,CK-9006,FRASER-CROSS-CU SUPPLEMENTATION EXCLUSION,Smolt 0+,NOCN1285,2013,20130627,20130627,5,P,Y,,1,,0,0,,0,0,50000,50000
DPI,Alouette R,Chinook,Fall,2013,Chilliwack R,LWFR,CK-9008,FRASER-HARRISON FALL TRANSPLANT_FA_0.3,M,H,"Alouette River, South H",Alouette R S,CK-9006,FRASER-CROSS-CU SUPPLEMENTATION EXCLUSION,Smolt 0+,NOCN1363,2014,20140518,20140519,3,P,Y,EARLY RELEASE DUE TO HIGH DENSITIES,1,,0,0,,0,0,47332,47332
DPI,Alouette R,Chinook,Fall,2013,Chilliwack R,LWFR,CK-9008,FRASER-HARRISON FALL TRANSPLANT_FA_0.3,M,H,"Alouette River, South H",Alouette R S,CK-9006,FRASER-CROSS-CU SUPPLEMENTATION EXCLUSION,Smolt 0+,NOCN1364,2014,20140610,20140613,6,P,Y,LATE RELEASE GROUP AS PER M.FOY DIRECTION,1,,0,0,,0,0,23065,23065
DPI,Alouette R,Chinook,Fall,2013,Chilliwack R,LWFR,CK-9008,FRASER-HARRISON FALL TRANSPLANT_FA_0.3,M,H,"Alouette River, South H",Coquitlam R,CK-9006,FRASER-CROSS-CU SUPPLEMENTATION EXCLUSION,Smolt 0+,NOCN1365,2014,20140617,20140618,6.7,P,Y,LARGER SAMPLE WEIGHT CAUSED EXTRA TRIP FROM ALLCO TO COQUITLAM WATERSHED,1,,0,0,,0,0,53621,53621
DPI,Alouette R,Chinook,Fall,2014,Chilliwack R,LWFR,CK-9008,FRASER-HARRISON FALL TRANSPLANT_FA_0.3,M,H,"Alouette River, South H",Alouette R S,CK-9006,FRASER-CROSS-CU SUPPLEMENTATION EXCLUSION,Smolt 0+,NOCN1455,2015,20150602,20150602,4,P,N,,1,,0,0,,0,0,70410,70410
DPI,Alouette R,Chinook,Fall,2014,Chilliwack R,LWFR,CK-9008,FRASER-HARRISON FALL TRANSPLANT_FA_0.3,M,H,"Alouette River, South H",Alouette R S,CK-9006,FRASER-CROSS-CU SUPPLEMENTATION EXCLUSION,Smolt 0+,NOCN1456,2015,20150621,20150621,5.2,P,N,,1,,0,0,,0,0,2412,2412
DPI,Alouette R,Chinook,Fall,2014,Chilliwack R,LWFR,CK-9008,FRASER-HARRISON FALL TRANSPLANT_FA_0.3,M,H,"Alouette River, South H",Coquitlam R,CK-9006,FRASER-CROSS-CU SUPPLEMENTATION EXCLUSION,Smolt 0+,NOCN1457,2015,20150616,20150616,4,P,N,,1,,0,0,,0,0,48026,48026
DPI,Alouette R,Chinook,Fall,2015,Chilliwack R,LWFR,CK-9008,FRASER-HARRISON FALL TRANSPLANT_FA_0.3,M,H,"Alouette River, South H",Alouette R S,CK-9006,FRASER-CROSS-CU SUPPLEMENTATION EXCLUSION,Smolt 0+,NOCN1584,2016,20160610,20160610,4.4,B,Y,,1,,0,0,,0,0,49713,49713
DPI,Alouette R,Chinook,Fall,2015,Chilliwack R,LWFR,CK-9008,FRASER-HARRISON FALL TRANSPLANT_FA_0.3,M,H,"Alouette River, South H",Alouette R S,CK-9006,FRASER-CROSS-CU SUPPLEMENTATION EXCLUSION,Smolt 0+,NOCN1585,2016,20160619,20160619,4.8,B,Y,,1,,0,0,,0,0,4570,4570
DPI,Alouette R,Chinook,Fall,2015,Chilliwack R,LWFR,CK-9008,FRASER-HARRISON FALL TRANSPLANT_FA_0.3,M,H,"Alouette River, South H",Coquitlam R,CK-9006,FRASER-CROSS-CU SUPPLEMENTATION EXCLUSION,Smolt 0+,NOCN1583,2016,20160609,20160609,4.4,B,Y,,1,,0,0,,0,0,49713,49713
DPI,Alouette R,Chinook,Fall,2016,Chilliwack R,LWFR,CK-9008,FRASER-HARRISON FALL TRANSPLANT_FA_0.3,M,H,"Alouette River, South H",Alouette R S,CK-9006,FRASER-CROSS-CU SUPPLEMENTATION EXCLUSION,Smolt 0+,NOCN1660,2017,20170617,20170617,6,B,Y,,1,,0,0,,0,0,4980,4980
DPI,Alouette R,Chinook,Fall,2016,Chilliwack R,LWFR,CK-9008,FRASER-HARRISON FALL TRANSPLANT_FA_0.3,M,H,"Alouette River, South H",Alouette R S,CK-9006,FRASER-CROSS-CU SUPPLEMENTATION EXCLUSION,Smolt 0+,NOCN1662,2017,20170621,20170621,6,B,Y,,1,,0,0,,0,0,61032,61032
DPI,Alouette R,Chinook,Fall,2016,Chilliwack R,LWFR,CK-9008,FRASER-HARRISON FALL TRANSPLANT_FA_0.3,M,H,"Alouette River, South H",Coquitlam R,CK-9006,FRASER-CROSS-CU SUPPLEMENTATION EXCLUSION,Smolt 0+,NOCN1661,2017,20170620,20170620,6,B,Y,,1,,0,0,,0,0,50000,50000
DPI,Alouette R,Chinook,Fall,2017,Chilliwack R,LWFR,CK-9008,FRASER-HARRISON FALL TRANSPLANT_FA_0.3,M,H,"Alouette River, South H",Alouette R S,CK-9006,FRASER-CROSS-CU SUPPLEMENTATION EXCLUSION,Smolt 0+,NOCN1758,2018,20180609,20180609,5.9,B,U,,1,,0,0,,0,0,69100,69100
DPI,Alouette R,Chinook,Fall,2017,Chilliwack R,LWFR,CK-9008,FRASER-HARRISON FALL TRANSPLANT_FA_0.3,M,H,"Alouette River, South H",Coquitlam R,CK-9006,FRASER-CROSS-CU SUPPLEMENTATION EXCLUSION,Smolt 0+,NOCN1759,2018,20180608,20180608,5.9,B,U,,1,,0,0,,0,0,49200,49200
DPI,Alouette R,Chinook,Fall,2018,Alouette R S,LWFR,CK-9006,FRASER-CROSS-CU SUPPLEMENTATION EXCLUSION,M,H,"Alouette River, South H",Alouette R S,CK-9006,FRASER-CROSS-CU SUPPLEMENTATION EXCLUSION,Smolt 0+,NOCN1845,2019,20190608,20190608,4.5,B,N,,1,,0,0,,0,0,3700,3700
DPI,Alouette R,Chinook,Fall,2018,Chilliwack R,LWFR,CK-9008,FRASER-HARRISON FALL TRANSPLANT_FA_0.3,M,H,"Alouette River, South H",Alouette R S,CK-9006,FRASER-CROSS-CU SUPPLEMENTATION EXCLUSION,Smolt 0+,NOCN1880,2019,20190528,20190608,4.2,B,N,,1,,0,0,,0,0,68347,68347
DPI,Alouette R,Chinook,Fall,2018,Chilliwack R,LWFR,CK-9008,FRASER-HARRISON FALL TRANSPLANT_FA_0.3,M,H,"Alouette River, South H",Coquitlam R,CK-9006,FRASER-CROSS-CU SUPPLEMENTATION EXCLUSION,Smolt 0+,NOCN1881,2019,20190606,20190606,5.9,B,N,,1,,0,0,,0,0,50000,50000
DPI,Alouette R,Chinook,Fall,2019,Alouette R S,LWFR,CK-9006,FRASER-CROSS-CU SUPPLEMENTATION EXCLUSION,M,H,"Alouette River, South H",Alouette R S,CK-9006,FRASER-CROSS-CU SUPPLEMENTATION EXCLUSION,Smolt 0+,NOCN19114,2020,20200608,20200608,4.5,P,N,,1,,0,0,,0,0,1635,1635
DPI,Alouette R,Chinook,Fall,2019,Chilliwack R,LWFR,CK-9008,FRASER-HARRISON FALL TRANSPLANT_FA_0.3,M,H,"Alouette River, South H",Alouette R S,CK-9006,FRASER-CROSS-CU SUPPLEMENTATION EXCLUSION,Smolt 0+,NOCN19115,2020,20200516,20200603,4.8,P,U,,1,,0,0,,0,0,73850,73850
DPI,Alouette R,Chinook,Fall,2019,Chilliwack R,LWFR,CK-9008,FRASER-HARRISON FALL TRANSPLANT_FA_0.3,M,H,"Alouette River, South H",Coquitlam R,CK-9006,FRASER-CROSS-CU SUPPLEMENTATION EXCLUSION,Smolt 0+,NOCN19116,2020,20200604,20200605,5.66,P,U,,1,,0,0,,0,0,50564,50564
DPI,Alouette R,Chinook,Fall,2020,Alouette R S,LWFR,CK-9006,FRASER-CROSS-CU SUPPLEMENTATION EXCLUSION,M,H,"Alouette River, South H",Alouette R S,CK-9006,FRASER-CROSS-CU SUPPLEMENTATION EXCLUSION,Smolt 0+,NOCN2083,2021,20210519,20210610,4.42,P,N,,1,,0,0,,0,0,2772,2772
DPI,Alouette R,Chinook,Fall,2020,Chilliwack R,LWFR,CK-9008,FRASER-HARRISON FALL TRANSPLANT_FA_0.3,M,H,"Alouette River, South H",Alouette R S,CK-9006,FRASER-CROSS-CU SUPPLEMENTATION EXCLUSION,Smolt 0+,NOCN2084,2021,20210519,20210610,6,P,N,,1,,0,0,,0,0,74540,74540
DPI,Alouette R,Chinook,Fall,2020,Chilliwack R,LWFR,CK-9008,FRASER-HARRISON FALL TRANSPLANT_FA_0.3,M,H,"Alouette River, South H",Coquitlam R,CK-9006,FRASER-CROSS-CU SUPPLEMENTATION EXCLUSION,Smolt 0+,NOCN2085,2021,20210609,20210609,6.5,P,N,,1,,0,0,,0,0,50150,50150
DPI,Alouette R,Chinook,Fall,2021,Alouette R S,LWFR,CK-9006,FRASER-CROSS-CU SUPPLEMENTATION EXCLUSION,M,H,"Alouette River, South H",Alouette R S,CK-9006,FRASER-CROSS-CU SUPPLEMENTATION EXCLUSION,Smolt 0+,NOCN2178,2022,20220529,20220619,4.2,B,N,,1,,0,0,,0,0,18766,18766
DPI,Alouette R,Chinook,Fall,2021,Chilliwack R,LWFR,CK-9008,FRASER-HARRISON FALL TRANSPLANT_FA_0.3,M,H,"Alouette River, South H",Alouette R S,CK-9006,FRASER-CROSS-CU SUPPLEMENTATION EXCLUSION,Smolt 0+,NOCN2179,2022,20220529,20220619,4.98,B,Y,,1,,0,0,,0,0,71931,71931
DPI,Alouette R,Chinook,Fall,2021,Chilliwack R,LWFR,CK-9008,FRASER-HARRISON FALL TRANSPLANT_FA_0.3,M,H,"Alouette River, South H",Coquitlam R,CK-9006,FRASER-CROSS-CU SUPPLEMENTATION EXCLUSION,Smolt 0+,NOCN2180,2022,20220616,20220616,5.64,B,Y,,1,,0,0,,0,0,50000,50000
DPI,Alouette R,Chinook,Fall,2022,Alouette R S,LWFR,CK-9006,FRASER-CROSS-CU SUPPLEMENTATION EXCLUSION,M,H,"Alouette River, South H",Alouette R S,CK-9006,FRASER-CROSS-CU SUPPLEMENTATION EXCLUSION,Smolt 0+,NOCN2256,2023,20230525,20230618,4.2,B,N,,1,,0,0,,0,0,16409,16409
DPI,Alouette R,Chinook,Fall,2022,Chilliwack R,LWFR,CK-9008,FRASER-HARRISON FALL TRANSPLANT_FA_0.3,M,H,"Alouette River, South H",Alouette R S,CK-9006,FRASER-CROSS-CU SUPPLEMENTATION EXCLUSION,Smolt 0+,NOCN2257,2023,20230525,20230618,4.86,B,Y,,1,,0,0,,0,0,76869,76869
DPI,Alouette R,Chinook,Fall,2022,Chilliwack R,LWFR,CK-9008,FRASER-HARRISON FALL TRANSPLANT_FA_0.3,M,H,"Alouette River, South H",Coquitlam R,CK-9006,FRASER-CROSS-CU SUPPLEMENTATION EXCLUSION,Smolt 0+,NOCN2258,2023,20230615,20230615,5.28,B,N,,1,,0,0,,0,0,50060,50060
DPI,Alouette R,Chinook,Fall,2023,Alouette R S,LWFR,CK-9006,FRASER-CROSS-CU SUPPLEMENTATION EXCLUSION,M,H,"Alouette River, South H",Alouette R S,CK-9006,FRASER-CROSS-CU SUPPLEMENTATION EXCLUSION,Smolt 0+,NOCN2345,2024,20240505,20240616,7.25,P,N,,1,,0,0,,0,0,19152,19152
DPI,Alouette R,Chinook,Fall,2023,Chilliwack R,LWFR,CK-9008,FRASER-HARRISON FALL TRANSPLANT_FA_0.3,M,H,"Alouette River, South H",Alouette R S,CK-9006,FRASER-CROSS-CU SUPPLEMENTATION EXCLUSION,Smolt 0+,NOCN2346,2024,20240505,20240616,5.1,P,Y,,1,,0,0,,0,0,84454,84454
DPI,Alouette R,Chinook,Fall,2023,Chilliwack R,LWFR,CK-9008,FRASER-HARRISON FALL TRANSPLANT_FA_0.3,M,H,"Alouette River, South H",Coquitlam R,CK-9006,FRASER-CROSS-CU SUPPLEMENTATION EXCLUSION,Smolt 0+,NOCN2347,2024,20240606,20240606,5.38,P,Y,,1,,0,0,,0,0,50010,50010
DPI,Alouette R,Chinook,Summer,1989,Maria Sl,LWFR,CK-07,MARIA SLOUGH_SU_0.3,W,H,"Alouette River, South H",Maria Sl,CK-07,MARIA SLOUGH_SU_0.3,Fed Fry,RV8916,1990,199005,19900504,1.3,B,N,FED FRY RELEASE - EGGTAKE BY HYDRAULIC SAMPLE; MARKED FOR ESCAPEMENT I.D.,1,,0,0,RV,492,0,,492
DPI,Bridge R,Chinook,Spring,1986,Bridge R,UPFR,CK-10,MIDDLE FRASER RIVER_SP_1.3,W,H,Bridge River H,Yalakom R,,,Smolt 0+,NOCN8651,1987,198704,19870428,4,P,N,,1,,0,0,,0,0,20500,20500
DPI,Bridge R,Chinook,Spring,1987,Bridge R,UPFR,CK-10,MIDDLE FRASER RIVER_SP_1.3,W,H,Bridge River H,Yalakom R,,,Smolt 0+,LV8727,1988,19880514,19880529,3.3,P,N,MARKED FOR ESCAPEMENT I.D.,1,,0,0,LV,20200,0,,20200
DPI,Bridge R,Chinook,Spring,1988,Bridge R,UPFR,CK-10,MIDDLE FRASER RIVER_SP_1.3,W,H,Bridge River H,Bridge R,CK-10,MIDDLE FRASER RIVER_SP_1.3,Smolt 0+,NOCN8829,1989,198905,19890531,4,P,N,,1,,0,0,,0,0,20000,20000
DPI,Bridge R,Chinook,Spring,1989,Bridge R,UPFR,CK-10,MIDDLE FRASER RIVER_SP_1.3,M,H,Bridge River H,Yalakom R,,,Smolt 0+,LV8920,1990,199006,19900615,3.7,P,N,MARKED FOR ESCAPEMENT I.D.,1,,0,0,LV,11790,0,,11790
DPI,Bridge R,Chinook,Spring,1990,Bridge R,UPFR,CK-10,MIDDLE FRASER RIVER_SP_1.3,M,H,Bridge River H,Bridge R,CK-10,MIDDLE FRASER RIVER_SP_1.3,Smolt 0+,NOCN9068,1991,199106,199106,0,P,N,,1,,0,0,,0,0,25000,25000
DPI,Bridge R,Chinook,Spring,1992,Bridge R,UPFR,CK-10,MIDDLE FRASER RIVER_SP_1.3,M,H,Bridge River H,Bridge R,CK-10,MIDDLE FRASER RIVER_SP_1.3,Smolt 0+,181206,1993,19930506,19930506,4.1,B,N,MITIG. PROJ.; ASSESS STRATEGY; ALSO SEE 181205 & 180840 (SPIUS H.),1,AD,33387,168,,0,0,666,34221
DPI,Bridge R,Chinook,Spring,1993,Bridge R,UPFR,CK-10,MIDDLE FRASER RIVER_SP_1.3,M,H,Bridge River H,Bridge R,CK-10,MIDDLE FRASER RIVER_SP_1.3,Smolt 0+,NOCN9356,1994,199405,199405,0,P,N,,1,,0,0,,0,0,5000,5000
DPI,Bridge R,Chinook,Spring,1994,Bridge R,UPFR,CK-10,MIDDLE FRASER RIVER_SP_1.3,M,H,Bridge River H,Bridge R,CK-10,MIDDLE FRASER RIVER_SP_1.3,Smolt 0+,NOCN9458,1995,19950622,19950622,5.5,P,N,,1,,0,0,,0,0,17290,17290
DPI,Bridge R,Chinook,Spring,1995,Bridge R,UPFR,CK-10,MIDDLE FRASER RIVER_SP_1.3,M,H,Bridge River H,Bridge R,CK-10,MIDDLE FRASER RIVER_SP_1.3,Smolt 0+,NOCN9530,1996,19960523,19960523,5,P,N,,1,,0,0,,0,0,16000,16000
DPI,Bridge R,Chinook,Spring,1996,Bridge R,UPFR,CK-10,MIDDLE FRASER RIVER_SP_1.3,M,H,Bridge River H,Bridge R,CK-10,MIDDLE FRASER RIVER_SP_1.3,Fed Fry,NOCN9643,1997,19970422,19970422,2,B,N,,1,,0,0,,0,0,12000,12000
DPI,Bridge R,Chinook,Spring,1996,Bridge R,UPFR,CK-10,MIDDLE FRASER RIVER_SP_1.3,M,H,Bridge River H,Bridge R,CK-10,MIDDLE FRASER RIVER_SP_1.3,Smolt 0+,NOCN9644,1997,19970604,19970604,4,P,N,,1,,0,0,,0,0,12000,12000
DPI,Bridge R,Chinook,Spring,1997,Bridge R,UPFR,CK-10,MIDDLE FRASER RIVER_SP_1.3,M,H,Bridge River H,Bridge R,CK-10,MIDDLE FRASER RIVER_SP_1.3,Fed Fry,NOCN9702,1998,19980407,19980407,2,B,N,,1,,0,0,,0,0,20000,20000
DPI,Bridge R,Chinook,Spring,1998,Bridge R,UPFR,CK-10,MIDDLE FRASER RIVER_SP_1.3,M,H,Bridge River H,Bridge R,CK-10,MIDDLE FRASER RIVER_SP_1.3,Smolt 0+,NOCN9837,1999,19990505,19990505,5,P,N,RELEASED AT CAMU AND YALAKOM CONFLUENCE.,1,,0,0,,0,0,6125,6125
DPI,Bridge R,Chinook,Spring,1998,Bridge R,UPFR,CK-10,MIDDLE FRASER RIVER_SP_1.3,M,H,Bridge River H,Bridge R,CK-10,MIDDLE FRASER RIVER_SP_1.3,Smolt 0+,NOCN9838,1999,19990617,19990617,10,P,N,RELEASED AT CAMU AND YALAKOM CONFLUENCE.,1,,0,0,,0,0,6125,6125
DPI,Bridge R,Chinook,Spring,1999,Bridge R,UPFR,CK-10,MIDDLE FRASER RIVER_SP_1.3,M,H,Bridge River H,Bridge R,CK-10,MIDDLE FRASER RIVER_SP_1.3,Smolt 0+,NOCN9912,2000,20000406,20000522,3,P,N,,1,,0,0,,0,0,19300,19300
DPI,Kingfisher Cr/TOMF,Chinook,Summer,1981,Shuswap R Low,TOMF,CK-15,SHUSWAP RIVER_SU_0.3,W,H,Kingfisher Creek/ TOMF H,Shuswap R Low,CK-15,SHUSWAP RIVER_SU_0.3,Smolt 0+,NOCN8113,1982,198206,19820601,2,P,N,,1,,0,0,,0,0,4275,4275
DPI,Kingfisher Cr/TOMF,Chinook,Summer,1982,Shuswap R Low,TOMF,CK-15,SHUSWAP RIVER_SU_0.3,W,H,Kingfisher Creek/ TOMF H,Shuswap R Low,CK-15,SHUSWAP RIVER_SU_0.3,Unfed,NOCN8225,1983,198304,19830401,0.5,B,N,,1,,0,0,,0,0,27000,27000
DPI,Kingfisher Cr/TOMF,Chinook,Summer,1983,Shuswap R Low,TOMF,CK-15,SHUSWAP RIVER_SU_0.3,W,H,Kingfisher Creek/ TOMF H,Shuswap R Low,CK-15,SHUSWAP RIVER_SU_0.3,Smolt 0+,NOCN8320,1984,198406,19840620,2,P,N,,1,,0,0,,0,0,27000,27000
DPI,Kingfisher Cr/TOMF,Chinook,Summer,1984,Shuswap R Low,TOMF,CK-15,SHUSWAP RIVER_SU_0.3,M,H,Kingfisher Creek/ TOMF H,Shuswap R Low,CK-15,SHUSWAP RIVER_SU_0.3,Smolt 0+,NOCN8420,1985,198506,19850609,2.5,P,N,,1,,0,0,,0,0,83500,83500
DPI,Kingfisher Cr/TOMF,Chinook,Summer,1985,Shuswap R Low,TOMF,CK-15,SHUSWAP RIVER_SU_0.3,M,H,Kingfisher Creek/ TOMF H,Shuswap R Low,CK-15,SHUSWAP RIVER_SU_0.3,Fed Fry,NOCN8545,1986,198606,19860627,1.5,B,N,,1,,0,0,,0,0,20000,20000
DPI,Kingfisher Cr/TOMF,Chinook,Summer,1985,Shuswap R Low,TOMF,CK-15,SHUSWAP RIVER_SU_0.3,M,H,Kingfisher Creek/ TOMF H,Shuswap R Low,CK-15,SHUSWAP RIVER_SU_0.3,Smolt 0+,NOCN8546,1986,198607,19860731,3,P,N,,1,,0,0,,0,0,180000,180000
DPI,Kingfisher Cr/TOMF,Chinook,Summer,1986,Shuswap R Low,TOMF,CK-15,SHUSWAP RIVER_SU_0.3,M,H,Kingfisher Creek/ TOMF H,Shuswap R Low,CK-15,SHUSWAP RIVER_SU_0.3,Unfed,NOCN8640,1987,198704,19870415,0.5,B,N,,1,,0,0,,0,0,100000,100000
DPI,Kingfisher Cr/TOMF,Chinook,Summer,1986,Shuswap R Low,TOMF,CK-15,SHUSWAP RIVER_SU_0.3,M,H,Kingfisher Creek/ TOMF H,Shuswap R Low,CK-15,SHUSWAP RIVER_SU_0.3,Smolt 0+,NOCN8641,1987,198706,19870630,2,P,N,,1,,0,0,,0,0,135000,135000
DPI,Kingfisher Cr/TOMF,Chinook,Summer,1987,Shuswap R Low,TOMF,CK-15,SHUSWAP RIVER_SU_0.3,M,H,Kingfisher Creek/ TOMF H,Shuswap R Low,CK-15,SHUSWAP RIVER_SU_0.3,Smolt 0+,NOCN8728,1988,19880704,19880705,1.9,P,N,,1,,0,0,,0,0,99500,99500
DPI,Kingfisher Cr/TOMF,Chinook,Summer,1988,Shuswap R Low,TOMF,CK-15,SHUSWAP RIVER_SU_0.3,M,H,Kingfisher Creek/ TOMF H,Shuswap R Low,CK-15,SHUSWAP RIVER_SU_0.3,Unfed,NOCN8856,1989,19890402,19890518,0.5,B,N,,1,,0,0,,0,0,172000,172000
DPI,Kingfisher Cr/TOMF,Chinook,Summer,1989,Shuswap R Low,TOMF,CK-15,SHUSWAP RIVER_SU_0.3,M,H,Kingfisher Creek/ TOMF H,Shuswap R Low,CK-15,SHUSWAP RIVER_SU_0.3,Unfed,NOCN8934,1990,19900427,19900427,0,B,N,,1,,0,0,,0,0,138000,138000
DPI,Kingfisher Cr/TOMF,Chinook,Summer,1990,Shuswap R Low,TOMF,CK-15,SHUSWAP RIVER_SU_0.3,M,H,Kingfisher Creek/ TOMF H,Shuswap R Low,CK-15,SHUSWAP RIVER_SU_0.3,Unfed,NOCN9032,1991,19910414,19910414,0,B,N,,1,,0,0,,0,0,160000,160000
DPI,Kingfisher Cr/TOMF,Chinook,Summer,1991,Shuswap R Low,TOMF,CK-15,SHUSWAP RIVER_SU_0.3,M,H,Kingfisher Creek/ TOMF H,Shuswap R Low,CK-15,SHUSWAP RIVER_SU_0.3,Unfed,NOCN9128,1992,19920329,19920329,0.5,P,N,,1,,0,0,,0,0,45000,45000
DPI,Kingfisher Cr/TOMF,Chinook,Summer,1992,Shuswap R Low,TOMF,CK-15,SHUSWAP RIVER_SU_0.3,M,H,Kingfisher Creek/ TOMF H,Shuswap R Low,CK-15,SHUSWAP RIVER_SU_0.3,Unfed,NOCN9244,1993,199304,199304,0,B,N,,1,,0,0,,0,0,160000,160000
DPI,Kingfisher Cr/TOMF,Chinook,Summer,1993,Shuswap R Low,TOMF,CK-15,SHUSWAP RIVER_SU_0.3,M,H,Kingfisher Creek/ TOMF H,Shuswap R Low,CK-15,SHUSWAP RIVER_SU_0.3,Fed Fry,NOCN93105,1994,199407,199407,0,B,N,FED FRY RELEASE; EXACT DATE AND NUMBER UNKNOWN,1,,0,0,,0,0,20000,20000
DPI,Kingfisher Cr/TOMF,Chinook,Summer,1993,Shuswap R Low,TOMF,CK-15,SHUSWAP RIVER_SU_0.3,M,H,Kingfisher Creek/ TOMF H,Shuswap R Low,CK-15,SHUSWAP RIVER_SU_0.3,Unfed,NOCN9355,1994,199404,199404,0,B,N,,1,,0,0,,0,0,75000,75000
DPI,Kingfisher Cr/TOMF,Chinook,Summer,1994,Shuswap R Low,TOMF,CK-15,SHUSWAP RIVER_SU_0.3,M,H,Kingfisher Creek/ TOMF H,Shuswap R Low,CK-15,SHUSWAP RIVER_SU_0.3,Unfed,NOCN9460,1995,19950405,19950410,0.5,B,N,,1,,0,0,,0,0,237000,237000
DPI,Kingfisher Cr/TOMF,Chinook,Summer,1995,Shuswap R Low,TOMF,CK-15,SHUSWAP RIVER_SU_0.3,M,H,Kingfisher Creek/ TOMF H,Shuswap R Low,CK-15,SHUSWAP RIVER_SU_0.3,Unfed,NOCN9531,1996,19960501,19960502,0.5,B,N,UNFED FRY - RELEASED EARLY DUE TO PROBLEM WITH REARING WATER INTAKE SYSTEM.,1,,0,0,,0,0,110000,110000
DPI,Kingfisher Cr/TOMF,Chinook,Summer,1996,Shuswap R Low,TOMF,CK-15,SHUSWAP RIVER_SU_0.3,M,H,Kingfisher Creek/ TOMF H,Shuswap R Low,CK-15,SHUSWAP RIVER_SU_0.3,Unfed,NOCN9646,1997,19970401,19970430,0.5,B,N,,1,,0,0,,0,0,58000,58000
DPI,Kingfisher Cr/TOMF,Chinook,Summer,1997,Shuswap R Low,TOMF,CK-15,SHUSWAP RIVER_SU_0.3,M,H,Kingfisher Creek/ TOMF H,Shuswap R Low,CK-15,SHUSWAP RIVER_SU_0.3,Smolt 0+,NOCN9761,1998,19980627,19980627,4,P,N,,1,,0,0,,0,0,31000,31000
DPI,Kingfisher Cr/TOMF,Chinook,Summer,1998,Shuswap R Low,TOMF,CK-15,SHUSWAP RIVER_SU_0.3,M,H,Kingfisher Creek/ TOMF H,Shuswap R Low,CK-15,SHUSWAP RIVER_SU_0.3,Unfed,NOCN98110,1999,19990509,19990530,0.4,B,N,"UNFED FRY RELEASE, FLOOD DAMAGE TO REARING FACILITIES.",1,,0,0,,0,0,110138,110138
DPI,Kingfisher Cr/TOMF,Chinook,Summer,1999,Shuswap R Low,TOMF,CK-15,SHUSWAP RIVER_SU_0.3,M,H,Kingfisher Creek/ TOMF H,Shuswap R Low,CK-15,SHUSWAP RIVER_SU_0.3,Fed Fry,NOCN9913,2000,20000422,20000519,0.5,B,N,,1,,0,0,,0,0,222465,222465
DPI,Kingfisher Cr/TOMF,Chinook,Summer,2000,Shuswap R Low,TOMF,CK-15,SHUSWAP RIVER_SU_0.3,M,H,Kingfisher Creek/ TOMF H,Shuswap R Low,CK-15,SHUSWAP RIVER_SU_0.3,Unfed,NOCN0041,2001,20010518,20010525,0.5,B,N,,1,,0,0,,0,0,196366,196366
DPI,Kingfisher Cr/TOMF,Chinook,Summer,2001,Shuswap R Low,TOMF,CK-15,SHUSWAP RIVER_SU_0.3,M,H,Kingfisher Creek/ TOMF H,Shuswap R Low,CK-15,SHUSWAP RIVER_SU_0.3,Unfed,NOCN0197,2002,200205,200205,0.4,B,N,,1,,0,0,,0,0,166361,166361
DPI,Kingfisher Cr/TOMF,Chinook,Summer,2001,Shuswap R Low,TOMF,CK-15,SHUSWAP RIVER_SU_0.3,M,H,Kingfisher Creek/ TOMF H,Shuswap R Low,CK-15,SHUSWAP RIVER_SU_0.3,Smolt 0+,NOCN0198,2002,200207,200207,2,P,N,,1,,0,0,,0,0,24500,24500
DPI,Kingfisher Cr/TOMF,Chinook,Summer,2002,Shuswap R Low,TOMF,CK-15,SHUSWAP RIVER_SU_0.3,M,H,Kingfisher Creek/ TOMF H,Shuswap R Low,CK-15,SHUSWAP RIVER_SU_0.3,Unfed,NOCN0253,2003,200305,200305,0.5,B,N,,1,,0,0,,0,0,208000,208000
DPI,Kingfisher Cr/TOMF,Chinook,Summer,2003,Shuswap R Low,TOMF,CK-15,SHUSWAP RIVER_SU_0.3,M,H,Kingfisher Creek/ TOMF H,Shuswap R Low,CK-15,SHUSWAP RIVER_SU_0.3,Unfed,NOCN0395,2004,200405,200405,0.5,B,N,,1,,0,0,,0,0,170000,170000
DPI,Kingfisher Cr/TOMF,Chinook,Summer,2004,Shuswap R Low,TOMF,CK-15,SHUSWAP RIVER_SU_0.3,M,H,Kingfisher Creek/ TOMF H,Shuswap R Low,CK-15,SHUSWAP RIVER_SU_0.3,Smolt 0+,NOCN0448,2005,20050621,20050621,3,P,N,,1,,0,0,,0,0,64350,64350
DPI,Kingfisher Cr/TOMF,Chinook,Summer,2005,Shuswap R Low,TOMF,CK-15,SHUSWAP RIVER_SU_0.3,M,H,Kingfisher Creek/ TOMF H,Shuswap R Low,CK-15,SHUSWAP RIVER_SU_0.3,Smolt 0+,NOCN05109,2006,20060628,20060628,5,P,N,,1,,0,0,,0,0,120000,120000
DPI,Kingfisher Cr/TOMF,Chinook,Summer,2006,Shuswap R Low,TOMF,CK-15,SHUSWAP RIVER_SU_0.3,M,H,Kingfisher Creek/ TOMF H,Shuswap R Low,CK-15,SHUSWAP RIVER_SU_0.3,Smolt 0+,NOCN0612,2007,20070622,20070622,5,P,N,,1,,0,0,,0,0,180000,180000
DPI,Kingfisher Cr/TOMF,Chinook,Summer,2007,Shuswap R Low,TOMF,CK-15,SHUSWAP RIVER_SU_0.3,M,H,Kingfisher Creek/ TOMF H,Shuswap R Low,CK-15,SHUSWAP RIVER_SU_0.3,Smolt 0+,NOCN0734,2008,20080621,20080621,5,P,N,,1,,0,0,,0,0,70000,70000
DPI,Kingfisher Cr/TOMF,Chinook,Summer,2008,Shuswap R Low,TOMF,CK-15,SHUSWAP RIVER_SU_0.3,M,H,Kingfisher Creek/ TOMF H,Shuswap R Low,CK-15,SHUSWAP RIVER_SU_0.3,Smolt 0+,NOCN0805,2009,20090801,20090801,2.8,P,N,,1,,0,0,,0,0,160000,160000
DPI,Kingfisher Cr/TOMF,Chinook,Summer,2009,Shuswap R Low,TOMF,CK-15,SHUSWAP RIVER_SU_0.3,M,H,Kingfisher Creek/ TOMF H,Shuswap R Low,CK-15,SHUSWAP RIVER_SU_0.3,Smolt 0+,NOCN0983,2010,20100626,20100626,3,P,Y,,1,,0,0,,0,0,170000,170000
DPI,Kingfisher Cr/TOMF,Chinook,Summer,2010,Shuswap R Low,TOMF,CK-15,SHUSWAP RIVER_SU_0.3,M,H,Kingfisher Creek/ TOMF H,Shuswap R Low,CK-15,SHUSWAP RIVER_SU_0.3,Unfed,NOCN1069,2011,20110510,20110510,,P,N,,1,,0,0,,0,0,144200,144200
DPI,Kingfisher Cr/TOMF,Chinook,Summer,2010,Shuswap R Low,TOMF,CK-15,SHUSWAP RIVER_SU_0.3,M,H,Kingfisher Creek/ TOMF H,Shuswap R Low,CK-15,SHUSWAP RIVER_SU_0.3,Fed Fry,NOCN1070,2011,20110703,20110703,1.2,P,N,,1,,0,0,,0,0,79700,79700
DPI,Kingfisher Cr/TOMF,Chinook,Summer,2011,Shuswap R Low,TOMF,CK-15,SHUSWAP RIVER_SU_0.3,M,H,Kingfisher Creek/ TOMF H,Shuswap R Low,CK-15,SHUSWAP RIVER_SU_0.3,Unfed,NOCN1174,2012,20120504,20120504,0.3,P,N,,1,,0,0,,0,0,68000,68000
DPI,Kingfisher Cr/TOMF,Chinook,Summer,2011,Shuswap R Low,TOMF,CK-15,SHUSWAP RIVER_SU_0.3,M,H,Kingfisher Creek/ TOMF H,Shuswap R Low,CK-15,SHUSWAP RIVER_SU_0.3,Fed Fry,NOCN1175,2012,20120630,20120630,1.5,P,N,,1,,0,0,,0,0,76800,76800
DPI,Kingfisher Cr/TOMF,Chinook,Summer,2012,Shuswap R Low,TOMF,CK-15,SHUSWAP RIVER_SU_0.3,M,H,Kingfisher Creek/ TOMF H,Shuswap R Low,CK-15,SHUSWAP RIVER_SU_0.3,Fed Fry,NOCN1259,2013,20130630,20130630,1.5,P,N,,1,,0,0,,0,0,27500,27500
DPI,Kingfisher Cr/TOMF,Chinook,Summer,2012,Shuswap R Low,TOMF,CK-15,SHUSWAP RIVER_SU_0.3,M,H,Kingfisher Creek/ TOMF H,Shuswap R Low,CK-15,SHUSWAP RIVER_SU_0.3,Fed Fry,NOCN1260,2013,20130630,20130630,0.84,P,N,,1,,0,0,,0,0,11000,11000
DPI,Kingfisher Cr/TOMF,Chinook,Summer,2013,Shuswap R Low,TOMF,CK-15,SHUSWAP RIVER_SU_0.3,M,H,Kingfisher Creek/ TOMF H,Shuswap R Low,CK-15,SHUSWAP RIVER_SU_0.3,Unfed,NOCN1340,2014,20140503,20140503,,P,N,"Ponded on April 27,2014  - debris torrent on May 2, 2014. Emergency release",1,,0,0,,0,0,8000,8000
DPI,Kingfisher Cr/TOMF,Chinook,Summer,2013,Shuswap R Low,TOMF,CK-15,SHUSWAP RIVER_SU_0.3,M,H,Kingfisher Creek/ TOMF H,Shuswap R Low,CK-15,SHUSWAP RIVER_SU_0.3,Unfed,NOCN1342,2014,20140427,20140427,,P,N,,1,,0,0,,0,0,47000,47000
DPI,Kingfisher Cr/TOMF,Chinook,Summer,2014,Shuswap R Low,TOMF,CK-15,SHUSWAP RIVER_SU_0.3,M,H,Kingfisher Creek/ TOMF H,Shuswap R Low,CK-15,SHUSWAP RIVER_SU_0.3,Unfed,NOCN1487,2015,201505,201505,0.5,B,N,,1,,0,0,,0,0,79200,79200
DPI,Kingfisher Cr/TOMF,Chinook,Summer,2015,Shuswap R Low,TOMF,CK-15,SHUSWAP RIVER_SU_0.3,M,H,Kingfisher Creek/ TOMF H,Shuswap R Low,CK-15,SHUSWAP RIVER_SU_0.3,Unfed,NOCN1574,2016,20160422,20160422,0.5,P,N,,1,,0,0,,0,0,53428,53428
DPI,Kingfisher Cr/TOMF,Chinook,Summer,2016,Shuswap R Low,TOMF,CK-15,SHUSWAP RIVER_SU_0.3,M,H,Kingfisher Creek/ TOMF H,Shuswap R Low,CK-15,SHUSWAP RIVER_SU_0.3,Fed Fry,NOCN1672,2017,20170519,20170530,0.5,B,N,,1,,0,0,,0,0,38775,38775
DPI,Kingfisher Cr/TOMF,Chinook,Summer,2017,Shuswap R Low,TOMF,CK-15,SHUSWAP RIVER_SU_0.3,M,H,Kingfisher Creek/ TOMF H,Shuswap R Low,CK-15,SHUSWAP RIVER_SU_0.3,Unfed,NOCN1765,2018,20180613,20180615,0.5,B,U,,1,,0,0,,0,0,47556,47556
DPI,Kingfisher Cr/TOMF,Chinook,Summer,2018,Kingfisher Cr/TOMF,TOMF,,,M,H,Kingfisher Creek/ TOMF H,Shuswap R Low,CK-15,SHUSWAP RIVER_SU_0.3,Fed Fry,NOCN1821,2019,20190603,20190604,,B,N,,1,,0,0,,0,0,58772,58772
DPI,Kingfisher Cr/TOMF,Chinook,Summer,2019,Shuswap R Low,TOMF,CK-15,SHUSWAP RIVER_SU_0.3,M,H,Kingfisher Creek/ TOMF H,Shuswap R Low,CK-15,SHUSWAP RIVER_SU_0.3,Fed Fry,NOCN19119,2020,20200324,20200408,,B,N,,1,,0,0,,0,0,1715,1715
DPI,Kingfisher Cr/TOMF,Chinook,Summer,2019,Shuswap R Low,TOMF,CK-15,SHUSWAP RIVER_SU_0.3,M,H,Kingfisher Creek/ TOMF H,Shuswap R Low,CK-15,SHUSWAP RIVER_SU_0.3,Fed Fry,NOCN19120,2020,20200426,20200507,,B,N,,1,,0,0,,0,0,12125,12125
DPI,Kingfisher Cr/TOMF,Chinook,Summer,2020,Kingfisher Cr/TOMF,TOMF,,,M,H,Kingfisher Creek/ TOMF H,Shuswap R Low,CK-15,SHUSWAP RIVER_SU_0.3,Fed Fry,NOCN2087,2021,20210501,20210604,,B,N,,1,,0,0,,0,0,43581,43581
DPI,Kingfisher Cr/TOMF,Chinook,Summer,2020,Kingfisher Cr/TOMF,TOMF,,,M,H,Kingfisher Creek/ TOMF H,Shuswap R Low,CK-15,SHUSWAP RIVER_SU_0.3,Fed Fry,NOCN2088,2021,20210429,20210624,,B,N,,1,,0,0,,0,0,970,970
DPI,Kingfisher Cr/TOMF,Chinook,Summer,2021,Shuswap R Low,TOMF,CK-15,SHUSWAP RIVER_SU_0.3,M,H,Kingfisher Creek/ TOMF H,Shuswap R Low,CK-15,SHUSWAP RIVER_SU_0.3,Fed Fry,NOCN2130,2022,20220502,20220602,,P,N,,1,,0,0,,0,0,195,195
DPI,Kingfisher Cr/TOMF,Chinook,Summer,2022,Shuswap R Low,TOMF,CK-15,SHUSWAP RIVER_SU_0.3,M,H,Kingfisher Creek/ TOMF H,Shuswap R Low,CK-15,SHUSWAP RIVER_SU_0.3,Fed Fry,NOCN2213,2023,20230519,20230526,,P,N,,1,,0,0,,0,0,17006,17006
DPI,Kingfisher Cr/TOMF,Chinook,Summer,2023,Shuswap R Low,TOMF,CK-15,SHUSWAP RIVER_SU_0.3,M,H,Kingfisher Creek/ TOMF H,Shuswap R Low,CK-15,SHUSWAP RIVER_SU_0.3,Fed Fry,NOCN2338,2024,20240423,20240620,,P,N,,1,,0,0,,0,0,21200,21200
DPI,Nicomekl R,Chinook,Fall,2009,Serpentine R,GSMS,CK-02,BOUNDARY BAY_FA_0.3,M,H,Nicomekl River H,McLennan Cr,,,Smolt 0+,NOCN09111,2010,20100521,20100521,8,P,U,,1,,0,0,,0,0,3000,3000
DPI,Nicomekl R,Chinook,Summer,1997,Chilliwack R,LWFR,CK-06,LOWER FRASER RIVER_SU_1.3,M,H,Nicomekl River H,Chilliwack R,CK-06,LOWER FRASER RIVER_SU_1.3,Smolt 0+,NOCN9789,1998,19980505,19980505,5,B,N,,1,,0,0,,0,0,27000,27000
DPI,Pemberton F&G,Chinook,Spring,1991,Birkenhead R,LWFR,CK-04,LOWER FRASER RIVER_SP_1.3,M,H,Birkenhead River H,Fee Ch,CK-04,LOWER FRASER RIVER_SP_1.3,Smolt 1+,180728,1993,199304,199306,19,B,N,COMPARE RESULTS OF 1+ RELEASE TO EARLIER YEARS' 0+ RELEASES,1,AD,27125,0,,0,0,7875,35000
DPI,Pemberton F&G,Chinook,Spring,1992,Birkenhead R,LWFR,CK-04,LOWER FRASER RIVER_SP_1.3,M,H,Birkenhead River H,Fee Ch,CK-04,LOWER FRASER RIVER_SP_1.3,Smolt 1+,180738,1994,19940413,19940415,16.1,B,N,COMPARE RESULTS OF 1+ RELEASE TO EARLIER YEARS' 0+ RELEASES,1,AD,16900,0,,0,0,5600,22500
DPI,Pemberton F&G,Chinook,Spring,1993,Birkenhead R,LWFR,CK-04,LOWER FRASER RIVER_SP_1.3,M,H,Birkenhead River H,Fee Ch,CK-04,LOWER FRASER RIVER_SP_1.3,Smolt 1+,LV9315,1995,19950409,19950420,16,B,N,YEARLING RELEASE; MARKED FOR ESCAPEMENT I.D.,1,,0,0,LV,18600,12400,9922,40922
DPI,Pemberton F&G,Chinook,Spring,1994,Birkenhead R,LWFR,CK-04,LOWER FRASER RIVER_SP_1.3,M,H,Birkenhead River H,Birkenhead R,CK-04,LOWER FRASER RIVER_SP_1.3,Smolt 1+,NOCN94100,1996,19960411,199605,15,B,N,YEARLING RELEASE,1,,0,0,,0,0,6350,6350
DPI,Pemberton F&G,Chinook,Spring,1994,Birkenhead R,LWFR,CK-04,LOWER FRASER RIVER_SP_1.3,M,H,Birkenhead River H,Birkenhead R,CK-04,LOWER FRASER RIVER_SP_1.3,Smolt 0+,NOCN9468,1995,19950713,19950713,3.4,P,N,,1,,0,0,,0,0,9823,9823
DPI,Pemberton F&G,Chinook,Spring,1995,Birkenhead R,LWFR,CK-04,LOWER FRASER RIVER_SP_1.3,M,H,Birkenhead River H,Birkenhead R,CK-04,LOWER FRASER RIVER_SP_1.3,Smolt 1+,181514,1997,199703,199703,13,B,N,YEARLING RELEASE,1,AD,40392,408,,0,0,,40800
DPI,Pemberton F&G,Chinook,Spring,1995,Birkenhead R,LWFR,CK-04,LOWER FRASER RIVER_SP_1.3,M,H,Birkenhead River H,Birkenhead R,CK-04,LOWER FRASER RIVER_SP_1.3,Fed Fry,NOCN9592,1996,19960624,19960624,3.3,B,N,FRY OUTPLANT.,1,,0,0,,0,0,8000,8000
DPI,Pemberton F&G,Chinook,Spring,1996,Birkenhead R,LWFR,CK-04,LOWER FRASER RIVER_SP_1.3,M,H,Birkenhead River H,Birkenhead R,CK-04,LOWER FRASER RIVER_SP_1.3,Fed Fry,NOCN9673,1997,19970623,19970623,3.2,B,N,,1,,0,0,,0,0,62000,62000
DPI,Pemberton F&G,Chinook,Spring,1997,Birkenhead R,LWFR,CK-04,LOWER FRASER RIVER_SP_1.3,M,H,Birkenhead River H,Birkenhead R,CK-04,LOWER FRASER RIVER_SP_1.3,Smolt 0+,NOCN9738,1998,19980624,19980624,4,P,N,,1,,0,0,,0,0,65000,65000
DPI,Pemberton F&G,Chinook,Spring,1998,Birkenhead R,LWFR,CK-04,LOWER FRASER RIVER_SP_1.3,M,H,Birkenhead River H,Birkenhead R,CK-04,LOWER FRASER RIVER_SP_1.3,Smolt 0+,NOCN9853,1999,199905,199905,3,P,N,,1,,0,0,,0,0,50000,50000
DPI,Pemberton F&G,Chinook,Spring,1999,Birkenhead R,LWFR,CK-04,LOWER FRASER RIVER_SP_1.3,M,H,Birkenhead River H,Birkenhead R,CK-04,LOWER FRASER RIVER_SP_1.3,Fed Fry,NOCN9975,2000,20000626,20000626,4,B,N,"FED FRY RELEASE. SMOLTED EARLY, SHOULD HAVE OVER-WINTERED.",1,,0,0,,0,0,46000,46000
DPI,Pemberton F&G,Chinook,Spring,2000,Birkenhead R,LWFR,CK-04,LOWER FRASER RIVER_SP_1.3,M,H,Birkenhead River H,Birkenhead R,CK-04,LOWER FRASER RIVER_SP_1.3,Smolt 0+,NOCN0066,2001,200105,200105,4,P,N,,1,,0,0,,0,0,50000,50000
DPI,Pemberton F&G,Chinook,Spring,2001,Birkenhead R,LWFR,CK-04,LOWER FRASER RIVER_SP_1.3,M,H,Birkenhead River H,Birkenhead R,CK-04,LOWER FRASER RIVER_SP_1.3,Smolt 0+,NOCN0162,2002,200206,200206,3,P,N,,1,,0,0,,0,0,64500,64500
DPI,Pemberton F&G,Chinook,Spring,2002,Birkenhead R,LWFR,CK-04,LOWER FRASER RIVER_SP_1.3,M,H,Birkenhead River H,Birkenhead R,CK-04,LOWER FRASER RIVER_SP_1.3,Fed Fry,NOCN0242,2003,200305,200305,2.8,B,N,FRY RELEASE.  10K RELEASED TO OUTLET OF BIRKENHEAD LAKE,1,,0,0,,0,0,78000,78000
DPI,Pemberton F&G,Chinook,Spring,2003,Birkenhead R,LWFR,CK-04,LOWER FRASER RIVER_SP_1.3,M,H,Birkenhead River H,Birkenhead R,CK-04,LOWER FRASER RIVER_SP_1.3,Smolt 0+,NOCN0393,2004,20040531,20040531,3,P,N,RELEASE DATA ESTIMATED.,1,,0,0,,0,0,8000,8000
OPS,Adams R Up,Chinook,Summer,1989,Shuswap R Low,TOMF,CK-15,SHUSWAP RIVER_SU_0.3,M,H,"Adams River, Upper",Adams R Up,,,Smolt 0+,020649,1990,19900521,19900521,5.5,B,N,,1,AD,24620,375,,0,0,17405,42400
OPS,Adams R Up,Chinook,Summer,1989,Shuswap R Low,TOMF,CK-15,SHUSWAP RIVER_SU_0.3,M,H,"Adams River, Upper",Adams R Up,,,Smolt 0+,020650,1990,19900521,19900521,5.5,B,N,,1,AD,25723,392,,0,0,18185,44300
OPS,Adams R Up,Chinook,Summer,1990,Shuswap R Low,TOMF,CK-15,SHUSWAP RIVER_SU_0.3,M,H,"Adams River, Upper",Adams R Up,,,Smolt 0+,020512,1991,199105,19910515,6.8,B,N,ACCELERATED INCUBATION AT QUESNEL,1,AD,39766,402,,0,0,11422,51590
OPS,Adams R Up,Chinook,Summer,1990,Shuswap R Low,TOMF,CK-15,SHUSWAP RIVER_SU_0.3,M,H,"Adams River, Upper",Adams R Up,,,Smolt 0+,020513,1991,199105,19910515,6.8,B,N,AMBIENT INCUBATION.,1,AD,40178,0,,0,0,11862,52040
OPS,Adams R Up,Chinook,Summer,1991,Shuswap R Low,TOMF,CK-15,SHUSWAP RIVER_SU_0.3,M,H,"Adams River, Upper",Adams R Up,,,Smolt 0+,020314,1992,19920519,19920520,6,B,N,POST FRESHET RELEASE,1,AD,75839,190,,0,0,29821,105850
OPS,Adams R Up,Chinook,Summer,1992,Shuswap R Low,TOMF,CK-15,SHUSWAP RIVER_SU_0.3,M,H,"Adams River, Upper",Adams R Up,,,Smolt 0+,180351,1993,19930520,19930521,7.1,B,N,,1,AD,73855,1126,,0,0,27033,102014
OPS,Adams R Up,Chinook,Summer,1993,Shuswap R Low,TOMF,CK-15,SHUSWAP RIVER_SU_0.3,M,H,"Adams River, Upper",Adams R Up,,,Smolt 0+,181443,1994,19940526,19940527,6.4,B,N,,1,AD,75734,338,,0,0,45977,122049
OPS,Birkenhead R,Chinook,Spring,1977,Birkenhead R,LWFR,CK-04,LOWER FRASER RIVER_SP_1.3,W,H,Birkenhead River H,Birkenhead R,CK-04,LOWER FRASER RIVER_SP_1.3,Fed Fry,021655,1978,19780718,19780720,2.5,P,N,,1,AD,14793,302,,0,0,1224,16319
OPS,Birkenhead R,Chinook,Spring,1978,Birkenhead R,LWFR,CK-04,LOWER FRASER RIVER_SP_1.3,W,H,Birkenhead River H,Birkenhead R,CK-04,LOWER FRASER RIVER_SP_1.3,Fed Fry,021761,1979,197907,19790717,2.5,P,N,,1,AD,12236,378,,0,0,349,12963
OPS,Birkenhead R,Chinook,Spring,1979,Birkenhead R,LWFR,CK-04,LOWER FRASER RIVER_SP_1.3,M,H,Birkenhead River H,Birkenhead R,CK-04,LOWER FRASER RIVER_SP_1.3,Smolt 1+,021711,1981,198104,19810428,39.3,B,N,EXTENDED REARING,1,AD,13909,508,,0,0,,14417
OPS,Birkenhead R,Chinook,Spring,1979,Birkenhead R,LWFR,CK-04,LOWER FRASER RIVER_SP_1.3,M,H,Birkenhead River H,Birkenhead R,CK-04,LOWER FRASER RIVER_SP_1.3,Fed Fry,021858,1980,198004,19800428,3.6,P,N,,1,AD,32908,1203,,0,0,,34111
OPS,Birkenhead R,Chinook,Spring,1980,Birkenhead R,LWFR,CK-04,LOWER FRASER RIVER_SP_1.3,M,H,Birkenhead River H,Birkenhead R,CK-04,LOWER FRASER RIVER_SP_1.3,Fed Fry,021835,1981,198104,19810428,3.1,P,N,,1,AD,65557,2732,,0,0,4124,72413
OPS,Birkenhead R,Chinook,Spring,1980,Birkenhead R,LWFR,CK-04,LOWER FRASER RIVER_SP_1.3,M,H,Birkenhead River H,Birkenhead R,CK-04,LOWER FRASER RIVER_SP_1.3,Smolt 1+,021915,1982,198204,19820430,44.7,B,N,EXTENDED REARING,1,AD,8291,1463,,0,0,,9754
OPS,Birkenhead R,Chinook,Spring,1981,Birkenhead R,LWFR,CK-04,LOWER FRASER RIVER_SP_1.3,M,H,Birkenhead River H,Birkenhead R,CK-04,LOWER FRASER RIVER_SP_1.3,Fed Fry,021959,1982,19820812,19820820,3.7,P,N,,1,AD,9005,426,,0,0,375,9806
OPS,Birkenhead R,Chinook,Spring,1981,Birkenhead R,LWFR,CK-04,LOWER FRASER RIVER_SP_1.3,M,H,Birkenhead River H,Birkenhead R,CK-04,LOWER FRASER RIVER_SP_1.3,Fed Fry,022340,1982,198204,19820430,3.2,P,N,,1,AD,26045,483,,0,0,,26528
OPS,Birkenhead R,Chinook,Spring,1982,Birkenhead R,LWFR,CK-04,LOWER FRASER RIVER_SP_1.3,M,H,Birkenhead River H,Birkenhead R,CK-04,LOWER FRASER RIVER_SP_1.3,Fed Fry,022528,1983,19830406,19830412,1.4,B,N,EARLY RELEASE,1,AD,43516,645,,0,0,,44161
OPS,Birkenhead R,Chinook,Spring,1982,Birkenhead R,LWFR,CK-04,LOWER FRASER RIVER_SP_1.3,M,H,Birkenhead River H,Birkenhead R,CK-04,LOWER FRASER RIVER_SP_1.3,Fed Fry,022529,1983,198304,19830428,2.2,B,N,MID RELEASE,1,AD,42457,374,,0,0,,42831
OPS,Birkenhead R,Chinook,Spring,1982,Birkenhead R,LWFR,CK-04,LOWER FRASER RIVER_SP_1.3,M,H,Birkenhead River H,Birkenhead R,CK-04,LOWER FRASER RIVER_SP_1.3,Fed Fry,022530,1983,198305,19830531,3.5,B,N,LATE RELEASE,1,AD,28623,584,,0,0,,29207
OPS,Birkenhead R,Chinook,Spring,1982,Birkenhead R,LWFR,CK-04,LOWER FRASER RIVER_SP_1.3,M,H,Birkenhead River H,Birkenhead R,CK-04,LOWER FRASER RIVER_SP_1.3,Fed Fry,NOCN8201,1983,198305,19830517,1,B,N,GRADEOUTS - TOO SMALL TO TAG,1,,0,0,,0,0,25336,25336
OPS,Birkenhead R,Chinook,Spring,1983,Birkenhead R,LWFR,CK-04,LOWER FRASER RIVER_SP_1.3,M,H,Birkenhead River H,Birkenhead R,CK-04,LOWER FRASER RIVER_SP_1.3,Smolt 0+,022618,1984,19840415,19840430,3.3,B,N,REARED AT BIRKENHEAD,1,AD,43059,114,,0,0,110685,153858
OPS,Birkenhead R,Chinook,Spring,1983,Birkenhead R,LWFR,CK-04,LOWER FRASER RIVER_SP_1.3,M,H,Birkenhead River H,Birkenhead R,CK-04,LOWER FRASER RIVER_SP_1.3,Fed Fry,022724,1984,19840415,19840430,2.35,B,N,REARED AT INCH CR,1,AD,40237,2219,,0,0,608,43064
OPS,Birkenhead R,Chinook,Spring,1984,Birkenhead R,LWFR,CK-04,LOWER FRASER RIVER_SP_1.3,M,H,Birkenhead River H,Birkenhead R,CK-04,LOWER FRASER RIVER_SP_1.3,Fed Fry,023234,1985,198504,19850420,3.7,B,N,BIRKEN. REARED,1,AD,35398,625,,0,0,,36023
OPS,Birkenhead R,Chinook,Spring,1984,Birkenhead R,LWFR,CK-04,LOWER FRASER RIVER_SP_1.3,M,H,Birkenhead River H,Birkenhead R,CK-04,LOWER FRASER RIVER_SP_1.3,Fed Fry,023235,1985,198505,19850515,4,B,N,BIRKEN REARED,1,AD,35846,582,,0,0,375,36803
OPS,Birkenhead R,Chinook,Spring,1984,Birkenhead R,LWFR,CK-04,LOWER FRASER RIVER_SP_1.3,M,H,Birkenhead River H,Birkenhead R,CK-04,LOWER FRASER RIVER_SP_1.3,Smolt 0+,023318,1985,198504,19850420,6.7,B,N,INCH REARED,1,AD,23487,1527,,0,0,,25014
OPS,Birkenhead R,Chinook,Spring,1984,Birkenhead R,LWFR,CK-04,LOWER FRASER RIVER_SP_1.3,M,H,Birkenhead River H,Birkenhead R,CK-04,LOWER FRASER RIVER_SP_1.3,Smolt 0+,023319,1985,198505,19850515,7.4,B,N,INCH REARED,1,AD,17671,455,,0,0,,18126
OPS,Birkenhead R,Chinook,Spring,1985,Birkenhead R,LWFR,CK-04,LOWER FRASER RIVER_SP_1.3,M,H,Birkenhead River H,Birkenhead R,CK-04,LOWER FRASER RIVER_SP_1.3,Fed Fry,023713,1986,19860415,19860615,2.7,B,N,VOLITIONAL REL-BIRK REARED-1.3% PINHEADS,1,AD,49460,1292,,0,0,13209,63961
OPS,Birkenhead R,Chinook,Spring,1985,Birkenhead R,LWFR,CK-04,LOWER FRASER RIVER_SP_1.3,M,H,Birkenhead River H,Birkenhead R,CK-04,LOWER FRASER RIVER_SP_1.3,Smolt 0+,023714,1986,19860415,19860615,5.7,B,N,VOLITIONAL REL-INCH REARED-4.8% PINHEADS,1,AD,42543,322,,0,0,2153,45018
OPS,Birkenhead R,Chinook,Spring,1986,Birkenhead R,LWFR,CK-04,LOWER FRASER RIVER_SP_1.3,M,H,Birkenhead River H,Birkenhead R,CK-04,LOWER FRASER RIVER_SP_1.3,Smolt 0+,024320,1987,19870402,19870510,5,B,N,FISH REARED TO FRY STAGE AT INCH CREEK,1,AD,48150,922,,0,0,428,49500
OPS,Birkenhead R,Chinook,Spring,1986,Birkenhead R,LWFR,CK-04,LOWER FRASER RIVER_SP_1.3,M,H,Birkenhead River H,Birkenhead R,CK-04,LOWER FRASER RIVER_SP_1.3,Fed Fry,024321,1987,19870402,19870510,2,B,N,REARED AT BIRKENHEAD;REL. VOLITIONALLY,1,AD,50695,714,,0,0,72091,123500
OPS,Birkenhead R,Chinook,Spring,1987,Birkenhead R,LWFR,CK-04,LOWER FRASER RIVER_SP_1.3,M,H,Birkenhead River H,Birkenhead R,CK-04,LOWER FRASER RIVER_SP_1.3,Smolt 0+,024725,1988,198805,19880510,12.2,B,N,INIT INCUB+ REARED AT INCH; HATCHERY  RELEASE,1,AD,24400,1016,,0,0,14665,40081
OPS,Birkenhead R,Chinook,Spring,1987,Birkenhead R,LWFR,CK-04,LOWER FRASER RIVER_SP_1.3,M,H,Birkenhead River H,Birkenhead R,CK-04,LOWER FRASER RIVER_SP_1.3,Smolt 0+,024726,1988,198805,19880503,11.1,B,N,INIT INCUB+ REAR AT INCH; REL UP BIRKRNHEAD IN HINTOO FLATS AREA,1,AD,24433,407,,0,0,19942,44782
OPS,Birkenhead R,Chinook,Spring,1988,Birkenhead R,LWFR,CK-04,LOWER FRASER RIVER_SP_1.3,M,H,Birkenhead River H,Birkenhead R,CK-04,LOWER FRASER RIVER_SP_1.3,Smolt 0+,025408,1989,198905,19890511,12,B,N,INCH CR INCUBATED; ENUM CHECKED BY WEIGHT MEASURE,1,AD,50833,204,,0,0,35473,86510
OPS,Birkenhead R,Chinook,Spring,1988,Birkenhead R,LWFR,CK-04,LOWER FRASER RIVER_SP_1.3,M,H,Birkenhead River H,Birkenhead R,CK-04,LOWER FRASER RIVER_SP_1.3,Fed Fall,025840,1989,198910,19891011,7.4,B,N,REL TIME SO FRY COULD OVERWINTER,1,AD,23287,0,,0,0,200,23487
OPS,Birkenhead R,Chinook,Spring,1988,Birkenhead R,LWFR,CK-04,LOWER FRASER RIVER_SP_1.3,M,H,Birkenhead River H,Birkenhead R,CK-04,LOWER FRASER RIVER_SP_1.3,Fed Fall,025841,1989,198910,19891011,7.4,B,N,REL TIME SO FRY COULD OVERWINTER,1,AD,23849,0,,0,0,120,23969
OPS,Birkenhead R,Chinook,Spring,1988,Birkenhead R,LWFR,CK-04,LOWER FRASER RIVER_SP_1.3,M,H,Birkenhead River H,Birkenhead R,CK-04,LOWER FRASER RIVER_SP_1.3,Fed Fall,025842,1989,198910,19891011,7.4,B,N,REL TIME SO FRY COULD OVERWINTER,1,AD,23538,94,,0,0,39,23671
OPS,Birkenhead R,Chinook,Spring,1989,Birkenhead R,LWFR,CK-04,LOWER FRASER RIVER_SP_1.3,M,H,Birkenhead River H,Birkenhead R,CK-04,LOWER FRASER RIVER_SP_1.3,Smolt 0+,020732,1990,199006,19900609,15,B,N,INCUB'D & PART REARED INCH.FURUNC. DIAGNOSED @ RELEASE,1,AD,25184,64,,0,0,3360,28608
OPS,Birkenhead R,Chinook,Spring,1989,Birkenhead R,LWFR,CK-04,LOWER FRASER RIVER_SP_1.3,M,H,Birkenhead River H,Birkenhead R,CK-04,LOWER FRASER RIVER_SP_1.3,Smolt 0+,020733,1990,19900609,19900609,16.5,B,N,INCUB'D & PART REARED INCH.DIAGNOSED WITH FURUNC @ RELEASE,1,AD,25067,62,,0,0,3360,28489
OPS,Birkenhead R,Chinook,Spring,1989,Birkenhead R,LWFR,CK-04,LOWER FRASER RIVER_SP_1.3,M,H,Birkenhead River H,Birkenhead R,CK-04,LOWER FRASER RIVER_SP_1.3,Smolt 0+,020734,1990,199007,19900704,3.6,B,N,BIRKENHEAD REARED.MILD FURUNCULSIS @ RELEASE,1,AD,24977,63,,0,0,8245,33285
OPS,Birkenhead R,Chinook,Spring,1989,Birkenhead R,LWFR,CK-04,LOWER FRASER RIVER_SP_1.3,M,H,Birkenhead River H,Birkenhead R,CK-04,LOWER FRASER RIVER_SP_1.3,Smolt 0+,020735,1990,199007,19900704,3.8,B,N,BIRKENHEAD REARED.MILD FURUNCULOSIS @ RELEASE,1,AD,25042,63,,0,0,8642,33747
OPS,Birkenhead R,Chinook,Spring,1990,Birkenhead R,LWFR,CK-04,LOWER FRASER RIVER_SP_1.3,M,H,Birkenhead River H,Birkenhead R,CK-04,LOWER FRASER RIVER_SP_1.3,Smolt 0+,021463,1991,19910703,19910703,4,B,N,TENDERFOOT REARED; COMPARE TO 021527 INCH REARED & LARGER,1,AD,25197,0,,0,0,19043,44240
OPS,Birkenhead R,Chinook,Spring,1990,Birkenhead R,LWFR,CK-04,LOWER FRASER RIVER_SP_1.3,M,H,Birkenhead River H,Birkenhead R,CK-04,LOWER FRASER RIVER_SP_1.3,Smolt 0+,021527,1991,199107,19910703,10.8,B,N,INC.& REARED AT INCH CR. COMPARE TO 021463(TENDERFT REARED & SMALLER),1,AD,42686,431,,0,0,,43117
OPS,Chehalis R,Chinook,Fall,1982,Harrison R,LWFR,CK-03,LOWER FRASER RIVER_FA_0.3,W,H,Chehalis River H,Chehalis R,CK-03,LOWER FRASER RIVER_FA_0.3,Smolt 0+,022520,1983,198306,19830603,4.8,B,N,TIME AND SIZE: SMALL LATE RELEASE,1,AD,31508,3116,,0,0,166343,200967
OPS,Chehalis R,Chinook,Fall,1982,Harrison R,LWFR,CK-03,LOWER FRASER RIVER_FA_0.3,W,H,Chehalis River H,Chehalis R,CK-03,LOWER FRASER RIVER_FA_0.3,Smolt 0+,022521,1983,198306,19830603,6.7,B,N,TIME AND SIZE: LARGE LATE RELEASE,1,AD,33048,2874,,0,0,170999,206921
OPS,Chehalis R,Chinook,Fall,1982,Harrison R,LWFR,CK-03,LOWER FRASER RIVER_FA_0.3,W,H,Chehalis River H,Chehalis R,CK-03,LOWER FRASER RIVER_FA_0.3,Smolt 0+,022523,1983,198305,19830520,3.5,B,N,TIME AND SIZE: SMALL EARLY RELEASE,1,AD,40104,1202,,0,0,98810,140116
OPS,Chehalis R,Chinook,Fall,1982,Harrison R,LWFR,CK-03,LOWER FRASER RIVER_FA_0.3,W,H,Chehalis River H,Chehalis R,CK-03,LOWER FRASER RIVER_FA_0.3,Smolt 0+,022525,1983,198305,19830520,4.2,B,N,TIME AND SIZE: LARGE EARLY RELEASE,1,AD,38415,1399,,0,0,95812,135626
OPS,Chehalis R,Chinook,Fall,1983,Harrison R,LWFR,CK-03,LOWER FRASER RIVER_FA_0.3,W,H,Chehalis River H,Chehalis R,CK-03,LOWER FRASER RIVER_FA_0.3,Smolt 0+,022655,1984,198406,19840602,2.9,B,N,TIME OF RELEASE: EARLY RELEASE 14%PINHEADS,1,AD,23894,738,,0,0,75555,100187
OPS,Chehalis R,Chinook,Fall,1983,Harrison R,LWFR,CK-03,LOWER FRASER RIVER_FA_0.3,W,H,Chehalis River H,Chehalis R,CK-03,LOWER FRASER RIVER_FA_0.3,Smolt 0+,022701,1984,19840609,19840610,2.2,B,N,TIME OF RELEASE: MID,1,AD,21431,866,,0,0,,22297
OPS,Chehalis R,Chinook,Fall,1983,Harrison R,LWFR,CK-03,LOWER FRASER RIVER_FA_0.3,W,H,Chehalis River H,Chehalis R,CK-03,LOWER FRASER RIVER_FA_0.3,Smolt 0+,022702,1984,19840609,19840610,3,B,N,TIME OF RELEASE: MID,1,AD,22448,1327,,0,0,,23775
OPS,Chehalis R,Chinook,Fall,1983,Harrison R,LWFR,CK-03,LOWER FRASER RIVER_FA_0.3,W,H,Chehalis River H,Chehalis R,CK-03,LOWER FRASER RIVER_FA_0.3,Fed Fry,022725,1984,198405,19840516,2,B,N,TIME OF RELEASE: EARLY,1,AD,37750,1171,,0,0,63771,102692
OPS,Chehalis R,Chinook,Fall,1983,Harrison R,LWFR,CK-03,LOWER FRASER RIVER_FA_0.3,W,H,Chehalis River H,Chehalis R,CK-03,LOWER FRASER RIVER_FA_0.3,Smolt 0+,022759,1984,19840609,19840610,3.7,B,N,TIME OF RELEASE: MID,1,AD,30739,251,,0,0,912897,943887
OPS,Chehalis R,Chinook,Fall,1983,Harrison R,LWFR,CK-03,LOWER FRASER RIVER_FA_0.3,W,H,Chehalis River H,Chehalis R,CK-03,LOWER FRASER RIVER_FA_0.3,Smolt 0+,022760,1984,19840619,19840620,3.9,B,N,TIME OF RELEASE: LATE,1,AD,31264,236,,0,0,390461,421961
OPS,Chehalis R,Chinook,Fall,1983,Harrison R,LWFR,CK-03,LOWER FRASER RIVER_FA_0.3,W,H,Chehalis River H,Chehalis R,CK-03,LOWER FRASER RIVER_FA_0.3,Smolt 0+,022761,1984,19840619,19840620,3.3,B,N,TIME OF RELEASE: LATE,1,AD,26358,334,,0,0,,26692
OPS,Chehalis R,Chinook,Fall,1984,Harrison R,LWFR,CK-03,LOWER FRASER RIVER_FA_0.3,M,H,Chehalis River H,Chehalis R,CK-03,LOWER FRASER RIVER_FA_0.3,Smolt 0+,022819,1985,198506,19850625,3.7,P,N,,1,AD,28055,1446,,0,0,49343,78844
OPS,Chehalis R,Chinook,Fall,1984,Harrison R,LWFR,CK-03,LOWER FRASER RIVER_FA_0.3,M,H,Chehalis River H,Chehalis R,CK-03,LOWER FRASER RIVER_FA_0.3,Smolt 0+,022901,1985,198506,19850625,3.7,P,N,,1,AD,27019,2607,,0,0,47520,77146
OPS,Chehalis R,Chinook,Fall,1984,Harrison R,LWFR,CK-03,LOWER FRASER RIVER_FA_0.3,M,H,Chehalis River H,Chehalis R,CK-03,LOWER FRASER RIVER_FA_0.3,Smolt 0+,023041,1985,198506,19850622,4,P,N,,1,AD,25288,3030,,0,0,57585,85903
OPS,Chehalis R,Chinook,Fall,1984,Harrison R,LWFR,CK-03,LOWER FRASER RIVER_FA_0.3,M,H,Chehalis River H,Chehalis R,CK-03,LOWER FRASER RIVER_FA_0.3,Smolt 0+,023042,1985,198506,19850622,4,P,N,,1,AD,26561,1846,,0,0,60483,88890
OPS,Chehalis R,Chinook,Fall,1984,Harrison R,LWFR,CK-03,LOWER FRASER RIVER_FA_0.3,M,H,Chehalis River H,Chehalis R,CK-03,LOWER FRASER RIVER_FA_0.3,Smolt 0+,023043,1985,198506,19850622,4,P,N,,1,AD,25341,2113,,0,0,57705,85159
OPS,Chehalis R,Chinook,Fall,1984,Harrison R,LWFR,CK-03,LOWER FRASER RIVER_FA_0.3,M,H,Chehalis River H,Chehalis R,CK-03,LOWER FRASER RIVER_FA_0.3,Smolt 1+,023128,1986,198604,19860430,26.2,B,N,WHITE; REARED ONE YEAR,1,AD,8747,88,,0,0,,8835
OPS,Chehalis R,Chinook,Fall,1984,Harrison R,LWFR,CK-03,LOWER FRASER RIVER_FA_0.3,M,H,Chehalis River H,Chehalis R,CK-03,LOWER FRASER RIVER_FA_0.3,Smolt 1+,023129,1986,198604,19860430,25.2,B,N,MIXED WITH RV8422. REARED ONE YEAR; RED,1,AD,9898,254,,0,0,,10152
OPS,Chehalis R,Chinook,Fall,1984,Harrison R,LWFR,CK-03,LOWER FRASER RIVER_FA_0.3,M,H,Chehalis River H,Chehalis R,CK-03,LOWER FRASER RIVER_FA_0.3,Smolt 1+,RV8422,1986,198604,19860430,25.2,B,N,MIXED WITH 023129. REARED ONE YEAR; RED,1,,0,0,RV,298,0,,298
OPS,Chehalis R,Chinook,Fall,1985,Harrison+Chehalis,LWFR,CK-03,LOWER FRASER RIVER_FA_0.3,M,H,Chehalis River H,Chehalis R,CK-03,LOWER FRASER RIVER_FA_0.3,Smolt 0+,023754,1986,198606,19860601,2.9,B,N,TIME OF RELEASE 1: REPLICATE OF 02/37/55,1,AD,25480,788,,0,0,,26268
OPS,Chehalis R,Chinook,Fall,1985,Harrison+Chehalis,LWFR,CK-03,LOWER FRASER RIVER_FA_0.3,M,H,Chehalis River H,Chehalis R,CK-03,LOWER FRASER RIVER_FA_0.3,Smolt 0+,023755,1986,198606,19860601,2.9,B,N,TIME OF RELEASE 1: REPLICATE WITH 02/37/54,1,AD,23501,664,,0,0,,24165
OPS,Chehalis R,Chinook,Fall,1985,Harrison+Chehalis,LWFR,CK-03,LOWER FRASER RIVER_FA_0.3,M,H,Chehalis River H,Chehalis R,CK-03,LOWER FRASER RIVER_FA_0.3,Smolt 0+,023756,1986,198606,19860610,3.8,B,N,TIME OF RELEASE 2: REPLICATE WITH 02/37/57,1,AD,27717,494,,0,0,85832,114043
OPS,Chehalis R,Chinook,Fall,1985,Harrison+Chehalis,LWFR,CK-03,LOWER FRASER RIVER_FA_0.3,M,H,Chehalis River H,Chehalis R,CK-03,LOWER FRASER RIVER_FA_0.3,Smolt 0+,023757,1986,198606,19860610,3.8,B,N,TIME OF RELEASE 2: REPLICATE WITH 02/37/56,1,AD,25248,384,,0,0,77986,103618
OPS,Chehalis R,Chinook,Fall,1985,Harrison+Chehalis,LWFR,CK-03,LOWER FRASER RIVER_FA_0.3,M,H,Chehalis River H,Chehalis R,CK-03,LOWER FRASER RIVER_FA_0.3,Smolt 0+,023758,1986,198606,19860619,4.7,B,N,TIME OF RELEASE 3: REPLICATE WITH O2/37/59,1,AD,25498,388,,0,0,,25886
OPS,Chehalis R,Chinook,Fall,1985,Harrison+Chehalis,LWFR,CK-03,LOWER FRASER RIVER_FA_0.3,M,H,Chehalis River H,Chehalis R,CK-03,LOWER FRASER RIVER_FA_0.3,Smolt 0+,023759,1986,198606,19860619,4.7,B,N,TIME OF RELEASE 3: REPLICATE WITH 02/37/58,1,AD,24707,699,,0,0,,25406
OPS,Chehalis R,Chinook,Fall,1985,Harrison+Chehalis,LWFR,CK-03,LOWER FRASER RIVER_FA_0.3,M,H,Chehalis River H,Chehalis R,CK-03,LOWER FRASER RIVER_FA_0.3,Smolt 1+,023760,1987,19870315,19870329,42.4,B,N,TIME OF RELEASE: EXTENDED REARED. SEE 023761,1,AD,18990,880,,0,0,,19870
OPS,Chehalis R,Chinook,Fall,1985,Harrison+Chehalis,LWFR,CK-03,LOWER FRASER RIVER_FA_0.3,M,H,Chehalis River H,Chehalis R,CK-03,LOWER FRASER RIVER_FA_0.3,Smolt 1+,023761,1987,19870315,19870329,42.4,B,N,TIME OF RELEASE:EXTENDED REARED. ALSO SEE 023760,1,AD,19605,909,,0,0,,20514
OPS,Chehalis R,Chinook,Fall,1985,Harrison+Chehalis,LWFR,CK-03,LOWER FRASER RIVER_FA_0.3,M,H,Chehalis River H,Chehalis R,CK-03,LOWER FRASER RIVER_FA_0.3,Smolt 0+,024051,1986,198606,19860626,5.4,B,N,TIME OF RELEASE 4: REPLICATE WITH 02/40/52,1,AD,25228,255,,0,0,,25483
OPS,Chehalis R,Chinook,Fall,1985,Harrison+Chehalis,LWFR,CK-03,LOWER FRASER RIVER_FA_0.3,M,H,Chehalis River H,Chehalis R,CK-03,LOWER FRASER RIVER_FA_0.3,Smolt 0+,024052,1986,198606,19860626,5.4,B,N,TIME OF RELEASE 4: REPLICATE WITH 02/40/51,1,AD,24456,756,,0,0,,25212
OPS,Chehalis R,Chinook,Fall,1986,Harrison+Chehalis,LWFR,CK-03,LOWER FRASER RIVER_FA_0.3,M,H,Chehalis River H,Chehalis R,CK-03,LOWER FRASER RIVER_FA_0.3,Fed Fry,024402,1987,198704,19870416,1.2,B,N,TIME OF RELEASE - EARLY,1,AD,24862,909,,0,0,,25771
OPS,Chehalis R,Chinook,Fall,1986,Harrison+Chehalis,LWFR,CK-03,LOWER FRASER RIVER_FA_0.3,M,H,Chehalis River H,Chehalis R,CK-03,LOWER FRASER RIVER_FA_0.3,Fed Fry,024403,1987,198704,19870416,1.2,B,N,TIME OF RELEASE - EARLY,1,AD,26333,244,,0,0,,26577
OPS,Chehalis R,Chinook,Fall,1986,Harrison+Chehalis,LWFR,CK-03,LOWER FRASER RIVER_FA_0.3,M,H,Chehalis River H,Chehalis R,CK-03,LOWER FRASER RIVER_FA_0.3,Fed Fry,024404,1987,198704,19870430,1.7,B,N,TIME OF RELEASE - EARLY,1,AD,26339,132,,0,0,25326,51797
OPS,Chehalis R,Chinook,Fall,1986,Harrison+Chehalis,LWFR,CK-03,LOWER FRASER RIVER_FA_0.3,M,H,Chehalis River H,Chehalis R,CK-03,LOWER FRASER RIVER_FA_0.3,Fed Fry,024405,1987,198704,19870430,1.7,B,N,TIME OF RELEASE - EARLY,1,AD,25686,391,,0,0,24699,50776
OPS,Chehalis R,Chinook,Fall,1986,Harrison+Chehalis,LWFR,CK-03,LOWER FRASER RIVER_FA_0.3,M,H,Chehalis River H,Chehalis R,CK-03,LOWER FRASER RIVER_FA_0.3,Smolt 0+,024406,1987,198705,19870530,3.7,B,N,TIME OF RELEASE - LATE,1,AD,25535,657,,0,0,80102,106294
OPS,Chehalis R,Chinook,Fall,1986,Harrison+Chehalis,LWFR,CK-03,LOWER FRASER RIVER_FA_0.3,M,H,Chehalis River H,Chehalis R,CK-03,LOWER FRASER RIVER_FA_0.3,Smolt 0+,024407,1987,198705,19870530,3.7,B,N,TIME OF RELEASE - LATE,1,AD,25288,651,,0,0,79328,105267
OPS,Chehalis R,Chinook,Fall,1986,Harrison+Chehalis,LWFR,CK-03,LOWER FRASER RIVER_FA_0.3,M,H,Chehalis River H,Chehalis R,CK-03,LOWER FRASER RIVER_FA_0.3,Fed Fry,024408,1987,198705,19870515,2,B,N,TIME OF RELEASE - LATE,1,AD,25468,658,,0,0,64223,90349
OPS,Chehalis R,Chinook,Fall,1986,Harrison+Chehalis,LWFR,CK-03,LOWER FRASER RIVER_FA_0.3,M,H,Chehalis River H,Chehalis R,CK-03,LOWER FRASER RIVER_FA_0.3,Fed Fry,024409,1987,198705,19870515,2,B,N,TIME OF RELEASE - LATE,1,AD,24498,249,,0,0,61777,86524
OPS,Chehalis R,Chinook,Fall,1987,Harrison R,LWFR,CK-03,LOWER FRASER RIVER_FA_0.3,M,H,Chehalis River H,Chehalis R,CK-03,LOWER FRASER RIVER_FA_0.3,Fed Fry,024738,1988,198804,19880415,1.7,B,N,TIME AND SIZE: SPRING FRY,1,AD,26947,103,,0,0,47550,74600
OPS,Chehalis R,Chinook,Fall,1987,Harrison R,LWFR,CK-03,LOWER FRASER RIVER_FA_0.3,M,H,Chehalis River H,Chehalis R,CK-03,LOWER FRASER RIVER_FA_0.3,Fed Fry,024739,1988,198805,19880501,2.5,B,N,TIME AND SIZE: SPRING,1,AD,26782,320,,0,0,47355,74457
OPS,Chehalis R,Chinook,Fall,1987,Harrison R,LWFR,CK-03,LOWER FRASER RIVER_FA_0.3,M,H,Chehalis River H,Chehalis R,CK-03,LOWER FRASER RIVER_FA_0.3,Fed Fry,024740,1988,198805,19880515,3,B,N,TIME AND SIZE: SPRING,1,AD,27006,87,,0,0,47104,74197
OPS,Chehalis R,Chinook,Fall,1987,Harrison R,LWFR,CK-03,LOWER FRASER RIVER_FA_0.3,M,H,Chehalis River H,Chehalis R,CK-03,LOWER FRASER RIVER_FA_0.3,Smolt 0+,024741,1988,198805,19880531,4.4,B,N,TIME AND SIZE: SPRING,1,AD,25277,511,,0,0,952042,977830
OPS,Chehalis R,Chinook,Fall,1987,Harrison R,LWFR,CK-03,LOWER FRASER RIVER_FA_0.3,M,H,Chehalis River H,Chehalis R,CK-03,LOWER FRASER RIVER_FA_0.3,Fed Fall,025451,1988,19880915,19881109,31.4,B,N,TIME AND SIZE OF RELEASE: FALL EXTENDED REARED,1,AD,26624,296,,0,0,,26920
OPS,Chehalis R,Chinook,Fall,1988,Harrison R,LWFR,CK-03,LOWER FRASER RIVER_FA_0.3,M,H,Chehalis River H,Chehalis R,CK-03,LOWER FRASER RIVER_FA_0.3,Fed Fry,025761,1989,198905,19890515,2.2,B,N,TIME & SIZE - SPRING REL.; ALSO SEE 025762 (SPRING) & 025763 (FALL REL.),1,AD,26925,54,,0,0,104432,131411
OPS,Chehalis R,Chinook,Fall,1988,Harrison R,LWFR,CK-03,LOWER FRASER RIVER_FA_0.3,M,H,Chehalis River H,Chehalis R,CK-03,LOWER FRASER RIVER_FA_0.3,Fed Fry,025762,1989,198905,19890515,2.2,B,N,TIME & SIZE - SPRING REL. ALSO 025761 (SPRING) & 025763 (FALL REL.),1,AD,27421,55,,0,0,106355,133831
OPS,Chehalis R,Chinook,Fall,1988,Harrison R,LWFR,CK-03,LOWER FRASER RIVER_FA_0.3,M,H,Chehalis River H,Chehalis R,CK-03,LOWER FRASER RIVER_FA_0.3,Fed Fall,025763,1989,19890729,19890914,6.4,B,N,TIME & SIZE - FALL VOLITIONAL REL. ALSO SEE 025761-62 (SPRING REL.),1,AD,25031,0,,0,0,,25031
OPS,Chehalis R,Chinook,Fall,1989,Harrison R,LWFR,CK-03,LOWER FRASER RIVER_FA_0.3,M,H,Chehalis River H,Chehalis R,CK-03,LOWER FRASER RIVER_FA_0.3,Fed Fry,020641,1990,19900420,19900425,1.38,B,N,MEDIUM SIZE FISH,1,AD,20976,1924,,0,0,190957,213857
OPS,Chehalis R,Chinook,Fall,1989,Harrison R,LWFR,CK-03,LOWER FRASER RIVER_FA_0.3,M,H,Chehalis River H,Chehalis R,CK-03,LOWER FRASER RIVER_FA_0.3,Fed Fry,020642,1990,19900420,19900425,1.58,B,N,LARGE SIZE,1,AD,24974,375,,0,0,774224,799573
OPS,Chehalis R,Chinook,Fall,1989,Harrison R,LWFR,CK-03,LOWER FRASER RIVER_FA_0.3,M,H,Chehalis River H,Chehalis R,CK-03,LOWER FRASER RIVER_FA_0.3,Fed Fry,020643,1990,19900420,19900425,1.21,B,N,SMALL SIZE,1,AD,26305,336,,0,0,568296,594937
OPS,Chehalis R,Chinook,Fall,1989,Harrison R,LWFR,CK-03,LOWER FRASER RIVER_FA_0.3,M,H,Chehalis River H,Chehalis R,CK-03,LOWER FRASER RIVER_FA_0.3,Smolt 1+,020644,1991,19901209,19910416,38,B,N,YEARLING RELEASE,1,AD,21213,1140,,0,0,18175,40528
OPS,Chehalis R,Chinook,Fall,1990,Harrison R,LWFR,CK-03,LOWER FRASER RIVER_FA_0.3,M,H,Chehalis River H,Chehalis R,CK-03,LOWER FRASER RIVER_FA_0.3,Smolt 1+,020235,1992,19920408,19920415,25.2,B,N,TIME OF RELEASE: YEARLINGS,1,AD,18697,122,,0,0,,18819
OPS,Chehalis R,Chinook,Fall,1990,Harrison R,LWFR,CK-03,LOWER FRASER RIVER_FA_0.3,M,H,Chehalis River H,Chehalis R,CK-03,LOWER FRASER RIVER_FA_0.3,Fed Fry,021547,1991,19910423,19910429,1.7,B,N,TIME OF RELEASE - EARLY,1,AD,49040,4034,,0,0,1143941,1197015
OPS,Chehalis R,Chinook,Fall,1990,Harrison R,LWFR,CK-03,LOWER FRASER RIVER_FA_0.3,M,H,Chehalis River H,Chehalis R,CK-03,LOWER FRASER RIVER_FA_0.3,Fed Fry,021548,1991,19910506,19910510,1.5,B,N,TIME OF RELEASE - LATE,1,AD,53195,305,,0,0,1030295,1083795
OPS,Chehalis R,Chinook,Fall,1991,Harrison R,LWFR,CK-03,LOWER FRASER RIVER_FA_0.3,M,H,Chehalis River H,Chehalis R,CK-03,LOWER FRASER RIVER_FA_0.3,Fed Fry,180335,1992,19920414,19920423,2.3,P,N,,1,AD,53575,629,,0,0,993493,1047697
OPS,Chehalis R,Chinook,Fall,1991,Harrison R,LWFR,CK-03,LOWER FRASER RIVER_FA_0.3,M,H,Chehalis River H,Chehalis R,CK-03,LOWER FRASER RIVER_FA_0.3,Fed Fry,180336,1992,19920424,19920430,2.5,P,N,,1,AD,53019,884,,0,0,1203761,1257664
OPS,Chehalis R,Chinook,Fall,1991,Harrison R,LWFR,CK-03,LOWER FRASER RIVER_FA_0.3,M,H,Chehalis River H,Chehalis R,CK-03,LOWER FRASER RIVER_FA_0.3,Smolt 1+,NOCN9115,1993,19921013,19930423,24,B,N,YEARLING RELEASE,1,,0,0,,0,0,23050,23050
OPS,Chehalis R,Chinook,Fall,1992,Harrison R,LWFR,CK-03,LOWER FRASER RIVER_FA_0.3,M,H,Chehalis River H,Chehalis R,CK-03,LOWER FRASER RIVER_FA_0.3,Fed Fry,180842,1993,19930416,19930427,2.1,P,N,"CONTROL FOR 180843,180844.FED OMP",1,AD,46799,1518,,0,0,2007022,2055339
OPS,Chehalis R,Chinook,Fall,1992,Harrison R,LWFR,CK-03,LOWER FRASER RIVER_FA_0.3,M,H,Chehalis River H,Chehalis R,CK-03,LOWER FRASER RIVER_FA_0.3,Fed Fry,180843,1993,19930416,19930422,2.2,B,N,FRY CAP TROUGH REARED AND FED WHITECREST FEED,1,AD,49086,1675,,0,0,452208,502969
OPS,Chehalis R,Chinook,Fall,1992,Harrison R,LWFR,CK-03,LOWER FRASER RIVER_FA_0.3,M,H,Chehalis River H,Chehalis R,CK-03,LOWER FRASER RIVER_FA_0.3,Fed Fry,180844,1993,199304,19930429,1.77,B,N,FRY INCUBATED IN KEEPER CHANNELS AND FED OMP,1,AD,46698,1694,,0,0,552207,600599
OPS,Chehalis R,Chinook,Fall,1992,Harrison R,LWFR,CK-03,LOWER FRASER RIVER_FA_0.3,M,H,Chehalis River H,Chehalis R,CK-03,LOWER FRASER RIVER_FA_0.3,Fed Fall,NOCN9213,1993,19930909,19930921,16.5,B,N,INTENDED YEARLING RELEASE.REL'D DUE TO POOR QUALITY,1,,0,0,,0,0,25483,25483
OPS,Chehalis R,Chinook,Fall,1993,Harrison R,LWFR,CK-03,LOWER FRASER RIVER_FA_0.3,M,H,Chehalis River H,Chehalis R,CK-03,LOWER FRASER RIVER_FA_0.3,Fed Fry,181231,1994,19940414,19940421,2,B,N,KEEPER CHANNEL INCUBATED. FED OMP,1,AD,49611,199,,0,0,860109,909919
OPS,Chehalis R,Chinook,Fall,1993,Harrison R,LWFR,CK-03,LOWER FRASER RIVER_FA_0.3,M,H,Chehalis River H,Chehalis R,CK-03,LOWER FRASER RIVER_FA_0.3,Fed Fry,181232,1994,19940414,19940418,1.7,B,N,HEATH TRAY INCUBATED. FED WHITECREST FEED.,1,AD,49269,74,,0,0,514461,563804
OPS,Chehalis R,Chinook,Fall,1993,Harrison R,LWFR,CK-03,LOWER FRASER RIVER_FA_0.3,M,H,Chehalis River H,Chehalis R,CK-03,LOWER FRASER RIVER_FA_0.3,Fed Fry,181233,1994,19940414,19940418,1.6,B,N,HEATH TRAY INCUBATED. FED OMP.,1,AD,49158,729,,0,0,508644,558531
OPS,Chehalis R,Chinook,Fall,1994,Harrison R,LWFR,CK-03,LOWER FRASER RIVER_FA_0.3,M,H,Chehalis River H,Chehalis R,CK-03,LOWER FRASER RIVER_FA_0.3,Fed Fry,181945,1995,19950415,19950421,1.9,B,N,TIME OF RELEASE- EARLY. SEE 181946-47.,1,AD,49288,218,,0,0,1157385,1206891
OPS,Chehalis R,Chinook,Fall,1994,Harrison R,LWFR,CK-03,LOWER FRASER RIVER_FA_0.3,M,H,Chehalis River H,Chehalis R,CK-03,LOWER FRASER RIVER_FA_0.3,Fed Fry,181946,1995,19950425,19950430,1.6,B,N,TIME OF RELEASE- MID. SEE 181945-47.,1,AD,49766,200,,0,0,1016529,1066495
OPS,Chehalis R,Chinook,Fall,1994,Harrison R,LWFR,CK-03,LOWER FRASER RIVER_FA_0.3,M,H,Chehalis River H,Chehalis R,CK-03,LOWER FRASER RIVER_FA_0.3,Fed Fry,181947,1995,199505,19950515,2.2,B,N,TIME OF RELEASE- LATE. SEE 181945-46.,1,AD,49686,325,,0,0,83493,133504
OPS,Chehalis R,Chinook,Fall,1995,Harrison R,LWFR,CK-03,LOWER FRASER RIVER_FA_0.3,M,H,Chehalis River H,Chehalis R,CK-03,LOWER FRASER RIVER_FA_0.3,Fed Fry,182256,1996,199604,19960421,1.8,B,N,,1,AD,49190,1821,,0,0,72855,123866
OPS,Chehalis R,Chinook,Fall,1995,Harrison R,LWFR,CK-03,LOWER FRASER RIVER_FA_0.3,M,H,Chehalis River H,Chehalis R,CK-03,LOWER FRASER RIVER_FA_0.3,Smolt 0+,182257,1996,19960607,19960609,4.4,P,N,,1,AD,46857,555,,0,0,61715,109127
OPS,Chehalis R,Chinook,Fall,1995,Harrison R,LWFR,CK-03,LOWER FRASER RIVER_FA_0.3,M,H,Chehalis River H,Chehalis R,CK-03,LOWER FRASER RIVER_FA_0.3,Smolt 0+,182258,1996,19960607,19960609,3.7,P,N,,1,AD,45813,1295,,0,0,56996,104104
OPS,Chehalis R,Chinook,Fall,1996,Chilliwack R,LWFR,CK-9008,FRASER-HARRISON FALL TRANSPLANT_FA_0.3,M,H,Chehalis River H,Chehalis R,CK-03,LOWER FRASER RIVER_FA_0.3,Fed Fry,182847,1997,19970520,19970522,1.8,B,Y,HARRISON FALL MALES X CHILLIWACK FALL FEMALES,1,AD,50954,25,,0,0,1193107,1244086
OPS,Chehalis R,Chinook,Fall,1996,Harrison R,LWFR,CK-03,LOWER FRASER RIVER_FA_0.3,M,H,Chehalis River H,Chehalis R,CK-03,LOWER FRASER RIVER_FA_0.3,Fed Fry,182846,1997,19970515,19970520,2.1,B,N,TIME OF RELEASE-EARLY.,1,AD,49890,100,,0,0,689050,739040
OPS,Chehalis R,Chinook,Fall,1996,Harrison R,LWFR,CK-03,LOWER FRASER RIVER_FA_0.3,M,H,Chehalis River H,Chehalis R,CK-03,LOWER FRASER RIVER_FA_0.3,Smolt 0+,182848,1997,19970606,19970607,3.5,P,N,TIME OF RELEASE-LATE. HARRISON PLAGUE PRESENT,1,AD,43221,7270,,0,0,284861,335352
OPS,Chehalis R,Chinook,Fall,1996,Harrison R,LWFR,CK-03,LOWER FRASER RIVER_FA_0.3,M,H,Chehalis River H,Chehalis R,CK-03,LOWER FRASER RIVER_FA_0.3,Fed Fry,NOCN9618,1997,19970507,19970522,1.6,P,N,REARED WITH CHUM,1,,0,0,,0,0,612502,612502
OPS,Chehalis R,Chinook,Fall,1997,Harrison R,LWFR,CK-03,LOWER FRASER RIVER_FA_0.3,M,H,Chehalis River H,Chehalis R,CK-03,LOWER FRASER RIVER_FA_0.3,Smolt 0+,183901,1998,19980604,19980605,4.9,P,N,,1,AD,44274,5139,,0,0,216500,265913
OPS,Chehalis R,Chinook,Fall,1997,Harrison R,LWFR,CK-03,LOWER FRASER RIVER_FA_0.3,M,H,Chehalis River H,Chehalis R,CK-03,LOWER FRASER RIVER_FA_0.3,Fed Fry,183902,1998,19980417,19980424,2,B,N,,1,AD,42680,9305,,0,0,773029,825014
OPS,Chehalis R,Chinook,Fall,1997,Harrison R,LWFR,CK-03,LOWER FRASER RIVER_FA_0.3,M,H,Chehalis River H,Chehalis R,CK-03,LOWER FRASER RIVER_FA_0.3,Fed Fry,183903,1998,19980416,19980429,1.7,B,N,,1,AD,50704,280,,0,0,1621065,1672049
OPS,Chehalis R,Chinook,Fall,1997,Harrison R,LWFR,CK-03,LOWER FRASER RIVER_FA_0.3,M,H,Chehalis River H,Chehalis R,CK-03,LOWER FRASER RIVER_FA_0.3,Smolt 1+,NOCN97103,1999,19990428,19990507,16.4,B,N,YEARLING RELEASE,1,,0,0,,0,0,29043,29043
OPS,Chehalis R,Chinook,Fall,1998,Harrison R,LWFR,CK-03,LOWER FRASER RIVER_FA_0.3,M,H,Chehalis River H,Chehalis R,CK-03,LOWER FRASER RIVER_FA_0.3,Fed Fry,181724,1999,19990430,19990501,2.1,B,N,"EARLY SMALL REL; ALSO 183723, 183916 & 182722 (EARLY); COMP TO 183917 (LATE).",1,AD,10488,76,,0,0,213573,224137
OPS,Chehalis R,Chinook,Fall,1998,Harrison R,LWFR,CK-03,LOWER FRASER RIVER_FA_0.3,M,H,Chehalis River H,Chehalis R,CK-03,LOWER FRASER RIVER_FA_0.3,Fed Fry,182722,1999,19990430,19990501,2.1,B,N,"SMALL EARLY REL; ALSO 183723, 181724, & 183916 (EARLY); COMP TO 183917 (LATE).",1,AD,20376,147,,0,0,414928,435451
OPS,Chehalis R,Chinook,Fall,1998,Harrison R,LWFR,CK-03,LOWER FRASER RIVER_FA_0.3,M,H,Chehalis River H,Chehalis R,CK-03,LOWER FRASER RIVER_FA_0.3,Fed Fry,183723,1999,19990504,19990504,2.1,B,N,"SMALL EARLY REL; ALSO 183916, 181724 & 182722 (EARLY); COMP TO 183917 (LATE).",1,AD,19875,122,,0,0,295775,315772
OPS,Chehalis R,Chinook,Fall,1998,Harrison R,LWFR,CK-03,LOWER FRASER RIVER_FA_0.3,M,H,Chehalis River H,Chehalis R,CK-03,LOWER FRASER RIVER_FA_0.3,Fed Fry,183916,1999,19990430,19990501,2,B,N,"SMALL EARLY REL; ALSO 183723, 181724 & 182722 (EARLY); COMP TO 183917 (LATE).",1,AD,48383,598,,0,0,1095022,1144003
OPS,Chehalis R,Chinook,Fall,1998,Harrison R,LWFR,CK-03,LOWER FRASER RIVER_FA_0.3,M,H,Chehalis River H,Chehalis R,CK-03,LOWER FRASER RIVER_FA_0.3,Smolt 0+,183917,1999,19990604,19990605,4.5,P,N,"LARGE LATE REL; COMP TO 183723, 183916, 181724 & 182722 (SMALL EARLY REL).",1,AD,50961,78,,0,0,695837,746876
OPS,Chehalis R,Chinook,Fall,1998,Harrison R,LWFR,CK-03,LOWER FRASER RIVER_FA_0.3,M,H,Chehalis River H,Chehalis R,CK-03,LOWER FRASER RIVER_FA_0.3,Smolt 1+,NOCN98120,2000,20000428,20000428,19.3,B,N,EXTENDED REARING. 16% PREDATION LOSS.,1,,0,0,,0,0,91740,91740
OPS,Chehalis R,Chinook,Fall,1999,Harrison R,LWFR,CK-03,LOWER FRASER RIVER_FA_0.3,M,H,Chehalis River H,Chehalis R,CK-03,LOWER FRASER RIVER_FA_0.3,Fed Fry,182132,2000,20000428,20000429,1.76,B,N,EARLY RELEASE; SEE ALSO 182133. COMPARE TO 182134-35 (SMOLT RELEASE).,1,AD,23977,24,,0,0,866565,890566
OPS,Chehalis R,Chinook,Fall,1999,Harrison R,LWFR,CK-03,LOWER FRASER RIVER_FA_0.3,M,H,Chehalis River H,Chehalis R,CK-03,LOWER FRASER RIVER_FA_0.3,Fed Fry,182133,2000,20000502,20000503,1.55,B,N,"EARLY RELEASE. SEE 182132 (EARLY), 182134-35 (LATE).",1,AD,23684,363,,0,0,828112,852159
OPS,Chehalis R,Chinook,Fall,1999,Harrison R,LWFR,CK-03,LOWER FRASER RIVER_FA_0.3,M,H,Chehalis River H,Chehalis R,CK-03,LOWER FRASER RIVER_FA_0.3,Smolt 0+,182134,2000,20000605,20000606,4.13,P,N,LATE RELEASE.  SEE ALSO 182135. COMPARE TO 182132/33 (FRY RELEASE).,1,AD,23967,48,,0,0,356122,380137
OPS,Chehalis R,Chinook,Fall,1999,Harrison R,LWFR,CK-03,LOWER FRASER RIVER_FA_0.3,M,H,Chehalis River H,Chehalis R,CK-03,LOWER FRASER RIVER_FA_0.3,Smolt 0+,182135,2000,20000605,20000606,4.13,P,N,LATE RELEASE.  SEE ALSO 182134. COMPARE TO 182132/33 (FRY RELEASE).,1,AD,23828,192,,0,0,,24020
OPS,Chehalis R,Chinook,Fall,1999,Harrison R,LWFR,CK-03,LOWER FRASER RIVER_FA_0.3,M,H,Chehalis River H,Chehalis R,CK-03,LOWER FRASER RIVER_FA_0.3,Smolt 1+,NOCN99117,2001,20010417,20010418,17,B,N,YEARLING RELEASE.,1,,0,0,,0,0,67040,67040
OPS,Chehalis R,Chinook,Fall,2000,Harrison R,LWFR,CK-03,LOWER FRASER RIVER_FA_0.3,M,H,Chehalis River H,Chehalis R,CK-03,LOWER FRASER RIVER_FA_0.3,Fed Fry,184550,2001,20010427,20010429,1.59,B,N,EARLY FRY RELEASE. COMPARE TO 184551 (LATE RELEASE).,1,AD,50177,0,,0,0,1403661,1453838
OPS,Chehalis R,Chinook,Fall,2000,Harrison R,LWFR,CK-03,LOWER FRASER RIVER_FA_0.3,M,H,Chehalis River H,Chehalis R,CK-03,LOWER FRASER RIVER_FA_0.3,Smolt 0+,184551,2001,20010601,20010604,4.73,B,N,LARGE SMOLT SIZE AND LATE RELEASE DATE. COMPARE TO 184550 (EARLY RELEASE).,1,AD,49912,125,,0,0,347817,397854
OPS,Chehalis R,Chinook,Fall,2000,Harrison R,LWFR,CK-03,LOWER FRASER RIVER_FA_0.3,M,H,Chehalis River H,Chehalis R,CK-03,LOWER FRASER RIVER_FA_0.3,Smolt 1+,NOCN00120,2002,20020415,20020419,15.86,B,N,YEARLING RELEASE,1,,0,0,,0,0,26463,26463
OPS,Chehalis R,Chinook,Fall,2001,Harrison R,LWFR,CK-03,LOWER FRASER RIVER_FA_0.3,M,H,Chehalis River H,Chehalis R,CK-03,LOWER FRASER RIVER_FA_0.3,Fed Fry,184911,2002,20020415,20020429,1.84,B,N,SMALL SIZE AND EARLY RELEASE TIME; INCLUDES UNMARKED FISH REARED WITH CHUM.,1,AD,51815,182,,0,0,1903604,1955601
OPS,Chehalis R,Chinook,Fall,2001,Harrison R,LWFR,CK-03,LOWER FRASER RIVER_FA_0.3,M,H,Chehalis River H,Chehalis R,CK-03,LOWER FRASER RIVER_FA_0.3,Smolt 0+,184912,2002,20020604,20020606,4.92,B,N,LARGE SIZE AND LATE RELEASE,1,AD,50653,1272,,0,0,313519,365444
OPS,Chehalis R,Chinook,Fall,2002,Harrison R,LWFR,CK-03,LOWER FRASER RIVER_FA_0.3,M,H,Chehalis River H,Chehalis R,CK-03,LOWER FRASER RIVER_FA_0.3,Fed Fry,184920,2003,20030422,20030430,1.71,B,N,SMALL SIZE AND EARLY REL.  SEE 184921 FOR LARGER SIZE,1,AD,48461,813,,0,0,1563150,1612424
OPS,Chehalis R,Chinook,Fall,2002,Harrison R,LWFR,CK-03,LOWER FRASER RIVER_FA_0.3,M,H,Chehalis River H,Chehalis R,CK-03,LOWER FRASER RIVER_FA_0.3,Smolt 0+,184921,2003,20030603,20030604,4.66,B,N,LARGE SIZE AND LATE RELEASE.  SEE 184920 FOR SMALLS,1,AD,51581,259,,0,0,322438,374278
OPS,Chehalis R,Chinook,Fall,2003,Harrison R,LWFR,CK-03,LOWER FRASER RIVER_FA_0.3,M,H,Chehalis River H,Chehalis R,CK-03,LOWER FRASER RIVER_FA_0.3,Fed Fry,184923,2004,20040427,20040523,2.48,B,N,EARLY RELEASE. SEE ALSO 184924 (LATE REL).,1,AD,58216,145,,0,0,956821,1015182
OPS,Chehalis R,Chinook,Fall,2003,Harrison R,LWFR,CK-03,LOWER FRASER RIVER_FA_0.3,M,H,Chehalis River H,Chehalis R,CK-03,LOWER FRASER RIVER_FA_0.3,Smolt 0+,184924,2004,20040604,20040604,5.06,P,N,LATE RELEASE. SEE ALSO 184923 (EARLY REL).,1,AD,56499,114,,0,0,266202,322815
OPS,Chehalis R,Chinook,Fall,2004,Harrison R,LWFR,CK-03,LOWER FRASER RIVER_FA_0.3,M,H,Chehalis River H,Chehalis R,CK-03,LOWER FRASER RIVER_FA_0.3,Fed Fry,NOCN0427,2005,20050415,20050420,2.13,B,N,,1,,0,0,,0,0,2267090,2267090
OPS,Chehalis R,Chinook,Fall,2004,Harrison R,LWFR,CK-03,LOWER FRASER RIVER_FA_0.3,M,H,Chehalis River H,Chehalis R,CK-03,LOWER FRASER RIVER_FA_0.3,Smolt 0+,NOCN0428,2005,20050603,20050603,5.73,P,N,,1,,0,0,,0,0,224652,224652
OPS,Chehalis R,Chinook,Fall,2005,Harrison R,LWFR,CK-03,LOWER FRASER RIVER_FA_0.3,M,H,Chehalis River H,Chehalis R,CK-03,LOWER FRASER RIVER_FA_0.3,Smolt 0+,NOCN0536,2006,20060614,20060614,5.45,P,N,RELEASED AT HATCHERY,1,,0,0,,0,0,116854,116854
OPS,Chehalis R,Chinook,Fall,2005,Harrison R,LWFR,CK-03,LOWER FRASER RIVER_FA_0.3,M,H,Chehalis River H,Harrison R,CK-03,LOWER FRASER RIVER_FA_0.3,Smolt 0+,025641,2006,20060601,20060607,5.3,P,N,TRUCKED TO LOG DUMP ON CHEHALIS RESERVE,1,AD,53222,1799,,0,0,,55021
OPS,Chehalis R,Chinook,Fall,2005,Harrison R,LWFR,CK-03,LOWER FRASER RIVER_FA_0.3,M,H,Chehalis River H,Harrison R,CK-03,LOWER FRASER RIVER_FA_0.3,Smolt 0+,025650,2006,20060606,20060607,5.25,P,N,TRUCKED TO LOG DUMP ON CHEHALIS RESERVE,1,AD,49090,3943,,0,0,,53033
OPS,Chehalis R,Chinook,Fall,2006,Harrison R,LWFR,CK-03,LOWER FRASER RIVER_FA_0.3,M,H,Chehalis River H,Chehalis R,CK-03,LOWER FRASER RIVER_FA_0.3,Smolt 0+,NOCN0614,2007,20070510,20070510,3.3,B,N,,1,,0,0,,0,0,72221,72221
OPS,Chehalis R,Chinook,Fall,2006,Harrison R,LWFR,CK-03,LOWER FRASER RIVER_FA_0.3,M,H,Chehalis River H,Harrison R,CK-03,LOWER FRASER RIVER_FA_0.3,Smolt 0+,184922,2007,20070605,20070605,5.5,P,N,FISH WERE TRANSPORTED TO LOG DUMP ON CHEHALIS RESERVE.,1,AD,51746,154,,0,0,,51900
OPS,Chehalis R,Chinook,Fall,2006,Harrison R,LWFR,CK-03,LOWER FRASER RIVER_FA_0.3,M,H,Chehalis River H,Harrison R,CK-03,LOWER FRASER RIVER_FA_0.3,Smolt 0+,185221,2007,20070531,20070531,6.3,P,N,,1,AD,25812,140,,0,0,,25952
OPS,Chehalis R,Chinook,Fall,2006,Harrison R,LWFR,CK-03,LOWER FRASER RIVER_FA_0.3,M,H,Chehalis River H,Harrison R,CK-03,LOWER FRASER RIVER_FA_0.3,Smolt 0+,185242,2007,20070601,20070601,5.5,P,N,,1,AD,25899,59,,0,0,,25958
OPS,Chehalis R,Chinook,Fall,2006,Harrison R,LWFR,CK-03,LOWER FRASER RIVER_FA_0.3,M,H,Chehalis River H,Harrison R,CK-03,LOWER FRASER RIVER_FA_0.3,Smolt 0+,185263,2007,20070604,20070604,5.8,P,N,,1,AD,25965,21,,0,0,,25986
OPS,Chehalis R,Chinook,Fall,2006,Harrison R,LWFR,CK-03,LOWER FRASER RIVER_FA_0.3,M,H,Chehalis River H,Harrison R,CK-03,LOWER FRASER RIVER_FA_0.3,Smolt 0+,186030,2007,20070523,20070523,6.3,P,N,,1,AD,24493,443,,0,0,,24936
OPS,Chehalis R,Chinook,Fall,2006,Harrison R,LWFR,CK-03,LOWER FRASER RIVER_FA_0.3,M,H,Chehalis River H,Harrison R,CK-03,LOWER FRASER RIVER_FA_0.3,Smolt 0+,186031,2007,20070524,20070524,6,P,N,,1,AD,25699,347,,0,0,,26046
OPS,Chehalis R,Chinook,Fall,2006,Harrison R,LWFR,CK-03,LOWER FRASER RIVER_FA_0.3,M,H,Chehalis River H,Harrison R,CK-03,LOWER FRASER RIVER_FA_0.3,Smolt 0+,186032,2007,20070530,20070530,6.6,P,N,,1,AD,25782,163,,0,0,,25945
OPS,Chehalis R,Chinook,Fall,2007,Harrison R,LWFR,CK-03,LOWER FRASER RIVER_FA_0.3,M,H,Chehalis River H,Chehalis R,CK-03,LOWER FRASER RIVER_FA_0.3,Fed Fry,NOCN0722,2008,20080423,20080509,2.1,P,N,RELEASED AT HATCHERY OUTLET AS SURPLUS TO TAGGING REQUIREMENTS.,1,,0,0,,0,0,69589,69589
OPS,Chehalis R,Chinook,Fall,2007,Harrison R,LWFR,CK-03,LOWER FRASER RIVER_FA_0.3,M,H,Chehalis River H,Harrison R,CK-03,LOWER FRASER RIVER_FA_0.3,Smolt 0+,185001,2008,20080610,20080610,5.18,P,N,RELEASED AT LOG DUMP ON CHEHALIS NATIVE RESERVE.,1,AD,25530,415,,0,0,,25945
OPS,Chehalis R,Chinook,Fall,2007,Harrison R,LWFR,CK-03,LOWER FRASER RIVER_FA_0.3,M,H,Chehalis River H,Harrison R,CK-03,LOWER FRASER RIVER_FA_0.3,Smolt 0+,185002,2008,20080618,20080618,4.85,P,N,RELEASED AT LOG DUMP ON CHEHALIS NATIVE RESERVE.,1,AD,27829,0,,0,0,,27829
OPS,Chehalis R,Chinook,Fall,2007,Harrison R,LWFR,CK-03,LOWER FRASER RIVER_FA_0.3,M,H,Chehalis River H,Harrison R,CK-03,LOWER FRASER RIVER_FA_0.3,Smolt 0+,185040,2008,20080616,20080616,5.11,P,N,RELEASED AT LOG DUMP ON CHEHALIS NATIVE RESERVE.,1,AD,26026,105,,0,0,,26131
OPS,Chehalis R,Chinook,Fall,2007,Harrison R,LWFR,CK-03,LOWER FRASER RIVER_FA_0.3,M,H,Chehalis River H,Harrison R,CK-03,LOWER FRASER RIVER_FA_0.3,Smolt 0+,185556,2008,20080602,20080602,5.59,P,N,RELEASED AT LOG DUMP ON CHEHALIS NATIVE RESERVE.,1,AD,25857,104,,0,0,,25961
OPS,Chehalis R,Chinook,Fall,2007,Harrison R,LWFR,CK-03,LOWER FRASER RIVER_FA_0.3,M,H,Chehalis River H,Harrison R,CK-03,LOWER FRASER RIVER_FA_0.3,Smolt 0+,185557,2008,20080603,20080603,5.42,P,N,RELEASED AT LOG DUMP ON CHEHALIS NATIVE RESERVE.,1,AD,25630,311,,0,0,,25941
OPS,Chehalis R,Chinook,Fall,2007,Harrison R,LWFR,CK-03,LOWER FRASER RIVER_FA_0.3,M,H,Chehalis River H,Harrison R,CK-03,LOWER FRASER RIVER_FA_0.3,Smolt 0+,185558,2008,20080603,20080603,5.45,P,N,RELEASED AT LOG DUMP ON CHEHALIS NATIVE RESERVE.,1,AD,25635,259,,0,0,,25894
OPS,Chehalis R,Chinook,Fall,2007,Harrison R,LWFR,CK-03,LOWER FRASER RIVER_FA_0.3,M,H,Chehalis River H,Harrison R,CK-03,LOWER FRASER RIVER_FA_0.3,Smolt 0+,185612,2008,20080604,20080604,5.28,P,N,RELEASED AT LOG DUMP ON CHEHALIS NATIVE RESERVE.,1,AD,25727,260,,0,0,,25987
OPS,Chehalis R,Chinook,Fall,2007,Harrison R,LWFR,CK-03,LOWER FRASER RIVER_FA_0.3,M,H,Chehalis River H,Harrison R,CK-03,LOWER FRASER RIVER_FA_0.3,Smolt 0+,185707,2008,20080606,20080606,5.28,P,N,RELEASED AT LOG DUMP ON CHEHALIS NATIVE RESERVE.,1,AD,25945,0,,0,0,,25945
OPS,Chehalis R,Chinook,Fall,2008,Harrison R,LWFR,CK-03,LOWER FRASER RIVER_FA_0.3,M,H,Chehalis River H,Harrison R,CK-03,LOWER FRASER RIVER_FA_0.3,Smolt 0+,180484,2009,20090608,20090608,6,P,N,ALSO SEE TAGCODES 180485-87.,1,AD,55246,729,,0,0,26279,82254
OPS,Chehalis R,Chinook,Fall,2008,Harrison R,LWFR,CK-03,LOWER FRASER RIVER_FA_0.3,M,H,Chehalis River H,Harrison R,CK-03,LOWER FRASER RIVER_FA_0.3,Smolt 0+,180485,2009,20090608,20090608,6,P,N,"ALSO SEE TAGCODES 180484,86-87.",1,AD,54343,717,,0,0,25849,80909
OPS,Chehalis R,Chinook,Fall,2008,Harrison R,LWFR,CK-03,LOWER FRASER RIVER_FA_0.3,M,H,Chehalis River H,Harrison R,CK-03,LOWER FRASER RIVER_FA_0.3,Smolt 0+,180486,2009,20090608,20090608,6,P,N,"ALSO SEE TAGCODES 180484-85,87.",1,AD,53273,703,,0,0,25341,79317
OPS,Chehalis R,Chinook,Fall,2008,Harrison R,LWFR,CK-03,LOWER FRASER RIVER_FA_0.3,M,H,Chehalis River H,Harrison R,CK-03,LOWER FRASER RIVER_FA_0.3,Smolt 0+,180487,2009,20090608,20090608,6,P,N,ALSO SEE TAGCODES 180484-86.,1,AD,32558,565,,0,0,15550,48673
OPS,Chehalis R,Chinook,Fall,2009,Harrison R,LWFR,CK-03,LOWER FRASER RIVER_FA_0.3,M,H,Chehalis River H,Harrison R,CK-03,LOWER FRASER RIVER_FA_0.3,Smolt 0+,180992,2010,20100617,20100617,5.72,P,N,,1,AD,55659,0,,0,0,14557,70216
OPS,Chehalis R,Chinook,Fall,2009,Harrison R,LWFR,CK-03,LOWER FRASER RIVER_FA_0.3,M,H,Chehalis River H,Harrison R,CK-03,LOWER FRASER RIVER_FA_0.3,Smolt 0+,180993,2010,20100617,20100617,5.72,P,N,,1,AD,55581,0,,0,0,14537,70118
OPS,Chehalis R,Chinook,Fall,2009,Harrison R,LWFR,CK-03,LOWER FRASER RIVER_FA_0.3,M,H,Chehalis River H,Harrison R,CK-03,LOWER FRASER RIVER_FA_0.3,Smolt 0+,180994,2010,20100617,20100617,5.72,P,N,,1,AD,61367,0,,0,0,16050,77417
OPS,Chehalis R,Chinook,Fall,2009,Harrison R,LWFR,CK-03,LOWER FRASER RIVER_FA_0.3,M,H,Chehalis River H,Harrison R,CK-03,LOWER FRASER RIVER_FA_0.3,Smolt 0+,180995,2010,20100617,20100617,5.72,P,N,,1,AD,40636,0,,0,0,10628,51264
OPS,Chehalis R,Chinook,Fall,2010,Harrison R,LWFR,CK-03,LOWER FRASER RIVER_FA_0.3,M,H,Chehalis River H,Harrison R,CK-03,LOWER FRASER RIVER_FA_0.3,Smolt 0+,181470,2011,20110617,20110617,6.25,P,N,,1,AD,64923,0,,0,0,,64923
OPS,Chehalis R,Chinook,Fall,2010,Harrison R,LWFR,CK-03,LOWER FRASER RIVER_FA_0.3,M,H,Chehalis River H,Harrison R,CK-03,LOWER FRASER RIVER_FA_0.3,Smolt 0+,181471,2011,20110617,20110617,6.25,P,N,,1,AD,42182,0,,0,0,,42182
OPS,Chehalis R,Chinook,Fall,2010,Harrison R,LWFR,CK-03,LOWER FRASER RIVER_FA_0.3,M,H,Chehalis River H,Harrison R,CK-03,LOWER FRASER RIVER_FA_0.3,Smolt 0+,181472,2011,20110617,20110617,6.25,P,N,,1,AD,31738,0,,0,0,,31738
OPS,Chehalis R,Chinook,Fall,2010,Harrison R,LWFR,CK-03,LOWER FRASER RIVER_FA_0.3,M,H,Chehalis River H,Harrison R,CK-03,LOWER FRASER RIVER_FA_0.3,Smolt 0+,181473,2011,20110617,20110617,6.25,P,N,,1,AD,56489,0,,0,0,,56489
OPS,Chehalis R,Chinook,Fall,2011,Harrison R,LWFR,CK-03,LOWER FRASER RIVER_FA_0.3,M,H,Chehalis River H,Harrison R,CK-03,LOWER FRASER RIVER_FA_0.3,Smolt 0+,180594,2012,20120619,20120619,5.86,P,N,,1,AD,4806,253,,0,0,456,5515
OPS,Chehalis R,Chinook,Fall,2011,Harrison R,LWFR,CK-03,LOWER FRASER RIVER_FA_0.3,M,H,Chehalis River H,Harrison R,CK-03,LOWER FRASER RIVER_FA_0.3,Smolt 0+,181496,2012,20120619,20120619,5.86,P,N,,1,AD,53011,4058,,0,0,5149,62218
OPS,Chehalis R,Chinook,Fall,2011,Harrison R,LWFR,CK-03,LOWER FRASER RIVER_FA_0.3,M,H,Chehalis River H,Harrison R,CK-03,LOWER FRASER RIVER_FA_0.3,Smolt 0+,181497,2012,20120619,20120619,5.86,P,N,,1,AD,53106,4299,,0,0,5179,62584
OPS,Chehalis R,Chinook,Fall,2011,Harrison R,LWFR,CK-03,LOWER FRASER RIVER_FA_0.3,M,H,Chehalis River H,Harrison R,CK-03,LOWER FRASER RIVER_FA_0.3,Smolt 0+,181498,2012,20120619,20120619,5.86,P,N,,1,AD,53012,4333,,0,0,5174,62519
OPS,Chehalis R,Chinook,Fall,2011,Harrison R,LWFR,CK-03,LOWER FRASER RIVER_FA_0.3,M,H,Chehalis River H,Harrison R,CK-03,LOWER FRASER RIVER_FA_0.3,Smolt 0+,181499,2012,20120619,20120619,5.86,P,N,,1,AD,53408,4323,,0,0,5208,62939
OPS,Chehalis R,Chinook,Fall,2011,Harrison R,LWFR,CK-03,LOWER FRASER RIVER_FA_0.3,M,H,Chehalis River H,Harrison R,CK-03,LOWER FRASER RIVER_FA_0.3,Smolt 0+,181564,2012,20120619,20120619,5.83,P,N,,1,AD,53214,4287,,0,0,5188,62689
OPS,Chehalis R,Chinook,Fall,2011,Harrison R,LWFR,CK-03,LOWER FRASER RIVER_FA_0.3,M,H,Chehalis River H,Harrison R,CK-03,LOWER FRASER RIVER_FA_0.3,Smolt 0+,181964,2012,20120619,20120619,5.83,P,N,,1,AD,4994,526,,0,0,499,6019
OPS,Chehalis R,Chinook,Fall,2012,Harrison R,LWFR,CK-03,LOWER FRASER RIVER_FA_0.3,H,H,Chehalis River H,Harrison R,CK-03,LOWER FRASER RIVER_FA_0.3,Smolt 0+,181996,2013,20130618,20130618,6.6,P,N,,1,AD,5066,844,,0,0,435,6345
OPS,Chehalis R,Chinook,Fall,2012,Harrison R,LWFR,CK-03,LOWER FRASER RIVER_FA_0.3,H,H,Chehalis River H,Harrison R,CK-03,LOWER FRASER RIVER_FA_0.3,Smolt 0+,182490,2013,20130618,20130618,6.6,P,N,,1,AD,56516,1894,,0,0,4302,62712
OPS,Chehalis R,Chinook,Fall,2012,Harrison R,LWFR,CK-03,LOWER FRASER RIVER_FA_0.3,H,H,Chehalis River H,Harrison R,CK-03,LOWER FRASER RIVER_FA_0.3,Smolt 0+,182491,2013,20130618,20130618,6.6,P,N,,1,AD,57512,1928,,0,0,4377,63817
OPS,Chehalis R,Chinook,Fall,2012,Harrison R,LWFR,CK-03,LOWER FRASER RIVER_FA_0.3,H,H,Chehalis River H,Harrison R,CK-03,LOWER FRASER RIVER_FA_0.3,Smolt 0+,182492,2013,20130618,20130618,6.6,P,N,,1,AD,54157,2118,,0,0,4144,60419
OPS,Chehalis R,Chinook,Fall,2012,Harrison R,LWFR,CK-03,LOWER FRASER RIVER_FA_0.3,H,H,Chehalis River H,Harrison R,CK-03,LOWER FRASER RIVER_FA_0.3,Smolt 0+,182493,2013,20130618,20130618,6.6,P,N,,1,AD,60397,2362,,0,0,4622,67381
OPS,Chehalis R,Chinook,Fall,2012,Harrison R,LWFR,CK-03,LOWER FRASER RIVER_FA_0.3,H,H,Chehalis River H,Harrison R,CK-03,LOWER FRASER RIVER_FA_0.3,Smolt 0+,182494,2013,20130618,20130618,6.6,P,N,,1,AD,56765,2220,,0,0,4344,63329
OPS,Chehalis R,Chinook,Fall,2013,Harrison R,LWFR,CK-03,LOWER FRASER RIVER_FA_0.3,M,H,Chehalis River H,Harrison R,CK-03,LOWER FRASER RIVER_FA_0.3,Smolt 0+,182567,2014,20140605,20140605,5.83,P,N,,1,AD,59042,1205,,0,0,,60247
OPS,Chehalis R,Chinook,Fall,2013,Harrison R,LWFR,CK-03,LOWER FRASER RIVER_FA_0.3,M,H,Chehalis River H,Harrison R,CK-03,LOWER FRASER RIVER_FA_0.3,Smolt 0+,182568,2014,20140605,20140605,5.83,P,N,,1,AD,60259,1230,,0,0,,61489
OPS,Chehalis R,Chinook,Fall,2013,Harrison R,LWFR,CK-03,LOWER FRASER RIVER_FA_0.3,M,H,Chehalis River H,Harrison R,CK-03,LOWER FRASER RIVER_FA_0.3,Smolt 0+,182782,2014,20140605,20140605,5.83,P,N,,1,AD,60097,1226,,0,0,,61323
OPS,Chehalis R,Chinook,Fall,2013,Harrison R,LWFR,CK-03,LOWER FRASER RIVER_FA_0.3,M,H,Chehalis River H,Harrison R,CK-03,LOWER FRASER RIVER_FA_0.3,Smolt 0+,182783,2014,20140605,20140605,5.83,P,N,,1,AD,62049,1266,,0,0,,63315
OPS,Chehalis R,Chinook,Fall,2013,Harrison R,LWFR,CK-03,LOWER FRASER RIVER_FA_0.3,M,H,Chehalis River H,Harrison R,CK-03,LOWER FRASER RIVER_FA_0.3,Smolt 0+,182784,2014,20140605,20140605,5.83,P,N,,1,AD,30607,466,,0,0,,31073
OPS,Chehalis R,Chinook,Fall,2014,Harrison R,LWFR,CK-03,LOWER FRASER RIVER_FA_0.3,M,H,Chehalis River H,Harrison R,CK-03,LOWER FRASER RIVER_FA_0.3,Smolt 0+,180196,2015,20150609,20150609,5.56,P,N,,1,AD,29808,0,,0,0,,29808
OPS,Chehalis R,Chinook,Fall,2014,Harrison R,LWFR,CK-03,LOWER FRASER RIVER_FA_0.3,M,H,Chehalis River H,Harrison R,CK-03,LOWER FRASER RIVER_FA_0.3,Smolt 0+,182480,2015,20150609,20150609,5.56,P,N,,1,AD,35854,0,,0,0,,35854
OPS,Chehalis R,Chinook,Fall,2014,Harrison R,LWFR,CK-03,LOWER FRASER RIVER_FA_0.3,M,H,Chehalis River H,Harrison R,CK-03,LOWER FRASER RIVER_FA_0.3,Smolt 0+,183391,2015,20150609,20150609,5.56,P,N,,1,AD,54166,0,,0,0,,54166
OPS,Chehalis R,Chinook,Fall,2014,Harrison R,LWFR,CK-03,LOWER FRASER RIVER_FA_0.3,M,H,Chehalis River H,Harrison R,CK-03,LOWER FRASER RIVER_FA_0.3,Smolt 0+,183392,2015,20150609,20150609,5.56,P,N,,1,AD,60054,0,,0,0,,60054
OPS,Chehalis R,Chinook,Fall,2014,Harrison R,LWFR,CK-03,LOWER FRASER RIVER_FA_0.3,M,H,Chehalis River H,Harrison R,CK-03,LOWER FRASER RIVER_FA_0.3,Smolt 0+,183393,2015,20150609,20150609,5.56,P,N,,1,AD,60499,0,,0,0,,60499
OPS,Chehalis R,Chinook,Fall,2014,Harrison R,LWFR,CK-03,LOWER FRASER RIVER_FA_0.3,M,H,Chehalis River H,Harrison R,CK-03,LOWER FRASER RIVER_FA_0.3,Smolt 0+,183394,2015,20150609,20150619,5.56,P,N,,1,AD,51277,0,,0,0,,51277
OPS,Chehalis R,Chinook,Fall,2015,Chilliwack R,LWFR,CK-9008,FRASER-HARRISON FALL TRANSPLANT_FA_0.3,M,H,Chehalis River H,Harrison R,CK-03,LOWER FRASER RIVER_FA_0.3,Smolt 0+,183965*2,2016,20160609,20160609,6.11,P,N,"42,091 Harrison stock were also tagged with this tagcode.",1,AD,17790,185,,0,0,,17975
OPS,Chehalis R,Chinook,Fall,2015,Chilliwack R,LWFR,CK-9008,FRASER-HARRISON FALL TRANSPLANT_FA_0.3,M,H,Chehalis River H,Harrison R,CK-03,LOWER FRASER RIVER_FA_0.3,Smolt 0+,183966,2016,20160609,20160609,6.11,P,N,No Harrison CN were tagged with this tagcode.,1,AD,52467,2467,,0,0,,54934
OPS,Chehalis R,Chinook,Fall,2015,Chilliwack R,LWFR,CK-9008,FRASER-HARRISON FALL TRANSPLANT_FA_0.3,M,H,Chehalis River H,Harrison R,CK-03,LOWER FRASER RIVER_FA_0.3,Smolt 0+,183967*2,2016,20160609,20160609,6.11,P,N,"49,879 Harrison stock tagged and released with the same tagcode.",1,AD,8309,74,,0,0,,8383
OPS,Chehalis R,Chinook,Fall,2015,Harrison R,LWFR,CK-03,LOWER FRASER RIVER_FA_0.3,M,H,Chehalis River H,Harrison R,CK-03,LOWER FRASER RIVER_FA_0.3,Smolt 0+,183964,2016,20160609,20160609,6.11,P,N,Only Harrison stock was tagged with this tagcode.,1,AD,63056,2244,,0,0,,65300
OPS,Chehalis R,Chinook,Fall,2015,Harrison R,LWFR,CK-03,LOWER FRASER RIVER_FA_0.3,M,H,Chehalis River H,Harrison R,CK-03,LOWER FRASER RIVER_FA_0.3,Smolt 0+,183965*1,2016,20160609,20160609,6.11,P,N,"17,975 Chilliwack stock were tagged and released with the same tagcode.",1,AD,41657,434,,0,0,,42091
OPS,Chehalis R,Chinook,Fall,2015,Harrison R,LWFR,CK-03,LOWER FRASER RIVER_FA_0.3,M,H,Chehalis River H,Harrison R,CK-03,LOWER FRASER RIVER_FA_0.3,Smolt 0+,183967*1,2016,20160609,20160609,6.11,P,N,"8,383 Chilliwack stock were tagged and released with the same tagcode.",1,AD,49440,439,,0,0,,49879
OPS,Chehalis R,Chinook,Fall,2015,Harrison R,LWFR,CK-03,LOWER FRASER RIVER_FA_0.3,M,H,Chehalis River H,Harrison R,CK-03,LOWER FRASER RIVER_FA_0.3,Smolt 0+,183968,2016,20160609,20160609,6.11,P,N,Only Harrison stock were tagged with this tagcode.,1,AD,44034,5387,,0,0,,49421
OPS,Chehalis R,Chinook,Fall,2016,Harrison R,LWFR,CK-03,LOWER FRASER RIVER_FA_0.3,M,H,Chehalis River H,Harrison R,CK-03,LOWER FRASER RIVER_FA_0.3,Smolt 0+,184372,2017,20170609,20170609,6.33,P,N,,1,AD,57920,72,,0,0,,57992
OPS,Chehalis R,Chinook,Fall,2016,Harrison R,LWFR,CK-03,LOWER FRASER RIVER_FA_0.3,M,H,Chehalis River H,Harrison R,CK-03,LOWER FRASER RIVER_FA_0.3,Smolt 0+,184373,2017,20170609,20170609,6.33,P,N,,1,AD,61577,70,,0,0,,61647
OPS,Chehalis R,Chinook,Fall,2016,Harrison R,LWFR,CK-03,LOWER FRASER RIVER_FA_0.3,M,H,Chehalis River H,Harrison R,CK-03,LOWER FRASER RIVER_FA_0.3,Smolt 0+,184374,2017,20170609,20170609,6.33,P,N,,1,AD,56782,234,,0,0,,57016
OPS,Chehalis R,Chinook,Fall,2016,Harrison R,LWFR,CK-03,LOWER FRASER RIVER_FA_0.3,M,H,Chehalis River H,Harrison R,CK-03,LOWER FRASER RIVER_FA_0.3,Smolt 0+,184375,2017,20170609,20170609,6.33,P,N,,1,AD,58224,396,,0,0,,58620
OPS,Chehalis R,Chinook,Fall,2016,Harrison R,LWFR,CK-03,LOWER FRASER RIVER_FA_0.3,M,H,Chehalis River H,Harrison R,CK-03,LOWER FRASER RIVER_FA_0.3,Smolt 0+,184376*1,2017,20170609,20170609,6.33,P,N,"(In Chilko release record),268 Chilko fish mistakenly released with CWT 184376.",1,AD,40715,225,,0,0,,40940
OPS,Chehalis R,Chinook,Fall,2017,Harrison R,LWFR,CK-03,LOWER FRASER RIVER_FA_0.3,M,H,Chehalis River H,Harrison R,CK-03,LOWER FRASER RIVER_FA_0.3,Smolt 0+,185098,2018,20180529,20180612,5.63,P,N,,1,AD,60010,191,,0,0,6856,67057
OPS,Chehalis R,Chinook,Fall,2017,Harrison R,LWFR,CK-03,LOWER FRASER RIVER_FA_0.3,M,H,Chehalis River H,Harrison R,CK-03,LOWER FRASER RIVER_FA_0.3,Smolt 0+,185099,2018,20180529,20180612,5.63,P,N,,1,AD,59710,206,,0,0,6824,66740
OPS,Chehalis R,Chinook,Fall,2017,Harrison R,LWFR,CK-03,LOWER FRASER RIVER_FA_0.3,M,H,Chehalis River H,Harrison R,CK-03,LOWER FRASER RIVER_FA_0.3,Smolt 0+,185164,2018,20180529,20180612,5.63,P,N,,1,AD,59661,169,,0,0,6815,66645
OPS,Chehalis R,Chinook,Fall,2017,Harrison R,LWFR,CK-03,LOWER FRASER RIVER_FA_0.3,M,H,Chehalis River H,Harrison R,CK-03,LOWER FRASER RIVER_FA_0.3,Smolt 0+,185165,2018,20180529,20180612,5.63,P,N,,1,AD,59434,190,,0,0,6791,66415
OPS,Chehalis R,Chinook,Fall,2017,Harrison R,LWFR,CK-03,LOWER FRASER RIVER_FA_0.3,M,H,Chehalis River H,Harrison R,CK-03,LOWER FRASER RIVER_FA_0.3,Smolt 0+,185296,2018,20180529,20180612,5.63,P,N,,1,AD,60189,194,,0,0,6877,67260
OPS,Chehalis R,Chinook,Fall,2017,Harrison R,LWFR,CK-03,LOWER FRASER RIVER_FA_0.3,M,H,Chehalis River H,Harrison R,CK-03,LOWER FRASER RIVER_FA_0.3,Smolt 0+,185297,2018,20180529,20180612,5.63,P,N,,1,AD,3510,38,,0,0,404,3952
OPS,Chehalis R,Chinook,Fall,2018,Harrison R,LWFR,CK-03,LOWER FRASER RIVER_FA_0.3,M,H,Chehalis River H,Harrison R,CK-03,LOWER FRASER RIVER_FA_0.3,Smolt 0+,185185,2019,20190612,20190612,6.63,P,N,,1,AD,56502,790,,0,0,,57292
OPS,Chehalis R,Chinook,Fall,2018,Harrison R,LWFR,CK-03,LOWER FRASER RIVER_FA_0.3,M,H,Chehalis River H,Harrison R,CK-03,LOWER FRASER RIVER_FA_0.3,Smolt 0+,185186,2019,20190612,20190612,6.63,P,N,,1,AD,56539,286,,0,0,,56825
OPS,Chehalis R,Chinook,Fall,2018,Harrison R,LWFR,CK-03,LOWER FRASER RIVER_FA_0.3,M,H,Chehalis River H,Harrison R,CK-03,LOWER FRASER RIVER_FA_0.3,Smolt 0+,185187,2019,20190612,20190612,6.63,P,N,,1,AD,56539,445,,0,0,,56984
OPS,Chehalis R,Chinook,Fall,2018,Harrison R,LWFR,CK-03,LOWER FRASER RIVER_FA_0.3,M,H,Chehalis River H,Harrison R,CK-03,LOWER FRASER RIVER_FA_0.3,Smolt 0+,185188,2019,20190619,20190619,6.63,P,N,,1,AD,57785,417,,0,0,,58202
OPS,Chehalis R,Chinook,Fall,2018,Harrison R,LWFR,CK-03,LOWER FRASER RIVER_FA_0.3,M,H,Chehalis River H,Harrison R,CK-03,LOWER FRASER RIVER_FA_0.3,Smolt 0+,185966,2019,20190619,20190619,6.63,P,N,,1,AD,29223,236,,0,0,,29459
OPS,Chehalis R,Chinook,Fall,2018,Harrison R,LWFR,CK-03,LOWER FRASER RIVER_FA_0.3,M,H,Chehalis River H,Harrison R,CK-03,LOWER FRASER RIVER_FA_0.3,Smolt 0+,185967,2019,20190612,20190612,6.63,P,N,,1,AD,12923,369,,0,0,,13292
OPS,Chehalis R,Chinook,Fall,2019,Harrison R,LWFR,CK-03,LOWER FRASER RIVER_FA_0.3,M,H,Chehalis River H,Harrison R,CK-03,LOWER FRASER RIVER_FA_0.3,Smolt 0+,NOCN1934,2020,20200525,20200525,4.52,P,N,,1,,0,0,,0,0,365653,365653
OPS,Chehalis R,Chinook,Fall,2020,Harrison R,LWFR,CK-03,LOWER FRASER RIVER_FA_0.3,M,H,Chehalis River H,Harrison R,CK-03,LOWER FRASER RIVER_FA_0.3,Smolt 0+,186822,2021,20210610,20210610,4.48,P,N,,1,AD,303861,2304,,0,0,,306165
OPS,Chehalis R,Chinook,Fall,2021,Harrison R,LWFR,CK-03,LOWER FRASER RIVER_FA_0.3,M,H,Chehalis River H,Harrison R,CK-03,LOWER FRASER RIVER_FA_0.3,Smolt 0+,186823,2022,20220606,20220606,5.24,P,N,,1,AD,295118,3558,,0,0,,298676
OPS,Chehalis R,Chinook,Fall,2022,Harrison R,LWFR,CK-03,LOWER FRASER RIVER_FA_0.3,M,H,Chehalis River H,Harrison R,CK-03,LOWER FRASER RIVER_FA_0.3,Smolt 0+,180026,2023,20230601,20230601,3.88,P,N,,1,AD,207567,3229,,0,0,,210796
OPS,Chehalis R,Chinook,Fall,2022,Harrison R,LWFR,CK-03,LOWER FRASER RIVER_FA_0.3,M,H,Chehalis River H,Harrison R,CK-03,LOWER FRASER RIVER_FA_0.3,Smolt 0+,186521,2023,20230601,20230601,3.88,P,N,,1,AD,11131,227,,0,0,,11358
OPS,Chehalis R,Chinook,Fall,2023,Harrison R,LWFR,CK-03,LOWER FRASER RIVER_FA_0.3,M,H,Chehalis River H,Harrison R,CK-03,LOWER FRASER RIVER_FA_0.3,Smolt 0+,180012,2024,20240605,20240619,5.26,P,N,,1,AD,241043,3672,,0,0,,244715
OPS,Chehalis R,Chinook,Spring,1983,Chehalis R,LWFR,,,W,H,Chehalis River H,Chehalis R,,,Smolt 1+,LV8318,1985,198505,19850514,25,B,N,EXTENDED REARED,1,,0,0,LV,2157,0,,2157
OPS,Chehalis R,Chinook,Spring,1988,Slim Cr,UPFR,CK-12,UPPER FRASER RIVER_SP_1.3,M,H,Chehalis River H,Chehalis R,,,Smolt 0+,025801,1989,19890515,19890517,7,B,Y,RED FLESH,1,AD,26630,335,,0,0,25867,52832
OPS,Chehalis R,Chinook,Spring,1988,Slim Cr,UPFR,CK-12,UPPER FRASER RIVER_SP_1.3,M,H,Chehalis River H,Chehalis R,,,Smolt 0+,025802,1989,19890515,19890517,7,B,Y,RED FLESH,1,AD,26630,334,,0,0,25868,52832
OPS,Chehalis R,Chinook,Spring,1988,Slim Cr,UPFR,CK-12,UPPER FRASER RIVER_SP_1.3,M,H,Chehalis River H,Chehalis R,,,Smolt 1+,025803,1990,19900410,19900410,41.2,B,Y,EXTENDED REARED,1,AD,25875,0,,0,0,21828,47703
OPS,Chehalis R,Chinook,Spring,2020,GU2 West RoadXNazko,UPFR,CK-10,MIDDLE FRASER RIVER_SP_1.3,W,H,Chehalis River H,West Road R,CK-10,MIDDLE FRASER RIVER_SP_1.3,Fed Fry,NOCN2023,2021,20210427,20210427,1.61,P,U,,1,,0,0,,0,0,14551,14551
OPS,Chehalis R,Chinook,Spring,2020,GU6c NevinXSwift,UPFR,CK-10,MIDDLE FRASER RIVER_SP_1.3,W,H,Chehalis River H,Nevin Cr/LWFR,,,Fed Fry,NOCN2024,2021,20210518,20210518,2.54,P,N,,1,,0,0,,0,0,920,920
OPS,Chehalis R,Chinook,Spring,2021,Horsefly R,UPFR,CK-10,MIDDLE FRASER RIVER_SP_1.3,W,H,Chehalis River H,Horsefly R,CK-10,MIDDLE FRASER RIVER_SP_1.3,Smolt 1+,187115,2023,20230412,20230412,13.68,P,N,,1,AD,22646,122,,0,0,,22768
OPS,Chehalis R,Chinook,Spring,2021,McGregor R,UPFR,CK-12,UPPER FRASER RIVER_SP_1.3,W,H,Chehalis River H,Seebach Cr,CK-12,UPPER FRASER RIVER_SP_1.3,Fed Fry,NOCN2198,2022,20220615,20220615,3.5,P,N,,1,,0,0,,0,0,24898,24898
OPS,Chehalis R,Chinook,Spring,2021,West Road R,UPFR,CK-10,MIDDLE FRASER RIVER_SP_1.3,W,H,Chehalis River H,Nazko R,CK-10,MIDDLE FRASER RIVER_SP_1.3,Smolt 1+,186176,2023,20230427,20230427,14.51,P,N,,1,AD,21113,2526,,0,0,,23639
OPS,Chehalis R,Chinook,Spring,2021,Willow R/UPFR,UPFR,CK-12,UPPER FRASER RIVER_SP_1.3,W,H,Chehalis River H,Willow R/UPFR,CK-12,UPPER FRASER RIVER_SP_1.3,Smolt 1+,181969,2023,20230424,20230424,14.5,P,N,,1,AD,22276,888,,0,0,,23164
OPS,Chehalis R,Chinook,Spring,2022,Cariboo R Up,UPFR,CK-10,MIDDLE FRASER RIVER_SP_1.3,W,H,Chehalis River H,Cariboo R Up,CK-10,MIDDLE FRASER RIVER_SP_1.3,Fed Fall,186391,2023,20230923,20230923,8.5,P,N,,1,NOMK,24898,0,,0,0,,24898
OPS,Chehalis R,Chinook,Spring,2022,Chilako R,UPFR,CK-10,MIDDLE FRASER RIVER_SP_1.3,W,H,Chehalis River H,Chilako R,CK-10,MIDDLE FRASER RIVER_SP_1.3,Smolt 1+,185908,2024,20240418,20240418,14.53,P,N,,1,NOMK,7048,115,,0,0,,7163
OPS,Chehalis R,Chinook,Spring,2022,Chilako R,UPFR,CK-10,MIDDLE FRASER RIVER_SP_1.3,W,H,Chehalis River H,Chilako R,CK-10,MIDDLE FRASER RIVER_SP_1.3,Smolt 1+,186002,2024,20240418,20240418,14.53,P,N,,1,NOMK,3205,52,,0,0,,3257
OPS,Chehalis R,Chinook,Spring,2022,Endako R,UPFR,CK-10,MIDDLE FRASER RIVER_SP_1.3,W,H,Chehalis River H,Endako R,CK-10,MIDDLE FRASER RIVER_SP_1.3,Smolt 1+,185474,2024,20240409,20240409,12.93,P,N,,1,NOMK,1514,0,,0,0,,1514
OPS,Chehalis R,Chinook,Spring,2022,West Road R,UPFR,CK-10,MIDDLE FRASER RIVER_SP_1.3,W,H,Chehalis River H,Nazko R,CK-10,MIDDLE FRASER RIVER_SP_1.3,Smolt 1+,186370,2024,20240416,20240416,12.8,P,N,,1,NOMK,9799,139,,0,0,,9938
OPS,Chehalis R,Chinook,Spring,2022,Willow R/UPFR,UPFR,CK-12,UPPER FRASER RIVER_SP_1.3,W,H,Chehalis River H,Willow R/UPFR,CK-12,UPPER FRASER RIVER_SP_1.3,Smolt 1+,186667,2024,20240411,20240411,13.58,P,N,,1,NOMK,45408,691,,0,0,,46099
OPS,Chehalis R,Chinook,Summer,1989,Hicks Cr,LWFR,CK-07,MARIA SLOUGH_SU_0.3,M,H,Chehalis River H,Hicks Cr,CK-07,MARIA SLOUGH_SU_0.3,Smolt 0+,026160,1990,19900504,19900504,2.17,P,N,STOCK REBUILDING,1,AD,4911,16,,0,0,,4927
OPS,Chehalis R,Chinook,Summer,1989,Hicks Cr,LWFR,CK-07,MARIA SLOUGH_SU_0.3,M,H,Chehalis River H,Hicks Cr,CK-07,MARIA SLOUGH_SU_0.3,Smolt 0+,026161,1990,19900504,19900504,2.17,P,N,STOCK REBUILDING,1,AD,5265,17,,0,0,,5282
OPS,Chehalis R,Chinook,Summer,1989,Hicks Cr,LWFR,CK-07,MARIA SLOUGH_SU_0.3,M,H,Chehalis River H,Hicks Cr,CK-07,MARIA SLOUGH_SU_0.3,Smolt 0+,ADLV8904,1990,19900504,19900504,2.17,B,N,GRADEOUTS,1,,0,0,ADLV,473,0,,473
OPS,Chehalis R,Chinook,Summer,1990,Chilliwack R,LWFR,CK-06,LOWER FRASER RIVER_SU_1.3,M,H,Chehalis River H,Chehalis R,CK-9006,FRASER-CROSS-CU SUPPLEMENTATION EXCLUSION,Smolt 0+,NOCN9002,1991,199105,19910510,6,B,Y,COMBO TRANSPLANT & FLESH COLOUR,1,,0,0,,0,0,193415,193415
OPS,Chehalis R,Chinook,Summer,1990,Maria Sl,LWFR,CK-07,MARIA SLOUGH_SU_0.3,M,H,Chehalis River H,Seabird Riffles,CK-12,UPPER FRASER RIVER_SP_1.3,Fed Fry,NOCN9019,1991,199104,19910425,0.6,B,N,MAINLY PINHEADS,1,,0,0,,0,0,12873,12873
OPS,Chehalis R,Chinook,Summer,1991,Chilliwack R,LWFR,CK-06,LOWER FRASER RIVER_SU_1.3,M,H,Chehalis River H,Chehalis R,CK-9006,FRASER-CROSS-CU SUPPLEMENTATION EXCLUSION,Smolt 0+,180337,1992,19920507,19920509,7.4,B,Y,RED CHILLIWACK CN,1,AD,55093,1308,,0,0,77147,133548
OPS,Chehalis R,Chinook,Summer,1992,Chilliwack R,LWFR,CK-06,LOWER FRASER RIVER_SU_1.3,M,H,Chehalis River H,Chehalis R,CK-9006,FRASER-CROSS-CU SUPPLEMENTATION EXCLUSION,Smolt 0+,NOCN9206,1993,199305,19930517,6.1,B,Y,,1,,0,0,,0,0,150834,150834
OPS,Chehalis R,Chinook,Summer,1993,Chilliwack R,LWFR,CK-06,LOWER FRASER RIVER_SU_1.3,M,H,Chehalis River H,Chehalis R,CK-9006,FRASER-CROSS-CU SUPPLEMENTATION EXCLUSION,Smolt 0+,NOCN9317,1994,199404,19940428,6.9,B,Y,COMBO CHEHALIS & CHILLIWACK SUMMERS,1,,0,0,,0,0,214735,214735
OPS,Chehalis R,Chinook,Summer,1994,Chilliwack R,LWFR,CK-06,LOWER FRASER RIVER_SU_1.3,M,H,Chehalis River H,Chehalis R,CK-9006,FRASER-CROSS-CU SUPPLEMENTATION EXCLUSION,Smolt 0+,NOCN9413,1995,19950515,19950516,9.4,P,Y,,1,,0,0,,0,0,215590,215590
OPS,Chehalis R,Chinook,Summer,1995,Chehalis R,LWFR,CK-9006,FRASER-CROSS-CU SUPPLEMENTATION EXCLUSION,M,H,Chehalis River H,Chehalis R,CK-9006,FRASER-CROSS-CU SUPPLEMENTATION EXCLUSION,Smolt 0+,NOCN9517,1996,199605,19960514,6.6,P,N,,1,,0,0,,0,0,273413,273413
OPS,Chehalis R,Chinook,Summer,1996,Chehalis R,LWFR,CK-9006,FRASER-CROSS-CU SUPPLEMENTATION EXCLUSION,M,H,Chehalis River H,Chehalis R,CK-9006,FRASER-CROSS-CU SUPPLEMENTATION EXCLUSION,Smolt 0+,NOCN96107,1997,19970509,19970515,6.5,P,N,,1,,0,0,,0,0,562941,562941
OPS,Chehalis R,Chinook,Summer,1996,Chehalis R,LWFR,CK-9006,FRASER-CROSS-CU SUPPLEMENTATION EXCLUSION,M,H,Chehalis River H,Chehalis R,CK-9006,FRASER-CROSS-CU SUPPLEMENTATION EXCLUSION,Smolt 1+,NOCN96123,1998,19980428,19980430,21.8,B,N,YEARLING RELEASE,1,,0,0,,0,0,18092,18092
OPS,Chehalis R,Chinook,Summer,1997,Chehalis R,LWFR,CK-9006,FRASER-CROSS-CU SUPPLEMENTATION EXCLUSION,M,H,Chehalis River H,Chehalis R,CK-9006,FRASER-CROSS-CU SUPPLEMENTATION EXCLUSION,Smolt 1+,NOCN97104,1999,199905,19990507,19,B,N,YEARLING RELEASE,1,,0,0,,0,0,29962,29962
OPS,Chehalis R,Chinook,Summer,1997,Chehalis R,LWFR,CK-9006,FRASER-CROSS-CU SUPPLEMENTATION EXCLUSION,M,H,Chehalis River H,Chehalis R,CK-9006,FRASER-CROSS-CU SUPPLEMENTATION EXCLUSION,Smolt 0+,NOCN9733,1998,19980511,19980513,6.7,P,N,,1,,0,0,,0,0,291337,291337
OPS,Chehalis R,Chinook,Summer,1998,Chehalis R,LWFR,CK-9006,FRASER-CROSS-CU SUPPLEMENTATION EXCLUSION,M,H,Chehalis River H,Chehalis R,CK-9006,FRASER-CROSS-CU SUPPLEMENTATION EXCLUSION,Smolt 0+,NOCN9845,1999,19990428,19990505,6.1,P,N,,1,,0,0,,0,0,660647,660647
OPS,Chehalis R,Chinook,Summer,1999,Chehalis R,LWFR,CK-9006,FRASER-CROSS-CU SUPPLEMENTATION EXCLUSION,M,H,Chehalis River H,Chehalis R,CK-9006,FRASER-CROSS-CU SUPPLEMENTATION EXCLUSION,Smolt 0+,NOCN9940,2000,20000428,20000429,5.26,P,N,,1,,0,0,,0,0,189390,189390
OPS,Chehalis R,Chinook,Summer,2000,Chehalis R,LWFR,CK-9006,FRASER-CROSS-CU SUPPLEMENTATION EXCLUSION,M,H,Chehalis River H,Chehalis R,CK-9006,FRASER-CROSS-CU SUPPLEMENTATION EXCLUSION,Smolt 0+,NOCN0038,2001,20010507,20010509,5.9,P,N,,1,,0,0,,0,0,186230,186230
OPS,Chehalis R,Chinook,Summer,2000,Chilliwack R,LWFR,CK-06,LOWER FRASER RIVER_SU_1.3,M,H,Chehalis River H,Chehalis R,CK-9006,FRASER-CROSS-CU SUPPLEMENTATION EXCLUSION,Smolt 0+,NOCN00117,2001,20010507,20010509,5.9,B,Y,CHEH. & CHILL. RETURNS BOTH ORIGINALLY UPPER FRASER STOCKS.,1,,0,0,,0,0,72670,72670
OPS,Chehalis R,Chinook,Summer,2001,Chehalis R,LWFR,CK-9006,FRASER-CROSS-CU SUPPLEMENTATION EXCLUSION,M,H,Chehalis River H,Chehalis R,CK-9006,FRASER-CROSS-CU SUPPLEMENTATION EXCLUSION,Smolt 0+,NOCN0102,2002,20020508,20020512,5.87,P,N,,1,,0,0,,0,0,389678,389678
OPS,Chehalis R,Chinook,Summer,2002,Chehalis R,LWFR,CK-9006,FRASER-CROSS-CU SUPPLEMENTATION EXCLUSION,M,H,Chehalis River H,Chehalis R,CK-9006,FRASER-CROSS-CU SUPPLEMENTATION EXCLUSION,Smolt 0+,NOCN0239,2003,20030512,20030512,6.13,P,N,,1,,0,0,,0,0,575775,575775
OPS,Chehalis R,Chinook,Summer,2003,Chehalis R,LWFR,CK-9006,FRASER-CROSS-CU SUPPLEMENTATION EXCLUSION,M,H,Chehalis River H,Chehalis R,CK-9006,FRASER-CROSS-CU SUPPLEMENTATION EXCLUSION,Smolt 0+,NOCN0365,2004,20040508,20040508,7.3,P,N,,1,,0,0,,0,0,256002,256002
OPS,Chehalis R,Chinook,Summer,2004,Chehalis R,LWFR,CK-9006,FRASER-CROSS-CU SUPPLEMENTATION EXCLUSION,M,H,Chehalis River H,Chehalis R,CK-9006,FRASER-CROSS-CU SUPPLEMENTATION EXCLUSION,Smolt 0+,NOCN0426,2005,20050414,20050506,5.28,P,N,SOME WERE FROM CHILLIWACK H.,1,,0,0,,0,0,554500,554500
OPS,Chehalis R,Chinook,Summer,2005,Chilliwack R,LWFR,CK-06,LOWER FRASER RIVER_SU_1.3,M,H,Chehalis River H,Chehalis R,CK-9006,FRASER-CROSS-CU SUPPLEMENTATION EXCLUSION,Smolt 0+,NOCN0537,2006,20060508,20060508,7.36,P,Y,,1,,0,0,,0,0,374501,374501
OPS,Chehalis R,Chinook,Summer,2006,Chilliwack R,LWFR,CK-06,LOWER FRASER RIVER_SU_1.3,M,H,Chehalis River H,Chehalis R,CK-9006,FRASER-CROSS-CU SUPPLEMENTATION EXCLUSION,Smolt 0+,NOCN0652,2007,20070511,20070511,7.4,B,Y,,1,,0,0,,0,0,219900,219900
OPS,Chehalis R,Chinook,Summer,2007,Chehalis R,LWFR,CK-9006,FRASER-CROSS-CU SUPPLEMENTATION EXCLUSION,M,H,Chehalis River H,Chehalis R,CK-9006,FRASER-CROSS-CU SUPPLEMENTATION EXCLUSION,Smolt 0+,NOCN0786,2008,20080509,20080509,5.5,P,N,,1,,0,0,,0,0,484867,484867
OPS,Chehalis R,Chinook,Summer,2008,Chehalis R,LWFR,CK-9006,FRASER-CROSS-CU SUPPLEMENTATION EXCLUSION,M,H,Chehalis River H,Chehalis R,CK-9006,FRASER-CROSS-CU SUPPLEMENTATION EXCLUSION,Smolt 0+,NOCN0816,2009,20090508,20090508,5.1,P,N,,1,,0,0,,0,0,704812,704812
OPS,Chehalis R,Chinook,Summer,2009,Chehalis R,LWFR,CK-9006,FRASER-CROSS-CU SUPPLEMENTATION EXCLUSION,M,H,Chehalis River H,Chehalis R,CK-9006,FRASER-CROSS-CU SUPPLEMENTATION EXCLUSION,Smolt 0+,NOCN0904,2010,20100509,20100509,6.38,P,N,,1,,0,0,,0,0,549441,549441
OPS,Chehalis R,Chinook,Summer,2009,Chehalis R,LWFR,CK-9006,FRASER-CROSS-CU SUPPLEMENTATION EXCLUSION,M,H,Chehalis River H,Chehalis R,CK-9006,FRASER-CROSS-CU SUPPLEMENTATION EXCLUSION,Unfed,NOCN0906,2010,20100106,20100106,,P,N,,1,,0,0,,0,0,274590,274590
OPS,Chehalis R,Chinook,Summer,2010,Chehalis R,LWFR,CK-9006,FRASER-CROSS-CU SUPPLEMENTATION EXCLUSION,H,H,Chehalis River H,Chehalis R,CK-9006,FRASER-CROSS-CU SUPPLEMENTATION EXCLUSION,Smolt 0+,NOCN1068,2011,20110509,20110509,7.29,P,N,,1,,0,0,,0,0,502370,502370
OPS,Chehalis R,Chinook,Summer,2011,Chehalis R,LWFR,CK-9006,FRASER-CROSS-CU SUPPLEMENTATION EXCLUSION,H,H,Chehalis River H,Chehalis R,CK-9006,FRASER-CROSS-CU SUPPLEMENTATION EXCLUSION,Smolt 0+,NOCN1159,2012,20120511,20120511,6.57,P,N,,1,,0,0,,0,0,123032,123032
OPS,Chehalis R,Chinook,Summer,2011,Chehalis R,LWFR,CK-9006,FRASER-CROSS-CU SUPPLEMENTATION EXCLUSION,H,H,Chehalis River H,Chehalis R,CK-9006,FRASER-CROSS-CU SUPPLEMENTATION EXCLUSION,Smolt 1+,NOCN1196,2013,20130501,20130501,17.61,B,N,,1,,0,0,,0,0,74470,74470
OPS,Chehalis R,Chinook,Summer,2012,Chehalis R,LWFR,CK-9006,FRASER-CROSS-CU SUPPLEMENTATION EXCLUSION,M,H,Chehalis River H,Chehalis R,CK-9006,FRASER-CROSS-CU SUPPLEMENTATION EXCLUSION,Smolt 0+,NOCN1264,2013,20130507,20130507,6.85,P,N,,1,,0,0,,0,0,140267,140267
OPS,Chehalis R,Chinook,Summer,2012,Chehalis R,LWFR,CK-9006,FRASER-CROSS-CU SUPPLEMENTATION EXCLUSION,M,H,Chehalis River H,Chehalis R,CK-9006,FRASER-CROSS-CU SUPPLEMENTATION EXCLUSION,Smolt 1+,NOCN1296,2014,20140426,20140501,18.9,B,N,,1,,0,0,,0,0,100000,100000
OPS,Chehalis R,Chinook,Summer,2013,Chehalis R,LWFR,CK-9006,FRASER-CROSS-CU SUPPLEMENTATION EXCLUSION,M,H,Chehalis River H,Chehalis R,CK-9006,FRASER-CROSS-CU SUPPLEMENTATION EXCLUSION,Smolt 0+,NOCN1386,2014,20140505,20140505,6.35,P,N,,1,,0,0,,0,0,132261,132261
OPS,Chehalis R,Chinook,Summer,2013,Chehalis R,LWFR,CK-9006,FRASER-CROSS-CU SUPPLEMENTATION EXCLUSION,M,H,Chehalis River H,Chehalis R,CK-9006,FRASER-CROSS-CU SUPPLEMENTATION EXCLUSION,Smolt 1+,NOCN1399,2015,20150428,20150428,19.01,P,N,,1,,0,0,,0,0,100966,100966
OPS,Chehalis R,Chinook,Summer,2014,Chehalis R,LWFR,CK-9006,FRASER-CROSS-CU SUPPLEMENTATION EXCLUSION,M,H,Chehalis River H,Chehalis R,CK-9006,FRASER-CROSS-CU SUPPLEMENTATION EXCLUSION,Smolt 0+,NOCN1437,2015,20150430,20150430,7.97,P,N,,1,,0,0,,0,0,108459,108459
OPS,Chehalis R,Chinook,Summer,2014,Chehalis R,LWFR,CK-9006,FRASER-CROSS-CU SUPPLEMENTATION EXCLUSION,M,H,Chehalis River H,Chehalis R,CK-9006,FRASER-CROSS-CU SUPPLEMENTATION EXCLUSION,Smolt 1+,NOCN1498,2016,20160428,20160428,15.99,P,N,,1,,0,0,,0,0,98808,98808
OPS,Chehalis R,Chinook,Summer,2014,Chilko R,UPFR,CK-11,MIDDLE FRASER RIVER_SU_1.3,W,H,Chehalis River H,Chilko R,CK-11,MIDDLE FRASER RIVER_SU_1.3,Smolt 1+,181792,2016,20160414,20160414,14.93,P,N,"500-2000 tagged fish (181792, 183289) escaped in Chehalis R during transport.",1,AD,30563,784,,0,0,,31347
OPS,Chehalis R,Chinook,Summer,2014,Chilko R,UPFR,CK-11,MIDDLE FRASER RIVER_SU_1.3,W,H,Chehalis River H,Chilko R,CK-11,MIDDLE FRASER RIVER_SU_1.3,Smolt 1+,183289,2016,20160414,20160414,14.93,P,N,"500-2000 tagged fish (181792, 183289) escaped in Chehalis R during transport.",1,AD,37161,292,,0,0,,37453
OPS,Chehalis R,Chinook,Summer,2015,Chehalis R,LWFR,CK-9006,FRASER-CROSS-CU SUPPLEMENTATION EXCLUSION,M,H,Chehalis River H,Chehalis R,CK-9006,FRASER-CROSS-CU SUPPLEMENTATION EXCLUSION,Smolt 0+,NOCN1548,2016,20160503,20160503,8.33,P,N,,1,,0,0,,0,0,151884,151884
OPS,Chehalis R,Chinook,Summer,2015,Chehalis R,LWFR,CK-9006,FRASER-CROSS-CU SUPPLEMENTATION EXCLUSION,M,H,Chehalis River H,Chehalis R,CK-9006,FRASER-CROSS-CU SUPPLEMENTATION EXCLUSION,Smolt 1+,NOCN1591,2017,20170423,20170426,14.67,P,N,,1,,0,0,,0,0,96822,96822
OPS,Chehalis R,Chinook,Summer,2015,Chilko R,UPFR,CK-11,MIDDLE FRASER RIVER_SU_1.3,M,H,Chehalis River H,Chilko R,CK-11,MIDDLE FRASER RIVER_SU_1.3,Smolt 1+,183969,2017,20170419,20170419,15.45,P,N,,1,AD,52501,632,,0,0,,53133
OPS,Chehalis R,Chinook,Summer,2015,Chilko R,UPFR,CK-11,MIDDLE FRASER RIVER_SU_1.3,M,H,Chehalis River H,Chilko R,CK-11,MIDDLE FRASER RIVER_SU_1.3,Smolt 1+,184178,2017,20170419,20170419,15.45,P,N,,1,AD,33340,134,,0,0,,33474
OPS,Chehalis R,Chinook,Summer,2016,Chehalis R,LWFR,CK-9006,FRASER-CROSS-CU SUPPLEMENTATION EXCLUSION,M,H,Chehalis River H,Chehalis R,CK-9006,FRASER-CROSS-CU SUPPLEMENTATION EXCLUSION,Smolt 1+,NOCN16109,2018,20180430,20180430,19.65,P,N,,1,,0,0,,0,0,104950,104950
OPS,Chehalis R,Chinook,Summer,2016,Chehalis R,LWFR,CK-9006,FRASER-CROSS-CU SUPPLEMENTATION EXCLUSION,M,H,Chehalis River H,Chehalis R,CK-9006,FRASER-CROSS-CU SUPPLEMENTATION EXCLUSION,Smolt 0+,NOCN1629,2017,20170516,20170516,5.17,P,N,,1,,0,0,,0,0,144955,144955
OPS,Chehalis R,Chinook,Summer,2016,Chilko R,UPFR,CK-11,MIDDLE FRASER RIVER_SU_1.3,M,H,Chehalis River H,Chilko R,CK-11,MIDDLE FRASER RIVER_SU_1.3,Smolt 1+,184376*2,2018,20180417,20180417,15.58,P,Y,These were Chilko fish mistakenly tagged with a Harrison chinook CWT code.,1,AD,268,0,,0,0,,268
OPS,Chehalis R,Chinook,Summer,2016,Chilko R,UPFR,CK-11,MIDDLE FRASER RIVER_SU_1.3,M,H,Chehalis River H,Chilko R,CK-11,MIDDLE FRASER RIVER_SU_1.3,Smolt 1+,184988,2018,20180417,20180417,15.58,P,N,,1,AD,29968,157,,0,0,,30125
OPS,Chehalis R,Chinook,Summer,2017,Chehalis R,LWFR,CK-9006,FRASER-CROSS-CU SUPPLEMENTATION EXCLUSION,M,H,Chehalis River H,Chehalis R,CK-9006,FRASER-CROSS-CU SUPPLEMENTATION EXCLUSION,Smolt 0+,NOCN1716,2018,20180504,20180504,6.14,P,N,,1,,0,0,,0,0,139021,139021
OPS,Chehalis R,Chinook,Summer,2017,Chilko R,UPFR,CK-11,MIDDLE FRASER RIVER_SU_1.3,M,H,Chehalis River H,Chilko R,CK-11,MIDDLE FRASER RIVER_SU_1.3,Smolt 1+,185298,2019,20190415,20190415,14.24,P,Y,,1,AD,43402,595,,0,0,,43997
OPS,Chehalis R,Chinook,Summer,2018,Chehalis R,LWFR,CK-9006,FRASER-CROSS-CU SUPPLEMENTATION EXCLUSION,M,H,Chehalis River H,Chehalis R,CK-9006,FRASER-CROSS-CU SUPPLEMENTATION EXCLUSION,Smolt 0+,NOCN1850,2019,20190530,20190530,6.45,P,N,,1,,0,0,,0,0,163561,163561
OPS,Chehalis R,Chinook,Summer,2018,Chilliwack R,LWFR,CK-06,LOWER FRASER RIVER_SU_1.3,M,H,Chehalis River H,Chehalis R,CK-9006,FRASER-CROSS-CU SUPPLEMENTATION EXCLUSION,Smolt 0+,NOCN1855,2019,201905,201905,,B,Y,No release details available at this time.,1,,0,0,,0,0,26671,26671
OPS,Chehalis R,Chinook,Summer,2019,Chehalis R,LWFR,CK-9006,FRASER-CROSS-CU SUPPLEMENTATION EXCLUSION,M,H,Chehalis River H,Chehalis R,CK-9006,FRASER-CROSS-CU SUPPLEMENTATION EXCLUSION,Smolt 0+,NOCN1932,2020,20200416,20200420,4.93,P,N,,1,,0,0,,0,0,273584,273584
OPS,Chehalis R,Chinook,Summer,2019,Maria Sl,LWFR,CK-07,MARIA SLOUGH_SU_0.3,M,H,Chehalis River H,Maria Sl,CK-07,MARIA SLOUGH_SU_0.3,Smolt 0+,NOCN1933,2020,20200511,20200511,3.88,P,N,,1,,0,0,,0,0,49919,49919
OPS,Chehalis R,Chinook,Summer,2020,Chehalis R,LWFR,CK-9006,FRASER-CROSS-CU SUPPLEMENTATION EXCLUSION,H,H,Chehalis River H,Chehalis R,CK-9006,FRASER-CROSS-CU SUPPLEMENTATION EXCLUSION,Smolt 0+,NOCN2020,2021,20210505,20210505,6.65,P,N,,1,,0,0,,0,0,306258,306258
OPS,Chehalis R,Chinook,Summer,2020,Chilko R,UPFR,CK-11,MIDDLE FRASER RIVER_SU_1.3,M,H,Chehalis River H,Chilko R,CK-11,MIDDLE FRASER RIVER_SU_1.3,Smolt 1+,186554,2022,20220413,20220413,14.35,P,N,,1,AD,57358,144,,0,0,,57502
OPS,Chehalis R,Chinook,Summer,2020,Maria Sl,LWFR,CK-07,MARIA SLOUGH_SU_0.3,M,H,Chehalis River H,Maria Sl,CK-07,MARIA SLOUGH_SU_0.3,Smolt 0+,185386,2021,20210526,20210526,2.99,P,N,,1,AD,8815,17,,0,0,,8832
OPS,Chehalis R,Chinook,Summer,2020,Maria Sl,LWFR,CK-07,MARIA SLOUGH_SU_0.3,M,H,Chehalis River H,Maria Sl,CK-07,MARIA SLOUGH_SU_0.3,Smolt 0+,186288,2021,20210526,20210526,2.17,P,N,,1,AD,9914,0,,0,0,,9914
OPS,Chehalis R,Chinook,Summer,2020,Maria Sl,LWFR,CK-07,MARIA SLOUGH_SU_0.3,M,H,Chehalis River H,Maria Sl,CK-07,MARIA SLOUGH_SU_0.3,Smolt 0+,NOCN2021,2021,20210526,20210526,2.6,P,N,,1,,0,0,,0,0,531,531
OPS,Chehalis R,Chinook,Summer,2021,Chehalis R,LWFR,CK-9006,FRASER-CROSS-CU SUPPLEMENTATION EXCLUSION,M,H,Chehalis River H,Chehalis R,CK-9006,FRASER-CROSS-CU SUPPLEMENTATION EXCLUSION,Smolt 0+,NOCN2134,2022,20220518,20220521,6.37,P,N,,1,,0,0,,0,0,305331,305331
OPS,Chehalis R,Chinook,Summer,2021,Maria Sl,LWFR,CK-07,MARIA SLOUGH_SU_0.3,M,H,Chehalis River H,Maria Sl,CK-07,MARIA SLOUGH_SU_0.3,Smolt 0+,186272,2022,20220511,20220511,,P,N,,1,AD,3280,255,,0,0,,3535
OPS,Chehalis R,Chinook,Summer,2022,Chehalis R,LWFR,CK-9006,FRASER-CROSS-CU SUPPLEMENTATION EXCLUSION,M,H,Chehalis River H,Chehalis R,CK-9006,FRASER-CROSS-CU SUPPLEMENTATION EXCLUSION,Smolt 0+,NOCN2282,2023,20230511,20230511,6.43,P,N,,1,,0,0,,0,0,290450,290450
OPS,Chehalis R,Chinook,Summer,2023,Chehalis R,LWFR,CK-9006,FRASER-CROSS-CU SUPPLEMENTATION EXCLUSION,M,H,Chehalis River H,Chehalis R,CK-9006,FRASER-CROSS-CU SUPPLEMENTATION EXCLUSION,Smolt 0+,NOCN2370,2024,20240508,20240510,7.46,P,N,,1,,0,0,,0,0,215628,215628
OPS,Chehalis R,Chinook,Summer,2023,Maria Sl,LWFR,CK-07,MARIA SLOUGH_SU_0.3,M,H,Chehalis River H,Maria Sl,CK-07,MARIA SLOUGH_SU_0.3,Smolt 0+,186912,2024,20240516,20240516,4.1,E,N,,1,AD,4420,90,,0,0,,4510
OPS,Chilliwack R,Chinook,Fall,1981,Harrison R,LWFR,CK-03,LOWER FRASER RIVER_FA_0.3,W,H,Chilliwack River H,Chilliwack R,CK-9008,FRASER-HARRISON FALL TRANSPLANT_FA_0.3,Smolt 0+,022163,1982,198206,19820602,5.4,B,Y,,1,AD,74018,1280,,0,0,281090,356388
OPS,Chilliwack R,Chinook,Fall,1982,Harrison R,LWFR,CK-03,LOWER FRASER RIVER_FA_0.3,W,H,Chilliwack River H,Chilliwack R,CK-9008,FRASER-HARRISON FALL TRANSPLANT_FA_0.3,Smolt 0+,022422,1983,19830603,19830604,6.9,B,Y,,1,AD,73504,904,,0,0,1046321,1120729
OPS,Chilliwack R,Chinook,Fall,1983,Harrison R,LWFR,CK-03,LOWER FRASER RIVER_FA_0.3,M,H,Chilliwack River H,Chilliwack R,CK-9008,FRASER-HARRISON FALL TRANSPLANT_FA_0.3,Smolt 0+,022658,1984,19840531,19840601,6.1,B,Y,,1,AD,26088,475,,0,0,323310,349873
OPS,Chilliwack R,Chinook,Fall,1983,Harrison R,LWFR,CK-03,LOWER FRASER RIVER_FA_0.3,M,H,Chilliwack River H,Chilliwack R,CK-9008,FRASER-HARRISON FALL TRANSPLANT_FA_0.3,Smolt 0+,022659,1984,19840531,19840601,6.1,B,Y,,1,AD,24015,415,,0,0,297349,321779
OPS,Chilliwack R,Chinook,Fall,1983,Harrison R,LWFR,CK-03,LOWER FRASER RIVER_FA_0.3,M,H,Chilliwack River H,Chilliwack R,CK-9008,FRASER-HARRISON FALL TRANSPLANT_FA_0.3,Smolt 0+,022660,1984,19840531,19840601,6.1,B,Y,,1,AD,26829,219,,0,0,329214,356262
OPS,Chilliwack R,Chinook,Fall,1984,Chilliwack R,LWFR,CK-9008,FRASER-HARRISON FALL TRANSPLANT_FA_0.3,M,H,Chilliwack River H,Chilliwack R,CK-9008,FRASER-HARRISON FALL TRANSPLANT_FA_0.3,Smolt 0+,023414,1985,19850616,19850617,6.8,B,N,TIME OF RELEASE - LATE. FALL WHITES. SEE 023415-023419.,1,AD,14266,1069,,0,0,148713,164048
OPS,Chilliwack R,Chinook,Fall,1984,Chilliwack R,LWFR,CK-9008,FRASER-HARRISON FALL TRANSPLANT_FA_0.3,M,H,Chilliwack River H,Chilliwack R,CK-9008,FRASER-HARRISON FALL TRANSPLANT_FA_0.3,Smolt 0+,023415,1985,19850606,19850607,5.6,B,N,TIME OF RELEASE - NORMAL. FALL-WHITES. SEE 023414-023419.,1,AD,14892,228,,0,0,147001,162121
OPS,Chilliwack R,Chinook,Fall,1984,Chilliwack R,LWFR,CK-9008,FRASER-HARRISON FALL TRANSPLANT_FA_0.3,M,H,Chilliwack River H,Chilliwack R,CK-9008,FRASER-HARRISON FALL TRANSPLANT_FA_0.3,Smolt 0+,023416,1985,19850616,19850617,6.8,B,N,TIME OF RELEASE - LATE. FALL WHITES. SEE 023414-023419.,1,AD,14100,1069,,0,0,146982,162151
OPS,Chilliwack R,Chinook,Fall,1984,Chilliwack R,LWFR,CK-9008,FRASER-HARRISON FALL TRANSPLANT_FA_0.3,M,H,Chilliwack River H,Chilliwack R,CK-9008,FRASER-HARRISON FALL TRANSPLANT_FA_0.3,Smolt 0+,023417,1985,19850616,19850617,6.8,B,N,TIME OF RELEASE - LATE. FALL WHITES. SEE 023414-023419.,1,AD,14233,1069,,0,0,148368,163670
OPS,Chilliwack R,Chinook,Fall,1984,Chilliwack R,LWFR,CK-9008,FRASER-HARRISON FALL TRANSPLANT_FA_0.3,M,H,Chilliwack River H,Chilliwack R,CK-9008,FRASER-HARRISON FALL TRANSPLANT_FA_0.3,Smolt 0+,023418,1985,19850606,19850607,5.6,B,N,TIME OF RELEASE - NORMAL.  FALL WHITES. SEE 023414-023419.,1,AD,15100,228,,0,0,149055,164383
OPS,Chilliwack R,Chinook,Fall,1984,Chilliwack R,LWFR,CK-9008,FRASER-HARRISON FALL TRANSPLANT_FA_0.3,M,H,Chilliwack River H,Chilliwack R,CK-9008,FRASER-HARRISON FALL TRANSPLANT_FA_0.3,Smolt 0+,023419,1985,19850606,19850607,5.6,B,N,TIME OF RELEASE - NORMAL.  FALL WHITES. SEE 023414-023419.,1,AD,14883,227,,0,0,146912,162022
OPS,Chilliwack R,Chinook,Fall,1985,Chilliwack R,LWFR,CK-9008,FRASER-HARRISON FALL TRANSPLANT_FA_0.3,M,H,Chilliwack River H,Chilliwack R,CK-9008,FRASER-HARRISON FALL TRANSPLANT_FA_0.3,Smolt 0+,024101,1986,198606,19860610,5.8,P,N,,1,AD,36303,300,,0,0,86290,122893
OPS,Chilliwack R,Chinook,Fall,1985,Chilliwack R,LWFR,CK-9008,FRASER-HARRISON FALL TRANSPLANT_FA_0.3,M,H,Chilliwack River H,Chilliwack R,CK-9008,FRASER-HARRISON FALL TRANSPLANT_FA_0.3,Fed Fry,NOCN8501,1986,198606,19860610,2.9,B,N,DOWNGRADES,1,,0,0,,0,0,36951,36951
OPS,Chilliwack R,Chinook,Fall,1986,Chilliwack R,LWFR,CK-9008,FRASER-HARRISON FALL TRANSPLANT_FA_0.3,M,H,Chilliwack River H,Chilliwack R,CK-9008,FRASER-HARRISON FALL TRANSPLANT_FA_0.3,Smolt 0+,024547,1987,19870517,19870525,5.2,P,N,,1,AD,13629,95,,0,0,129493,143217
OPS,Chilliwack R,Chinook,Fall,1987,Chilliwack R,LWFR,CK-9008,FRASER-HARRISON FALL TRANSPLANT_FA_0.3,M,H,Chilliwack River H,Chilliwack R,CK-9008,FRASER-HARRISON FALL TRANSPLANT_FA_0.3,Smolt 0+,025542,1988,19880524,19880607,4.2,P,N,LOWER FRASER STOCK-FALL WHITES. INTERNAL REPLICATE.,1,AD,49911,180,,0,0,564676,614767
OPS,Chilliwack R,Chinook,Fall,1988,Chilliwack R,LWFR,CK-9008,FRASER-HARRISON FALL TRANSPLANT_FA_0.3,M,H,Chilliwack River H,Chilliwack R,CK-9008,FRASER-HARRISON FALL TRANSPLANT_FA_0.3,Smolt 0+,025747,1989,19890524,19890601,5.9,P,N,,1,AD,25845,247,,0,0,296864,322956
OPS,Chilliwack R,Chinook,Fall,1988,Chilliwack R,LWFR,CK-9008,FRASER-HARRISON FALL TRANSPLANT_FA_0.3,M,H,Chilliwack River H,Chilliwack R,CK-9008,FRASER-HARRISON FALL TRANSPLANT_FA_0.3,Smolt 0+,025748,1989,19890524,19890601,5.9,P,N,,1,AD,24761,283,,0,0,284413,309457
OPS,Chilliwack R,Chinook,Fall,1989,Chilliwack R,LWFR,CK-9008,FRASER-HARRISON FALL TRANSPLANT_FA_0.3,M,H,Chilliwack River H,Chilliwack R,CK-9008,FRASER-HARRISON FALL TRANSPLANT_FA_0.3,Smolt 0+,020242,1990,19900514,19900523,5.3,P,N,COMBINE W/ 020243. PROGENY OF HARRISON TRANSPLANT.,1,AD,23590,223,,0,0,208968,232781
OPS,Chilliwack R,Chinook,Fall,1989,Chilliwack R,LWFR,CK-9008,FRASER-HARRISON FALL TRANSPLANT_FA_0.3,M,H,Chilliwack River H,Chilliwack R,CK-9008,FRASER-HARRISON FALL TRANSPLANT_FA_0.3,Smolt 0+,020243,1990,19900514,19900523,5.3,P,N,COMBINE W/ 020242. PROGENY OF HARRISON TRANSPLANT.,1,AD,23589,223,,0,0,208960,232772
OPS,Chilliwack R,Chinook,Fall,1990,Chilliwack R,LWFR,CK-9008,FRASER-HARRISON FALL TRANSPLANT_FA_0.3,M,H,Chilliwack River H,Chilliwack R,CK-9008,FRASER-HARRISON FALL TRANSPLANT_FA_0.3,Smolt 0+,180330,1991,199105,19910527,5.2,P,N,FALL WHITES- CHILLIWACK/HARRISON,1,AD,48833,3328,,0,0,479571,531732
OPS,Chilliwack R,Chinook,Fall,1991,Chilliwack R,LWFR,CK-9008,FRASER-HARRISON FALL TRANSPLANT_FA_0.3,M,H,Chilliwack River H,Chilliwack R,CK-9008,FRASER-HARRISON FALL TRANSPLANT_FA_0.3,Smolt 0+,180332,1992,19920504,19920525,6.4,P,N,COMBINE WITH 180334. RELEASE WT RANGED FROM 4.3G ON MAY4 TO 6.4 G ON MAY 25,1,AD,47598,1154,,0,0,502229,550981
OPS,Chilliwack R,Chinook,Fall,1991,Chilliwack R,LWFR,CK-9008,FRASER-HARRISON FALL TRANSPLANT_FA_0.3,M,H,Chilliwack River H,Chilliwack R,CK-9008,FRASER-HARRISON FALL TRANSPLANT_FA_0.3,Smolt 0+,180334,1992,19920504,19920525,6,P,N,COMBINE WITH 180332,1,AD,16483,244,,0,0,534144,550871
OPS,Chilliwack R,Chinook,Fall,1992,Chilliwack R,LWFR,CK-9008,FRASER-HARRISON FALL TRANSPLANT_FA_0.3,M,H,Chilliwack River H,Chilliwack R,CK-9008,FRASER-HARRISON FALL TRANSPLANT_FA_0.3,Smolt 0+,181211,1993,19930514,19930520,5.5,P,N,TIME OF RELEASE-EARLY PRODUCTION.,1,AD,49419,328,,0,0,573120,622867
OPS,Chilliwack R,Chinook,Fall,1992,Chilliwack R,LWFR,CK-9008,FRASER-HARRISON FALL TRANSPLANT_FA_0.3,M,H,Chilliwack River H,Chilliwack R,CK-9008,FRASER-HARRISON FALL TRANSPLANT_FA_0.3,Smolt 0+,181212,1993,19930527,19930531,5.7,P,N,TIME OF RELEASE-LATE PRODUCTION.,1,AD,48230,444,,0,0,1229837,1278511
OPS,Chilliwack R,Chinook,Fall,1992,Chilliwack R,LWFR,CK-9008,FRASER-HARRISON FALL TRANSPLANT_FA_0.3,M,H,Chilliwack River H,Chilliwack R,CK-9008,FRASER-HARRISON FALL TRANSPLANT_FA_0.3,Unfed,NOCN9210,1993,199302,19930203,0.3,B,N,EXCESS,1,,0,0,,0,0,123889,123889
OPS,Chilliwack R,Chinook,Fall,1993,Chilliwack R,LWFR,CK-9008,FRASER-HARRISON FALL TRANSPLANT_FA_0.3,M,H,Chilliwack River H,Chilliwack R,CK-9008,FRASER-HARRISON FALL TRANSPLANT_FA_0.3,Smolt 0+,181420,1994,19940513,19940527,5,P,N,PRODUCTION EARLY RELEASE,1,AD,48434,1324,,0,0,402742,452500
OPS,Chilliwack R,Chinook,Fall,1993,Chilliwack R,LWFR,CK-9008,FRASER-HARRISON FALL TRANSPLANT_FA_0.3,M,H,Chilliwack River H,Chilliwack R,CK-9008,FRASER-HARRISON FALL TRANSPLANT_FA_0.3,Smolt 0+,181421,1994,19940530,19940606,6.3,P,N,PRODUCTION LATE RELEASE,1,AD,48993,790,,0,0,1382493,1432276
OPS,Chilliwack R,Chinook,Fall,1994,Chilliwack R,LWFR,CK-9008,FRASER-HARRISON FALL TRANSPLANT_FA_0.3,M,H,Chilliwack River H,Chilliwack R,CK-9008,FRASER-HARRISON FALL TRANSPLANT_FA_0.3,Smolt 0+,180211,1995,19950515,19950528,6,P,N,"TIME OF RELEASE- EARLY. SEE 181223, 12 & 24. OLD WIRE.",1,AD,23969,567,,0,0,479711,504247
OPS,Chilliwack R,Chinook,Fall,1994,Chilliwack R,LWFR,CK-9008,FRASER-HARRISON FALL TRANSPLANT_FA_0.3,M,H,Chilliwack River H,Chilliwack R,CK-9008,FRASER-HARRISON FALL TRANSPLANT_FA_0.3,Smolt 0+,180212,1995,19950531,19950607,5.8,P,N,TIME OF RELEASE- LATE. SEE 180211 & 182123-24. OLD WIRE.,1,AD,24677,151,,0,0,283603,308431
OPS,Chilliwack R,Chinook,Fall,1994,Chilliwack R,LWFR,CK-9008,FRASER-HARRISON FALL TRANSPLANT_FA_0.3,M,H,Chilliwack River H,Chilliwack R,CK-9008,FRASER-HARRISON FALL TRANSPLANT_FA_0.3,Smolt 0+,182123,1995,19950515,19950528,6,P,N,TIME OF RELEASE-EARLY. SEE 180211-12; 182124. NEW WIRE,1,AD,23660,397,,0,0,470329,494386
OPS,Chilliwack R,Chinook,Fall,1994,Chilliwack R,LWFR,CK-9008,FRASER-HARRISON FALL TRANSPLANT_FA_0.3,M,H,Chilliwack River H,Chilliwack R,CK-9008,FRASER-HARRISON FALL TRANSPLANT_FA_0.3,Smolt 0+,182124,1995,19950531,19950607,5.8,P,N,TIME OF RELEASE- LATE. SEE 180211-12 & 182123. NEW WIRE.,1,AD,24501,160,,0,0,281685,306346
OPS,Chilliwack R,Chinook,Fall,1994,Chilliwack R,LWFR,CK-9008,FRASER-HARRISON FALL TRANSPLANT_FA_0.3,M,H,Chilliwack River H,Stave R,CK-9006,FRASER-CROSS-CU SUPPLEMENTATION EXCLUSION,Smolt 0+,180213,1995,19950509,19950529,3.8,B,Y,SEE 182125. OLD WIRE,1,AD,24930,175,,0,0,74541,99646
OPS,Chilliwack R,Chinook,Fall,1994,Chilliwack R,LWFR,CK-9008,FRASER-HARRISON FALL TRANSPLANT_FA_0.3,M,H,Chilliwack River H,Stave R,CK-9006,FRASER-CROSS-CU SUPPLEMENTATION EXCLUSION,Smolt 0+,182125,1995,19950509,19950529,3.8,B,Y,SEE 180213. NEW WIRE.,1,AD,24708,379,,0,0,74490,99577
OPS,Chilliwack R,Chinook,Fall,1995,Chilliwack R,LWFR,CK-9008,FRASER-HARRISON FALL TRANSPLANT_FA_0.3,M,H,Chilliwack River H,Chilliwack R,CK-9008,FRASER-HARRISON FALL TRANSPLANT_FA_0.3,Smolt 0+,182261,1996,19960529,19960530,6,P,N,SEE ALSO 182262.,1,AD,49252,502,,0,0,372394,422148
OPS,Chilliwack R,Chinook,Fall,1995,Chilliwack R,LWFR,CK-9008,FRASER-HARRISON FALL TRANSPLANT_FA_0.3,M,H,Chilliwack River H,Chilliwack R,CK-9008,FRASER-HARRISON FALL TRANSPLANT_FA_0.3,Smolt 0+,182262,1996,19960531,19960607,5.2,P,N,SEE ALSO 182261.,1,AD,49768,0,,0,0,341173,390941
OPS,Chilliwack R,Chinook,Fall,1996,Chilliwack R,LWFR,CK-9008,FRASER-HARRISON FALL TRANSPLANT_FA_0.3,M,H,Chilliwack River H,Chilliwack R,CK-9008,FRASER-HARRISON FALL TRANSPLANT_FA_0.3,Smolt 0+,182856,1997,19970528,19970610,5.8,P,N,TIME OF RELEASE- LATE. SEE 182857- EARLY,1,AD,41158,8700,,0,0,655939,705797
OPS,Chilliwack R,Chinook,Fall,1996,Chilliwack R,LWFR,CK-9008,FRASER-HARRISON FALL TRANSPLANT_FA_0.3,M,H,Chilliwack River H,Chilliwack R,CK-9008,FRASER-HARRISON FALL TRANSPLANT_FA_0.3,Smolt 0+,182857,1997,19970526,19970602,4.9,P,N,TIME OF RELEASE- EARLY. SEE 182856- LATE,1,AD,41252,8720,,0,0,1149863,1199835
OPS,Chilliwack R,Chinook,Fall,1996,Chilliwack R,LWFR,CK-9008,FRASER-HARRISON FALL TRANSPLANT_FA_0.3,M,H,Chilliwack River H,Stave R,CK-9006,FRASER-CROSS-CU SUPPLEMENTATION EXCLUSION,Smolt 0+,182858,1997,19970508,19970604,3.2,B,Y,STAVE RELEASE,1,AD,46690,3499,,0,0,100000,150189
OPS,Chilliwack R,Chinook,Fall,1997,Chilliwack R,LWFR,CK-9008,FRASER-HARRISON FALL TRANSPLANT_FA_0.3,M,H,Chilliwack River H,Chilliwack R,CK-9008,FRASER-HARRISON FALL TRANSPLANT_FA_0.3,Smolt 0+,183353,1998,19980522,19980526,5.7,P,N,FED MOORE CLARK DRY. SEE 183354 (CMP DIET),1,AD,47694,2247,,0,0,587060,637001
OPS,Chilliwack R,Chinook,Fall,1997,Chilliwack R,LWFR,CK-9008,FRASER-HARRISON FALL TRANSPLANT_FA_0.3,M,H,Chilliwack River H,Chilliwack R,CK-9008,FRASER-HARRISON FALL TRANSPLANT_FA_0.3,Smolt 0+,183354,1998,19980522,19980526,4.6,P,N,FED CMP. SEE 183353 (DRY DIET),1,AD,47385,2233,,0,0,1234843,1284461
OPS,Chilliwack R,Chinook,Fall,1998,Chilliwack R,LWFR,CK-9008,FRASER-HARRISON FALL TRANSPLANT_FA_0.3,M,H,Chilliwack River H,Chilliwack R,CK-9008,FRASER-HARRISON FALL TRANSPLANT_FA_0.3,Smolt 0+,184046,1999,19990524,19990528,5.6,P,N,DI- ADCWT. SEE 184048 (ADCWT) & 184047 &184049 (CWTONLY),1,AD,48610,690,,0,0,411681,460981
OPS,Chilliwack R,Chinook,Fall,1998,Chilliwack R,LWFR,CK-9008,FRASER-HARRISON FALL TRANSPLANT_FA_0.3,M,H,Chilliwack River H,Chilliwack R,CK-9008,FRASER-HARRISON FALL TRANSPLANT_FA_0.3,Smolt 0+,184047,1999,19990524,19990528,5.7,P,N,DI- CWTONLY. SEE 184049 (CWTONLY) & 184046 & 184048 (ADCWT),1,NOMK,49287,447,,0,0,411681,461415
OPS,Chilliwack R,Chinook,Fall,1998,Chilliwack R,LWFR,CK-9008,FRASER-HARRISON FALL TRANSPLANT_FA_0.3,M,H,Chilliwack River H,Chilliwack R,CK-9008,FRASER-HARRISON FALL TRANSPLANT_FA_0.3,Smolt 0+,184048,1999,19990524,19990528,5.7,P,N,DI- ADCWT. SEE 184046 (ADCWT) & 184047 & 184049 (CWTONLY),1,AD,49485,703,,0,0,392488,442676
OPS,Chilliwack R,Chinook,Fall,1998,Chilliwack R,LWFR,CK-9008,FRASER-HARRISON FALL TRANSPLANT_FA_0.3,M,H,Chilliwack River H,Chilliwack R,CK-9008,FRASER-HARRISON FALL TRANSPLANT_FA_0.3,Smolt 0+,184049,1999,19990524,19990528,5.1,P,N,DI- CWT ONLY. SEE 184047 (CWTONLY) & 184046 & 184048 (ADCWT),1,NOMK,49639,450,,0,0,392490,442579
OPS,Chilliwack R,Chinook,Fall,1999,Chilliwack R,LWFR,CK-9008,FRASER-HARRISON FALL TRANSPLANT_FA_0.3,M,H,Chilliwack River H,Chilliwack R,CK-9008,FRASER-HARRISON FALL TRANSPLANT_FA_0.3,Smolt 0+,184123,2000,20000523,20000529,6.2,P,N,CWT ONLY. SEE 184125/27/29. COMPARE TO ADCWT 184124/26/28/30.THERMAL MASS MARK,1,NOMK,24030,947,,0,0,129716,154693
OPS,Chilliwack R,Chinook,Fall,1999,Chilliwack R,LWFR,CK-9008,FRASER-HARRISON FALL TRANSPLANT_FA_0.3,M,H,Chilliwack River H,Chilliwack R,CK-9008,FRASER-HARRISON FALL TRANSPLANT_FA_0.3,Smolt 0+,184124,2000,20000523,20000529,6.2,P,N,ADCWT. SEE 184126/28/30. COMPARE TO CWT ONLY 184123/25/27/29.THERMAL MASS MARK,1,AD,24469,433,,0,0,129716,154618
OPS,Chilliwack R,Chinook,Fall,1999,Chilliwack R,LWFR,CK-9008,FRASER-HARRISON FALL TRANSPLANT_FA_0.3,M,H,Chilliwack River H,Chilliwack R,CK-9008,FRASER-HARRISON FALL TRANSPLANT_FA_0.3,Smolt 0+,184125,2000,20000523,20000529,6.2,P,N,CWT ONLY. SEE 184123/27/29. COMPARE TO ADCWT 184124/26/28/30.THERMAL MASS MARK,1,NOMK,24000,945,,0,0,129716,154661
OPS,Chilliwack R,Chinook,Fall,1999,Chilliwack R,LWFR,CK-9008,FRASER-HARRISON FALL TRANSPLANT_FA_0.3,M,H,Chilliwack River H,Chilliwack R,CK-9008,FRASER-HARRISON FALL TRANSPLANT_FA_0.3,Smolt 0+,184126,2000,20000523,20000529,6.2,P,N,ADCWT. SEE 184124/28/30. COMPARE TO CWT ONLY 184123/25/27/29.THERMAL MASS MARK,1,AD,24464,433,,0,0,129716,154613
OPS,Chilliwack R,Chinook,Fall,1999,Chilliwack R,LWFR,CK-9008,FRASER-HARRISON FALL TRANSPLANT_FA_0.3,M,H,Chilliwack River H,Chilliwack R,CK-9008,FRASER-HARRISON FALL TRANSPLANT_FA_0.3,Smolt 0+,184127,2000,20000523,20000529,6.2,P,N,CWT ONLY. SEE 184123/25/29. COMPARE TO ADCWT 184124/26/28/30.THERMAL MASS MARK,1,NOMK,24025,946,,0,0,127097,152068
OPS,Chilliwack R,Chinook,Fall,1999,Chilliwack R,LWFR,CK-9008,FRASER-HARRISON FALL TRANSPLANT_FA_0.3,M,H,Chilliwack River H,Chilliwack R,CK-9008,FRASER-HARRISON FALL TRANSPLANT_FA_0.3,Smolt 0+,184128,2000,20000523,20000529,6.2,P,N,ADCWT. SEE 184124/26/30. COMPARE TO CWT ONLY 184123/25/27/29.THERMAL MASS MARK,1,AD,24501,434,,0,0,127098,152033
OPS,Chilliwack R,Chinook,Fall,1999,Chilliwack R,LWFR,CK-9008,FRASER-HARRISON FALL TRANSPLANT_FA_0.3,M,H,Chilliwack River H,Chilliwack R,CK-9008,FRASER-HARRISON FALL TRANSPLANT_FA_0.3,Smolt 0+,184129,2000,20000523,20000529,6.2,P,N,CWT ONLY. SEE 184123/25/27. COMPARE TO ADCWT 184124/26/28/30.THERMAL MASS MARK,1,NOMK,24138,951,,0,0,127098,152187
OPS,Chilliwack R,Chinook,Fall,1999,Chilliwack R,LWFR,CK-9008,FRASER-HARRISON FALL TRANSPLANT_FA_0.3,M,H,Chilliwack River H,Chilliwack R,CK-9008,FRASER-HARRISON FALL TRANSPLANT_FA_0.3,Smolt 0+,184130,2000,20000523,20000529,6.2,P,N,ADCWT. SEE 184124/26/28. COMPARE TO CWT ONLY 184123/25/27/29.THERMAL MASS MARK,1,AD,24469,433,,0,0,127098,152000
OPS,Chilliwack R,Chinook,Fall,2000,Chill+Harrison R,LWFR,CK-9008,FRASER-HARRISON FALL TRANSPLANT_FA_0.3,M,H,Chilliwack River H,Chilliwack R,CK-9008,FRASER-HARRISON FALL TRANSPLANT_FA_0.3,Smolt 0+,184609,2001,20010522,20010522,5,P,N,"DBL-IND; CWTONLY.  ALSO 184610/12/14/16 ADCWT, 11/13/15 CWTONLY. THERMAL MARKS",1,NOMK,24832,172,,0,0,52988,77992
OPS,Chilliwack R,Chinook,Fall,2000,Chill+Harrison R,LWFR,CK-9008,FRASER-HARRISON FALL TRANSPLANT_FA_0.3,M,H,Chilliwack River H,Chilliwack R,CK-9008,FRASER-HARRISON FALL TRANSPLANT_FA_0.3,Smolt 0+,184610,2001,20010522,20010522,5,P,N,"DBL-IND; ADCWT. ALSO 184609/11/13/15 CWTONLY, 12/14/16 ADCWT. THERMAL MARKS",1,AD,24925,62,,0,0,52988,77975
OPS,Chilliwack R,Chinook,Fall,2000,Chill+Harrison R,LWFR,CK-9008,FRASER-HARRISON FALL TRANSPLANT_FA_0.3,M,H,Chilliwack River H,Chilliwack R,CK-9008,FRASER-HARRISON FALL TRANSPLANT_FA_0.3,Smolt 0+,184611,2001,20010522,20010522,5,P,N,"DBL-IND; CWTONLY. ALSO 184609/13/15 CWTONLY, 10/12/14/16 AD. THERMAL MARKS",1,NOMK,24954,173,,0,0,52989,78116
OPS,Chilliwack R,Chinook,Fall,2000,Chill+Harrison R,LWFR,CK-9008,FRASER-HARRISON FALL TRANSPLANT_FA_0.3,M,H,Chilliwack River H,Chilliwack R,CK-9008,FRASER-HARRISON FALL TRANSPLANT_FA_0.3,Smolt 0+,184612,2001,20010522,20010522,5,P,N,"DBL-IND; ADCWT. ALSO 184610/14/16 ADCWT, 09/11/13/15 CWTONLY. THERMAL MARKS",1,AD,24955,62,,0,0,52988,78005
OPS,Chilliwack R,Chinook,Fall,2000,Chill+Harrison R,LWFR,CK-9008,FRASER-HARRISON FALL TRANSPLANT_FA_0.3,M,H,Chilliwack River H,Chilliwack R,CK-9008,FRASER-HARRISON FALL TRANSPLANT_FA_0.3,Smolt 0+,184613,2001,20010522,20010522,5,P,N,"DBL-IND; CWTONLY. ALSO 184609/11/15 CWTONLY, 10/12/14/16 ADCWT. THERMAL MARKS",1,NOMK,25388,176,,0,0,52988,78552
OPS,Chilliwack R,Chinook,Fall,2000,Chill+Harrison R,LWFR,CK-9008,FRASER-HARRISON FALL TRANSPLANT_FA_0.3,M,H,Chilliwack River H,Chilliwack R,CK-9008,FRASER-HARRISON FALL TRANSPLANT_FA_0.3,Smolt 0+,184614,2001,20010522,20010522,5,P,N,"DBL-IND; ADCWT. ALSO 184610/12/16 ADCWT, 09/11/13/15 CWTONLY. THERMAL MARKS",1,AD,24954,62,,0,0,52989,78005
OPS,Chilliwack R,Chinook,Fall,2000,Chill+Harrison R,LWFR,CK-9008,FRASER-HARRISON FALL TRANSPLANT_FA_0.3,M,H,Chilliwack River H,Chilliwack R,CK-9008,FRASER-HARRISON FALL TRANSPLANT_FA_0.3,Smolt 0+,184615,2001,20010522,20010522,5,P,N,"DBL-IND; CWTONLY. ALSO 184609/11/13 CWTONLY, 10/12/14/16 ADCWT. THERMAL MARKS",1,NOMK,24882,173,,0,0,52989,78044
OPS,Chilliwack R,Chinook,Fall,2000,Chill+Harrison R,LWFR,CK-9008,FRASER-HARRISON FALL TRANSPLANT_FA_0.3,M,H,Chilliwack River H,Chilliwack R,CK-9008,FRASER-HARRISON FALL TRANSPLANT_FA_0.3,Smolt 0+,184616,2001,20010522,20010522,5,P,N,"DBL-IND; ADCWT. ALSO 184610/12/14 ADCWT, 09/11/13/15 CWTONLY. THERMAL MARKS",1,AD,24932,62,,0,0,52989,77983
OPS,Chilliwack R,Chinook,Fall,2001,Chilliwack R,LWFR,CK-9008,FRASER-HARRISON FALL TRANSPLANT_FA_0.3,M,H,Chilliwack River H,Chilliwack R,CK-9008,FRASER-HARRISON FALL TRANSPLANT_FA_0.3,Smolt 0+,184913,2002,20020521,20020529,5.5,P,N,"D.I., CWTONLY; SEE 184915 (CWTONLY) & 184914 & 16 (ADCWT)",1,NOMK,48787,1149,,0,0,276169,326105
OPS,Chilliwack R,Chinook,Fall,2001,Chilliwack R,LWFR,CK-9008,FRASER-HARRISON FALL TRANSPLANT_FA_0.3,M,H,Chilliwack River H,Chilliwack R,CK-9008,FRASER-HARRISON FALL TRANSPLANT_FA_0.3,Smolt 0+,184914,2002,20020521,20020529,5.5,P,N,"D.I., ADCWT; SEE 184916 (ADCWT) & 184913 & 15 (CWTONLY)",1,AD,49911,0,,0,0,276030,325941
OPS,Chilliwack R,Chinook,Fall,2001,Chilliwack R,LWFR,CK-9008,FRASER-HARRISON FALL TRANSPLANT_FA_0.3,M,H,Chilliwack River H,Chilliwack R,CK-9008,FRASER-HARRISON FALL TRANSPLANT_FA_0.3,Smolt 0+,184915,2002,20020527,20020531,5.2,P,N,"D.I., CWTONLY; SEE 184913 (CWTONLY) & 181914 & 16 (ADCWT)",1,NOMK,48440,989,,0,0,241602,291031
OPS,Chilliwack R,Chinook,Fall,2001,Chilliwack R,LWFR,CK-9008,FRASER-HARRISON FALL TRANSPLANT_FA_0.3,M,H,Chilliwack River H,Chilliwack R,CK-9008,FRASER-HARRISON FALL TRANSPLANT_FA_0.3,Smolt 0+,184916,2002,20020527,20020531,5.2,P,N,"D.I., ADCWT; SEE 184914 (ADCWT) & 184913 & 15 (CWTONLY)",1,AD,49260,0,,0,0,240776,290036
OPS,Chilliwack R,Chinook,Fall,2002,Chilliwack R,LWFR,CK-9008,FRASER-HARRISON FALL TRANSPLANT_FA_0.3,M,H,Chilliwack River H,Chilliwack R,CK-9008,FRASER-HARRISON FALL TRANSPLANT_FA_0.3,Smolt 0+,185533,2003,20030514,20030526,5.62,P,N,"DI; ADCWT. SEE ALSO 185535 & COMP TO 185534, 36 (CWTONLY)",1,AD,50061,0,,0,0,349806,399867
OPS,Chilliwack R,Chinook,Fall,2002,Chilliwack R,LWFR,CK-9008,FRASER-HARRISON FALL TRANSPLANT_FA_0.3,M,H,Chilliwack River H,Chilliwack R,CK-9008,FRASER-HARRISON FALL TRANSPLANT_FA_0.3,Smolt 0+,185534,2003,20030514,20030526,5.62,P,N,"DI; CWTONLY. SEE ALSO 185536 & COMP TO 185533, 35 (ADCWT)",1,NOMK,49882,0,,0,0,348555,398437
OPS,Chilliwack R,Chinook,Fall,2002,Chilliwack R,LWFR,CK-9008,FRASER-HARRISON FALL TRANSPLANT_FA_0.3,M,H,Chilliwack River H,Chilliwack R,CK-9008,FRASER-HARRISON FALL TRANSPLANT_FA_0.3,Smolt 0+,185535,2003,20030516,20030526,5,P,N,"DI; ADCWT. SEE ALSO 185533 & COMP TO 185534, 36 (CWTONLY)",1,AD,49975,0,,0,0,317570,367545
OPS,Chilliwack R,Chinook,Fall,2002,Chilliwack R,LWFR,CK-9008,FRASER-HARRISON FALL TRANSPLANT_FA_0.3,M,H,Chilliwack River H,Chilliwack R,CK-9008,FRASER-HARRISON FALL TRANSPLANT_FA_0.3,Smolt 0+,185536,2003,20030516,20030526,5,P,N,"DI; CWTONLY. SEE ALSO 185534 & COMP TO 185533, 35 (ADCWT)",1,NOMK,49775,140,,0,0,316300,366215
OPS,Chilliwack R,Chinook,Fall,2003,Chilliwack R,LWFR,CK-9008,FRASER-HARRISON FALL TRANSPLANT_FA_0.3,M,H,Chilliwack River H,Chilliwack R,CK-9008,FRASER-HARRISON FALL TRANSPLANT_FA_0.3,Smolt 0+,185161,2004,20040509,20040517,5.9,P,N,DI: ADCWT. RACEWAY 1. UNMARKED ARE NOT AD CLIPPED.,1,AD,24110,926,,0,0,152898,177934
OPS,Chilliwack R,Chinook,Fall,2003,Chilliwack R,LWFR,CK-9008,FRASER-HARRISON FALL TRANSPLANT_FA_0.3,M,H,Chilliwack River H,Chilliwack R,CK-9008,FRASER-HARRISON FALL TRANSPLANT_FA_0.3,Smolt 0+,185162,2004,20040509,20040517,5.9,P,N,DI: ADCWT. RACEWAY 1. UNMARKED ARE NOT AD CLIPPED.,1,AD,24132,927,,0,0,153039,178098
OPS,Chilliwack R,Chinook,Fall,2003,Chilliwack R,LWFR,CK-9008,FRASER-HARRISON FALL TRANSPLANT_FA_0.3,M,H,Chilliwack River H,Chilliwack R,CK-9008,FRASER-HARRISON FALL TRANSPLANT_FA_0.3,Smolt 0+,185163,2004,20040509,20040517,5.5,P,N,DI:ADCWT. MARKING HALTED: HEAVY LOSSES FROM SMOLTING. UNMARKED NOT AD CLIP.,1,AD,6739,0,,0,0,330514,337253
OPS,Chilliwack R,Chinook,Fall,2003,Chilliwack R,LWFR,CK-9008,FRASER-HARRISON FALL TRANSPLANT_FA_0.3,M,H,Chilliwack River H,Chilliwack R,CK-9008,FRASER-HARRISON FALL TRANSPLANT_FA_0.3,Smolt 0+,185532,2004,20040509,20040517,5.9,P,N,DI: CWTONLY. RACEWAY 1. UNMARKED ARE NOT AD CLIPPED.,1,NOMK,48344,1660,,0,0,305381,355385
OPS,Chilliwack R,Chinook,Fall,2003,Chilliwack R,LWFR,CK-9008,FRASER-HARRISON FALL TRANSPLANT_FA_0.3,M,H,Chilliwack River H,Chilliwack R,CK-9008,FRASER-HARRISON FALL TRANSPLANT_FA_0.3,Smolt 0+,185537,2004,20040509,20040517,5.5,P,N,DI: CWTONLY. MARKING HALTED: HEAVY LOSSES FROM SMOLTING. UNMARKED NOT AD CLIP.,1,NOMK,3460,0,,0,0,169695,173155
OPS,Chilliwack R,Chinook,Fall,2004,Chilliwack R,LWFR,CK-9008,FRASER-HARRISON FALL TRANSPLANT_FA_0.3,M,H,Chilliwack River H,Chilliwack R,CK-9008,FRASER-HARRISON FALL TRANSPLANT_FA_0.3,Smolt 0+,185026,2005,20050512,20050530,5,P,N,"DI: ADCWT. SEE 185028, 42 & 44 (ADCWT) & 185027, 29, 41 & 43 (CWT ONLY).",1,AD,24918,392,,0,0,176735,202045
OPS,Chilliwack R,Chinook,Fall,2004,Chilliwack R,LWFR,CK-9008,FRASER-HARRISON FALL TRANSPLANT_FA_0.3,M,H,Chilliwack River H,Chilliwack R,CK-9008,FRASER-HARRISON FALL TRANSPLANT_FA_0.3,Smolt 0+,185027,2005,20050510,20050530,5,P,N,"DI: CWTONLY. SEE 185029, 41 & 43 (CWT ONLY) & 185026, 28, 42, 44 (ADCWT).",1,NOMK,25118,0,,0,0,175395,200513
OPS,Chilliwack R,Chinook,Fall,2004,Chilliwack R,LWFR,CK-9008,FRASER-HARRISON FALL TRANSPLANT_FA_0.3,M,H,Chilliwack River H,Chilliwack R,CK-9008,FRASER-HARRISON FALL TRANSPLANT_FA_0.3,Smolt 0+,185028,2005,20050510,20050530,5,P,N,"DI: ADCWT. SEE 185026, 42, 44 (ADCWT) & 185027, 29, 41, 43 (CWT ONLY).",1,AD,24651,412,,0,0,175011,200074
OPS,Chilliwack R,Chinook,Fall,2004,Chilliwack R,LWFR,CK-9008,FRASER-HARRISON FALL TRANSPLANT_FA_0.3,M,H,Chilliwack River H,Chilliwack R,CK-9008,FRASER-HARRISON FALL TRANSPLANT_FA_0.3,Smolt 0+,185029,2005,20050510,20050530,5,P,N,"DI: CWTONLY. SEE 185027, 41 & 43 (CWT ONLY) & 185026, 28, 42 & 44 (ADCWT).",1,NOMK,24985,0,,0,0,174466,199451
OPS,Chilliwack R,Chinook,Fall,2004,Chilliwack R,LWFR,CK-9008,FRASER-HARRISON FALL TRANSPLANT_FA_0.3,M,H,Chilliwack River H,Chilliwack R,CK-9008,FRASER-HARRISON FALL TRANSPLANT_FA_0.3,Smolt 0+,185041,2005,20050514,20050608,4.52,P,N,"DI: CWTONLY. SEE 185027, 29 & 43 (CWT ONLY) & 185026, 28, 42 & 44 (ADCWT).",1,NOMK,25246,135,,0,0,102232,127613
OPS,Chilliwack R,Chinook,Fall,2004,Chilliwack R,LWFR,CK-9008,FRASER-HARRISON FALL TRANSPLANT_FA_0.3,M,H,Chilliwack River H,Chilliwack R,CK-9008,FRASER-HARRISON FALL TRANSPLANT_FA_0.3,Smolt 0+,185042,2005,20050514,20050608,4.52,P,N,"DI: ADCWT. SEE 185026, 28 & 44 (ADCWT) & 185027, 29, 41 & 43 (CWT ONLY).",1,AD,25443,274,,0,0,103585,129302
OPS,Chilliwack R,Chinook,Fall,2004,Chilliwack R,LWFR,CK-9008,FRASER-HARRISON FALL TRANSPLANT_FA_0.3,M,H,Chilliwack River H,Chilliwack R,CK-9008,FRASER-HARRISON FALL TRANSPLANT_FA_0.3,Smolt 0+,185043,2005,20050514,20050608,4.52,P,N,"DI: CWTONLY. SEE 185027, 29 & 41 (CWT ONLY) & 185026, 28, 42 & 44 (ADCWT).",1,NOMK,25208,164,,0,0,102196,127568
OPS,Chilliwack R,Chinook,Fall,2004,Chilliwack R,LWFR,CK-9008,FRASER-HARRISON FALL TRANSPLANT_FA_0.3,M,H,Chilliwack River H,Chilliwack R,CK-9008,FRASER-HARRISON FALL TRANSPLANT_FA_0.3,Smolt 0+,185044,2005,20050514,20050608,4.52,P,N,"DI: ADCWT. SEE 185026, 28 & 44 (ADCWT) & 185027, 29, 41 & 43 (CWT ONLY).",1,AD,25011,282,,0,0,101877,127170
OPS,Chilliwack R,Chinook,Fall,2005,Chilliwack R,LWFR,CK-9008,FRASER-HARRISON FALL TRANSPLANT_FA_0.3,M,H,Chilliwack River H,Chilliwack R,CK-9008,FRASER-HARRISON FALL TRANSPLANT_FA_0.3,Smolt 0+,185030,2006,20060502,20060515,5.6,P,N,"DIT ADCWT-SEE 185031-32,185154,185239-41",1,AD,23925,863,,0,0,131078,155866
OPS,Chilliwack R,Chinook,Fall,2005,Chilliwack R,LWFR,CK-9008,FRASER-HARRISON FALL TRANSPLANT_FA_0.3,M,H,Chilliwack River H,Chilliwack R,CK-9008,FRASER-HARRISON FALL TRANSPLANT_FA_0.3,Smolt 0+,185031,2006,20060502,20060515,5.6,P,N,"DIT CWTONLY - SEE ALSO 185030,185031,185154,185238-41",1,NOMK,23841,971,,0,0,131205,156017
OPS,Chilliwack R,Chinook,Fall,2005,Chilliwack R,LWFR,CK-9008,FRASER-HARRISON FALL TRANSPLANT_FA_0.3,M,H,Chilliwack River H,Chilliwack R,CK-9008,FRASER-HARRISON FALL TRANSPLANT_FA_0.3,Smolt 0+,185032,2006,20060502,20060512,5.6,P,N,"DIT ADCWT-SEE ALSO 185030-31,185154,185238-41 MARKING HALTED DUE TO SMOLTING",1,AD,14438,524,,0,0,79119,94081
OPS,Chilliwack R,Chinook,Fall,2005,Chilliwack R,LWFR,CK-9008,FRASER-HARRISON FALL TRANSPLANT_FA_0.3,M,H,Chilliwack River H,Chilliwack R,CK-9008,FRASER-HARRISON FALL TRANSPLANT_FA_0.3,Smolt 0+,185154,2006,20060502,20060502,5.6,P,N,"DIT CWTONLY-SEE ALSO 185030-32,185238-41. MARKING HALTED DUE TO SMOLTING",1,NOMK,18421,752,,0,0,101386,120559
OPS,Chilliwack R,Chinook,Fall,2005,Chilliwack R,LWFR,CK-9008,FRASER-HARRISON FALL TRANSPLANT_FA_0.3,M,H,Chilliwack River H,Chilliwack R,CK-9008,FRASER-HARRISON FALL TRANSPLANT_FA_0.3,Smolt 0+,185238,2006,20060502,20060515,5.75,P,N,"DIT ADCWT-SEE ALSO 185030-32,185154,185239-41",1,AD,24719,364,,0,0,132638,157721
OPS,Chilliwack R,Chinook,Fall,2005,Chilliwack R,LWFR,CK-9008,FRASER-HARRISON FALL TRANSPLANT_FA_0.3,M,H,Chilliwack River H,Chilliwack R,CK-9008,FRASER-HARRISON FALL TRANSPLANT_FA_0.3,Smolt 0+,185239,2006,20060502,20060515,5.75,P,N,"DIT CWTONLY - SEE ALSO 185030-32,185154,185238,185240-41",1,NOMK,23452,1151,,0,0,130100,154703
OPS,Chilliwack R,Chinook,Fall,2005,Chilliwack R,LWFR,CK-9008,FRASER-HARRISON FALL TRANSPLANT_FA_0.3,M,H,Chilliwack River H,Chilliwack R,CK-9008,FRASER-HARRISON FALL TRANSPLANT_FA_0.3,Smolt 0+,185240,2006,20060502,20060502,5.75,P,N,"DIT ADCWT-SEE ALSO 185030-31,185154,185238-39,185241",1,AD,24719,358,,0,0,132607,157684
OPS,Chilliwack R,Chinook,Fall,2005,Chilliwack R,LWFR,CK-9008,FRASER-HARRISON FALL TRANSPLANT_FA_0.3,M,H,Chilliwack River H,Chilliwack R,CK-9008,FRASER-HARRISON FALL TRANSPLANT_FA_0.3,Smolt 0+,185241,2006,20060502,20060515,5.75,P,N,"DIT CWTONLY - SEE ALSO 185030-32,185154,185238-40",1,NOMK,23445,1150,,0,0,130058,154653
OPS,Chilliwack R,Chinook,Fall,2005,Chilliwack R,LWFR,CK-9008,FRASER-HARRISON FALL TRANSPLANT_FA_0.3,M,H,Chilliwack River H,Chilliwack R,CK-9008,FRASER-HARRISON FALL TRANSPLANT_FA_0.3,Eyed Egg,NOCN0560,2005,20051211,20051211,0,B,N,EGG PLANT TO SIDE CHAN 3 KM UPSTREAM VEDDER CROSSING,1,,0,0,,0,0,202807,202807
OPS,Chilliwack R,Chinook,Fall,2006,Chilliwack R,LWFR,CK-9008,FRASER-HARRISON FALL TRANSPLANT_FA_0.3,M,H,Chilliwack River H,Chilliwack R,CK-9008,FRASER-HARRISON FALL TRANSPLANT_FA_0.3,Smolt 0+,185607,2007,20070516,20070523,5.93,P,N,"DIT: CWT ONLY. SEE 185609, 185657-59, 185706, 185708, 185710.",1,NOMK,24608,128,,0,0,132955,157691
OPS,Chilliwack R,Chinook,Fall,2006,Chilliwack R,LWFR,CK-9008,FRASER-HARRISON FALL TRANSPLANT_FA_0.3,M,H,Chilliwack River H,Chilliwack R,CK-9008,FRASER-HARRISON FALL TRANSPLANT_FA_0.3,Smolt 0+,185609,2007,20070516,20070523,5.93,P,N,"DIT: CWT ONLY. SEE 185607, 185657-59, 185706, 185708, 185710",1,NOMK,24675,147,,0,0,133431,158253
OPS,Chilliwack R,Chinook,Fall,2006,Chilliwack R,LWFR,CK-9008,FRASER-HARRISON FALL TRANSPLANT_FA_0.3,M,H,Chilliwack River H,Chilliwack R,CK-9008,FRASER-HARRISON FALL TRANSPLANT_FA_0.3,Smolt 0+,185657,2007,20070516,20070604,5.8,P,N,"DIT: CWT ONLY. SEE 185658-59, 185607, 185609, 185706, 185708, 185710.",1,NOMK,23188,1739,,0,0,116530,141457
OPS,Chilliwack R,Chinook,Fall,2006,Chilliwack R,LWFR,CK-9008,FRASER-HARRISON FALL TRANSPLANT_FA_0.3,M,H,Chilliwack River H,Chilliwack R,CK-9008,FRASER-HARRISON FALL TRANSPLANT_FA_0.3,Smolt 0+,185658,2007,20070516,20070523,5.93,P,N,"DIT: ADCWT. SEE 185657, 185659, 185607, 185609, 185706, 185708, 185710.",1,AD,24174,831,,0,0,134398,159403
OPS,Chilliwack R,Chinook,Fall,2006,Chilliwack R,LWFR,CK-9008,FRASER-HARRISON FALL TRANSPLANT_FA_0.3,M,H,Chilliwack River H,Chilliwack R,CK-9008,FRASER-HARRISON FALL TRANSPLANT_FA_0.3,Smolt 0+,185659,2007,20070516,20070604,5.8,P,N,"DIT: CWT ONLY. SEE 185657-58, 185607, 185609, 185706, 185708, 185710.",1,NOMK,23834,1716,,0,0,119437,144987
OPS,Chilliwack R,Chinook,Fall,2006,Chilliwack R,LWFR,CK-9008,FRASER-HARRISON FALL TRANSPLANT_FA_0.3,M,H,Chilliwack River H,Chilliwack R,CK-9008,FRASER-HARRISON FALL TRANSPLANT_FA_0.3,Smolt 0+,185706,2007,20070516,20070523,5.93,P,N,"DIT: ADCWT. SEE 185708,185710,185657-59,185607,185609",1,AD,23993,902,,0,0,133810,158705
OPS,Chilliwack R,Chinook,Fall,2006,Chilliwack R,LWFR,CK-9008,FRASER-HARRISON FALL TRANSPLANT_FA_0.3,M,H,Chilliwack River H,Chilliwack R,CK-9008,FRASER-HARRISON FALL TRANSPLANT_FA_0.3,Smolt 0+,185708,2007,20070516,20070604,5.8,P,N,"DIT: ADCWT. SEE 185706, 185710, 185657-59, 185607, 185609.",1,AD,23603,1311,,0,0,116483,141397
OPS,Chilliwack R,Chinook,Fall,2006,Chilliwack R,LWFR,CK-9008,FRASER-HARRISON FALL TRANSPLANT_FA_0.3,M,H,Chilliwack River H,Chilliwack R,CK-9008,FRASER-HARRISON FALL TRANSPLANT_FA_0.3,Smolt 0+,185710,2007,20070516,20070604,5.8,P,N,"DIT: ADCWT. SEE 185706, 185708, 185607, 185609, 185657-59.",1,AD,23612,1309,,0,0,116483,141404
OPS,Chilliwack R,Chinook,Fall,2006,Chilliwack R,LWFR,CK-9008,FRASER-HARRISON FALL TRANSPLANT_FA_0.3,M,H,Chilliwack River H,Chilliwack R,CK-9008,FRASER-HARRISON FALL TRANSPLANT_FA_0.3,Eyed Egg,NOCN06156,2006,20061205,20061205,0,B,N,EGG PLANT,1,,0,0,,0,0,82074,82074
OPS,Chilliwack R,Chinook,Fall,2007,Chilliwack R,LWFR,CK-9008,FRASER-HARRISON FALL TRANSPLANT_FA_0.3,M,H,Chilliwack River H,Chilliwack R,CK-9008,FRASER-HARRISON FALL TRANSPLANT_FA_0.3,Smolt 0+,186240,2008,20080520,20080530,6.2,P,N,AD-CLIPPED PORTION OF DIT PAIR. SEE 186241 FOR CWT-ONLY PORTION OF DIT PAIR.,1,AD,49673,447,,0,0,278696,328816
OPS,Chilliwack R,Chinook,Fall,2007,Chilliwack R,LWFR,CK-9008,FRASER-HARRISON FALL TRANSPLANT_FA_0.3,M,H,Chilliwack River H,Chilliwack R,CK-9008,FRASER-HARRISON FALL TRANSPLANT_FA_0.3,Smolt 0+,186241,2008,20080520,20080530,6.2,P,N,CWT-ONLY PORTION OF DIT PAIR. SEE 186240 FOR AD-CLIPPED PORTION OF DIT PAIR.,1,NOMK,49871,99,,0,0,278473,328443
OPS,Chilliwack R,Chinook,Fall,2007,Chilliwack R,LWFR,CK-9008,FRASER-HARRISON FALL TRANSPLANT_FA_0.3,M,H,Chilliwack River H,Chilliwack R,CK-9008,FRASER-HARRISON FALL TRANSPLANT_FA_0.3,Smolt 0+,186242,2008,20080520,20080520,6.3,P,N,AD-CLIPPED PORTION OF DIT PAIR. SEE 186243 FOR CWT-ONLY PORTION OF DIT PAIR.,1,AD,49792,225,,0,0,267974,317991
OPS,Chilliwack R,Chinook,Fall,2007,Chilliwack R,LWFR,CK-9008,FRASER-HARRISON FALL TRANSPLANT_FA_0.3,M,H,Chilliwack River H,Chilliwack R,CK-9008,FRASER-HARRISON FALL TRANSPLANT_FA_0.3,Smolt 0+,186243,2008,20080520,20080520,6.3,P,N,CWT-ONLY PORTION OF DIT PAIR. SEE 186242 FOR AD-CLIPPED PORTION OF DIT PAIR.,1,NOMK,49761,220,,0,0,267225,317206
OPS,Chilliwack R,Chinook,Fall,2008,Chilliwack R,LWFR,CK-9008,FRASER-HARRISON FALL TRANSPLANT_FA_0.3,M,H,Chilliwack River H,Chilliwack R,CK-9008,FRASER-HARRISON FALL TRANSPLANT_FA_0.3,Smolt 0+,180480,2009,20090519,20090526,5.6,P,N,ADCWT OF DIT PAIR. SEE 180481 FOR CWT ONLY.,1,AD,49758,203,,0,0,220676,270637
OPS,Chilliwack R,Chinook,Fall,2008,Chilliwack R,LWFR,CK-9008,FRASER-HARRISON FALL TRANSPLANT_FA_0.3,M,H,Chilliwack River H,Chilliwack R,CK-9008,FRASER-HARRISON FALL TRANSPLANT_FA_0.3,Smolt 0+,180481,2009,20090519,20090526,5.6,P,N,CWT ONLY OF DIT PAIR. SEE 180480 FOR ADCWT.,1,NOMK,50030,0,,0,0,220981,271011
OPS,Chilliwack R,Chinook,Fall,2008,Chilliwack R,LWFR,CK-9008,FRASER-HARRISON FALL TRANSPLANT_FA_0.3,M,H,Chilliwack River H,Chilliwack R,CK-9008,FRASER-HARRISON FALL TRANSPLANT_FA_0.3,Smolt 0+,180482,2009,20090519,20090608,5.2,P,N,ADCWT OF DIT PAIR. SEE 180483 FOR CWT ONLY.,1,AD,49693,305,,0,0,236475,286473
OPS,Chilliwack R,Chinook,Fall,2008,Chilliwack R,LWFR,CK-9008,FRASER-HARRISON FALL TRANSPLANT_FA_0.3,M,H,Chilliwack River H,Chilliwack R,CK-9008,FRASER-HARRISON FALL TRANSPLANT_FA_0.3,Smolt 0+,180483,2009,20090519,20090608,5.2,P,N,CWT ONLY OF DIT PAIR. SEE 180482 FOR ADCWT.,1,NOMK,49914,0,,0,0,236077,285991
OPS,Chilliwack R,Chinook,Fall,2009,Chilliwack R,LWFR,CK-9008,FRASER-HARRISON FALL TRANSPLANT_FA_0.3,M,H,Chilliwack River H,Chilliwack R,CK-9008,FRASER-HARRISON FALL TRANSPLANT_FA_0.3,Smolt 0+,180895,2010,20100515,20100518,5.8,P,N,,1,NOMK,97839,2701,,0,0,233882,334422
OPS,Chilliwack R,Chinook,Fall,2009,Chilliwack R,LWFR,CK-9008,FRASER-HARRISON FALL TRANSPLANT_FA_0.3,M,H,Chilliwack River H,Chilliwack R,CK-9008,FRASER-HARRISON FALL TRANSPLANT_FA_0.3,Smolt 0+,180896,2010,20100515,20100518,5.3,P,N,,1,AD,99225,1115,,0,0,233407,333747
OPS,Chilliwack R,Chinook,Fall,2009,Chilliwack R,LWFR,CK-9008,FRASER-HARRISON FALL TRANSPLANT_FA_0.3,M,H,Chilliwack River H,Chilliwack R,CK-9008,FRASER-HARRISON FALL TRANSPLANT_FA_0.3,Smolt 0+,180898,2010,20100515,20100518,5.3,P,N,,1,AD,90482,9868,,0,0,233425,333775
OPS,Chilliwack R,Chinook,Fall,2010,Chilliwack R,LWFR,CK-9008,FRASER-HARRISON FALL TRANSPLANT_FA_0.3,M,H,Chilliwack River H,Chilliwack R,CK-9008,FRASER-HARRISON FALL TRANSPLANT_FA_0.3,Smolt 0+,181584,2011,20110516,20110531,5.42,P,N,,1,AD,49681,305,,0,0,108689,158675
OPS,Chilliwack R,Chinook,Fall,2010,Chilliwack R,LWFR,CK-9008,FRASER-HARRISON FALL TRANSPLANT_FA_0.3,M,H,Chilliwack River H,Chilliwack R,CK-9008,FRASER-HARRISON FALL TRANSPLANT_FA_0.3,Smolt 0+,181588,2011,20110516,20110518,,P,N,,1,AD,50902,1235,,0,0,140142,192279
OPS,Chilliwack R,Chinook,Fall,2010,Chilliwack R,LWFR,CK-9008,FRASER-HARRISON FALL TRANSPLANT_FA_0.3,M,H,Chilliwack River H,Chilliwack R,CK-9008,FRASER-HARRISON FALL TRANSPLANT_FA_0.3,Smolt 0+,181590,2011,20110516,20110531,5.42,P,N,,1,AD,47935,149,,0,0,104499,152583
OPS,Chilliwack R,Chinook,Fall,2010,Chilliwack R,LWFR,CK-9008,FRASER-HARRISON FALL TRANSPLANT_FA_0.3,M,H,Chilliwack River H,Chilliwack R,CK-9008,FRASER-HARRISON FALL TRANSPLANT_FA_0.3,Smolt 0+,181592,2011,20110516,20110518,,P,N,,1,AD,49383,619,,0,0,134298,184300
OPS,Chilliwack R,Chinook,Fall,2010,Chilliwack R,LWFR,CK-9008,FRASER-HARRISON FALL TRANSPLANT_FA_0.3,M,H,Chilliwack River H,Chilliwack R,CK-9008,FRASER-HARRISON FALL TRANSPLANT_FA_0.3,Smolt 0+,181679,2011,20110516,20110531,5.42,P,N,,1,NOMK,96788,3009,,0,0,242511,342308
OPS,Chilliwack R,Chinook,Fall,2010,Chilliwack R,LWFR,CK-9008,FRASER-HARRISON FALL TRANSPLANT_FA_0.3,M,H,Chilliwack River H,Usher Ch,,,Eyed Egg,NOCN1059,2010,20101109,20101109,,P,Y,,1,,0,0,,0,0,172306,172306
OPS,Chilliwack R,Chinook,Fall,2011,Chilliwack R,LWFR,CK-9008,FRASER-HARRISON FALL TRANSPLANT_FA_0.3,M,H,Chilliwack River H,Chilliwack R,CK-9008,FRASER-HARRISON FALL TRANSPLANT_FA_0.3,Smolt 0+,180279,2012,20120516,20120516,4.93,P,N,,1,AD,48817,617,,0,0,111142,160576
OPS,Chilliwack R,Chinook,Fall,2011,Chilliwack R,LWFR,CK-9008,FRASER-HARRISON FALL TRANSPLANT_FA_0.3,M,H,Chilliwack River H,Chilliwack R,CK-9008,FRASER-HARRISON FALL TRANSPLANT_FA_0.3,Smolt 0+,181982,2012,20120516,20120516,4.93,P,N,,1,AD,49387,644,,0,0,112439,162470
OPS,Chilliwack R,Chinook,Fall,2011,Chilliwack R,LWFR,CK-9008,FRASER-HARRISON FALL TRANSPLANT_FA_0.3,M,H,Chilliwack River H,Chilliwack R,CK-9008,FRASER-HARRISON FALL TRANSPLANT_FA_0.3,Smolt 0+,182068,2012,20120516,20120528,5.23,P,N,,1,AD,48949,542,,0,0,104081,153572
OPS,Chilliwack R,Chinook,Fall,2011,Chilliwack R,LWFR,CK-9008,FRASER-HARRISON FALL TRANSPLANT_FA_0.3,M,H,Chilliwack River H,Chilliwack R,CK-9008,FRASER-HARRISON FALL TRANSPLANT_FA_0.3,Smolt 0+,182385,2012,20120516,20120528,5.23,P,N,,1,AD,48816,540,,0,0,103798,153154
OPS,Chilliwack R,Chinook,Fall,2011,Chilliwack R,LWFR,CK-9008,FRASER-HARRISON FALL TRANSPLANT_FA_0.3,M,H,Chilliwack River H,Chilliwack R,CK-9008,FRASER-HARRISON FALL TRANSPLANT_FA_0.3,Smolt 0+,182467,2012,20120516,20120528,5.23,P,N,,1,NOMK,98886,1162,,0,0,217197,317245
OPS,Chilliwack R,Chinook,Fall,2012,Chilliwack R,LWFR,CK-9008,FRASER-HARRISON FALL TRANSPLANT_FA_0.3,M,H,Chilliwack River H,Chilliwack R,CK-9008,FRASER-HARRISON FALL TRANSPLANT_FA_0.3,Smolt 0+,181864,2013,20130515,20130528,5,P,N,,1,AD,50400,612,,0,0,229272,280284
OPS,Chilliwack R,Chinook,Fall,2012,Chilliwack R,LWFR,CK-9008,FRASER-HARRISON FALL TRANSPLANT_FA_0.3,M,H,Chilliwack River H,Chilliwack R,CK-9008,FRASER-HARRISON FALL TRANSPLANT_FA_0.3,Smolt 0+,181865,2013,20130515,20130528,5,P,N,Discontinuation of double index tagging,1,AD,49801,50,,0,0,224058,273909
OPS,Chilliwack R,Chinook,Fall,2012,Chilliwack R,LWFR,CK-9008,FRASER-HARRISON FALL TRANSPLANT_FA_0.3,M,H,Chilliwack River H,Chilliwack R,CK-9008,FRASER-HARRISON FALL TRANSPLANT_FA_0.3,Smolt 0+,181971,2013,20130515,20130527,5.25,P,N,Discontinuation of double index tagging.,1,AD,49431,450,,0,0,237431,287312
OPS,Chilliwack R,Chinook,Fall,2012,Chilliwack R,LWFR,CK-9008,FRASER-HARRISON FALL TRANSPLANT_FA_0.3,M,H,Chilliwack River H,Chilliwack R,CK-9008,FRASER-HARRISON FALL TRANSPLANT_FA_0.3,Smolt 0+,181972,2013,20130515,20130527,5.25,P,N,Discontinuation of double index tagging.,1,AD,50621,356,,0,0,242648,293625
OPS,Chilliwack R,Chinook,Fall,2012,Chilliwack R,LWFR,CK-9008,FRASER-HARRISON FALL TRANSPLANT_FA_0.3,M,H,Chilliwack River H,Usher Ch,,,Eyed Egg,NOCN1248,2012,20121210,20121210,,P,N,,1,,0,0,,0,0,30879,30879
OPS,Chilliwack R,Chinook,Fall,2013,Chilliwack R,LWFR,CK-9008,FRASER-HARRISON FALL TRANSPLANT_FA_0.3,M,H,Chilliwack River H,Chilliwack R,CK-9008,FRASER-HARRISON FALL TRANSPLANT_FA_0.3,Smolt 0+,182971,2014,20140512,20140602,4.58,P,N,,1,AD,48472,2851,,0,0,199419,250742
OPS,Chilliwack R,Chinook,Fall,2013,Chilliwack R,LWFR,CK-9008,FRASER-HARRISON FALL TRANSPLANT_FA_0.3,M,H,Chilliwack River H,Chilliwack R,CK-9008,FRASER-HARRISON FALL TRANSPLANT_FA_0.3,Smolt 0+,182973,2014,20140512,20140602,4.58,P,N,,1,AD,47811,199,,0,0,199420,247430
OPS,Chilliwack R,Chinook,Fall,2013,Chilliwack R,LWFR,CK-9008,FRASER-HARRISON FALL TRANSPLANT_FA_0.3,M,H,Chilliwack River H,Chilliwack R,CK-9008,FRASER-HARRISON FALL TRANSPLANT_FA_0.3,Smolt 0+,183270,2014,20140515,20140616,4.15,P,N,,1,AD,47084,2767,,0,0,212243,262094
OPS,Chilliwack R,Chinook,Fall,2013,Chilliwack R,LWFR,CK-9008,FRASER-HARRISON FALL TRANSPLANT_FA_0.3,M,H,Chilliwack River H,Chilliwack R,CK-9008,FRASER-HARRISON FALL TRANSPLANT_FA_0.3,Smolt 0+,183272,2014,20140515,20140616,4.15,P,N,,1,AD,49253,584,,0,0,212242,262079
OPS,Chilliwack R,Chinook,Fall,2013,Chilliwack R,LWFR,CK-9008,FRASER-HARRISON FALL TRANSPLANT_FA_0.3,M,H,Chilliwack River H,Usher Ch,,,Eyed Egg,NOCN1376,2013,20131211,20131211,,P,N,eggs planted in small side channel downstream of Usher Channel,1,,0,0,,0,0,59657,59657
OPS,Chilliwack R,Chinook,Fall,2014,Chilliwack R,LWFR,CK-9008,FRASER-HARRISON FALL TRANSPLANT_FA_0.3,M,H,Chilliwack River H,Chilliwack R,CK-9008,FRASER-HARRISON FALL TRANSPLANT_FA_0.3,Smolt 0+,183864,2015,20150512,20150526,5.27,P,N,,1,AD,48464,1699,,0,0,214151,264314
OPS,Chilliwack R,Chinook,Fall,2014,Chilliwack R,LWFR,CK-9008,FRASER-HARRISON FALL TRANSPLANT_FA_0.3,M,H,Chilliwack River H,Chilliwack R,CK-9008,FRASER-HARRISON FALL TRANSPLANT_FA_0.3,Smolt 0+,183865,2015,20150512,20150602,5.2,P,N,,1,AD,48312,1905,,0,0,191466,241683
OPS,Chilliwack R,Chinook,Fall,2014,Chilliwack R,LWFR,CK-9008,FRASER-HARRISON FALL TRANSPLANT_FA_0.3,M,H,Chilliwack River H,Chilliwack R,CK-9008,FRASER-HARRISON FALL TRANSPLANT_FA_0.3,Smolt 0+,183897,2015,20150512,20150602,5.2,P,N,,1,AD,49533,688,,0,0,191482,241703
OPS,Chilliwack R,Chinook,Fall,2014,Chilliwack R,LWFR,CK-9008,FRASER-HARRISON FALL TRANSPLANT_FA_0.3,M,H,Chilliwack River H,Chilliwack R,CK-9008,FRASER-HARRISON FALL TRANSPLANT_FA_0.3,Smolt 0+,183898,2015,20150512,20150526,5.27,P,N,,1,AD,47722,2379,,0,0,213887,263988
OPS,Chilliwack R,Chinook,Fall,2015,Chilliwack R,LWFR,CK-9008,FRASER-HARRISON FALL TRANSPLANT_FA_0.3,M,H,Chilliwack River H,Chilliwack R,CK-9008,FRASER-HARRISON FALL TRANSPLANT_FA_0.3,Smolt 0+,183469,2016,20160516,20160526,5.2,P,N,,1,AD,49418,335,,0,0,194238,243991
OPS,Chilliwack R,Chinook,Fall,2015,Chilliwack R,LWFR,CK-9008,FRASER-HARRISON FALL TRANSPLANT_FA_0.3,M,H,Chilliwack River H,Chilliwack R,CK-9008,FRASER-HARRISON FALL TRANSPLANT_FA_0.3,Smolt 0+,183470,2016,20160516,20160526,5.2,P,N,,1,AD,48410,1336,,0,0,194207,243953
OPS,Chilliwack R,Chinook,Fall,2015,Chilliwack R,LWFR,CK-9008,FRASER-HARRISON FALL TRANSPLANT_FA_0.3,M,H,Chilliwack River H,Chilliwack R,CK-9008,FRASER-HARRISON FALL TRANSPLANT_FA_0.3,Smolt 0+,183691,2016,20160516,20160517,5.8,P,N,,1,AD,48078,1848,,0,0,208199,258125
OPS,Chilliwack R,Chinook,Fall,2015,Chilliwack R,LWFR,CK-9008,FRASER-HARRISON FALL TRANSPLANT_FA_0.3,M,H,Chilliwack River H,Chilliwack R,CK-9008,FRASER-HARRISON FALL TRANSPLANT_FA_0.3,Smolt 0+,183692,2016,20160516,20160517,5.8,P,N,,1,AD,48165,1765,,0,0,208220,258150
OPS,Chilliwack R,Chinook,Fall,2016,Chilliwack R,LWFR,CK-9008,FRASER-HARRISON FALL TRANSPLANT_FA_0.3,M,H,Chilliwack River H,Chilliwack R,CK-9008,FRASER-HARRISON FALL TRANSPLANT_FA_0.3,Smolt 0+,184382,2017,20170516,20170517,5.6,P,N,,1,AD,45953,3888,,0,0,207130,256971
OPS,Chilliwack R,Chinook,Fall,2016,Chilliwack R,LWFR,CK-9008,FRASER-HARRISON FALL TRANSPLANT_FA_0.3,M,H,Chilliwack River H,Chilliwack R,CK-9008,FRASER-HARRISON FALL TRANSPLANT_FA_0.3,Smolt 0+,184383,2017,20170516,20170516,5.6,P,N,,1,AD,47656,2193,,0,0,207163,257012
OPS,Chilliwack R,Chinook,Fall,2016,Chilliwack R,LWFR,CK-9008,FRASER-HARRISON FALL TRANSPLANT_FA_0.3,M,H,Chilliwack River H,Chilliwack R,CK-9008,FRASER-HARRISON FALL TRANSPLANT_FA_0.3,Smolt 0+,184384,2017,20170516,20170516,5.6,P,N,,1,AD,47819,1786,,0,0,212083,261688
OPS,Chilliwack R,Chinook,Fall,2016,Chilliwack R,LWFR,CK-9008,FRASER-HARRISON FALL TRANSPLANT_FA_0.3,M,H,Chilliwack River H,Chilliwack R,CK-9008,FRASER-HARRISON FALL TRANSPLANT_FA_0.3,Smolt 0+,184385,2017,20170516,20170516,5.6,P,N,,1,AD,49251,649,,0,0,213345,263245
OPS,Chilliwack R,Chinook,Fall,2017,Chilliwack R,LWFR,CK-9008,FRASER-HARRISON FALL TRANSPLANT_FA_0.3,M,H,Chilliwack River H,Chilliwack R,CK-9008,FRASER-HARRISON FALL TRANSPLANT_FA_0.3,Smolt 0+,184474,2018,20180529,20180529,5.53,P,N,,1,AD,50754,0,,0,0,207651,258405
OPS,Chilliwack R,Chinook,Fall,2017,Chilliwack R,LWFR,CK-9008,FRASER-HARRISON FALL TRANSPLANT_FA_0.3,M,H,Chilliwack River H,Chilliwack R,CK-9008,FRASER-HARRISON FALL TRANSPLANT_FA_0.3,Smolt 0+,184475,2018,20180529,20180529,5.53,P,N,,1,AD,42298,8506,,0,0,207855,258659
OPS,Chilliwack R,Chinook,Fall,2017,Chilliwack R,LWFR,CK-9008,FRASER-HARRISON FALL TRANSPLANT_FA_0.3,M,H,Chilliwack River H,Chilliwack R,CK-9008,FRASER-HARRISON FALL TRANSPLANT_FA_0.3,Smolt 0+,185292,2018,20180529,20180529,5.54,P,N,,1,AD,48990,56,,0,0,193465,242511
OPS,Chilliwack R,Chinook,Fall,2017,Chilliwack R,LWFR,CK-9008,FRASER-HARRISON FALL TRANSPLANT_FA_0.3,M,H,Chilliwack River H,Chilliwack R,CK-9008,FRASER-HARRISON FALL TRANSPLANT_FA_0.3,Smolt 0+,185293,2018,20180529,20180529,5.54,P,N,,1,AD,45129,4931,,0,0,197465,247525
OPS,Chilliwack R,Chinook,Fall,2018,Chilliwack R,LWFR,CK-9008,FRASER-HARRISON FALL TRANSPLANT_FA_0.3,M,H,Chilliwack River H,Chilliwack R,CK-9008,FRASER-HARRISON FALL TRANSPLANT_FA_0.3,Smolt 0+,185894,2019,20190606,20190606,6,P,N,,1,AD,71970,4028,,0,0,371596,447594
OPS,Chilliwack R,Chinook,Fall,2018,Chilliwack R,LWFR,CK-9008,FRASER-HARRISON FALL TRANSPLANT_FA_0.3,M,H,Chilliwack River H,Chilliwack R,CK-9008,FRASER-HARRISON FALL TRANSPLANT_FA_0.3,Smolt 0+,185895,2019,20190606,20190606,5.7,P,N,,1,AD,73975,1897,,0,0,357224,433096
OPS,Chilliwack R,Chinook,Fall,2018,Chilliwack R,LWFR,CK-9008,FRASER-HARRISON FALL TRANSPLANT_FA_0.3,M,H,Chilliwack River H,Chilliwack R,CK-9008,FRASER-HARRISON FALL TRANSPLANT_FA_0.3,Smolt 0+,185896,2019,20190606,20190606,5.4,P,N,,1,AD,73855,1894,,0,0,343031,418780
OPS,Chilliwack R,Chinook,Fall,2019,Chilliwack R,LWFR,CK-9008,FRASER-HARRISON FALL TRANSPLANT_FA_0.3,M,H,Chilliwack River H,Chilliwack R,CK-9008,FRASER-HARRISON FALL TRANSPLANT_FA_0.3,Smolt 0+,NOCN1972,2020,20200515,20200515,4.95,P,N,,1,,0,0,,0,0,2231008,2231008
OPS,Chilliwack R,Chinook,Fall,2020,Chilliwack R,LWFR,CK-9008,FRASER-HARRISON FALL TRANSPLANT_FA_0.3,M,H,Chilliwack River H,Chilliwack R,CK-9008,FRASER-HARRISON FALL TRANSPLANT_FA_0.3,Smolt 0+,186818,2021,20210516,20210516,5.31,P,N,,1,AD,195531,3516,,0,0,1892245,2091292
OPS,Chilliwack R,Chinook,Fall,2021,Chilliwack R,LWFR,CK-9008,FRASER-HARRISON FALL TRANSPLANT_FA_0.3,M,H,Chilliwack River H,Chilliwack R,CK-9008,FRASER-HARRISON FALL TRANSPLANT_FA_0.3,Smolt 0+,187093,2022,20220519,20220519,4.04,P,N,,1,AD,198816,462,,0,0,1791765,1991043
OPS,Chilliwack R,Chinook,Fall,2022,Chilliwack R,LWFR,CK-9008,FRASER-HARRISON FALL TRANSPLANT_FA_0.3,M,H,Chilliwack River H,Chilliwack R,CK-9008,FRASER-HARRISON FALL TRANSPLANT_FA_0.3,Smolt 0+,180021,2023,20230512,20230603,4.52,P,N,,1,AD,193381,5675,,0,0,1906177,2105233
OPS,Chilliwack R,Chinook,Fall,2023,Chilliwack R,LWFR,CK-9008,FRASER-HARRISON FALL TRANSPLANT_FA_0.3,M,H,Chilliwack River H,Chilliwack R,CK-9008,FRASER-HARRISON FALL TRANSPLANT_FA_0.3,Smolt 0+,180018,2024,20240514,20240603,4.16,P,N,,1,AD,2495,6,,0,0,1595586,1598087
OPS,Chilliwack R,Chinook,Spring,1981,Chilliwack R,LWFR,CK-06,LOWER FRASER RIVER_SU_1.3,W,H,Chilliwack River H,Chilliwack R,CK-06,LOWER FRASER RIVER_SU_1.3,Smolt 0+,022128,1982,198206,19820602,3.8,P,N,,1,AD,4638,28,,0,0,309,4975
OPS,Chilliwack R,Chinook,Spring,1982,Chilliwack R,LWFR,CK-06,LOWER FRASER RIVER_SU_1.3,W,H,Chilliwack River H,Chilliwack R,CK-06,LOWER FRASER RIVER_SU_1.3,Smolt 0+,022551,1983,19830621,19830622,5.6,P,N,,1,AD,9405,6,,0,0,1561,10972
OPS,Chilliwack R,Chinook,Spring,1985,Bowron R,UPFR,CK-12,UPPER FRASER RIVER_SP_1.3,M,H,Chilliwack River H,Chilliwack R,CK-06,LOWER FRASER RIVER_SU_1.3,Smolt 0+,024061,1986,198606,19860602,8.5,B,Y,,1,AD,49481,692,,0,0,102042,152215
OPS,Chilliwack R,Chinook,Spring,1986,Bowron R,UPFR,CK-12,UPPER FRASER RIVER_SP_1.3,M,H,Chilliwack River H,Chilliwack R,CK-06,LOWER FRASER RIVER_SU_1.3,Smolt 0+,024549,1987,198705,19870513,7.4,B,Y,RED FLESH COLOUR,1,AD,24725,182,,0,0,58075,82982
OPS,Chilliwack R,Chinook,Spring,1986,Bowron R,UPFR,CK-12,UPPER FRASER RIVER_SP_1.3,M,H,Chilliwack River H,Chilliwack R,CK-06,LOWER FRASER RIVER_SU_1.3,Smolt 0+,024550,1987,198705,19870513,7.4,B,Y,RED FLESH COLOUR,1,AD,24719,188,,0,0,58075,82982
OPS,Chilliwack R,Chinook,Spring,1986,Slim Cr,UPFR,CK-12,UPPER FRASER RIVER_SP_1.3,M,H,Chilliwack River H,Chilliwack R,CK-06,LOWER FRASER RIVER_SU_1.3,Smolt 0+,024551,1987,198705,19870513,7.6,B,Y,RED FLESH COLOUR,1,AD,24832,691,,0,0,123189,148712
OPS,Chilliwack R,Chinook,Spring,1986,Slim Cr,UPFR,CK-12,UPPER FRASER RIVER_SP_1.3,M,H,Chilliwack River H,Chilliwack R,CK-06,LOWER FRASER RIVER_SU_1.3,Smolt 0+,024552,1987,198705,19870513,7.6,B,Y,RED FLESH COLOUR,1,AD,25218,70,,0,0,125175,150463
OPS,Chilliwack R,Chinook,Spring,1987,Finn Cr,TOMF,CK-18,NORTH THOMPSON_SP_1.3,M,H,Chilliwack River H,Chilliwack R,CK-06,LOWER FRASER RIVER_SU_1.3,Smolt 0+,025157,1988,198805,19880524,8.5,B,Y,UPFR REDS. REPLICATE WITH 025158,1,AD,24802,161,,0,0,84108,109071
OPS,Chilliwack R,Chinook,Spring,1987,Finn Cr,TOMF,CK-18,NORTH THOMPSON_SP_1.3,M,H,Chilliwack River H,Chilliwack R,CK-06,LOWER FRASER RIVER_SU_1.3,Smolt 0+,025158,1988,198805,19880524,8.5,B,Y,UPFR REDS. REPLICATE WITH 025157,1,AD,24833,228,,0,0,84214,109275
OPS,Chilliwack R,Chinook,Spring,1987,Slim Cr,UPFR,CK-12,UPPER FRASER RIVER_SP_1.3,M,H,Chilliwack River H,Chilliwack R,CK-06,LOWER FRASER RIVER_SU_1.3,Smolt 0+,025159,1988,198805,19880517,6.6,B,Y,UPFR REDS. REPLICATE WITH 025160,1,AD,24966,134,,0,0,182883,207983
OPS,Chilliwack R,Chinook,Spring,1987,Slim Cr,UPFR,CK-12,UPPER FRASER RIVER_SP_1.3,M,H,Chilliwack River H,Chilliwack R,CK-06,LOWER FRASER RIVER_SU_1.3,Smolt 0+,025160,1988,198805,19880517,6.6,B,Y,UPFR REDS. REPLICATE WITH 025159,1,AD,24773,316,,0,0,181469,206558
OPS,Chilliwack R,Chinook,Spring,1988,Finn Cr,TOMF,CK-18,NORTH THOMPSON_SP_1.3,M,H,Chilliwack River H,Chilliwack R,CK-06,LOWER FRASER RIVER_SU_1.3,Smolt 0+,025741,1989,19890519,19890526,7.7,B,Y,UPFR REDS. REPLICATE WITH 025142,1,AD,26958,89,,0,0,104097,131144
OPS,Chilliwack R,Chinook,Spring,1988,Finn Cr,TOMF,CK-18,NORTH THOMPSON_SP_1.3,M,H,Chilliwack River H,Chilliwack R,CK-06,LOWER FRASER RIVER_SU_1.3,Smolt 0+,025742,1989,19890519,19890526,7.7,B,Y,UPFR REDS. REPLICATE WITH 025141,1,AD,22977,328,,0,0,88724,112029
OPS,Chilliwack R,Chinook,Spring,1988,Slim Cr,UPFR,CK-12,UPPER FRASER RIVER_SP_1.3,M,H,Chilliwack River H,Chilliwack R,CK-06,LOWER FRASER RIVER_SU_1.3,Smolt 0+,025743,1989,19890519,19890526,7.9,B,Y,UPFR REDS. REPLICATE WITH 025744,1,AD,27023,96,,0,0,190998,218117
OPS,Chilliwack R,Chinook,Spring,1988,Slim Cr,UPFR,CK-12,UPPER FRASER RIVER_SP_1.3,M,H,Chilliwack River H,Chilliwack R,CK-06,LOWER FRASER RIVER_SU_1.3,Smolt 0+,025744,1989,19890519,19890526,7.9,B,Y,UPFR REDS. REPL. WITH 025743. AD ONLYS INCLUDE 264 TOO SMALL TO TA,1,AD,22797,37,AD,264,0,161128,184226
OPS,Chilliwack R,Chinook,Spring,2002,Chilliwack R,LWFR,CK-06,LOWER FRASER RIVER_SU_1.3,W,H,Chilliwack River H,Chilliwack R,CK-06,LOWER FRASER RIVER_SU_1.3,Smolt 0+,184260,2003,20030602,20030602,5.5,P,N,ONLY MORTS CHECKED FOR TAG LOSS TO REDUCE STRESS,1,AD,6805,0,,0,0,,6805
OPS,Chilliwack R,Chinook,Spring,2005,Chilliwack R,LWFR,CK-06,LOWER FRASER RIVER_SU_1.3,W,H,Chilliwack River H,Cent/Bulbeard Ch,,,Smolt 0+,185621,2006,20060515,20060515,3.44,P,U,"SMALL (2.0G) WERE CLIPPED ONLY, LARGE (3.81G) CLIP&CWT",1,AD,2992,0,AD,770,0,,3762
OPS,Chilliwack R,Chinook,Summer,1981,Pitt R Up,LWFR,CK-05,LOWER FRASER RIVER-UPPER PITT_SU_1.3,W,H,Chilliwack River H,Chilliwack R,CK-06,LOWER FRASER RIVER_SU_1.3,Smolt 0+,022159,1982,198205,19820516,8.7,B,Y,,1,AD,48188,3156,,0,0,6500,57844
OPS,Chilliwack R,Chinook,Summer,1981,Pitt R Up,LWFR,CK-05,LOWER FRASER RIVER-UPPER PITT_SU_1.3,W,H,Chilliwack River H,Chilliwack R,CK-06,LOWER FRASER RIVER_SU_1.3,Fed Fry,NOCN8104,1982,198204,19820401,2,B,Y,ALL PINHEADS,1,,0,0,,0,0,2521,2521
OPS,Chilliwack R,Chinook,Summer,1981,Pitt R Up,LWFR,CK-05,LOWER FRASER RIVER-UPPER PITT_SU_1.3,W,H,Chilliwack River H,Pitt R Up,CK-05,LOWER FRASER RIVER-UPPER PITT_SU_1.3,Smolt 0+,022157,1982,198204,19820408,4,P,N,,1,AD,48299,1001,,0,0,,49300
OPS,Chilliwack R,Chinook,Summer,1985,Chilko R,UPFR,CK-11,MIDDLE FRASER RIVER_SU_1.3,M,H,Chilliwack River H,Chilliwack R,CK-06,LOWER FRASER RIVER_SU_1.3,Smolt 0+,024062,1986,198606,19860602,6.3,B,Y,,1,AD,48418,1704,,0,0,130337,180459
OPS,Chilliwack R,Chinook,Summer,1985,Chilliwack R,LWFR,CK-06,LOWER FRASER RIVER_SU_1.3,M,H,Chilliwack River H,Chilliwack R,CK-06,LOWER FRASER RIVER_SU_1.3,Smolt 0+,024056,1986,198605,19860521,12,B,Y,SUMMER WHITES,1,AD,7054,96,,0,0,33835,40985
OPS,Chilliwack R,Chinook,Summer,1985,Quesnel R,UPFR,CK-11,MIDDLE FRASER RIVER_SU_1.3,M,H,Chilliwack River H,Chilliwack R,CK-06,LOWER FRASER RIVER_SU_1.3,Smolt 0+,024063,1986,198606,19860602,6.1,B,Y,,1,AD,47532,1420,,0,0,112148,161100
OPS,Chilliwack R,Chinook,Summer,1986,Chilliwack R,LWFR,CK-06,LOWER FRASER RIVER_SU_1.3,M,H,Chilliwack River H,Chilliwack R,CK-06,LOWER FRASER RIVER_SU_1.3,Smolt 0+,024244,1987,19870428,19870507,15,P,N,SUMMER WHITES.REP. WITH 024245,1,AD,25032,37,,0,0,28194,53263
OPS,Chilliwack R,Chinook,Summer,1986,Chilliwack R,LWFR,CK-06,LOWER FRASER RIVER_SU_1.3,M,H,Chilliwack River H,Chilliwack R,CK-06,LOWER FRASER RIVER_SU_1.3,Smolt 0+,024245,1987,19870428,19870507,15,P,N,SUMMER WHITES.REP. WITH 024244,1,AD,25124,21,,0,0,28297,53442
OPS,Chilliwack R,Chinook,Summer,1987,Chilko R,UPFR,CK-11,MIDDLE FRASER RIVER_SU_1.3,M,H,Chilliwack River H,Chilliwack R,CK-06,LOWER FRASER RIVER_SU_1.3,Smolt 0+,025161,1988,19880516,19880603,7.4,B,Y,UPFR REDS. REPLICATE WITH 025162,1,AD,25007,60,,0,0,111015,136082
OPS,Chilliwack R,Chinook,Summer,1987,Chilko R,UPFR,CK-11,MIDDLE FRASER RIVER_SU_1.3,M,H,Chilliwack River H,Chilliwack R,CK-06,LOWER FRASER RIVER_SU_1.3,Smolt 0+,025162,1988,19880516,19880607,7.4,B,Y,UPFR REDS. REPLICATE WITH 025161,1,AD,24995,64,,0,0,110961,136020
OPS,Chilliwack R,Chinook,Summer,1989,Chilliwack R,LWFR,CK-06,LOWER FRASER RIVER_SU_1.3,M,H,Chilliwack River H,Chilliwack R,CK-06,LOWER FRASER RIVER_SU_1.3,Smolt 0+,020430,1990,19900515,19900515,8.2,P,N,COMBINE WITH 020431.PROGENY OF BOWRON TRANSPLANT.,1,AD,23160,1800,,0,0,102968,127928
OPS,Chilliwack R,Chinook,Summer,1989,Chilliwack R,LWFR,CK-06,LOWER FRASER RIVER_SU_1.3,M,H,Chilliwack River H,Chilliwack R,CK-06,LOWER FRASER RIVER_SU_1.3,Smolt 0+,020431,1990,19900515,19900515,8.2,P,N,COMBINE WITH 020430. PROGENY OF BOWRON TRANSPLANT.,1,AD,23326,1813,,0,0,103706,128845
OPS,Chilliwack R,Chinook,Summer,1990,Chilliwack R,LWFR,CK-06,LOWER FRASER RIVER_SU_1.3,M,H,Chilliwack River H,Chilliwack R,CK-06,LOWER FRASER RIVER_SU_1.3,Smolt 0+,020329,1991,199105,19910515,7.9,P,N,COMBINE WITH 020330,1,AD,24739,1193,,0,0,160518,186450
OPS,Chilliwack R,Chinook,Summer,1990,Chilliwack R,LWFR,CK-06,LOWER FRASER RIVER_SU_1.3,M,H,Chilliwack River H,Chilliwack R,CK-06,LOWER FRASER RIVER_SU_1.3,Smolt 0+,020330,1991,199105,19910515,7.9,P,N,COMBINE WITH 020329,1,AD,24934,0,,0,0,161783,186717
OPS,Chilliwack R,Chinook,Summer,1990,Chilliwack R,LWFR,CK-06,LOWER FRASER RIVER_SU_1.3,M,H,Chilliwack River H,Chilliwack R,CK-06,LOWER FRASER RIVER_SU_1.3,Smolt 0+,020331,1991,19910406,19910503,5.5,B,N,COMBINE W/020332 ACCIDENTAL RELEASE. SIZE RANGE 4-7.1G. FUNGUS.,1,AD,23351,236,,0,0,216869,240456
OPS,Chilliwack R,Chinook,Summer,1990,Chilliwack R,LWFR,CK-06,LOWER FRASER RIVER_SU_1.3,M,H,Chilliwack River H,Chilliwack R,CK-06,LOWER FRASER RIVER_SU_1.3,Smolt 0+,020332,1991,19910406,19910503,5.5,B,N,COMBINE W/020331. ACCIDENTAL RELEASE. SIZE RANGE 4-7.1G. FUNGUS,1,AD,23540,47,,0,0,216869,240456
OPS,Chilliwack R,Chinook,Summer,1991,Chilliwack R,LWFR,CK-06,LOWER FRASER RIVER_SU_1.3,M,H,Chilliwack River H,Chilliwack R,CK-06,LOWER FRASER RIVER_SU_1.3,Smolt 0+,180434,1992,19920504,19920518,8.5,P,N,COMBINE WITH 180435,1,AD,24523,82,,0,0,187254,211859
OPS,Chilliwack R,Chinook,Summer,1991,Chilliwack R,LWFR,CK-06,LOWER FRASER RIVER_SU_1.3,M,H,Chilliwack River H,Chilliwack R,CK-06,LOWER FRASER RIVER_SU_1.3,Smolt 0+,180435,1992,19920504,19920518,8.5,P,N,COMBINE WITH 180434,1,AD,24539,88,,0,0,187377,212004
OPS,Chilliwack R,Chinook,Summer,1992,Chilliwack R,LWFR,CK-06,LOWER FRASER RIVER_SU_1.3,M,H,Chilliwack River H,Chilliwack R,CK-06,LOWER FRASER RIVER_SU_1.3,Smolt 0+,180937,1993,19930504,19930513,7.5,P,N,,1,AD,47623,213,,0,0,353261,401097
OPS,Chilliwack R,Chinook,Summer,1992,Chilliwack R,LWFR,CK-06,LOWER FRASER RIVER_SU_1.3,M,H,Chilliwack River H,Chilliwack R,CK-06,LOWER FRASER RIVER_SU_1.3,Unfed,NOCN9207,1992,199212,19921209,0.35,P,N,,1,,0,0,,0,0,53313,53313
OPS,Chilliwack R,Chinook,Summer,1993,Chilliwack R,LWFR,CK-06,LOWER FRASER RIVER_SU_1.3,M,H,Chilliwack River H,Chilliwack R,CK-06,LOWER FRASER RIVER_SU_1.3,Smolt 0+,NOCN9310,1994,19940504,19940510,7.5,P,N,,1,,0,0,,0,0,411510,411510
OPS,Chilliwack R,Chinook,Summer,1994,Chilliwack R,LWFR,CK-06,LOWER FRASER RIVER_SU_1.3,M,H,Chilliwack River H,Chilliwack R,CK-06,LOWER FRASER RIVER_SU_1.3,Smolt 0+,NOCN9404,1995,19950504,19950510,6.5,P,N,,1,,0,0,,0,0,452650,452650
OPS,Chilliwack R,Chinook,Summer,1995,Chilliwack R,LWFR,CK-06,LOWER FRASER RIVER_SU_1.3,M,H,Chilliwack River H,Chilliwack R,CK-06,LOWER FRASER RIVER_SU_1.3,Smolt 0+,NOCN9518,1996,19960506,19960514,6.5,P,N,,1,,0,0,,0,0,442680,442680
OPS,Chilliwack R,Chinook,Summer,1996,Chilliwack R,LWFR,CK-06,LOWER FRASER RIVER_SU_1.3,M,H,Chilliwack River H,Chilliwack R,CK-06,LOWER FRASER RIVER_SU_1.3,Smolt 0+,NOCN9619,1997,19970505,19970512,5.5,P,N,,1,,0,0,,0,0,404833,404833
OPS,Chilliwack R,Chinook,Summer,1997,Chilliwack R,LWFR,CK-06,LOWER FRASER RIVER_SU_1.3,M,H,Chilliwack River H,Chilliwack R,CK-06,LOWER FRASER RIVER_SU_1.3,Smolt 0+,NOCN9743,1998,19980406,19980422,6,P,N,,1,,0,0,,0,0,409319,409319
OPS,Chilliwack R,Chinook,Summer,1998,Chilliwack R,LWFR,CK-06,LOWER FRASER RIVER_SU_1.3,M,H,Chilliwack River H,Chilliwack R,CK-06,LOWER FRASER RIVER_SU_1.3,Smolt 0+,NOCN9881,1999,19990422,19990428,6.5,P,N,,1,,0,0,,0,0,526035,526035
OPS,Chilliwack R,Chinook,Summer,1999,Chilliwack R,LWFR,CK-06,LOWER FRASER RIVER_SU_1.3,M,H,Chilliwack River H,Chilliwack R,CK-06,LOWER FRASER RIVER_SU_1.3,Smolt 0+,NOCN9938,2000,20000421,20000428,8.1,P,N,,1,,0,0,,0,0,406112,406112
OPS,Chilliwack R,Chinook,Summer,2000,Chilliwack R,LWFR,CK-06,LOWER FRASER RIVER_SU_1.3,M,H,Chilliwack River H,Chilliwack R,CK-06,LOWER FRASER RIVER_SU_1.3,Smolt 0+,NOCN0047,2001,20010424,20010427,6.6,P,N,NUMBER RELEASED REFLECTS AN EST. 4% PREDATION LOSS.,1,,0,0,,0,0,432999,432999
OPS,Chilliwack R,Chinook,Summer,2001,Chilliwack R,LWFR,CK-06,LOWER FRASER RIVER_SU_1.3,M,H,Chilliwack River H,Chilliwack R,CK-06,LOWER FRASER RIVER_SU_1.3,Smolt 0+,NOCN0116,2002,20020422,20020501,6.8,P,N,NUMBER RELEASED REFLECTS APPROX. 5% LOSS DUE TO PREDATION IN REARING CHANNEL.,1,,0,0,,0,0,357265,357265
OPS,Chilliwack R,Chinook,Summer,2002,Chilliwack R,LWFR,CK-06,LOWER FRASER RIVER_SU_1.3,M,H,Chilliwack River H,Chilliwack R,CK-06,LOWER FRASER RIVER_SU_1.3,Smolt 0+,NOCN0238,2003,20030422,20030501,6.8,P,N,,1,,0,0,,0,0,460330,460330
OPS,Chilliwack R,Chinook,Summer,2003,Chilliwack R,LWFR,CK-06,LOWER FRASER RIVER_SU_1.3,M,H,Chilliwack River H,Chilliwack R,CK-06,LOWER FRASER RIVER_SU_1.3,Smolt 0+,NOCN0302,2004,20040407,20040427,7.76,P,N,,1,,0,0,,0,0,501659,501659
OPS,Chilliwack R,Chinook,Summer,2004,Chilliwack R,LWFR,CK-06,LOWER FRASER RIVER_SU_1.3,M,H,Chilliwack River H,Chilliwack R,CK-06,LOWER FRASER RIVER_SU_1.3,Smolt 0+,NOCN0429,2005,20050418,20050427,7.54,P,N,,1,,0,0,,0,0,478345,478345
OPS,Chilliwack R,Chinook,Summer,2005,Chilliwack R,LWFR,CK-06,LOWER FRASER RIVER_SU_1.3,M,H,Chilliwack River H,Chilliwack R,CK-06,LOWER FRASER RIVER_SU_1.3,Smolt 0+,NOCN0507,2006,20060424,20060429,6.7,P,N,FINAL RELEASE ADJUSTED FOR PREDATION LOSSES,1,,0,0,,0,0,418105,418105
OPS,Chilliwack R,Chinook,Summer,2006,Chilliwack R,LWFR,CK-06,LOWER FRASER RIVER_SU_1.3,M,H,Chilliwack River H,Chilliwack R,CK-06,LOWER FRASER RIVER_SU_1.3,Smolt 0+,NOCN0663,2007,20070426,20070426,8.2,P,N,,1,,0,0,,0,0,419101,419101
OPS,Chilliwack R,Chinook,Summer,2007,Chilliwack R,LWFR,CK-06,LOWER FRASER RIVER_SU_1.3,M,H,Chilliwack River H,Chilliwack R,CK-06,LOWER FRASER RIVER_SU_1.3,Smolt 0+,NOCN0708,2008,20080429,20080429,7.41,P,N,RIVER SLIGHTLY COLOURED AND HIGH AT TIME OF RELEASE.,1,,0,0,,0,0,431941,431941
OPS,Chilliwack R,Chinook,Summer,2008,Chilliwack R,LWFR,CK-06,LOWER FRASER RIVER_SU_1.3,M,H,Chilliwack River H,Chilliwack R,CK-06,LOWER FRASER RIVER_SU_1.3,Smolt 0+,NOCN0823,2009,20090501,20090501,7.3,P,N,FLUSH RELEASE AT DUSK.,1,,0,0,,0,0,514750,514750
OPS,Chilliwack R,Chinook,Summer,2009,Chilliwack R,LWFR,CK-06,LOWER FRASER RIVER_SU_1.3,M,H,Chilliwack River H,Chilliwack R,CK-06,LOWER FRASER RIVER_SU_1.3,Smolt 0+,NOCN0908,2010,20100421,20100421,,P,N,,1,,0,0,,0,0,492486,492486
OPS,Chilliwack R,Chinook,Summer,2010,Chilliwack R,LWFR,CK-06,LOWER FRASER RIVER_SU_1.3,M,H,Chilliwack River H,Chilliwack R,CK-06,LOWER FRASER RIVER_SU_1.3,Smolt 0+,NOCN1067,2011,20110428,20110428,7.36,P,N,,1,,0,0,,0,0,321985,321985
OPS,Chilliwack R,Chinook,Summer,2011,Chilliwack R,LWFR,CK-06,LOWER FRASER RIVER_SU_1.3,H,H,Chilliwack River H,Chilliwack R,CK-06,LOWER FRASER RIVER_SU_1.3,Smolt 0+,NOCN1104,2012,20120423,20120423,6.21,P,N,,1,,0,0,,0,0,467878,467878
OPS,Chilliwack R,Chinook,Summer,2012,Chilliwack R,LWFR,CK-06,LOWER FRASER RIVER_SU_1.3,M,H,Chilliwack River H,Chilliwack R,CK-06,LOWER FRASER RIVER_SU_1.3,Smolt 0+,NOCN1261,2013,20130502,20130502,7.78,P,N,,1,,0,0,,0,0,491265,491265
OPS,Chilliwack R,Chinook,Summer,2013,Chilliwack R,LWFR,CK-06,LOWER FRASER RIVER_SU_1.3,M,H,Chilliwack River H,Chilliwack R,CK-06,LOWER FRASER RIVER_SU_1.3,Smolt 0+,NOCN1375,2014,20140501,20140504,6.75,P,N,"Volitional realease for 4 days, then forced released after.",1,,0,0,,0,0,456924,456924
OPS,Chilliwack R,Chinook,Summer,2014,Chilliwack R,LWFR,CK-06,LOWER FRASER RIVER_SU_1.3,M,H,Chilliwack River H,Chilliwack R,CK-06,LOWER FRASER RIVER_SU_1.3,Smolt 0+,NOCN1438,2015,20150423,20150423,7.73,P,N,,1,,0,0,,0,0,522998,522998
OPS,Chilliwack R,Chinook,Summer,2015,Chilliwack R,LWFR,CK-06,LOWER FRASER RIVER_SU_1.3,M,H,Chilliwack River H,Chilliwack R,CK-06,LOWER FRASER RIVER_SU_1.3,Smolt 0+,NOCN1530,2016,20160428,20160428,6.98,P,N,,1,,0,0,,0,0,503867,503867
OPS,Chilliwack R,Chinook,Summer,2015,Chilliwack R,LWFR,CK-06,LOWER FRASER RIVER_SU_1.3,M,H,Chilliwack River H,Pierce Ch & Pd,CK-06,LOWER FRASER RIVER_SU_1.3,Fed Fry,NOCN1531,2015,20151130,20151130,0.3,P,N,,1,,0,0,,0,0,26056,26056
OPS,Chilliwack R,Chinook,Summer,2016,Chilliwack R,LWFR,CK-06,LOWER FRASER RIVER_SU_1.3,M,H,Chilliwack River H,Chilliwack R,CK-06,LOWER FRASER RIVER_SU_1.3,Smolt 0+,NOCN1628,2017,20170427,20170501,7,P,N,,1,,0,0,,0,0,530108,530108
OPS,Chilliwack R,Chinook,Summer,2017,Chilliwack R,LWFR,CK-06,LOWER FRASER RIVER_SU_1.3,M,H,Chilliwack River H,Chilliwack R,CK-06,LOWER FRASER RIVER_SU_1.3,Smolt 0+,NOCN1740,2018,20180427,20180427,7,P,N,,1,,0,0,,0,0,521254,521254
OPS,Chilliwack R,Chinook,Summer,2018,Chilliwack R,LWFR,CK-06,LOWER FRASER RIVER_SU_1.3,M,H,Chilliwack River H,Chilliwack R,CK-06,LOWER FRASER RIVER_SU_1.3,Smolt 0+,NOCN1854,2019,20190505,20190505,7,P,N,,1,,0,0,,0,0,482905,482905
OPS,Chilliwack R,Chinook,Summer,2019,Chilliwack R,LWFR,CK-06,LOWER FRASER RIVER_SU_1.3,M,H,Chilliwack River H,Chilliwack R,CK-06,LOWER FRASER RIVER_SU_1.3,Smolt 0+,NOCN1971,2020,20200430,20200430,6.07,P,N,,1,,0,0,,0,0,547769,547769
OPS,Chilliwack R,Chinook,Summer,2020,Chilliwack R,LWFR,CK-06,LOWER FRASER RIVER_SU_1.3,M,H,Chilliwack River H,Chilliwack R,CK-06,LOWER FRASER RIVER_SU_1.3,Smolt 0+,NOCN2009,2021,20210421,20210421,6,P,N,,1,,0,0,,0,0,504024,504024
OPS,Chilliwack R,Chinook,Summer,2021,Chilliwack R,LWFR,CK-06,LOWER FRASER RIVER_SU_1.3,M,H,Chilliwack River H,Chilliwack R,CK-06,LOWER FRASER RIVER_SU_1.3,Smolt 0+,NOCN2124,2022,20220429,20220429,5.06,P,N,,1,,0,0,,0,0,526231,526231
OPS,Chilliwack R,Chinook,Summer,2022,Chilliwack R,LWFR,CK-06,LOWER FRASER RIVER_SU_1.3,M,H,Chilliwack River H,Chilliwack R,CK-06,LOWER FRASER RIVER_SU_1.3,Smolt 0+,186607,2023,20230508,20230508,6.22,P,N,,1,AD,97142,652,,0,0,47014,144808
OPS,Chilliwack R,Chinook,Summer,2022,Chilliwack R,LWFR,CK-06,LOWER FRASER RIVER_SU_1.3,M,H,Chilliwack River H,Chilliwack R,CK-06,LOWER FRASER RIVER_SU_1.3,Smolt 0+,186796,2023,20230508,20230508,6.22,P,N,,1,AD,101345,817,,0,0,49048,151210
OPS,Chilliwack R,Chinook,Summer,2023,Chilliwack R,LWFR,CK-06,LOWER FRASER RIVER_SU_1.3,M,H,Chilliwack River H,Chilliwack R,CK-06,LOWER FRASER RIVER_SU_1.3,Smolt 0+,180017,2024,20240506,20240506,6.7,P,N,,1,AD,204624,3074,,0,0,283358,491056
OPS,Clearwater R Up,Chinook,Spring,1985,Finn Cr,TOMF,CK-18,NORTH THOMPSON_SP_1.3,W,H,"Clearwater River, Up, H",Finn Cr,CK-18,NORTH THOMPSON_SP_1.3,Smolt 0+,023409,1986,19860414,19860416,6.6,B,N,TIME OF RELEASE-EARLY. SEE 023410 (EARLY) & 023411-12 (LATE),1,AD,21003,519,,0,0,14384,35906
OPS,Clearwater R Up,Chinook,Spring,1985,Finn Cr,TOMF,CK-18,NORTH THOMPSON_SP_1.3,W,H,"Clearwater River, Up, H",Finn Cr,CK-18,NORTH THOMPSON_SP_1.3,Smolt 0+,023410,1986,19860414,19860416,6.6,B,N,TIME OF RELEASE EARLY). SEE 023409 (EARLY) & 023411-12 (LATE),1,AD,21333,519,,0,0,14604,36456
OPS,Clearwater R Up,Chinook,Spring,1985,Finn Cr,TOMF,CK-18,NORTH THOMPSON_SP_1.3,W,H,"Clearwater River, Up, H",Finn Cr,CK-18,NORTH THOMPSON_SP_1.3,Smolt 0+,023411,1986,19860512,19860513,7.9,B,N,TIME OF RELEASE LATE). SEE 023409-10(EARLY) & 023412(LATE).,1,AD,21046,116,,0,0,11845,33007
OPS,Clearwater R Up,Chinook,Spring,1985,Finn Cr,TOMF,CK-18,NORTH THOMPSON_SP_1.3,W,H,"Clearwater River, Up, H",Finn Cr,CK-18,NORTH THOMPSON_SP_1.3,Smolt 0+,023412,1986,19860512,19860513,7.9,B,N,TIME OF RELEASE-LATE. SEE 023409-10 (EARLY) & 023411 (LATE),1,AD,21155,356,,0,0,12040,33551
OPS,Clearwater R Up,Chinook,Spring,1986,Finn Cr,TOMF,CK-18,NORTH THOMPSON_SP_1.3,M,H,"Clearwater River, Up, H",Adams R Up,,,Smolt 0+,024525,1987,19870414,19870416,6.4,B,Y,,1,AD,24846,486,,0,0,96808,122140
OPS,Clearwater R Up,Chinook,Spring,1986,Finn Cr,TOMF,CK-18,NORTH THOMPSON_SP_1.3,M,H,"Clearwater River, Up, H",Adams R Up,,,Smolt 0+,024526,1987,19870513,19870514,10.1,B,Y,RELEASE ABOVE TUM TUM LAKE,1,AD,25338,122,,0,0,101470,126930
OPS,Clearwater R Up,Chinook,Spring,1986,Finn Cr,TOMF,CK-18,NORTH THOMPSON_SP_1.3,M,H,"Clearwater River, Up, H",Adams R Up,,,Smolt 0+,024527,1987,19870421,19870424,6.8,B,Y,,1,AD,25558,330,,0,0,216492,242380
OPS,Clearwater R Up,Chinook,Spring,1987,Finn Cr,TOMF,CK-18,NORTH THOMPSON_SP_1.3,M,H,"Clearwater River, Up, H",Adams R Up,,,Smolt 0+,025205,1988,19880411,19880414,5.3,B,Y,REPLICATE OF 025206. REL TO UPPER ADAMS,1,AD,25744,22,,0,0,131644,157410
OPS,Clearwater R Up,Chinook,Spring,1987,Finn Cr,TOMF,CK-18,NORTH THOMPSON_SP_1.3,M,H,"Clearwater River, Up, H",Adams R Up,,,Smolt 0+,025206,1988,19880411,19880414,5.3,B,Y,REPLICATE OF 025205. REL TO UPPER ADAMS,1,AD,25622,78,,0,0,131020,156720
OPS,Clearwater R Up,Chinook,Spring,1988,Finn Cr,TOMF,CK-18,NORTH THOMPSON_SP_1.3,M,H,"Clearwater River, Up, H",Adams R Up,,,Smolt 0+,025512,1989,19890411,19890413,5.9,B,Y,,1,AD,49692,192,,0,0,92026,141910
OPS,Clearwater R Up,Chinook,Spring,1988,Finn Cr,TOMF,CK-18,NORTH THOMPSON_SP_1.3,M,H,"Clearwater River, Up, H",Adams R Up,,,Smolt 0+,025515,1989,19890411,19890413,5.9,B,Y,,1,AD,49744,372,,0,0,92454,142570
OPS,Clearwater R Up,Chinook,Spring,1989,Finn Cr,TOMF,CK-18,NORTH THOMPSON_SP_1.3,M,H,"Clearwater River, Up, H",Finn Cr,CK-18,NORTH THOMPSON_SP_1.3,Smolt 0+,NOCN8903,1990,19900509,19900511,6.9,P,N,,1,,0,0,,0,0,466400,466400
OPS,Clearwater R Up,Chinook,Summer,1984,Clearwater R Up,TOMF,CK-19,NORTH THOMPSON_SU_1.3,W,H,"Clearwater River, Up, H",Clearwater R Up,CK-19,NORTH THOMPSON_SU_1.3,Fed Fry,022804,1985,198505,19850502,2.8,B,N,EARLY RELEASE BELOW THE HATCHERY,1,AD,39989,1516,,0,0,46530,88035
OPS,Clearwater R Up,Chinook,Summer,1984,Clearwater R Up,TOMF,CK-19,NORTH THOMPSON_SU_1.3,W,H,"Clearwater River, Up, H",Clearwater R Up,CK-19,NORTH THOMPSON_SU_1.3,Smolt 0+,022807,1985,198505,19850523,4.1,B,N,LATE RELEASE BELOW THE HATCHERY,1,AD,40650,843,,0,0,41575,83068
OPS,Clearwater R Up,Chinook,Summer,1984,Clearwater R Up,TOMF,CK-19,NORTH THOMPSON_SU_1.3,W,H,"Clearwater River, Up, H",Clearwater R Up,CK-19,NORTH THOMPSON_SU_1.3,Fed Fry,022827,1985,19850430,19850501,2.8,B,N,EARLY RELEASE ABOVE THE HATCHERY,1,AD,40106,1549,,0,0,137817,179472
OPS,Clearwater R Up,Chinook,Summer,1984,Clearwater R Up,TOMF,CK-19,NORTH THOMPSON_SU_1.3,W,H,"Clearwater River, Up, H",Clearwater R Up,CK-19,NORTH THOMPSON_SU_1.3,Smolt 0+,023044,1985,19850525,19850526,4.1,B,N,LATE RELEASE ABOVE THE HATCHERY,1,AD,40288,1016,,0,0,137218,178522
OPS,Clearwater R Up,Chinook,Summer,1984,Raft R,TOMF,CK-19,NORTH THOMPSON_SU_1.3,W,H,"Clearwater River, Up, H",Raft R,CK-19,NORTH THOMPSON_SU_1.3,Smolt 0+,023052,1985,19850421,19850423,3.8,B,N,TIME OF RELEASE-EARLY,1,AD,49588,1305,,0,0,19658,70551
OPS,Clearwater R Up,Chinook,Summer,1984,Raft R,TOMF,CK-19,NORTH THOMPSON_SU_1.3,W,H,"Clearwater River, Up, H",Raft R,CK-19,NORTH THOMPSON_SU_1.3,Smolt 0+,023053,1985,198505,19850515,5.9,B,N,TIME OF RELEASE - LATE,1,AD,49804,1351,,0,0,26302,77457
OPS,Clearwater R Up,Chinook,Summer,1985,Clearwater R Up,TOMF,CK-19,NORTH THOMPSON_SU_1.3,W,H,"Clearwater River, Up, H",Clearwater R Up,CK-19,NORTH THOMPSON_SU_1.3,Smolt 0+,023719,1986,19860429,19860501,3.4,B,N,TIME OF RELEASE - 1ST RELEASE. SEE 023720-023722.,1,AD,52096,65,,0,0,65889,118050
OPS,Clearwater R Up,Chinook,Summer,1985,Clearwater R Up,TOMF,CK-19,NORTH THOMPSON_SU_1.3,W,H,"Clearwater River, Up, H",Clearwater R Up,CK-19,NORTH THOMPSON_SU_1.3,Smolt 0+,023720,1986,19860527,19860529,5.5,B,N,TIME OF RELEASE - 2ND RELEASE. SEE 023719-023722.,1,AD,52279,79,,0,0,61975,114333
OPS,Clearwater R Up,Chinook,Summer,1985,Clearwater R Up,TOMF,CK-19,NORTH THOMPSON_SU_1.3,W,H,"Clearwater River, Up, H",Clearwater R Up,CK-19,NORTH THOMPSON_SU_1.3,Smolt 0+,023721,1986,19860623,19860625,7.2,B,N,TIME OF RELEASE - 3RD RELEASE. SEE 023719-023722.,1,AD,49897,1955,,0,0,69908,121760
OPS,Clearwater R Up,Chinook,Summer,1985,Clearwater R Up,TOMF,CK-19,NORTH THOMPSON_SU_1.3,W,H,"Clearwater River, Up, H",Clearwater R Up,CK-19,NORTH THOMPSON_SU_1.3,Smolt 0+,023722,1986,19860729,19860731,11.9,B,N,TIME OF RELEASE - 4TH RELEASE. SEE 023719-023722.,1,AD,48230,3163,,0,0,70607,122000
OPS,Clearwater R Up,Chinook,Summer,1985,Raft R,TOMF,CK-19,NORTH THOMPSON_SU_1.3,W,H,"Clearwater River, Up, H",Raft R,CK-19,NORTH THOMPSON_SU_1.3,Smolt 0+,023542,1986,198604,19860428,4.8,B,N,TIME &OF RELEASE-EARLY. SEE 023543(EARLY) AND 023544-45 (LATE).,1,AD,21258,203,,0,0,13573,35034
OPS,Clearwater R Up,Chinook,Summer,1985,Raft R,TOMF,CK-19,NORTH THOMPSON_SU_1.3,W,H,"Clearwater River, Up, H",Raft R,CK-19,NORTH THOMPSON_SU_1.3,Smolt 0+,023543,1986,198604,19860428,4.8,B,N,TIME OF RELEASE-EARLY. SEE 023542 (EARLY) & 023544-45 (LATE),1,AD,20875,354,,0,0,13427,34656
OPS,Clearwater R Up,Chinook,Summer,1985,Raft R,TOMF,CK-19,NORTH THOMPSON_SU_1.3,W,H,"Clearwater River, Up, H",Raft R,CK-19,NORTH THOMPSON_SU_1.3,Smolt 0+,023544,1986,198605,19860526,7.5,B,N,TIME OF RELEASE-LATE. SEE 023542-43(EARLY) & 023545(LATE).,1,AD,18255,490,,0,0,14314,33059
OPS,Clearwater R Up,Chinook,Summer,1985,Raft R,TOMF,CK-19,NORTH THOMPSON_SU_1.3,W,H,"Clearwater River, Up, H",Raft R,CK-19,NORTH THOMPSON_SU_1.3,Smolt 0+,023545,1986,198605,19860526,7.5,B,N,TIME OF RELEASE-LATE. SEE 023542-43(EARLY) & 023544(LATE).,1,AD,20735,175,,0,0,15967,36877
OPS,Clearwater R Up,Chinook,Summer,1986,Clearwater R Low,TOMF,CK-19,NORTH THOMPSON_SU_1.3,M,H,"Clearwater River, Up, H",Clearwater R Low,CK-19,NORTH THOMPSON_SU_1.3,Smolt 0+,024521,1987,19870502,19870503,4.5,B,N,TIME OF RELEASE:1ST RELEASE. ALSO SEE 024522-24.,1,AD,25292,255,,0,0,117360,142907
OPS,Clearwater R Up,Chinook,Summer,1986,Clearwater R Low,TOMF,CK-19,NORTH THOMPSON_SU_1.3,M,H,"Clearwater River, Up, H",Clearwater R Low,CK-19,NORTH THOMPSON_SU_1.3,Smolt 0+,024522,1987,19870519,19870520,5.3,B,N,TIME OF RELEASE-2ND RELEASE. SEE 024521 & 024523-24,1,AD,24877,466,,0,0,114593,139936
OPS,Clearwater R Up,Chinook,Summer,1986,Clearwater R Low,TOMF,CK-19,NORTH THOMPSON_SU_1.3,M,H,"Clearwater River, Up, H",Clearwater R Low,CK-19,NORTH THOMPSON_SU_1.3,Smolt 0+,024523,1987,19870620,19870621,9.7,B,N,TIME OF RELEASE- 3RD RELEASE. SEE 024521-22 & 024524.,1,AD,26091,0,,0,0,115935,142026
OPS,Clearwater R Up,Chinook,Summer,1986,Clearwater R Low,TOMF,CK-19,NORTH THOMPSON_SU_1.3,M,H,"Clearwater River, Up, H",Clearwater R Low,CK-19,NORTH THOMPSON_SU_1.3,Smolt 0+,024524,1987,19870721,19870722,14.7,B,N,TIME OF RELEASE-4TH RELEASE. SEE 024521-23.,1,AD,25302,288,,0,0,117250,142840
OPS,Clearwater R Up,Chinook,Summer,1986,Clearwater R Up,TOMF,CK-19,NORTH THOMPSON_SU_1.3,M,H,"Clearwater River, Up, H",Clearwater R Up,CK-19,NORTH THOMPSON_SU_1.3,Smolt 0+,024247,1987,19870507,19870508,3.6,B,N,TIME OF RELEASE 1 - SEE 024248-50.,1,AD,25256,255,,0,0,153506,179017
OPS,Clearwater R Up,Chinook,Summer,1986,Clearwater R Up,TOMF,CK-19,NORTH THOMPSON_SU_1.3,M,H,"Clearwater River, Up, H",Clearwater R Up,CK-19,NORTH THOMPSON_SU_1.3,Smolt 0+,024248,1987,19870527,19870528,5.9,B,N,"TIME OF RELEASE 2. SEE 024247,024249-50.",1,AD,24910,470,,0,0,153540,178920
OPS,Clearwater R Up,Chinook,Summer,1986,Clearwater R Up,TOMF,CK-19,NORTH THOMPSON_SU_1.3,M,H,"Clearwater River, Up, H",Clearwater R Up,CK-19,NORTH THOMPSON_SU_1.3,Smolt 0+,024249,1987,19870623,19870624,7.9,B,N,"TIME OF RELEASE 3. SEE 024247-48, 024250.",1,AD,25507,159,,0,0,146313,171979
OPS,Clearwater R Up,Chinook,Summer,1986,Clearwater R Up,TOMF,CK-19,NORTH THOMPSON_SU_1.3,M,H,"Clearwater River, Up, H",Lonespoon Cr,,,Smolt 0+,024250,1987,19870722,19870724,12.5,B,N,TIME OF RELEASE 4. SEE 024247-49.,1,AD,25687,355,,0,0,147808,173850
OPS,Clearwater R Up,Chinook,Summer,1986,Thompson R N,TOMF,CK-19,NORTH THOMPSON_SU_1.3,M,H,"Clearwater River, Up, H",Thompson R N,CK-19,NORTH THOMPSON_SU_1.3,Smolt 0+,024536,1987,19870505,19870506,4.2,P,N,REP. WITH 024537 + 024538,1,AD,25743,164,,0,0,86017,111924
OPS,Clearwater R Up,Chinook,Summer,1986,Thompson R N,TOMF,CK-19,NORTH THOMPSON_SU_1.3,M,H,"Clearwater River, Up, H",Thompson R N,CK-19,NORTH THOMPSON_SU_1.3,Smolt 0+,024537,1987,19870505,19870506,4.2,P,N,REP. WITH 024536 + 024538,1,AD,25182,253,,0,0,84142,109577
OPS,Clearwater R Up,Chinook,Summer,1986,Thompson R N,TOMF,CK-19,NORTH THOMPSON_SU_1.3,M,H,"Clearwater River, Up, H",Thompson R N,CK-19,NORTH THOMPSON_SU_1.3,Smolt 0+,024538,1987,19870505,19870506,4.2,P,N,REP. WITH 024536 + 024537,1,AD,25434,0,,0,0,84985,110419
OPS,Clearwater R Up,Chinook,Summer,1987,Clearwater R Low,TOMF,CK-19,NORTH THOMPSON_SU_1.3,M,H,"Clearwater River, Up, H",Clearwater R Low,CK-19,NORTH THOMPSON_SU_1.3,Smolt 0+,024763,1988,19880429,19880501,3.9,P,N,REPLICATE OF 024801.,1,AD,26890,101,,0,0,215649,242640
OPS,Clearwater R Up,Chinook,Summer,1987,Clearwater R Low,TOMF,CK-19,NORTH THOMPSON_SU_1.3,M,H,"Clearwater River, Up, H",Clearwater R Low,CK-19,NORTH THOMPSON_SU_1.3,Smolt 0+,024801,1988,19880429,19880501,3.9,P,N,REPLICATE OF 024763.,1,AD,26043,0,,0,0,208857,234900
OPS,Clearwater R Up,Chinook,Summer,1987,Clearwater R Up,TOMF,CK-19,NORTH THOMPSON_SU_1.3,M,H,"Clearwater River, Up, H",Clearwater R Up,CK-19,NORTH THOMPSON_SU_1.3,Smolt 0+,025424,1988,198804,19880426,3.4,B,N,"TIME OF RELEASE-EARLY. SEE 025425-26(EARLY), 025519(R3)(MID), & 025427-28(LATE",1,AD,26027,0,,0,0,41055,67082
OPS,Clearwater R Up,Chinook,Summer,1987,Clearwater R Up,TOMF,CK-19,NORTH THOMPSON_SU_1.3,M,H,"Clearwater River, Up, H",Clearwater R Up,CK-19,NORTH THOMPSON_SU_1.3,Smolt 0+,025425,1988,198804,19880426,3.4,B,N,"TIME OF RELEASE - EARLY. SEE 025424-26(EARLY), 025519(R3-MID) &025427-28(LATE)",1,AD,25948,60,,0,0,40931,66939
OPS,Clearwater R Up,Chinook,Summer,1987,Clearwater R Up,TOMF,CK-19,NORTH THOMPSON_SU_1.3,M,H,"Clearwater River, Up, H",Clearwater R Up,CK-19,NORTH THOMPSON_SU_1.3,Smolt 0+,025426,1988,198804,19880426,3.4,B,N,"TIME OF RELEASE-EARLY. SEE 025424-25(EARLY), 025519(R3-MID), & 025427-28(LATE)",1,AD,26042,108,,0,0,41079,67229
OPS,Clearwater R Up,Chinook,Summer,1987,Clearwater R Up,TOMF,CK-19,NORTH THOMPSON_SU_1.3,M,H,"Clearwater River, Up, H",Clearwater R Up,CK-19,NORTH THOMPSON_SU_1.3,Smolt 0+,025427,1988,19880614,19880615,7.2,B,N,"TIME OF RELEASE-LATE. SEE 025424-26(EARLY),025519(R3-MID) & 025428(LATE).",1,AD,26108,88,,0,0,78769,104965
OPS,Clearwater R Up,Chinook,Summer,1987,Clearwater R Up,TOMF,CK-19,NORTH THOMPSON_SU_1.3,M,H,"Clearwater River, Up, H",Clearwater R Up,CK-19,NORTH THOMPSON_SU_1.3,Smolt 0+,025428,1988,19880614,19880615,7.2,B,N,"TIME OF RELEASE-LATE. SEE 0254224-26(EARLY), 025519(R3-MID), & 025427(LATE).",1,AD,25891,0,,0,0,78114,104005
OPS,Clearwater R Up,Chinook,Summer,1987,Clearwater R Up,TOMF,CK-19,NORTH THOMPSON_SU_1.3,M,H,"Clearwater River, Up, H",Lonespoon Cr,,,Smolt 0+,025519,1988,198805,19880514,4.4,B,N,"TIME OF RELEASE -MID. SEE 025424-26(EARLY), 025227-28(LATE).",1,AD,76357,168,,0,0,124915,201440
OPS,Clearwater R Up,Chinook,Summer,1987,Thompson R N,TOMF,CK-19,NORTH THOMPSON_SU_1.3,M,H,"Clearwater River, Up, H",Thompson R N,CK-19,NORTH THOMPSON_SU_1.3,Smolt 0+,024816,1988,19880427,19880428,4.5,P,N,,1,AD,51189,191,,0,0,514920,566300
OPS,Clearwater R Up,Chinook,Summer,1988,Clearwater R Low,TOMF,CK-19,NORTH THOMPSON_SU_1.3,M,H,"Clearwater River, Up, H",Clearwater R Low,CK-19,NORTH THOMPSON_SU_1.3,Smolt 0+,025901,1989,19890516,19890518,5.3,B,N,INTERNAL REPLICATE,1,AD,75009,215,,0,0,517626,592850
OPS,Clearwater R Up,Chinook,Summer,1988,Clearwater R Up,TOMF,CK-19,NORTH THOMPSON_SU_1.3,M,H,"Clearwater River, Up, H",Clearwater R Up,CK-19,NORTH THOMPSON_SU_1.3,Smolt 0+,025661,1989,19890529,19890531,6.1,B,N,PRODUCTION RELEASE OF EARLY COMPONENT OF RUN.,1,AD,73816,1147,,0,0,349337,424300
OPS,Clearwater R Up,Chinook,Summer,1988,Clearwater R Up,TOMF,CK-19,NORTH THOMPSON_SU_1.3,M,H,"Clearwater River, Up, H",Clearwater R Up,CK-19,NORTH THOMPSON_SU_1.3,Smolt 0+,025662,1989,19890606,19890607,6.3,B,N,PRODUCTION RELEASE OF LATE COMPONENT OF RUN.,1,AD,74781,402,,0,0,217877,293060
OPS,Clearwater R Up,Chinook,Summer,1988,Thompson R N,TOMF,CK-19,NORTH THOMPSON_SU_1.3,M,H,"Clearwater River, Up, H",Thompson R N,CK-19,NORTH THOMPSON_SU_1.3,Smolt 0+,025833,1989,19890509,19890511,5.8,P,N,,1,AD,24425,115,,0,0,174212,198752
OPS,Clearwater R Up,Chinook,Summer,1988,Thompson R N,TOMF,CK-19,NORTH THOMPSON_SU_1.3,M,H,"Clearwater River, Up, H",Thompson R N,CK-19,NORTH THOMPSON_SU_1.3,Smolt 0+,025834,1989,19890509,19890511,5.8,P,N,,1,AD,24416,115,,0,0,174148,198679
OPS,Clearwater R Up,Chinook,Summer,1988,Thompson R N,TOMF,CK-19,NORTH THOMPSON_SU_1.3,M,H,"Clearwater River, Up, H",Thompson R N,CK-19,NORTH THOMPSON_SU_1.3,Smolt 0+,025835,1989,19890509,19890511,5.8,P,N,,1,AD,24446,106,,0,0,174297,198849
OPS,Clearwater R Up,Chinook,Summer,1989,Clearwater R Low,TOMF,CK-19,NORTH THOMPSON_SU_1.3,M,H,"Clearwater River, Up, H",Clearwater R Low,CK-19,NORTH THOMPSON_SU_1.3,Smolt 0+,020524,1990,19900518,19900518,5.5,B,N,RELEASED AT HATCHERY BELOW SPAWNING GROUNDS,1,AD,50002,125,,0,0,94773,144900
OPS,Clearwater R Up,Chinook,Summer,1989,Clearwater R Low,TOMF,CK-19,NORTH THOMPSON_SU_1.3,M,H,"Clearwater River, Up, H",Clearwater R Low,CK-19,NORTH THOMPSON_SU_1.3,Smolt 0+,020826,1990,19900518,19900518,5.5,B,N,RELEASED ABOVE SPAWNING GROUNDS,1,AD,49868,251,,0,0,94771,144890
OPS,Clearwater R Up,Chinook,Summer,1989,Clearwater R Up,TOMF,CK-19,NORTH THOMPSON_SU_1.3,M,H,"Clearwater River, Up, H",Clearwater R Up,CK-19,NORTH THOMPSON_SU_1.3,Smolt 0+,020525,1990,19900519,19900520,5.4,P,N,,1,AD,50367,126,,0,0,251937,302430
OPS,Clearwater R Up,Chinook,Summer,1989,Raft R,TOMF,CK-19,NORTH THOMPSON_SU_1.3,M,H,"Clearwater River, Up, H",Raft R,CK-19,NORTH THOMPSON_SU_1.3,Smolt 0+,020363,1990,19900516,19900516,6.3,B,N,COMBINE WITH 020621. COMPARES SURVIVAL TO SIZES OF 020619-20 AT RELEASE.,1,AD,24846,251,,0,0,32037,57134
OPS,Clearwater R Up,Chinook,Summer,1989,Raft R,TOMF,CK-19,NORTH THOMPSON_SU_1.3,M,H,"Clearwater River, Up, H",Raft R,CK-19,NORTH THOMPSON_SU_1.3,Smolt 0+,020619,1990,19900516,19900516,7.6,B,N,COMBINE WITH 020620. COMPARES SURVIVAL TO SIZES AT RELEASE OF 020621 & 020363.,1,AD,25018,126,,0,0,25697,50841
OPS,Clearwater R Up,Chinook,Summer,1989,Raft R,TOMF,CK-19,NORTH THOMPSON_SU_1.3,M,H,"Clearwater River, Up, H",Raft R,CK-19,NORTH THOMPSON_SU_1.3,Smolt 0+,020620,1990,19900516,19900516,7.6,B,N,COMBINE WITH 020619. COMPARES SURVIVAL TO SIZES OF 020363 & 020621 AT RELEASE.,1,AD,24992,126,,0,0,25671,50789
OPS,Clearwater R Up,Chinook,Summer,1989,Raft R,TOMF,CK-19,NORTH THOMPSON_SU_1.3,M,H,"Clearwater River, Up, H",Raft R,CK-19,NORTH THOMPSON_SU_1.3,Smolt 0+,020621,1990,19900516,19900516,6.3,B,N,COMBINE WITH 020363. COMPARES SURVIVAL TO SIZES OF 020619-20 AT RELEASE.,1,AD,24751,250,,0,0,31915,56916
OPS,Clearwater R Up,Chinook,Summer,1989,Thompson R N,TOMF,CK-19,NORTH THOMPSON_SU_1.3,M,H,"Clearwater River, Up, H",Thompson R N,CK-19,NORTH THOMPSON_SU_1.3,Smolt 0+,NOCN8904,1990,19900515,19900516,5.9,P,N,,1,,0,0,,0,0,292260,292260
OPS,Clearwater R Up,Chinook,Summer,1990,Clearwater R Up,TOMF,CK-19,NORTH THOMPSON_SU_1.3,M,H,"Clearwater River, Up, H",Clearwater R Up,CK-19,NORTH THOMPSON_SU_1.3,Smolt 0+,021147,1991,199106,19910627,11.2,B,N,TIME OF RELEASE-MID. COMBINE WITH 021148. SEE 021149-50(EARLY) & 021543(LATE).,1,AD,24416,247,,0,0,8407,33070
OPS,Clearwater R Up,Chinook,Summer,1990,Clearwater R Up,TOMF,CK-19,NORTH THOMPSON_SU_1.3,M,H,"Clearwater River, Up, H",Clearwater R Up,CK-19,NORTH THOMPSON_SU_1.3,Smolt 0+,021148,1991,199106,19910627,11.2,B,N,TIME OF RELEASE-MID. COMBINE WITH 021147. SEE 021149-50(EARLY) & 021543(LATE).,1,AD,25331,256,,0,0,8723,34310
OPS,Clearwater R Up,Chinook,Summer,1990,Clearwater R Up,TOMF,CK-19,NORTH THOMPSON_SU_1.3,M,H,"Clearwater River, Up, H",Clearwater R Up,CK-19,NORTH THOMPSON_SU_1.3,Smolt 0+,021149,1991,199105,19910516,5.8,B,N,TIME OF RELEASE-EARLY. COMBINE WITH 021150. SEE 021147-48(MID) & 021543(LATE).,1,AD,24536,248,,0,0,9620,34404
OPS,Clearwater R Up,Chinook,Summer,1990,Clearwater R Up,TOMF,CK-19,NORTH THOMPSON_SU_1.3,M,H,"Clearwater River, Up, H",Clearwater R Up,CK-19,NORTH THOMPSON_SU_1.3,Smolt 0+,021150,1991,199105,19910516,5.8,B,N,TIME OF RELEASE-EARLY. COMBINE WITH 021149. SEE 021147-48(MID) & 021543(LATE).,1,AD,25351,256,,0,0,9939,35546
OPS,Clearwater R Up,Chinook,Summer,1990,Clearwater R Up,TOMF,CK-19,NORTH THOMPSON_SU_1.3,M,H,"Clearwater River, Up, H",Clearwater R Up,CK-19,NORTH THOMPSON_SU_1.3,Smolt 0+,021543,1991,199107,19910711,13.8,B,N,TIME OF RELEASE-LATE. SEE 021147-48(MID) & 021149-50(EARLY).,1,AD,49554,501,,0,0,18805,68860
OPS,Clearwater R Up,Chinook,Summer,1990,Raft R,TOMF,CK-19,NORTH THOMPSON_SU_1.3,M,H,"Clearwater River, Up, H",Raft R,CK-19,NORTH THOMPSON_SU_1.3,Smolt 0+,020760,1991,199104,19910423,12.7,B,N,ACCELERATED INCUBATION AT QUESNEL,1,AD,24746,124,,0,0,2616,27486
OPS,Clearwater R Up,Chinook,Summer,1990,Raft R,TOMF,CK-19,NORTH THOMPSON_SU_1.3,M,H,"Clearwater River, Up, H",Raft R,CK-19,NORTH THOMPSON_SU_1.3,Smolt 0+,021558,1991,199105,19910516,8.9,B,N,TIME OF RELEASE - MAY. SEE 021559(JULY RELEASE).,1,AD,74440,752,,0,0,31198,106390
OPS,Clearwater R Up,Chinook,Summer,1990,Raft R,TOMF,CK-19,NORTH THOMPSON_SU_1.3,M,H,"Clearwater River, Up, H",Raft R,CK-19,NORTH THOMPSON_SU_1.3,Smolt 0+,021559,1991,19910712,19910713,18.6,B,N,TIME OF RELEASE-JULY. SEE 021558(MAY RELEASE).,1,AD,74486,752,,0,0,34002,109240
OPS,Clearwater R Up,Chinook,Summer,1990,Raft R,TOMF,CK-19,NORTH THOMPSON_SU_1.3,M,H,"Clearwater River, Up, H",Raft R,CK-19,NORTH THOMPSON_SU_1.3,Smolt 0+,025924,1991,199104,19910423,12.7,B,N,ACCELERATED INCUBATION AT QUESNEL,1,AD,11375,57,,0,0,1202,12634
OPS,Clearwater R Up,Chinook,Summer,1990,Raft R,TOMF,CK-19,NORTH THOMPSON_SU_1.3,M,H,"Clearwater River, Up, H",Raft R,CK-19,NORTH THOMPSON_SU_1.3,Smolt 0+,025925,1991,199104,19910423,12.7,B,N,ACCELERATED INCUBATION AT QUESNEL,1,AD,11029,55,,0,0,1166,12250
OPS,Clearwater R Up,Chinook,Summer,1991,Clearwater R Low,TOMF,CK-19,NORTH THOMPSON_SU_1.3,M,H,"Clearwater River, Up, H",Clearwater R Low,CK-19,NORTH THOMPSON_SU_1.3,Smolt 0+,180149,1992,199205,19920513,7.4,B,N,ACCELERATED TEMP. COMBINE WITH 180150. SEE 180151-52 AMBIENT REARED.,1,AD,20158,731,,0,0,18859,39748
OPS,Clearwater R Up,Chinook,Summer,1991,Clearwater R Low,TOMF,CK-19,NORTH THOMPSON_SU_1.3,M,H,"Clearwater River, Up, H",Clearwater R Low,CK-19,NORTH THOMPSON_SU_1.3,Smolt 0+,180150,1992,199205,19920513,7.4,B,N,ACCELERATED TEMP. COMBINE WITH 180149. SEE 180151-52 AMBIENT REARED.,1,AD,19034,690,,0,0,17808,37532
OPS,Clearwater R Up,Chinook,Summer,1991,Clearwater R Low,TOMF,CK-19,NORTH THOMPSON_SU_1.3,M,H,"Clearwater River, Up, H",Clearwater R Low,CK-19,NORTH THOMPSON_SU_1.3,Smolt 0+,180151,1992,199205,19920513,5.3,B,N,AMBIENT TEMP.COMBINE WITH 180152. SEE 180149-50 ACCELERATED.,1,AD,20260,0,,0,0,21926,42186
OPS,Clearwater R Up,Chinook,Summer,1991,Clearwater R Low,TOMF,CK-19,NORTH THOMPSON_SU_1.3,M,H,"Clearwater River, Up, H",Clearwater R Low,CK-19,NORTH THOMPSON_SU_1.3,Smolt 0+,180152,1992,199205,19920513,5.3,B,N,AMBIENT TEMP.COMBINE WITH 180151. SEE 180149-50 ACCELERATED.,1,AD,20321,0,,0,0,21993,42314
OPS,Clearwater R Up,Chinook,Summer,1991,Clearwater R Low,TOMF,CK-19,NORTH THOMPSON_SU_1.3,M,H,"Clearwater River, Up, H",Clearwater R Low,CK-19,NORTH THOMPSON_SU_1.3,Smolt 1+,180726,1993,199305,19930504,18.6,B,N,TIME AND SIZE - YEARLING RELEASE; ALSO SEE 180727,1,AD,30074,0,,0,0,,30074
OPS,Clearwater R Up,Chinook,Summer,1991,Clearwater R Low,TOMF,CK-19,NORTH THOMPSON_SU_1.3,M,H,"Clearwater River, Up, H",Clearwater R Low,CK-19,NORTH THOMPSON_SU_1.3,Fed Fall,180727,1992,199209,19920924,10.86,B,N,TIME AND SIZE - FALL RELEASE; ALSO SEE 180726,1,AD,30748,0,,0,0,14912,45660
OPS,Clearwater R Up,Chinook,Summer,1991,Clearwater R Up,TOMF,CK-19,NORTH THOMPSON_SU_1.3,M,H,"Clearwater River, Up, H",Clearwater R Up,CK-19,NORTH THOMPSON_SU_1.3,Smolt 0+,180350,1992,19920701,19920702,8.1,B,N,POST FRESHET RELEASE,1,AD,75494,0,,0,0,35226,110720
OPS,Clearwater R Up,Chinook,Summer,1991,Clearwater R Up,TOMF,CK-19,NORTH THOMPSON_SU_1.3,M,H,"Clearwater River, Up, H",Clearwater R Up,CK-19,NORTH THOMPSON_SU_1.3,Fed Fall,NOCN9112,1992,19920925,19920926,11.4,B,N,,1,,0,0,,0,0,87500,87500
OPS,Clearwater R Up,Chinook,Summer,1991,Raft R,TOMF,CK-19,NORTH THOMPSON_SU_1.3,M,H,"Clearwater River, Up, H",Raft R,CK-19,NORTH THOMPSON_SU_1.3,Smolt 0+,020313,1992,199205,19920518,7.4,P,N,,1,AD,76220,383,,0,0,69247,145850
OPS,Eagle R,Chinook,Spring,1984,Salmon R/TOMF,TOMF,CK-14,SOUTH THOMPSON_SU_1.3,W,H,Eagle River H,Salmon R/TOMF,CK-14,SOUTH THOMPSON_SU_1.3,Smolt 0+,022833,1985,19850513,19850514,3.1,P,N,,1,AD,80793,0,,0,0,65461,146254
OPS,Eagle R,Chinook,Spring,1984,Salmon R/TOMF,TOMF,CK-14,SOUTH THOMPSON_SU_1.3,W,H,Eagle River H,Salmon R/TOMF,CK-14,SOUTH THOMPSON_SU_1.3,Smolt 0+,023308,1985,198505,19850530,4,P,N,,1,AD,81497,100,,0,0,34459,116056
OPS,Eagle R,Chinook,Spring,1985,Salmon R/TOMF,TOMF,CK-14,SOUTH THOMPSON_SU_1.3,M,H,Eagle River H,Salmon R/TOMF,CK-14,SOUTH THOMPSON_SU_1.3,Smolt 0+,024019,1986,198605,19860523,3.5,P,N,,1,AD,27336,0,,0,0,47169,74505
OPS,Eagle R,Chinook,Spring,1985,Salmon R/TOMF,TOMF,CK-14,SOUTH THOMPSON_SU_1.3,M,H,Eagle River H,Salmon R/TOMF,CK-14,SOUTH THOMPSON_SU_1.3,Smolt 0+,024020,1986,198605,19860523,3.5,P,N,,1,AD,27469,0,,0,0,47399,74868
OPS,Eagle R,Chinook,Spring,1985,Salmon R/TOMF,TOMF,CK-14,SOUTH THOMPSON_SU_1.3,M,H,Eagle River H,Salmon R/TOMF,CK-14,SOUTH THOMPSON_SU_1.3,Smolt 0+,024021,1986,198605,19860526,3.5,P,N,,1,AD,25483,154,,0,0,46819,72456
OPS,Eagle R,Chinook,Spring,1985,Salmon R/TOMF,TOMF,CK-14,SOUTH THOMPSON_SU_1.3,M,H,Eagle River H,Salmon R/TOMF,CK-14,SOUTH THOMPSON_SU_1.3,Smolt 0+,024022,1986,198605,19860526,3.5,P,N,,1,AD,25990,157,,0,0,47750,73897
OPS,Eagle R,Chinook,Spring,1986,Salmon R/TOMF,TOMF,CK-14,SOUTH THOMPSON_SU_1.3,M,H,Eagle River H,Salmon R/TOMF,CK-14,SOUTH THOMPSON_SU_1.3,Smolt 0+,024327,1987,198705,19870512,3,P,N,,1,AD,53071,0,,0,0,132891,185962
OPS,Eagle R,Chinook,Spring,1987,Salmon R/TOMF,TOMF,CK-14,SOUTH THOMPSON_SU_1.3,M,H,Eagle River H,Salmon R/TOMF,CK-14,SOUTH THOMPSON_SU_1.3,Smolt 0+,025407,1988,198805,19880519,3.9,P,N,,1,AD,53868,0,,0,0,74685,128553
OPS,Eagle R,Chinook,Spring,1987,Salmon R/TOMF,TOMF,CK-14,SOUTH THOMPSON_SU_1.3,M,H,Eagle River H,Salmon R/TOMF,CK-14,SOUTH THOMPSON_SU_1.3,Fed Fry,NOCN8704,1988,198805,19880519,1.5,P,N,THIS GROUP CONSISTS OF FISH TOO SMALL AT TIME OF TAGGING,1,,0,0,,0,0,13673,13673
OPS,Eagle R,Chinook,Spring,1988,Salmon R/TOMF,TOMF,CK-14,SOUTH THOMPSON_SU_1.3,M,H,Eagle River H,Salmon R/TOMF,CK-14,SOUTH THOMPSON_SU_1.3,Smolt 0+,026035,1989,198905,19890509,3.4,B,N,LOWER SALMON RIVER RELEASE,1,AD,56721,104,,0,0,82954,139779
OPS,Eagle R,Chinook,Spring,1988,Salmon R/TOMF,TOMF,CK-14,SOUTH THOMPSON_SU_1.3,M,H,Eagle River H,Salmon R/TOMF,CK-14,SOUTH THOMPSON_SU_1.3,Smolt 0+,026036,1989,198905,19890509,3.4,B,N,UPPER SALMON RIVER RELEASE,1,AD,56932,137,,0,0,82438,139507
OPS,Eagle R,Chinook,Spring,1989,Salmon R/TOMF,TOMF,CK-14,SOUTH THOMPSON_SU_1.3,M,H,Eagle River H,Salmon R/TOMF,CK-14,SOUTH THOMPSON_SU_1.3,Smolt 0+,020714,1990,19900522,19900522,4.5,B,N,UPPER REL.COMBINE WITH 020715,1,AD,28551,0,,0,0,56039,84590
OPS,Eagle R,Chinook,Spring,1989,Salmon R/TOMF,TOMF,CK-14,SOUTH THOMPSON_SU_1.3,M,H,Eagle River H,Salmon R/TOMF,CK-14,SOUTH THOMPSON_SU_1.3,Smolt 0+,020715,1990,19900522,19900522,4.5,B,N,UPPER REL.COMBINE WITH 020714,1,AD,28810,68,,0,0,56548,85426
OPS,Eagle R,Chinook,Spring,1989,Salmon R/TOMF,TOMF,CK-14,SOUTH THOMPSON_SU_1.3,M,H,Eagle River H,Salmon R/TOMF,CK-14,SOUTH THOMPSON_SU_1.3,Smolt 0+,020716,1990,19900522,19900523,4.5,B,N,LOWER REL.COMBINE WITH 020717,1,AD,28305,0,,0,0,55794,84099
OPS,Eagle R,Chinook,Spring,1989,Salmon R/TOMF,TOMF,CK-14,SOUTH THOMPSON_SU_1.3,M,H,Eagle River H,Salmon R/TOMF,CK-14,SOUTH THOMPSON_SU_1.3,Smolt 0+,020717,1990,19900522,19900523,4.5,B,N,LOWER REL.COMBINE WITH 020716,1,AD,28812,0,,0,0,56793,85605
OPS,Eagle R,Chinook,Spring,1990,Salmon R/TOMF,TOMF,CK-14,SOUTH THOMPSON_SU_1.3,M,H,Eagle River H,Salmon R/TOMF,CK-14,SOUTH THOMPSON_SU_1.3,Smolt 0+,021446,1991,199105,19910514,5.8,B,N,"LOWER SALMON RELEASE. HEATED INCUBATION. SEE ALSO 021536,021537.",1,AD,26721,54,,0,0,159250,186025
OPS,Eagle R,Chinook,Spring,1990,Salmon R/TOMF,TOMF,CK-14,SOUTH THOMPSON_SU_1.3,M,H,Eagle River H,Salmon R/TOMF,CK-14,SOUTH THOMPSON_SU_1.3,Smolt 0+,021536,1991,199105,19910515,5.7,B,N,"UPPER SALMON RELEASE. HEATED INCUBATION. SEE ALSO 021537,021446.",1,AD,55823,112,,0,0,91649,147584
OPS,Eagle R,Chinook,Spring,1990,Salmon R/TOMF,TOMF,CK-14,SOUTH THOMPSON_SU_1.3,M,H,Eagle River H,Salmon R/TOMF,CK-14,SOUTH THOMPSON_SU_1.3,Smolt 0+,021537,1991,199105,19910515,3.6,B,N,"UPPER SALMON RELEASE. CONTROL. SEE 021536, 021446.",1,AD,55116,110,,0,0,91648,146874
OPS,Eagle R,Chinook,Spring,1991,Salmon R/TOMF,TOMF,CK-14,SOUTH THOMPSON_SU_1.3,M,H,Eagle River H,Salmon R/TOMF,CK-14,SOUTH THOMPSON_SU_1.3,Smolt 0+,180345,1992,199205,19920520,6,B,N,HEATED INCUBATION. UPPER SALMON RELEASE,1,AD,55989,129,,0,0,101050,157168
OPS,Eagle R,Chinook,Spring,1991,Salmon R/TOMF,TOMF,CK-14,SOUTH THOMPSON_SU_1.3,M,H,Eagle River H,Salmon R/TOMF,CK-14,SOUTH THOMPSON_SU_1.3,Smolt 0+,180346,1992,199205,19920520,5.9,B,N,HEATED INCUBATION. LOWER SALMON RELEASE,1,AD,55421,127,,0,0,100551,156099
OPS,Eagle R,Chinook,Spring,1992,Salmon R/TOMF,TOMF,CK-14,SOUTH THOMPSON_SU_1.3,M,H,Eagle River H,Salmon R/TOMF,CK-14,SOUTH THOMPSON_SU_1.3,Smolt 0+,020133,1993,19930706,19930707,7.2,B,N,UPPER SALMON RELEASE.COMBINE WITH 180246,1,AD,18790,0,,0,0,3583,22373
OPS,Eagle R,Chinook,Spring,1992,Salmon R/TOMF,TOMF,CK-14,SOUTH THOMPSON_SU_1.3,M,H,Eagle River H,Salmon R/TOMF,CK-14,SOUTH THOMPSON_SU_1.3,Smolt 0+,180246,1993,19930706,19930707,7.2,B,N,UPPER SALMON RELEASE.COMBINE WITH 020133,1,AD,20264,0,,0,0,3864,24128
OPS,Eagle R,Chinook,Spring,1993,Salmon R/TOMF,TOMF,CK-14,SOUTH THOMPSON_SU_1.3,M,H,Eagle River H,Salmon R/TOMF,CK-14,SOUTH THOMPSON_SU_1.3,Smolt 0+,NOCN9314,1994,199406,19940609,7,P,N,UPPER SALMON RELEASE,1,,0,0,,0,0,60146,60146
OPS,Eagle R,Chinook,Summer,1983,Eagle R,TOMF,CK-14,SOUTH THOMPSON_SU_1.3,W,H,Eagle River H,Eagle R,CK-14,SOUTH THOMPSON_SU_1.3,Fed Fry,022757,1984,19840516,19840518,1.8,B,N,,1,AD,19420,425,,0,0,13324,33169
OPS,Eagle R,Chinook,Summer,1983,Eagle R,TOMF,CK-14,SOUTH THOMPSON_SU_1.3,W,H,Eagle River H,Eagle R,CK-14,SOUTH THOMPSON_SU_1.3,Fed Fry,022803,1984,19840515,19840529,3.5,B,N,,1,AD,41121,932,,0,0,28233,70286
OPS,Eagle R,Chinook,Summer,1984,Eagle R,TOMF,CK-14,SOUTH THOMPSON_SU_1.3,W,H,Eagle River H,Eagle R,CK-14,SOUTH THOMPSON_SU_1.3,Fed Fry,023037,1985,198505,19850529,2.9,B,N,"TIME OF RELEASE:SMOLT. SEE 023261-62(SM), 023243-44(FALLS),023303(1+)",1,AD,31407,0,,0,0,43443,74850
OPS,Eagle R,Chinook,Summer,1984,Eagle R,TOMF,CK-14,SOUTH THOMPSON_SU_1.3,W,H,Eagle River H,Eagle R,CK-14,SOUTH THOMPSON_SU_1.3,Fed Fall,023243,1985,198510,19851001,11.6,B,N,"TIME OF RELEASE:FALL. SEE 023244(FALL), 023261-62,023037(SM), 023303(1+)",1,AD,43021,0,,0,0,,43021
OPS,Eagle R,Chinook,Summer,1984,Eagle R,TOMF,CK-14,SOUTH THOMPSON_SU_1.3,W,H,Eagle River H,Eagle R,CK-14,SOUTH THOMPSON_SU_1.3,Fed Fall,023244,1985,198510,19851001,11.6,B,N,"TIME OF RELEASE:FALL, SEE 023243(FALL), 023261-62,023037(SM),023303(1+)",1,AD,40526,0,,0,0,,40526
OPS,Eagle R,Chinook,Summer,1984,Eagle R,TOMF,CK-14,SOUTH THOMPSON_SU_1.3,W,H,Eagle River H,Eagle R,CK-14,SOUTH THOMPSON_SU_1.3,Fed Fry,023261,1985,198505,19850515,3.4,B,N,"TIME OF RELEASE:SMOLT. SEE 023262,023037(SM),023243-44(FALL),023303(1+)",1,AD,54257,0,,0,0,14685,68942
OPS,Eagle R,Chinook,Summer,1984,Eagle R,TOMF,CK-14,SOUTH THOMPSON_SU_1.3,W,H,Eagle River H,Eagle R,CK-14,SOUTH THOMPSON_SU_1.3,Fed Fry,023262,1985,198505,19850515,3.4,B,N,"TIME OF RELEASE-SMOLT. SEE 023261,023037(SM), 023243-44(FALS),023303(1+)",1,AD,53885,0,,0,0,15057,68942
OPS,Eagle R,Chinook,Summer,1984,Eagle R,TOMF,CK-14,SOUTH THOMPSON_SU_1.3,W,H,Eagle River H,Eagle R,CK-14,SOUTH THOMPSON_SU_1.3,Smolt 1+,023303,1986,198603,19860325,19.6,P,N,"TIME OF RELEASE:YEARLING. SEE 023261-62,023037(SM),023243-44(FALLS)",1,AD,54321,0,,0,0,,54321
OPS,Eagle R,Chinook,Summer,1984,Shuswap R Low,TOMF,CK-15,SHUSWAP RIVER_SU_0.3,W,H,Eagle River H,Shuswap R Low,CK-15,SHUSWAP RIVER_SU_0.3,Smolt 0+,023421,1985,198506,19850603,3.6,B,N,,1,AD,16725,101,,0,0,4030,20856
OPS,Eagle R,Chinook,Summer,1985,Eagle R,TOMF,CK-14,SOUTH THOMPSON_SU_1.3,M,H,Eagle River H,Eagle R,CK-14,SOUTH THOMPSON_SU_1.3,Smolt 1+,022722,1987,198703,19870320,15.9,P,N,"TIME OF REL-YEARLING. SEE 022727,023150(1+),023762-63,023801-02(SM),024023-25",1,AD,20215,0,,0,0,,20215
OPS,Eagle R,Chinook,Summer,1985,Eagle R,TOMF,CK-14,SOUTH THOMPSON_SU_1.3,M,H,Eagle River H,Eagle R,CK-14,SOUTH THOMPSON_SU_1.3,Smolt 1+,022727,1987,198703,19870320,15.9,P,N,"TIME OF REL:YEARLING. SEE 022722,023150(1+),023762-63,023801-02(SM),024023-25",1,AD,21085,0,,0,0,,21085
OPS,Eagle R,Chinook,Summer,1985,Eagle R,TOMF,CK-14,SOUTH THOMPSON_SU_1.3,M,H,Eagle River H,Eagle R,CK-14,SOUTH THOMPSON_SU_1.3,Smolt 1+,023150,1987,198703,19870320,15.9,P,N,"TIME OF REL-YEARLING. SEE 022722,022727(1+),023762-63,023801-02(SM),024023-25",1,AD,21085,0,,0,0,,21085
OPS,Eagle R,Chinook,Summer,1985,Eagle R,TOMF,CK-14,SOUTH THOMPSON_SU_1.3,M,H,Eagle River H,Eagle R,CK-14,SOUTH THOMPSON_SU_1.3,Fed Fry,023762,1986,198605,19860520,3.3,B,N,"TIME OF REL:SMOLT.SEE 023763,023801-02(SM),024023-25(FALL),022722,27,023150(1+",1,AD,27450,0,,0,0,29350,56800
OPS,Eagle R,Chinook,Summer,1985,Eagle R,TOMF,CK-14,SOUTH THOMPSON_SU_1.3,M,H,Eagle River H,Eagle R,CK-14,SOUTH THOMPSON_SU_1.3,Fed Fry,023763,1986,198605,19860520,3.3,B,N,"TIME OF REL:SM. SEE 023762,023801-02(SM),024023-25(FALL),022722,27,023150(1+)",1,AD,27299,0,,0,0,29189,56488
OPS,Eagle R,Chinook,Summer,1985,Eagle R,TOMF,CK-14,SOUTH THOMPSON_SU_1.3,M,H,Eagle River H,Eagle R,CK-14,SOUTH THOMPSON_SU_1.3,Fed Fry,023801,1986,198605,19860520,3.3,B,N,"TIME OF REL:SM. SEE 023762-63,023802(SM),024023-25(FALL),022722,27,023150(1+)",1,AD,27332,165,,0,0,29400,56897
OPS,Eagle R,Chinook,Summer,1985,Eagle R,TOMF,CK-14,SOUTH THOMPSON_SU_1.3,M,H,Eagle River H,Eagle R,CK-14,SOUTH THOMPSON_SU_1.3,Fed Fry,023802,1986,198605,19860520,3.3,B,N,"TIME OF REL:SM. SEE 023762-63,023801(SM),024023-25(FALL),022722,27,023150(1+)",1,AD,26967,0,,0,0,28834,55801
OPS,Eagle R,Chinook,Summer,1985,Eagle R,TOMF,CK-14,SOUTH THOMPSON_SU_1.3,M,H,Eagle River H,Eagle R,CK-14,SOUTH THOMPSON_SU_1.3,Fed Fall,024023,1986,198610,19861003,8.3,B,N,"TIME OF REL:FALL SEE 023762-63,023801-02(SM),024024-25(FALL),022722,27,023150",1,AD,25671,0,,0,0,,25671
OPS,Eagle R,Chinook,Summer,1985,Eagle R,TOMF,CK-14,SOUTH THOMPSON_SU_1.3,M,H,Eagle River H,Eagle R,CK-14,SOUTH THOMPSON_SU_1.3,Fed Fall,024024,1986,198610,19861003,8.3,B,N,"TIME OF REL:FALL. SEE 023762-63,023801-01(SM),024024-25(FALL),022722,27,023150",1,AD,27335,0,,0,0,,27335
OPS,Eagle R,Chinook,Summer,1985,Eagle R,TOMF,CK-14,SOUTH THOMPSON_SU_1.3,M,H,Eagle River H,Eagle R,CK-14,SOUTH THOMPSON_SU_1.3,Fed Fall,024025,1986,198610,19861003,8.3,B,N,"TIME OF REL:FALL. SEE 024023-24(FALL),023762-63,023801-02(SM),022722,27,023150",1,AD,26847,0,,0,0,,26847
OPS,Eagle R,Chinook,Summer,1985,Eagle R,TOMF,CK-14,SOUTH THOMPSON_SU_1.3,M,H,Eagle River H,Eagle R,CK-14,SOUTH THOMPSON_SU_1.3,Smolt 0+,NOCN8503,1986,198606,19860606,4.1,B,N,WATER QUALITY TEST FISH,1,,0,0,,0,0,58683,58683
OPS,Eagle R,Chinook,Summer,1986,Eagle R,TOMF,CK-14,SOUTH THOMPSON_SU_1.3,M,H,Eagle River H,Eagle R,CK-14,SOUTH THOMPSON_SU_1.3,Smolt 1+,024201,1988,198803,19880329,19.5,P,N,"TIME OF RELEASE:YEARLING. SEE 024202-03(1+),024301-06(SM),024553-55(FALL)",1,AD,21131,257,,0,0,,21388
OPS,Eagle R,Chinook,Summer,1986,Eagle R,TOMF,CK-14,SOUTH THOMPSON_SU_1.3,M,H,Eagle River H,Eagle R,CK-14,SOUTH THOMPSON_SU_1.3,Smolt 1+,024202,1988,198803,19880329,19.5,P,N,"TIME OF RELEASE:YEARLING. SEE 024201-03(1+), 024301-06(SM),024553-55(FALL)",1,AD,20838,253,,0,0,,21091
OPS,Eagle R,Chinook,Summer,1986,Eagle R,TOMF,CK-14,SOUTH THOMPSON_SU_1.3,M,H,Eagle River H,Eagle R,CK-14,SOUTH THOMPSON_SU_1.3,Smolt 1+,024203,1988,198803,19880329,19.5,P,N,"TIME OF RELEASE:YEARLING. SEE 024201-02(1+), 024301-06(SM),024553-55(FALL)",1,AD,20954,254,,0,0,,21208
OPS,Eagle R,Chinook,Summer,1986,Eagle R,TOMF,CK-14,SOUTH THOMPSON_SU_1.3,M,H,Eagle River H,Eagle R,CK-14,SOUTH THOMPSON_SU_1.3,Fed Fry,024301,1987,198705,19870525,3.8,B,N,"TIME OF RELEASE:SMOLT. SEE 024302-06(SM),024553-55(FALL),024201-03(1+)",1,AD,26872,206,,0,0,59349,86427
OPS,Eagle R,Chinook,Summer,1986,Eagle R,TOMF,CK-14,SOUTH THOMPSON_SU_1.3,M,H,Eagle River H,Eagle R,CK-14,SOUTH THOMPSON_SU_1.3,Fed Fry,024302,1987,198705,19870525,3.8,B,N,"TIME OF RELEASE:SMOLT. SEE 024301-06(SM),024553-55(FALL),024201-03(1+)",1,AD,26599,204,,0,0,58746,85549
OPS,Eagle R,Chinook,Summer,1986,Eagle R,TOMF,CK-14,SOUTH THOMPSON_SU_1.3,M,H,Eagle River H,Eagle R,CK-14,SOUTH THOMPSON_SU_1.3,Fed Fry,024303,1987,198705,19870525,3.8,B,N,"TIME OF RELEASE-SMOLT. SEE 024301-06(SM), 024553-55(FALL),024201-03(1+)",1,AD,26855,206,,0,0,59311,86372
OPS,Eagle R,Chinook,Summer,1986,Eagle R,TOMF,CK-14,SOUTH THOMPSON_SU_1.3,M,H,Eagle River H,Eagle R,CK-14,SOUTH THOMPSON_SU_1.3,Fed Fry,024304,1987,198705,19870525,3.8,B,N,"TIME OF RELEASE:SMOLT. SEE 024301-06(SM), 024553-55(FALL),024201-03(1+)",1,AD,26355,202,,0,0,58207,84764
OPS,Eagle R,Chinook,Summer,1986,Eagle R,TOMF,CK-14,SOUTH THOMPSON_SU_1.3,M,H,Eagle River H,Eagle R,CK-14,SOUTH THOMPSON_SU_1.3,Fed Fry,024305,1987,198705,19870525,3.8,B,N,"TIMEOF RELEASE:SMOLT. SEE 024301-06(SM), 024553-55(FALL),024201-03(1+)",1,AD,26848,206,,0,0,59296,86350
OPS,Eagle R,Chinook,Summer,1986,Eagle R,TOMF,CK-14,SOUTH THOMPSON_SU_1.3,M,H,Eagle River H,Eagle R,CK-14,SOUTH THOMPSON_SU_1.3,Fed Fry,024306,1987,198705,19870525,3.8,B,N,"TIME OF RELEASE:SMOLT. SEE 024301-05(SM), 024553-55(FALL),024201-03(1+)",1,AD,26635,204,,0,0,58825,85664
OPS,Eagle R,Chinook,Summer,1986,Eagle R,TOMF,CK-14,SOUTH THOMPSON_SU_1.3,M,H,Eagle River H,Eagle R,CK-14,SOUTH THOMPSON_SU_1.3,Fed Fall,024553,1987,198710,19871013,8.4,B,N,"TIME OF RELEASE:FALL. SEE 024554-55(FALL), 024301-06(SM),024201-03(1+)",1,AD,27402,69,,0,0,,27471
OPS,Eagle R,Chinook,Summer,1986,Eagle R,TOMF,CK-14,SOUTH THOMPSON_SU_1.3,M,H,Eagle River H,Eagle R,CK-14,SOUTH THOMPSON_SU_1.3,Fed Fall,024554,1987,198710,19871013,8.4,B,N,"TIME OF RELEASE:FALL. SEE 024553-55(FALL), 024301-06(SM),024201-03(1+)",1,AD,26501,66,,0,0,,26567
OPS,Eagle R,Chinook,Summer,1986,Eagle R,TOMF,CK-14,SOUTH THOMPSON_SU_1.3,M,H,Eagle River H,Eagle R,CK-14,SOUTH THOMPSON_SU_1.3,Fed Fall,024555,1987,198710,19871013,8.4,B,N,"TIME OF RELEASE:FALL. SEE 024553,55(FALL),024301-06(SM),024201-03(1+)",1,AD,25497,64,,0,0,,25561
OPS,Eagle R,Chinook,Summer,1987,Eagle R,TOMF,CK-14,SOUTH THOMPSON_SU_1.3,M,H,Eagle River H,Eagle R,CK-14,SOUTH THOMPSON_SU_1.3,Smolt 1+,024313,1989,198902,19890224,19.3,P,N,TIME OF RELEASE: EARLY YEARLING. SEE 024314-15,1,AD,37965,0,,0,0,,37965
OPS,Eagle R,Chinook,Summer,1987,Eagle R,TOMF,CK-14,SOUTH THOMPSON_SU_1.3,M,H,Eagle River H,Eagle R,CK-14,SOUTH THOMPSON_SU_1.3,Smolt 1+,024314,1989,198904,19890417,19.5,P,N,TIME OF RELEASE: LATE YEARLING. SEE 024313-14,1,AD,37026,454,,0,0,,37480
OPS,Eagle R,Chinook,Summer,1987,Eagle R,TOMF,CK-14,SOUTH THOMPSON_SU_1.3,M,H,Eagle River H,Eagle R,CK-14,SOUTH THOMPSON_SU_1.3,Smolt 1+,024315,1989,198903,19890321,19.9,P,N,TIME OF RELEASE:MID YEARLING. SEE 024313-14.,1,AD,37676,0,,0,0,,37676
OPS,Eagle R,Chinook,Summer,1987,Eagle R,TOMF,CK-14,SOUTH THOMPSON_SU_1.3,M,H,Eagle River H,Eagle R,CK-14,SOUTH THOMPSON_SU_1.3,Fed Fry,025420,1988,198805,19880506,3.3,B,N,"TIME OF RELEASE:SMOLT. SEE 025421-23(SM),025521,024313-15(1+)",1,AD,21122,0,,0,0,,21122
OPS,Eagle R,Chinook,Summer,1987,Eagle R,TOMF,CK-14,SOUTH THOMPSON_SU_1.3,M,H,Eagle River H,Eagle R,CK-14,SOUTH THOMPSON_SU_1.3,Fed Fry,025421,1988,198805,19880506,3.3,B,N,"TIME OF RELEASE-SMOLT, SEE 025420-23(SM), 025521,024313-15(1+)",1,AD,27371,0,,0,0,,27371
OPS,Eagle R,Chinook,Summer,1987,Eagle R,TOMF,CK-14,SOUTH THOMPSON_SU_1.3,M,H,Eagle River H,Eagle R,CK-14,SOUTH THOMPSON_SU_1.3,Fed Fry,025422,1988,198805,19880506,3.3,B,N,"TIME OF RELEASE:SMOLT. SEE 025420-23(SM),025521,024313-15(1+)",1,AD,27465,0,,0,0,,27465
OPS,Eagle R,Chinook,Summer,1987,Eagle R,TOMF,CK-14,SOUTH THOMPSON_SU_1.3,M,H,Eagle River H,Eagle R,CK-14,SOUTH THOMPSON_SU_1.3,Fed Fry,025423,1988,198805,19880506,3.3,B,N,"TIME OF RELEASE:SMOLT. SEE 025420-22(SM),025521,024313-15(1+)",1,AD,25291,988,,0,0,,26279
OPS,Eagle R,Chinook,Summer,1987,Eagle R,TOMF,CK-14,SOUTH THOMPSON_SU_1.3,M,H,Eagle River H,Eagle R,CK-14,SOUTH THOMPSON_SU_1.3,Fed Fry,025521,1988,198805,19880524,3.7,B,N,"TIME OF RELEASE: LATE SPRING. SEE 024313-15(1+),025420-23(SM)",1,AD,99266,759,,0,0,,100025
OPS,Eagle R,Chinook,Summer,1987,Eagle R,TOMF,CK-14,SOUTH THOMPSON_SU_1.3,M,H,Eagle River H,Eagle R,CK-14,SOUTH THOMPSON_SU_1.3,Fed Fry,NOCN8703,1988,19880506,19880524,0.99,P,N,EARLY AND LATE FISH TOO SMALL AT TAGGING:REL MAY 6 AND 24,1,,0,0,,0,0,257499,257499
OPS,Eagle R,Chinook,Summer,1988,Eagle R,TOMF,CK-14,SOUTH THOMPSON_SU_1.3,M,H,Eagle River H,Eagle R,CK-14,SOUTH THOMPSON_SU_1.3,Smolt 1+,025710,1990,19900223,19900223,17.6,P,N,"TIME OF RELEASE-YEARLING. SEE 026029, 025906, 026030.",1,AD,10660,0,,0,0,,10660
OPS,Eagle R,Chinook,Summer,1988,Eagle R,TOMF,CK-14,SOUTH THOMPSON_SU_1.3,M,H,Eagle River H,Eagle R,CK-14,SOUTH THOMPSON_SU_1.3,Fed Fry,025850,1989,198905,19890508,3.5,B,N,EARLY RELEASE(LOWER SITE),1,AD,27697,161,,0,0,40766,68624
OPS,Eagle R,Chinook,Summer,1988,Eagle R,TOMF,CK-14,SOUTH THOMPSON_SU_1.3,M,H,Eagle River H,Eagle R,CK-14,SOUTH THOMPSON_SU_1.3,Fed Fry,025851,1989,198905,19890508,3.5,B,N,EARLY RELEASE (MIDDLE SITE),1,AD,26152,44,,0,0,41009,67205
OPS,Eagle R,Chinook,Summer,1988,Eagle R,TOMF,CK-14,SOUTH THOMPSON_SU_1.3,M,H,Eagle River H,Eagle R,CK-14,SOUTH THOMPSON_SU_1.3,Fed Fry,025852,1989,198905,19890508,3.5,B,N,EARLY RELEASE (UPPER SITE),1,AD,27208,147,,0,0,40585,67940
OPS,Eagle R,Chinook,Summer,1988,Eagle R,TOMF,CK-14,SOUTH THOMPSON_SU_1.3,M,H,Eagle River H,Eagle R,CK-14,SOUTH THOMPSON_SU_1.3,Fed Fry,025853,1989,198905,19890525,3.8,B,N,LATE RELEASE (LOWER SITE),1,AD,27531,0,,0,0,40670,68201
OPS,Eagle R,Chinook,Summer,1988,Eagle R,TOMF,CK-14,SOUTH THOMPSON_SU_1.3,M,H,Eagle River H,Eagle R,CK-14,SOUTH THOMPSON_SU_1.3,Fed Fry,025854,1989,198905,19890525,3.8,B,N,LATE RELEASE (MIDDLE SITE),1,AD,27974,0,,0,0,40697,68671
OPS,Eagle R,Chinook,Summer,1988,Eagle R,TOMF,CK-14,SOUTH THOMPSON_SU_1.3,M,H,Eagle River H,Eagle R,CK-14,SOUTH THOMPSON_SU_1.3,Fed Fry,025855,1989,198905,19890525,3.8,B,N,LATE RELEASE (UPPER SITE),1,AD,27188,96,,0,0,42274,69558
OPS,Eagle R,Chinook,Summer,1988,Eagle R,TOMF,CK-14,SOUTH THOMPSON_SU_1.3,M,H,Eagle River H,Eagle R,CK-14,SOUTH THOMPSON_SU_1.3,Smolt 1+,025906,1990,19900223,19900223,17.6,P,N,"TIME OF RELEASE-YEARLING.SEE 026029,025710,026030.",1,AD,28725,98,,0,0,,28823
OPS,Eagle R,Chinook,Summer,1988,Eagle R,TOMF,CK-14,SOUTH THOMPSON_SU_1.3,M,H,Eagle River H,Eagle R,CK-14,SOUTH THOMPSON_SU_1.3,Smolt 1+,026029,1990,19900412,19900412,17.9,P,N,"TIME OF RELEASE-YEARLING. SEE 025906, 026030, 025710.",1,AD,39417,218,,0,0,,39635
OPS,Eagle R,Chinook,Summer,1988,Eagle R,TOMF,CK-14,SOUTH THOMPSON_SU_1.3,M,H,Eagle River H,Eagle R,CK-14,SOUTH THOMPSON_SU_1.3,Smolt 1+,026030,1990,19900316,19900316,16.4,P,N,"TIME OF RELEASE-YEARLING. SEE 026029, 025906, 025710.",1,AD,39973,45,,0,0,,40018
OPS,Eagle R,Chinook,Summer,1988,Eagle R,TOMF,CK-14,SOUTH THOMPSON_SU_1.3,M,H,Eagle River H,Eagle R,CK-14,SOUTH THOMPSON_SU_1.3,Fed Fry,NOCN8819,1989,198905,19890508,1.5,P,N,,1,,0,0,,0,0,6440,6440
OPS,Eagle R,Chinook,Summer,1989,Eagle R,TOMF,CK-14,SOUTH THOMPSON_SU_1.3,M,H,Eagle River H,Eagle R,CK-14,SOUTH THOMPSON_SU_1.3,Smolt 1+,020443,1991,199103,19910312,19.1,P,N,TIME OF RELEASE-YEARLING.TREATED FOR BKD PRIOR TO RELEASE,1,AD,33945,350,,0,0,,34295
OPS,Eagle R,Chinook,Summer,1989,Eagle R,TOMF,CK-14,SOUTH THOMPSON_SU_1.3,M,H,Eagle River H,Eagle R,CK-14,SOUTH THOMPSON_SU_1.3,Smolt 1+,020444,1991,199102,19910219,21.6,P,N,TIME OF RELEASE-YEARLING.TREATED FOR BKD 1 WK PRIOR TO RELEASE,1,AD,37340,0,,0,0,,37340
OPS,Eagle R,Chinook,Summer,1989,Eagle R,TOMF,CK-14,SOUTH THOMPSON_SU_1.3,M,H,Eagle River H,Eagle R,CK-14,SOUTH THOMPSON_SU_1.3,Fed Fry,020708,1990,19900511,19900511,3.6,B,N,EARLY RELEASE(LOWER SITE),1,AD,26784,106,,0,0,28141,55031
OPS,Eagle R,Chinook,Summer,1989,Eagle R,TOMF,CK-14,SOUTH THOMPSON_SU_1.3,M,H,Eagle River H,Eagle R,CK-14,SOUTH THOMPSON_SU_1.3,Fed Fry,020709,1990,19900511,19900511,3.6,B,N,EARLY RELEASE (MIDDLE SITE),1,AD,27125,159,,0,0,28141,55425
OPS,Eagle R,Chinook,Summer,1989,Eagle R,TOMF,CK-14,SOUTH THOMPSON_SU_1.3,M,H,Eagle River H,Eagle R,CK-14,SOUTH THOMPSON_SU_1.3,Fed Fry,020710,1990,19900511,19900511,3.6,B,N,EARLY RELEASE (UPPER SITE),1,AD,26852,0,,0,0,28141,54993
OPS,Eagle R,Chinook,Summer,1989,Eagle R,TOMF,CK-14,SOUTH THOMPSON_SU_1.3,M,H,Eagle River H,Eagle R,CK-14,SOUTH THOMPSON_SU_1.3,Fed Fry,020711,1990,19900528,19900528,4.6,B,N,LATE RELEASE (LOWER SITE),1,AD,26908,387,,0,0,27253,54548
OPS,Eagle R,Chinook,Summer,1989,Eagle R,TOMF,CK-14,SOUTH THOMPSON_SU_1.3,M,H,Eagle River H,Eagle R,CK-14,SOUTH THOMPSON_SU_1.3,Fed Fry,020712,1990,19900528,19900528,4.6,B,N,LATE RELEASE (MIDDLE SITE),1,AD,27214,0,,0,0,27253,54467
OPS,Eagle R,Chinook,Summer,1989,Eagle R,TOMF,CK-14,SOUTH THOMPSON_SU_1.3,M,H,Eagle River H,Eagle R,CK-14,SOUTH THOMPSON_SU_1.3,Fed Fry,020713,1990,19900528,19900528,4.6,B,N,LATE RELEASE (UPPER SITE),1,AD,28295,0,,0,0,27253,55548
OPS,Eagle R,Chinook,Summer,1989,Eagle R,TOMF,CK-14,SOUTH THOMPSON_SU_1.3,M,H,Eagle River H,Eagle R,CK-14,SOUTH THOMPSON_SU_1.3,Smolt 1+,020815,1991,199104,19910409,22.6,P,N,TIME OF RELEASE-YEARLING. TREATED FOR BKD 1 WK BEFORE RELEASE,1,AD,33827,204,,0,0,,34031
OPS,Eagle R,Chinook,Summer,1990,Eagle R,TOMF,CK-14,SOUTH THOMPSON_SU_1.3,M,H,Eagle River H,Eagle R,CK-14,SOUTH THOMPSON_SU_1.3,Fed Fry,021440,1991,199105,19910516,6.2,B,N,GRIFFEN LAKE RELEASE. HEATED INCUBATION. SEE CONTROL 021443.,1,AD,26518,106,,0,0,56382,83006
OPS,Eagle R,Chinook,Summer,1990,Eagle R,TOMF,CK-14,SOUTH THOMPSON_SU_1.3,M,H,Eagle River H,Eagle R,CK-14,SOUTH THOMPSON_SU_1.3,Fed Fry,021441,1991,199105,19910516,6.8,B,N,ENCHANTED FOREST RELEASE. HEATED INCUBATION. SEE CONTROL 021445.,1,AD,26670,107,,0,0,56382,83159
OPS,Eagle R,Chinook,Summer,1990,Eagle R,TOMF,CK-14,SOUTH THOMPSON_SU_1.3,M,H,Eagle River H,Eagle R,CK-14,SOUTH THOMPSON_SU_1.3,Fed Fry,021442,1991,199105,19910517,6.4,B,N,HAGAR'S RELEASE. HEATED INCUBATION. CONTROL=021444,1,AD,26505,106,,0,0,56382,82993
OPS,Eagle R,Chinook,Summer,1990,Eagle R,TOMF,CK-14,SOUTH THOMPSON_SU_1.3,M,H,Eagle River H,Eagle R,CK-14,SOUTH THOMPSON_SU_1.3,Fed Fry,021443,1991,199105,19910516,4.3,B,N,GRIFFEN LAKE CONTROL. SEE 021440.,1,AD,25898,104,,0,0,56382,82384
OPS,Eagle R,Chinook,Summer,1990,Eagle R,TOMF,CK-14,SOUTH THOMPSON_SU_1.3,M,H,Eagle River H,Eagle R,CK-14,SOUTH THOMPSON_SU_1.3,Fed Fry,021444,1991,199105,19910517,4,B,N,HAGAR'S RELEASE. CONTROL. SEE 021442,1,AD,26460,106,,0,0,56382,82948
OPS,Eagle R,Chinook,Summer,1990,Eagle R,TOMF,CK-14,SOUTH THOMPSON_SU_1.3,M,H,Eagle River H,Eagle R,CK-14,SOUTH THOMPSON_SU_1.3,Fed Fry,021445,1991,199105,19910516,3,B,N,ENCHANTED FOREST RELEASE. CONTROL. SEE 021441.,1,AD,24036,97,,0,0,56382,80515
OPS,Eagle R,Chinook,Summer,1990,Eagle R,TOMF,CK-14,SOUTH THOMPSON_SU_1.3,M,H,Eagle River H,Eagle R,CK-14,SOUTH THOMPSON_SU_1.3,Fed Fry,021535,1991,199105,19910518,4.6,B,N,OUTFLOW RELEASE,1,AD,54447,219,,0,0,105719,160385
OPS,Eagle R,Chinook,Summer,1991,Eagle R,TOMF,CK-14,SOUTH THOMPSON_SU_1.3,M,H,Eagle River H,Eagle R,CK-14,SOUTH THOMPSON_SU_1.3,Fed Fry,180445,1992,199205,19920518,6.96,B,N,HEATED INCUBATION. GRIFFEN LAKE RELEASE,1,AD,27505,436,,0,0,27933,55874
OPS,Eagle R,Chinook,Summer,1991,Eagle R,TOMF,CK-14,SOUTH THOMPSON_SU_1.3,M,H,Eagle River H,Eagle R,CK-14,SOUTH THOMPSON_SU_1.3,Fed Fry,180446,1992,199205,19920518,7.3,B,N,HEATED INCUBATION. ENCHANTED FOREST RELEASE,1,AD,27064,429,,0,0,27933,55426
OPS,Eagle R,Chinook,Summer,1991,Eagle R,TOMF,CK-14,SOUTH THOMPSON_SU_1.3,M,H,Eagle River H,Eagle R,CK-14,SOUTH THOMPSON_SU_1.3,Fed Fry,180447,1992,199205,19920518,7.3,B,N,HEATED INCUBATION. HAGAR'S RELEASE,1,AD,26981,428,,0,0,27934,55343
OPS,Eagle R,Chinook,Summer,1991,Eagle R,TOMF,CK-14,SOUTH THOMPSON_SU_1.3,M,H,Eagle River H,Eagle R,CK-14,SOUTH THOMPSON_SU_1.3,Fed Fry,180448,1992,199205,19920518,3.27,B,N,CONTROL FOR 180445-180447,1,AD,20224,321,,0,0,888,21433
OPS,Eagle R,Chinook,Summer,1991,Shuswap R Low,TOMF,CK-15,SHUSWAP RIVER_SU_0.3,M,H,Eagle River H,Shuswap R Low,CK-15,SHUSWAP RIVER_SU_0.3,Smolt 0+,180326,1992,199205,19920519,5.6,P,N,,1,AD,53507,848,,0,0,63605,117960
OPS,Eagle R,Chinook,Summer,1992,Eagle R,TOMF,CK-14,SOUTH THOMPSON_SU_1.3,M,H,Eagle River H,Eagle R,CK-14,SOUTH THOMPSON_SU_1.3,Fed Fry,181201,1993,199305,19930524,5.2,B,N,ACCELERATED.COMBINE WITH 181202,1,AD,29593,0,,0,0,131427,161020
OPS,Eagle R,Chinook,Summer,1992,Eagle R,TOMF,CK-14,SOUTH THOMPSON_SU_1.3,M,H,Eagle River H,Eagle R,CK-14,SOUTH THOMPSON_SU_1.3,Fed Fry,181202,1993,199305,19930524,5.2,B,N,ACCELERATED.COMBINE WITH 181201,1,AD,29701,0,,0,0,131907,161608
OPS,Eagle R,Chinook,Summer,1992,Eagle R,TOMF,CK-14,SOUTH THOMPSON_SU_1.3,M,H,Eagle River H,Eagle R,CK-14,SOUTH THOMPSON_SU_1.3,Fed Fry,181203,1993,199305,19930524,3.6,B,N,ENCHANTED RELEASE.COMBINE WITH 181204,1,AD,31468,318,,0,0,4283,36069
OPS,Eagle R,Chinook,Summer,1992,Eagle R,TOMF,CK-14,SOUTH THOMPSON_SU_1.3,M,H,Eagle River H,Eagle R,CK-14,SOUTH THOMPSON_SU_1.3,Fed Fry,181204,1993,199305,19930524,3.6,B,N,ENCHANTED RELEASE.COMBINE WITH 181203,1,AD,24939,0,,0,0,3394,28333
OPS,Eagle R,Chinook,Summer,1993,Eagle R,TOMF,CK-14,SOUTH THOMPSON_SU_1.3,M,H,Eagle River H,Eagle R,CK-14,SOUTH THOMPSON_SU_1.3,Fed Fall,023246,1994,199409,19940909,7,B,N,RELEASED TO UPPER EAGLE,1,AD,40484,827,,0,0,6893,48204
OPS,Eagle R,Chinook,Summer,1993,Eagle R,TOMF,CK-14,SOUTH THOMPSON_SU_1.3,M,H,Eagle River H,Eagle R,CK-14,SOUTH THOMPSON_SU_1.3,Smolt 0+,NOCN9313,1994,199405,19940524,5.7,P,N,PRODUCTION UPPER EAGLE RELEASE,1,,0,0,,0,0,130067,130067
OPS,Inch Cr,Chinook,Fall,1996,Chilliwack R,LWFR,CK-9008,FRASER-HARRISON FALL TRANSPLANT_FA_0.3,M,H,Inch Creek H,Stave R,CK-9006,FRASER-CROSS-CU SUPPLEMENTATION EXCLUSION,Smolt 0+,NOCN9675,1997,199705,19970508,4.4,B,Y,,1,,0,0,,0,0,24203,24203
OPS,Inch Cr,Chinook,Fall,1997,Stave R,LWFR,CK-9006,FRASER-CROSS-CU SUPPLEMENTATION EXCLUSION,M,H,Inch Creek H,Stave R,CK-9006,FRASER-CROSS-CU SUPPLEMENTATION EXCLUSION,Smolt 0+,183909,1998,199805,19980528,4.8,P,N,,1,AD,50205,0,,0,0,155936,206141
OPS,Inch Cr,Chinook,Fall,1998,Stave R,LWFR,CK-9006,FRASER-CROSS-CU SUPPLEMENTATION EXCLUSION,M,H,Inch Creek H,Stave R,CK-9006,FRASER-CROSS-CU SUPPLEMENTATION EXCLUSION,Smolt 0+,184044,1999,199905,19990528,6.7,P,N,,1,AD,50349,101,,0,0,176596,227046
OPS,Inch Cr,Chinook,Fall,1999,Stave R,LWFR,CK-9006,FRASER-CROSS-CU SUPPLEMENTATION EXCLUSION,M,H,Inch Creek H,Stave R,CK-9006,FRASER-CROSS-CU SUPPLEMENTATION EXCLUSION,Smolt 0+,184542,2000,20000531,20000531,4.9,P,N,,1,AD,50337,0,,0,0,105557,155894
OPS,Inch Cr,Chinook,Fall,2000,Harrison R,LWFR,CK-03,LOWER FRASER RIVER_FA_0.3,M,H,Inch Creek H,Stave R,CK-9006,FRASER-CROSS-CU SUPPLEMENTATION EXCLUSION,Smolt 0+,184134,2001,20010606,20010606,5.2,B,Y,"16% STAVE STOCK, 84% HARRISON TRANSPLANT. SEE ALSO 184135.",1,AD,25075,108,,0,0,36279,61462
OPS,Inch Cr,Chinook,Fall,2000,Harrison R,LWFR,CK-03,LOWER FRASER RIVER_FA_0.3,M,H,Inch Creek H,Stave R,CK-9006,FRASER-CROSS-CU SUPPLEMENTATION EXCLUSION,Smolt 0+,184135,2001,20010606,20010606,5.2,B,Y,"16% STAVE STOCK, 84% HARRISON TRANSPLANT. SEE ALSO 184134.",1,AD,25057,108,,0,0,36253,61418
OPS,Inch Cr,Chinook,Fall,2001,Stave R,LWFR,CK-9006,FRASER-CROSS-CU SUPPLEMENTATION EXCLUSION,M,H,Inch Creek H,Stave R,CK-9006,FRASER-CROSS-CU SUPPLEMENTATION EXCLUSION,Smolt 0+,184909,2002,20020523,20020523,7.1,P,N,,1,AD,50407,209,,0,0,216315,266931
OPS,Inch Cr,Chinook,Fall,2002,Stave R,LWFR,CK-9006,FRASER-CROSS-CU SUPPLEMENTATION EXCLUSION,M,H,Inch Creek H,Stave R,CK-9006,FRASER-CROSS-CU SUPPLEMENTATION EXCLUSION,Smolt 0+,NOCN0281,2003,20030603,20030603,8.07,P,N,,1,,0,0,,0,0,170216,170216
OPS,Inch Cr,Chinook,Fall,2003,Harrison+Chehalis,LWFR,CK-03,LOWER FRASER RIVER_FA_0.3,M,H,Inch Creek H,Stave R,CK-9006,FRASER-CROSS-CU SUPPLEMENTATION EXCLUSION,Smolt 0+,NOCN0306,2004,20040526,20040526,7.1,P,Y,,1,,0,0,,0,0,286414,286414
OPS,Inch Cr,Chinook,Fall,2003,Stave R,LWFR,CK-9006,FRASER-CROSS-CU SUPPLEMENTATION EXCLUSION,W,H,Inch Creek H,Stave R,CK-9006,FRASER-CROSS-CU SUPPLEMENTATION EXCLUSION,Smolt 0+,NOCN03135,2003,20030504,20030504,7.1,P,N,,1,,0,0,,0,0,286414,286414
OPS,Inch Cr,Chinook,Fall,2004,Stave R,LWFR,CK-9006,FRASER-CROSS-CU SUPPLEMENTATION EXCLUSION,M,H,Inch Creek H,Stave R,CK-9006,FRASER-CROSS-CU SUPPLEMENTATION EXCLUSION,Smolt 0+,NOCN0477,2005,20050530,20050530,7.9,P,N,,1,,0,0,,0,0,195201,195201
OPS,Inch Cr,Chinook,Fall,2005,Stave R,LWFR,CK-9006,FRASER-CROSS-CU SUPPLEMENTATION EXCLUSION,M,H,Inch Creek H,Stave R,CK-9006,FRASER-CROSS-CU SUPPLEMENTATION EXCLUSION,Smolt 0+,NOCN0504,2006,20060601,20060601,8.1,P,N,,1,,0,0,,0,0,173586,173586
OPS,Inch Cr,Chinook,Fall,2006,Stave R,LWFR,CK-9006,FRASER-CROSS-CU SUPPLEMENTATION EXCLUSION,M,H,Inch Creek H,Stave R,CK-9006,FRASER-CROSS-CU SUPPLEMENTATION EXCLUSION,Smolt 0+,NOCN0607,2007,20070529,20070529,6,P,N,THE GROUP WAS FED BIO-VITA THROUGHOUT REARING.,1,,0,0,,0,0,112446,112446
OPS,Inch Cr,Chinook,Fall,2006,Stave R,LWFR,CK-9006,FRASER-CROSS-CU SUPPLEMENTATION EXCLUSION,M,H,Inch Creek H,Stave R,CK-9006,FRASER-CROSS-CU SUPPLEMENTATION EXCLUSION,Smolt 0+,NOCN0608,2007,20070529,20070529,4.6,P,N,FED EWOS TO START THEN SWITCHED TO BIO-VITA AT 1.5 G.,1,,0,0,,0,0,102185,102185
OPS,Inch Cr,Chinook,Fall,2007,Stave R,LWFR,CK-9006,FRASER-CROSS-CU SUPPLEMENTATION EXCLUSION,M,H,Inch Creek H,Stave R,CK-9006,FRASER-CROSS-CU SUPPLEMENTATION EXCLUSION,Smolt 0+,NOCN0725,2008,20080606,20080606,6.81,P,N,WATER WAS HIGH AT TIME OF RELEASE.,1,,0,0,,0,0,214002,214002
OPS,Inch Cr,Chinook,Summer,1986,Pitt R Up,LWFR,CK-05,LOWER FRASER RIVER-UPPER PITT_SU_1.3,W,H,Inch Creek H,Pitt R Up,CK-05,LOWER FRASER RIVER-UPPER PITT_SU_1.3,Smolt 0+,024233,1987,198704,19870415,7.9,B,N,TIME AND SIZE: LATE. RELEASE LOCATION=BLUE CREEK; TRIB. OF PITT RIVER,1,AD,24596,710,,0,0,41082,66388
OPS,Inch Cr,Chinook,Summer,1986,Pitt R Up,LWFR,CK-05,LOWER FRASER RIVER-UPPER PITT_SU_1.3,W,H,Inch Creek H,Pitt R Up,CK-05,LOWER FRASER RIVER-UPPER PITT_SU_1.3,Smolt 0+,024234,1987,198705,19870514,12.4,B,N,TIME OF RELEASE-EARLY. POSS.10-50% LOSS DUE TO TRASPORT DIFFICULTIES,1,AD,20391,2446,,0,0,36881,59718
OPS,Inch Cr,Chinook,Summer,1987,Pitt R Up,LWFR,CK-05,LOWER FRASER RIVER-UPPER PITT_SU_1.3,W,H,Inch Creek H,Pitt R Up,CK-05,LOWER FRASER RIVER-UPPER PITT_SU_1.3,Smolt 0+,024727,1988,198804,19880408,8.6,B,N,TIME OF RELEASE:EARLY. SEE 024728(LATE),1,AD,24193,1470,,0,0,31269,56932
OPS,Inch Cr,Chinook,Summer,1987,Pitt R Up,LWFR,CK-05,LOWER FRASER RIVER-UPPER PITT_SU_1.3,W,H,Inch Creek H,Pitt R Up,CK-05,LOWER FRASER RIVER-UPPER PITT_SU_1.3,Smolt 0+,024728,1988,198805,19880504,11.6,B,N,TIME OF RELEASE:LATE. SEE 024727(EARLY),1,AD,26308,387,,0,0,40307,67002
OPS,Inch Cr,Chinook,Summer,1988,Pitt R Up,LWFR,CK-05,LOWER FRASER RIVER-UPPER PITT_SU_1.3,M,H,Inch Creek H,Pitt R Up,CK-05,LOWER FRASER RIVER-UPPER PITT_SU_1.3,Smolt 0+,025525,1989,198905,19890501,9.6,B,N,"TIME OF RELEASE:LATE APRIL. SEE 025537(EARLY APR), 025538(MID APR)",1,AD,24997,1247,,0,0,28628,54872
OPS,Inch Cr,Chinook,Summer,1988,Pitt R Up,LWFR,CK-05,LOWER FRASER RIVER-UPPER PITT_SU_1.3,M,H,Inch Creek H,Pitt R Up,CK-05,LOWER FRASER RIVER-UPPER PITT_SU_1.3,Smolt 0+,025537,1989,198904,19890406,8.7,B,N,"TIME OF RELEASE: EARLY APRIL RELEASE. SEE 025538, 025525.",1,AD,25352,851,,0,0,28684,54887
OPS,Inch Cr,Chinook,Summer,1988,Pitt R Up,LWFR,CK-05,LOWER FRASER RIVER-UPPER PITT_SU_1.3,M,H,Inch Creek H,Pitt R Up,CK-05,LOWER FRASER RIVER-UPPER PITT_SU_1.3,Smolt 0+,025538,1989,198904,19890417,9.2,B,N,"TIME OF RELEASE:MID APRIL. SEE 025537(EARLY APR), 025525(LATE APR)",1,AD,25493,520,,0,0,26449,52462
OPS,Inch Cr,Chinook,Summer,1988,Pitt R Up,LWFR,CK-05,LOWER FRASER RIVER-UPPER PITT_SU_1.3,M,H,Inch Creek H,Pitt R Up,CK-05,LOWER FRASER RIVER-UPPER PITT_SU_1.3,Smolt 0+,NOCN8818,1989,198908,19890814,20,P,N,,1,,0,0,,0,0,2399,2399
OPS,Inch Cr,Chinook,Summer,1989,Pitt R Up,LWFR,CK-05,LOWER FRASER RIVER-UPPER PITT_SU_1.3,M,H,Inch Creek H,Pitt R Up,CK-05,LOWER FRASER RIVER-UPPER PITT_SU_1.3,Smolt 0+,026331,1990,19900417,19900417,7.6,B,N,"TIME OF RELEASE: EARLY. SEE 026332(MID), 026333(LATE)",1,AD,26157,158,,0,0,38257,64572
OPS,Inch Cr,Chinook,Summer,1989,Pitt R Up,LWFR,CK-05,LOWER FRASER RIVER-UPPER PITT_SU_1.3,M,H,Inch Creek H,Pitt R Up,CK-05,LOWER FRASER RIVER-UPPER PITT_SU_1.3,Smolt 0+,026332,1990,19900501,19900501,8.2,B,N,"TIME OF RELEASE: MID. SEE 026331(EARLY), 026333(LATE)",1,AD,25157,513,,0,0,16984,42654
OPS,Inch Cr,Chinook,Summer,1989,Pitt R Up,LWFR,CK-05,LOWER FRASER RIVER-UPPER PITT_SU_1.3,M,H,Inch Creek H,Pitt R Up,CK-05,LOWER FRASER RIVER-UPPER PITT_SU_1.3,Smolt 0+,026333,1990,19900515,19900515,5.6,B,N,"TIME OF RELEASE: LATE. SEE 026331(EARLY), 026333(LATE)",1,AD,10292,104,,0,0,12985,23381
OPS,Inch Cr,Chinook,Summer,1990,Pitt R Up,LWFR,CK-05,LOWER FRASER RIVER-UPPER PITT_SU_1.3,M,H,Inch Creek H,Pitt R Up,CK-05,LOWER FRASER RIVER-UPPER PITT_SU_1.3,Smolt 0+,021528,1991,199105,19910503,7.4,B,N,TIME OF RELEASE:EARLY SEE 021529-LATE.,1,AD,52337,1342,,0,0,15255,68934
OPS,Inch Cr,Chinook,Summer,1990,Pitt R Up,LWFR,CK-05,LOWER FRASER RIVER-UPPER PITT_SU_1.3,M,H,Inch Creek H,Pitt R Up,CK-05,LOWER FRASER RIVER-UPPER PITT_SU_1.3,Smolt 0+,021529,1991,199107,19910713,9.7,B,N,TIME OF RELEASE: LATE. SEE 021528-EARLY.,1,AD,50120,792,,0,0,,50912
OPS,Inch Cr,Chinook,Summer,1996,Maria Sl,LWFR,CK-07,MARIA SLOUGH_SU_0.3,M,H,Inch Creek H,Maria Sl,CK-07,MARIA SLOUGH_SU_0.3,Smolt 0+,NOCN9676,1997,199704,19970424,3.4,P,N,,1,,0,0,,0,0,10342,10342
OPS,Inch Cr,Chinook,Summer,1997,Maria Sl,LWFR,CK-07,MARIA SLOUGH_SU_0.3,M,H,Inch Creek H,Maria Sl,CK-07,MARIA SLOUGH_SU_0.3,Smolt 0+,NOCN9731,1998,199805,19980528,2.9,P,N,,1,,0,0,,0,0,687,687
OPS,Inch Cr,Chinook,Summer,1998,Maria Sl,LWFR,CK-07,MARIA SLOUGH_SU_0.3,M,H,Inch Creek H,Maria Sl,CK-07,MARIA SLOUGH_SU_0.3,Smolt 0+,184116,1999,199905,19990527,5.7,P,N,NATIVE SUMMER-RUN RED CHINOOK POPULATION.,1,AD,21788,445,,0,0,,22233
OPS,Inch Cr,Chinook,Summer,1999,Maria Sl,LWFR,CK-07,MARIA SLOUGH_SU_0.3,M,H,Inch Creek H,Maria Sl,CK-07,MARIA SLOUGH_SU_0.3,Smolt 0+,182729,2000,20000530,20000530,7.1,P,N,NATIVE SUMMER-RUN RED CHINOOK POPULATION.,1,AD,20056,0,,0,0,11758,31814
OPS,Inch Cr,Chinook,Summer,2000,Maria Sl,LWFR,CK-07,MARIA SLOUGH_SU_0.3,M,H,Inch Creek H,Maria Sl,CK-07,MARIA SLOUGH_SU_0.3,Smolt 0+,183027,2001,20010529,20010529,6.5,P,N,NATIVE SUMMER-RUN RED CHINOOK POPULATION.,1,AD,20183,0,,0,0,7564,27747
OPS,Inch Cr,Chinook,Summer,2001,Maria Sl,LWFR,CK-07,MARIA SLOUGH_SU_0.3,M,H,Inch Creek H,Maria Sl,CK-07,MARIA SLOUGH_SU_0.3,Smolt 0+,181910,2002,20020530,20020530,6.9,P,N,NATIVE LOWER FRASER SUMMER RED CHINOOK.,1,AD,20475,137,,0,0,19626,40238
OPS,Inch Cr,Chinook,Summer,2002,Maria Sl,LWFR,CK-07,MARIA SLOUGH_SU_0.3,M,H,Inch Creek H,Hope Sl,,,Smolt 0+,NOCN0228,2003,20030528,20030529,7,B,Y,EXTENSION OF RANGE OF NATIVE LOWER FRASER RED STOCK,1,,0,0,,0,0,20149,20149
OPS,Inch Cr,Chinook,Summer,2002,Maria Sl,LWFR,CK-07,MARIA SLOUGH_SU_0.3,M,H,Inch Creek H,Maria Sl,CK-07,MARIA SLOUGH_SU_0.3,Smolt 0+,184052,2003,20030530,20030530,7.2,P,N,NATIVE LOWER FRASER SUMMER RED CHINOOK; SEE ALSO 184053.,1,AD,10127,0,,0,0,,10127
OPS,Inch Cr,Chinook,Summer,2002,Maria Sl,LWFR,CK-07,MARIA SLOUGH_SU_0.3,M,H,Inch Creek H,Maria Sl,CK-07,MARIA SLOUGH_SU_0.3,Smolt 0+,184053,2003,20030529,20030529,7.2,P,N,NATIVE LOWER FRASER SUMMER RED CHINOOK; SEE ALSO 184052.,1,AD,10052,0,,0,0,,10052
OPS,Inch Cr,Chinook,Summer,2002,Maria Sl,LWFR,CK-07,MARIA SLOUGH_SU_0.3,M,H,Inch Creek H,Wahleach Pd,,,Smolt 0+,NOCN0229,2003,20030602,20030602,7,B,Y,EXTENTION OF RANGE OF LOWER FRASER RED STOCK,1,,0,0,,0,0,20350,20350
OPS,Inch Cr,Chinook,Summer,2003,Maria Sl,LWFR,CK-07,MARIA SLOUGH_SU_0.3,M,H,Inch Creek H,Hope Sl,,,Smolt 0+,NOCN0304,2004,20040602,20040602,8.7,B,Y,STARTED WITH BROOD 2002.,1,,0,0,,0,0,22564,22564
OPS,Inch Cr,Chinook,Summer,2003,Maria Sl,LWFR,CK-07,MARIA SLOUGH_SU_0.3,M,H,Inch Creek H,Maria Sl,CK-07,MARIA SLOUGH_SU_0.3,Smolt 0+,NOCN0303,2004,20040602,20040602,8.7,P,N,"SCATTER RELEASE - UPPER CHAN, BIRCHTREE RUN AND DOWNSTREAM OF ROAD CULVERT.",1,,0,0,,0,0,20276,20276
OPS,Inch Cr,Chinook,Summer,2003,Maria Sl,LWFR,CK-07,MARIA SLOUGH_SU_0.3,M,H,Inch Creek H,Wahleach Ch,,,Smolt 0+,NOCN0305,2004,20040603,20040603,8.7,B,Y,STARTED WITH BROOD 2002.,1,,0,0,,0,0,28327,28327
OPS,Inch Cr,Chinook,Summer,2004,Maria Sl,LWFR,CK-07,MARIA SLOUGH_SU_0.3,M,H,Inch Creek H,Hope Sl,,,Smolt 0+,NOCN0479,2005,20050531,20050531,8.1,B,Y,THIRD YEAR OF TRANSPLANT,1,,0,0,,0,0,25200,25200
OPS,Inch Cr,Chinook,Summer,2004,Maria Sl,LWFR,CK-07,MARIA SLOUGH_SU_0.3,M,H,Inch Creek H,Wahleach Ch,,,Smolt 0+,NOCN0478,2005,20050601,20050601,8.1,B,Y,THIRD YEAR OF TRANSPLANT,1,,0,0,,0,0,25323,25323
OPS,Inch Cr,Chinook,Summer,2005,Maria Sl,LWFR,CK-07,MARIA SLOUGH_SU_0.3,M,H,Inch Creek H,Hope Sl,,,Smolt 0+,NOCN0506,2006,20060530,20060531,7.8,B,Y,,1,,0,0,,0,0,54054,54054
OPS,Inch Cr,Chinook,Summer,2005,Maria Sl,LWFR,CK-07,MARIA SLOUGH_SU_0.3,M,H,Inch Creek H,Wahleach Ch,,,Smolt 0+,NOCN0505,2006,20060530,20060531,7.8,B,Y,,1,,0,0,,0,0,38610,38610
OPS,Inch Cr,Chinook,Summer,2006,Maria Sl,LWFR,CK-07,MARIA SLOUGH_SU_0.3,M,H,Inch Creek H,Hope Sl,,,Smolt 0+,NOCN0610,2007,20070606,20070606,4,B,Y,TRANSPLANT,1,,0,0,,0,0,36507,36507
OPS,Inch Cr,Chinook,Summer,2006,Maria Sl,LWFR,CK-07,MARIA SLOUGH_SU_0.3,M,H,Inch Creek H,Maria Sl,CK-07,MARIA SLOUGH_SU_0.3,Smolt 0+,NOCN0609,2007,20070605,20070605,4,P,N,,1,,0,0,,0,0,36507,36507
OPS,Inch Cr,Chinook,Summer,2007,Maria Sl,LWFR,CK-07,MARIA SLOUGH_SU_0.3,M,H,Inch Creek H,Hope+Camp Sl,,,Smolt 0+,NOCN0721,2008,20080602,20080603,6.72,P,U,RELEASED IN THREE LOCATIONS IN CHILLIWACK INTO HOPE SLOUGH.,1,,0,0,,0,0,107121,107121
OPS,Inch Cr,Chinook,Summer,2008,Maria Sl,LWFR,CK-07,MARIA SLOUGH_SU_0.3,M,H,Inch Creek H,Hope+Camp Sl,,,Smolt 0+,NOCN0829,2009,20090603,20090603,5.2,P,U,,1,,0,0,,0,0,97426,97426
OPS,Inch Cr,Chinook,Summer,2009,Maria Sl,LWFR,CK-07,MARIA SLOUGH_SU_0.3,M,H,Inch Creek H,Hope Sl,,,Smolt 0+,NOCN0921,2010,20100528,20100528,7.3,P,Y,,1,,0,0,,0,0,98027,98027
OPS,Inch Cr,Chinook,Summer,2016,Chilko R,UPFR,CK-11,MIDDLE FRASER RIVER_SU_1.3,M,H,Inch Creek H,Chilko R,CK-11,MIDDLE FRASER RIVER_SU_1.3,Smolt 1+,184989,2018,20180412,20180412,15.4,P,N,,1,AD,31530,1572,,0,0,,33102
OPS,Inch Cr,Chinook,Summer,2017,Chilko R,UPFR,CK-11,MIDDLE FRASER RIVER_SU_1.3,M,H,Inch Creek H,Chilko R,CK-11,MIDDLE FRASER RIVER_SU_1.3,Smolt 1+,185267,2019,20190415,20190417,14.58,P,Y,,1,AD,28453,0,,0,0,,28453
OPS,Inch Cr,Chinook,Summer,2017,Chilko R,UPFR,CK-11,MIDDLE FRASER RIVER_SU_1.3,M,H,Inch Creek H,Chilko R,CK-11,MIDDLE FRASER RIVER_SU_1.3,Smolt 1+,185673,2019,20190415,20190417,14.58,P,Y,,1,AD,22690,0,,0,0,,22690
OPS,Inch Cr,Chinook,Summer,2018,Chilko R,UPFR,CK-11,MIDDLE FRASER RIVER_SU_1.3,M,H,Inch Creek H,Chilko R,CK-11,MIDDLE FRASER RIVER_SU_1.3,Smolt 1+,184683,2020,20200415,20200415,15.73,P,N,,1,AD,37718,208,,0,0,,37926
OPS,Inch Cr,Chinook,Summer,2018,Chilko R,UPFR,CK-11,MIDDLE FRASER RIVER_SU_1.3,M,H,Inch Creek H,Chilko R,CK-11,MIDDLE FRASER RIVER_SU_1.3,Smolt 1+,185791,2020,20200415,20200415,15.73,P,N,,1,AD,23000,128,,0,0,,23128
OPS,Inch Cr,Chinook,Summer,2019,Chilko R,UPFR,CK-11,MIDDLE FRASER RIVER_SU_1.3,M,H,Inch Creek H,Chilko R,CK-11,MIDDLE FRASER RIVER_SU_1.3,Smolt 1+,185978,2021,20210414,20210414,16.95,P,N,,1,AD,30818,31,,0,0,,30849
OPS,Inch Cr,Chinook,Summer,2020,Chilko R,UPFR,CK-11,MIDDLE FRASER RIVER_SU_1.3,M,H,Inch Creek H,Chilko R,CK-11,MIDDLE FRASER RIVER_SU_1.3,Smolt 1+,186555,2022,20220413,20220413,15.22,P,N,,1,AD,68160,205,,0,0,,68365
OPS,Inch Cr,Chinook,Summer,2021,Chilko R,UPFR,CK-11,MIDDLE FRASER RIVER_SU_1.3,M,H,Inch Creek H,Chilko R,CK-11,MIDDLE FRASER RIVER_SU_1.3,Smolt 1+,186806,2023,20230419,20230419,14.98,B,N,,1,AD,141321,6188,,0,0,,147509
OPS,Inch Cr,Chinook,Summer,2022,Chilko R,UPFR,CK-11,MIDDLE FRASER RIVER_SU_1.3,M,H,Inch Creek H,Chilko R,CK-11,MIDDLE FRASER RIVER_SU_1.3,Smolt 1+,186610,2024,20240419,20240419,14.24,B,N,,1,AD,91640,2348,,0,0,,93988
OPS,Penny Pilot,Chinook,Spring,1980,Bowron R,UPFR,CK-12,UPPER FRASER RIVER_SP_1.3,W,H,Penny H,Bowron R,CK-12,UPPER FRASER RIVER_SP_1.3,Fed Fry,022145,1981,19810820,19810824,1.7,P,N,APPROX. 8% OF FISH BLIND,1,AD,24432,2148,,0,0,2386,28966
OPS,Penny Pilot,Chinook,Spring,1980,Slim Cr,UPFR,CK-12,UPPER FRASER RIVER_SP_1.3,W,H,Penny H,Slim Cr,CK-12,UPPER FRASER RIVER_SP_1.3,Fed Fry,021952,1981,19810711,19810718,1.9,P,N,,1,AD,44053,1185,,0,0,12240,57478
OPS,Penny Pilot,Chinook,Spring,1981,Bowron R,UPFR,CK-12,UPPER FRASER RIVER_SP_1.3,W,H,Penny H,Bowron R,CK-12,UPPER FRASER RIVER_SP_1.3,Fed Fry,022319,1982,198207,19820723,1.2,B,N,IMPRINTED 7 DAYS,1,AD,34017,1234,,0,0,5302,40553
OPS,Penny Pilot,Chinook,Spring,1981,Bowron R,UPFR,CK-12,UPPER FRASER RIVER_SP_1.3,W,H,Penny H,Bowron R,CK-12,UPPER FRASER RIVER_SP_1.3,Fed Fry,022320,1982,198207,19820723,1.2,B,N,NO IMPRINTING,1,AD,31851,485,,0,0,11546,43882
OPS,Penny Pilot,Chinook,Spring,1981,Slim Cr,UPFR,CK-12,UPPER FRASER RIVER_SP_1.3,W,H,Penny H,Slim Cr,CK-12,UPPER FRASER RIVER_SP_1.3,Fed Fry,022317,1982,198207,19820729,1.6,B,N,NO IMPRINTING,1,AD,26287,1530,,0,0,3524,31341
OPS,Penny Pilot,Chinook,Spring,1981,Slim Cr,UPFR,CK-12,UPPER FRASER RIVER_SP_1.3,W,H,Penny H,Slim Cr,CK-12,UPPER FRASER RIVER_SP_1.3,Fed Fry,022318,1982,198207,19820729,1.3,B,N,IMPRINTED 7 DAYS,1,AD,26533,680,,0,0,8504,35717
OPS,Penny Pilot,Chinook,Spring,1982,James Cr,UPFR,CK-12,UPPER FRASER RIVER_SP_1.3,M,H,Penny H,James Cr,CK-12,UPPER FRASER RIVER_SP_1.3,Fed Fry,022558,1983,198307,19830704,1.9,P,N,,1,AD,72354,8490,,0,0,30811,111655
OPS,Penny Pilot,Chinook,Spring,1982,James Cr,UPFR,CK-12,UPPER FRASER RIVER_SP_1.3,M,H,Penny H,James Cr,CK-12,UPPER FRASER RIVER_SP_1.3,Fed Fry,NOCN8205,1983,198305,19830517,0.58,P,N,,1,,0,0,,0,0,44120,44120
OPS,Penny Pilot,Chinook,Spring,1982,James Cr,UPFR,CK-12,UPPER FRASER RIVER_SP_1.3,M,H,Penny H,James Cr,CK-12,UPPER FRASER RIVER_SP_1.3,Fed Fry,NOCN8206,1983,198306,19830619,1.1,P,N,,1,,0,0,,0,0,22351,22351
OPS,Quesnel R,Chinook,Spring,1982,Bowron R,UPFR,CK-12,UPPER FRASER RIVER_SP_1.3,W,H,Quesnel River H,Bowron R,CK-12,UPPER FRASER RIVER_SP_1.3,Smolt 0+,022201,1983,198304,19830415,3.2,B,N,IMPRINTING: HELD 1 WK,1,AD,74916,1763,,0,0,,76679
OPS,Quesnel R,Chinook,Spring,1982,Bowron R,UPFR,CK-12,UPPER FRASER RIVER_SP_1.3,W,H,Quesnel River H,Bowron R,CK-12,UPPER FRASER RIVER_SP_1.3,Fed Fry,022410,1983,198304,19830429,2.3,B,N,NO IMPRINTING - CONTROL,1,AD,72346,437,,0,0,30109,102892
OPS,Quesnel R,Chinook,Spring,1982,Bowron R,UPFR,CK-12,UPPER FRASER RIVER_SP_1.3,W,H,Quesnel River H,Bowron R,CK-12,UPPER FRASER RIVER_SP_1.3,Smolt 0+,022411,1983,198304,19830415,3.4,B,N,NO IMPRINTING - CONTROL,1,AD,77057,778,,0,0,,77835
OPS,Quesnel R,Chinook,Spring,1982,Bowron R,UPFR,CK-12,UPPER FRASER RIVER_SP_1.3,W,H,Quesnel River H,Bowron R,CK-12,UPPER FRASER RIVER_SP_1.3,Smolt 0+,022412,1983,198304,19830429,3.4,B,N,IMPRINTING: HELD 1 WK,1,AD,77200,377,,0,0,,77577
OPS,Quesnel R,Chinook,Spring,1982,Nazko R,UPFR,CK-10,MIDDLE FRASER RIVER_SP_1.3,W,H,Quesnel River H,Nazko R,CK-10,MIDDLE FRASER RIVER_SP_1.3,Fed Fry,NOCN8202,1983,198304,19830412,1.8,B,N,,1,,0,0,,0,0,387,387
OPS,Quesnel R,Chinook,Spring,1982,Slim Cr,UPFR,CK-12,UPPER FRASER RIVER_SP_1.3,W,H,Quesnel River H,Slim Cr,CK-12,UPPER FRASER RIVER_SP_1.3,Fed Fry,021863,1983,198304,19830405,2.8,B,N,,1,AD,102087,1031,,0,0,165775,268893
OPS,Quesnel R,Chinook,Spring,1982,Slim Cr,UPFR,CK-12,UPPER FRASER RIVER_SP_1.3,W,H,Quesnel River H,Slim Cr,CK-12,UPPER FRASER RIVER_SP_1.3,Fed Fry,NOCN8211,1983,198304,19830402,1.1,B,N,ALL PINHEADS,1,,0,0,,0,0,63513,63513
OPS,Quesnel R,Chinook,Spring,1982,Slim Cr,UPFR,CK-12,UPPER FRASER RIVER_SP_1.3,W,H,Quesnel River H,Slim Cr,CK-12,UPPER FRASER RIVER_SP_1.3,Fed Fry,NOCN8212,1983,198304,19830402,2.5,B,N,,1,,0,0,,0,0,165775,165775
OPS,Quesnel R,Chinook,Spring,1982,West Road R,UPFR,CK-10,MIDDLE FRASER RIVER_SP_1.3,W,H,Quesnel River H,West Road R,CK-10,MIDDLE FRASER RIVER_SP_1.3,Fed Fry,022409,1983,198304,19830412,2.8,B,N,,1,AD,37306,377,,0,0,1528,39211
OPS,Quesnel R,Chinook,Spring,1983,Bowron R,UPFR,CK-12,UPPER FRASER RIVER_SP_1.3,M,H,Quesnel River H,Bowron R,CK-12,UPPER FRASER RIVER_SP_1.3,Smolt 0+,022622,1984,19840405,19840409,6.2,P,N,,1,AD,47282,2815,,0,0,385145,435242
OPS,Quesnel R,Chinook,Spring,1983,Cariboo R Up,UPFR,CK-10,MIDDLE FRASER RIVER_SP_1.3,M,H,Quesnel River H,Cariboo R Up,CK-10,MIDDLE FRASER RIVER_SP_1.3,Smolt 0+,022624,1984,198404,19840417,6.5,P,N,,1,AD,49739,1711,,0,0,32396,83846
OPS,Quesnel R,Chinook,Spring,1983,Horsefly R,UPFR,CK-10,MIDDLE FRASER RIVER_SP_1.3,M,H,Quesnel River H,Horsefly R,CK-10,MIDDLE FRASER RIVER_SP_1.3,Smolt 0+,022626,1984,198404,19840424,6,P,N,,1,AD,21017,391,,0,0,1760,23168
OPS,Quesnel R,Chinook,Spring,1983,Indianpoint Cr,UPFR,CK-12,UPPER FRASER RIVER_SP_1.3,M,H,Quesnel River H,Indianpoint Cr,CK-12,UPPER FRASER RIVER_SP_1.3,Smolt 0+,022623,1984,198404,19840409,5.3,P,N,,1,AD,51419,386,,0,0,34524,86329
OPS,Quesnel R,Chinook,Spring,1983,Nazko R,UPFR,CK-10,MIDDLE FRASER RIVER_SP_1.3,M,H,Quesnel River H,Nazko R,CK-10,MIDDLE FRASER RIVER_SP_1.3,Smolt 0+,022620,1984,198404,19840415,6.5,P,N,,1,AD,47318,961,,0,0,113368,161647
OPS,Quesnel R,Chinook,Spring,1983,West Road R,UPFR,CK-10,MIDDLE FRASER RIVER_SP_1.3,M,H,Quesnel River H,West Road R,CK-10,MIDDLE FRASER RIVER_SP_1.3,Smolt 0+,022621,1984,19840411,19840413,6,P,N,,1,AD,47887,759,,0,0,206959,255605
OPS,Quesnel R,Chinook,Spring,1984,Baezaeko R,UPFR,CK-10,MIDDLE FRASER RIVER_SP_1.3,M,H,Quesnel River H,Baezaeko R,CK-10,MIDDLE FRASER RIVER_SP_1.3,Smolt 0+,023049,1985,198504,19850413,4.6,P,N,,1,AD,53076,265,,0,0,48990,102331
OPS,Quesnel R,Chinook,Spring,1984,Bowron R,UPFR,CK-12,UPPER FRASER RIVER_SP_1.3,M,H,Quesnel River H,Bowron R,CK-12,UPPER FRASER RIVER_SP_1.3,Smolt 0+,022140,1985,19850406,19850408,3.9,P,N,,1,AD,58219,588,,0,0,19220,78027
OPS,Quesnel R,Chinook,Spring,1984,Bowron R,UPFR,CK-12,UPPER FRASER RIVER_SP_1.3,M,H,Quesnel River H,Bowron R,CK-12,UPPER FRASER RIVER_SP_1.3,Smolt 0+,022754,1985,19850406,19850408,3.9,P,N,,1,AD,27971,0,,0,0,19220,47191
OPS,Quesnel R,Chinook,Spring,1984,Bowron R,UPFR,CK-12,UPPER FRASER RIVER_SP_1.3,M,H,Quesnel River H,Bowron R,CK-12,UPPER FRASER RIVER_SP_1.3,Smolt 0+,023028,1985,198504,19850408,3.7,B,N,IMPRINTING: HELD 1 WK,1,AD,27837,278,,0,0,381,28496
OPS,Quesnel R,Chinook,Spring,1984,Bowron R,UPFR,CK-12,UPPER FRASER RIVER_SP_1.3,M,H,Quesnel River H,Bowron R,CK-12,UPPER FRASER RIVER_SP_1.3,Smolt 0+,023029,1985,198504,19850408,3.7,B,N,IMPRINTING: HELD 1 WK,1,AD,20259,208,,0,0,381,20848
OPS,Quesnel R,Chinook,Spring,1984,Bowron R,UPFR,CK-12,UPPER FRASER RIVER_SP_1.3,M,H,Quesnel River H,Bowron R,CK-12,UPPER FRASER RIVER_SP_1.3,Smolt 0+,023030,1985,19850406,19850408,3.9,P,N,,1,AD,27694,277,,0,0,19220,47191
OPS,Quesnel R,Chinook,Spring,1984,Bowron R,UPFR,CK-12,UPPER FRASER RIVER_SP_1.3,M,H,Quesnel River H,Bowron R,CK-12,UPPER FRASER RIVER_SP_1.3,Smolt 0+,023031,1985,19850406,19850408,3.9,P,N,,1,AD,27191,275,,0,0,19221,46687
OPS,Quesnel R,Chinook,Spring,1984,Bowron R,UPFR,CK-12,UPPER FRASER RIVER_SP_1.3,M,H,Quesnel River H,Bowron R,CK-12,UPPER FRASER RIVER_SP_1.3,Smolt 0+,023036,1985,19850406,19850408,3.9,P,N,,1,AD,25892,391,,0,0,19220,45503
OPS,Quesnel R,Chinook,Spring,1984,Bowron R,UPFR,CK-12,UPPER FRASER RIVER_SP_1.3,M,H,Quesnel River H,Bowron R,CK-12,UPPER FRASER RIVER_SP_1.3,Smolt 0+,023040,1985,19850406,19850408,3.9,P,N,2 RELEASE SITES ON BOWRON,1,AD,30904,0,,0,0,17690,48594
OPS,Quesnel R,Chinook,Spring,1984,Cariboo R Up,UPFR,CK-10,MIDDLE FRASER RIVER_SP_1.3,M,H,Quesnel River H,Cariboo R Up,CK-10,MIDDLE FRASER RIVER_SP_1.3,Smolt 0+,023018,1985,198504,19850412,4,B,N,TIME OF RELEASE-MID. SEE 023019-23.,1,AD,27558,34,,0,0,408,28000
OPS,Quesnel R,Chinook,Spring,1984,Cariboo R Up,UPFR,CK-10,MIDDLE FRASER RIVER_SP_1.3,M,H,Quesnel River H,Cariboo R Up,CK-10,MIDDLE FRASER RIVER_SP_1.3,Smolt 0+,023019,1985,198504,19850412,4,B,N,TIME OF RELEASE-MID. SEE 023018-23.,1,AD,27245,55,,0,0,409,27709
OPS,Quesnel R,Chinook,Spring,1984,Cariboo R Up,UPFR,CK-10,MIDDLE FRASER RIVER_SP_1.3,M,H,Quesnel River H,Cariboo R Up,CK-10,MIDDLE FRASER RIVER_SP_1.3,Smolt 0+,023020,1985,198505,19850502,3.2,B,N,TIME OF RELEASE: LATE,1,AD,23244,192,,0,0,2354,25790
OPS,Quesnel R,Chinook,Spring,1984,Cariboo R Up,UPFR,CK-10,MIDDLE FRASER RIVER_SP_1.3,M,H,Quesnel River H,Cariboo R Up,CK-10,MIDDLE FRASER RIVER_SP_1.3,Smolt 0+,023021,1985,198503,19850321,3.6,B,N,TIME OF RELEASE: EARLY. SEE 023018-23.,1,AD,28146,0,,0,0,458,28604
OPS,Quesnel R,Chinook,Spring,1984,Cariboo R Up,UPFR,CK-10,MIDDLE FRASER RIVER_SP_1.3,M,H,Quesnel River H,Cariboo R Up,CK-10,MIDDLE FRASER RIVER_SP_1.3,Smolt 0+,023022,1985,198503,19850321,3.6,B,N,TIME OF RELEASE: EARLY.SEE 023018-23.,1,AD,27317,0,,0,0,457,27774
OPS,Quesnel R,Chinook,Spring,1984,Cariboo R Up,UPFR,CK-10,MIDDLE FRASER RIVER_SP_1.3,M,H,Quesnel River H,Cariboo R Up,CK-10,MIDDLE FRASER RIVER_SP_1.3,Smolt 0+,023023,1985,198505,19850502,3.2,B,N,TIME OF RELEASE: LATE,1,AD,13519,0,,0,0,2353,15872
OPS,Quesnel R,Chinook,Spring,1984,Cottonwood R,UPFR,CK-10,MIDDLE FRASER RIVER_SP_1.3,M,H,Quesnel River H,Cottonwood R,CK-10,MIDDLE FRASER RIVER_SP_1.3,Smolt 0+,022714,1985,198504,19850417,4.4,P,N,,1,AD,76261,320,,0,0,8273,84854
OPS,Quesnel R,Chinook,Spring,1984,Fontoniko Cr,UPFR,CK-12,UPPER FRASER RIVER_SP_1.3,M,H,Quesnel River H,Fontoniko Cr,CK-12,UPPER FRASER RIVER_SP_1.3,Smolt 0+,023050,1985,198504,19850402,5.1,P,N,,1,AD,53820,245,,0,0,70514,124579
OPS,Quesnel R,Chinook,Spring,1984,Horsefly R,UPFR,CK-10,MIDDLE FRASER RIVER_SP_1.3,M,H,Quesnel River H,Horsefly R,CK-10,MIDDLE FRASER RIVER_SP_1.3,Smolt 0+,022816,1985,198504,19850419,4.7,P,N,,1,AD,26828,0,,0,0,150,26978
OPS,Quesnel R,Chinook,Spring,1984,Indianpoint Cr,UPFR,CK-12,UPPER FRASER RIVER_SP_1.3,M,H,Quesnel River H,Indianpoint Cr,CK-12,UPPER FRASER RIVER_SP_1.3,Smolt 0+,NOCN8404,1985,198504,19850406,3.5,P,N,,1,,0,0,,0,0,110966,110966
OPS,Quesnel R,Chinook,Spring,1984,James Cr,UPFR,CK-12,UPPER FRASER RIVER_SP_1.3,M,H,Quesnel River H,James Cr,CK-12,UPPER FRASER RIVER_SP_1.3,Smolt 0+,023032,1985,198504,19850405,6.1,P,N,,1,AD,27356,205,,0,0,2651,30212
OPS,Quesnel R,Chinook,Spring,1984,James Cr,UPFR,CK-12,UPPER FRASER RIVER_SP_1.3,M,H,Quesnel River H,James Cr,CK-12,UPPER FRASER RIVER_SP_1.3,Smolt 0+,023033,1985,198504,19850405,6.1,P,N,,1,AD,22083,494,,0,0,2651,25228
OPS,Quesnel R,Chinook,Spring,1984,James Cr,UPFR,CK-12,UPPER FRASER RIVER_SP_1.3,M,H,Quesnel River H,James Cr,CK-12,UPPER FRASER RIVER_SP_1.3,Smolt 0+,023034,1985,198504,19850405,6.1,P,N,,1,AD,27321,183,,0,0,2651,30155
OPS,Quesnel R,Chinook,Spring,1984,McKinley Cr,UPFR,CK-10,MIDDLE FRASER RIVER_SP_1.3,M,H,Quesnel River H,McKinley Cr,CK-10,MIDDLE FRASER RIVER_SP_1.3,Smolt 0+,022940,1985,198504,19850419,4.3,P,N,,1,AD,8045,0,,0,0,56,8101
OPS,Quesnel R,Chinook,Spring,1984,McKinley Cr,UPFR,CK-10,MIDDLE FRASER RIVER_SP_1.3,M,H,Quesnel River H,McKinley Cr,CK-10,MIDDLE FRASER RIVER_SP_1.3,Smolt 0+,022941,1985,198504,19850419,4.3,P,N,,1,AD,6191,0,,0,0,44,6235
OPS,Quesnel R,Chinook,Spring,1984,Nazko R,UPFR,CK-10,MIDDLE FRASER RIVER_SP_1.3,M,H,Quesnel River H,Nazko R,CK-10,MIDDLE FRASER RIVER_SP_1.3,Smolt 0+,NOCN8405,1985,198504,19850413,3,P,N,,1,,0,0,,0,0,35621,35621
OPS,Quesnel R,Chinook,Spring,1984,Seebach Cr,UPFR,CK-12,UPPER FRASER RIVER_SP_1.3,M,H,Quesnel River H,Seebach Cr,CK-12,UPPER FRASER RIVER_SP_1.3,Smolt 0+,023051,1985,19850402,19850505,5.5,P,N,,1,AD,53524,677,,0,0,62018,116219
OPS,Quesnel R,Chinook,Spring,1984,West Road R,UPFR,CK-10,MIDDLE FRASER RIVER_SP_1.3,M,H,Quesnel River H,West Road R,CK-10,MIDDLE FRASER RIVER_SP_1.3,Smolt 0+,023024,1985,198504,19850424,4.9,B,N,"TIME OF RELEASE: LATE. SEE 023026-27(EARLY), 023025(LATE)",1,AD,26205,375,,0,0,35014,61594
OPS,Quesnel R,Chinook,Spring,1984,West Road R,UPFR,CK-10,MIDDLE FRASER RIVER_SP_1.3,M,H,Quesnel River H,West Road R,CK-10,MIDDLE FRASER RIVER_SP_1.3,Smolt 0+,023025,1985,198504,19850424,4.9,B,N,"TIME OF RELEASE: LATE. SEE 023026-27(EARLY), 023024(LATE)",1,AD,25269,125,,0,0,35014,60408
OPS,Quesnel R,Chinook,Spring,1984,West Road R,UPFR,CK-10,MIDDLE FRASER RIVER_SP_1.3,M,H,Quesnel River H,West Road R,CK-10,MIDDLE FRASER RIVER_SP_1.3,Smolt 0+,023026,1985,198504,19850410,4.3,B,N,"TIME OF RELEASE: EARLY. SEE 023027(EARLY),023024-25(LATE)",1,AD,27656,66,,0,0,38190,65912
OPS,Quesnel R,Chinook,Spring,1984,West Road R,UPFR,CK-10,MIDDLE FRASER RIVER_SP_1.3,M,H,Quesnel River H,West Road R,CK-10,MIDDLE FRASER RIVER_SP_1.3,Smolt 0+,023027,1985,198504,19850410,4.3,B,N,"TIME OF RELEASE: EARLY. SEE 023026(EARLY), 023024-25(LATE)",1,AD,26623,63,,0,0,38190,64876
OPS,Quesnel R,Chinook,Spring,1984,Willow R/UPFR,UPFR,CK-12,UPPER FRASER RIVER_SP_1.3,M,H,Quesnel River H,Willow R/UPFR,CK-12,UPPER FRASER RIVER_SP_1.3,Smolt 0+,022813,1985,198504,19850415,5.3,P,N,,1,AD,26779,135,,0,0,1667,28581
OPS,Quesnel R,Chinook,Spring,1984,Willow R/UPFR,UPFR,CK-12,UPPER FRASER RIVER_SP_1.3,M,H,Quesnel River H,Willow R/UPFR,CK-12,UPPER FRASER RIVER_SP_1.3,Smolt 0+,022814,1985,198504,19850415,5.3,P,N,,1,AD,27308,416,,0,0,1666,29390
OPS,Quesnel R,Chinook,Spring,1984,Willow R/UPFR,UPFR,CK-12,UPPER FRASER RIVER_SP_1.3,M,H,Quesnel River H,Willow R/UPFR,CK-12,UPPER FRASER RIVER_SP_1.3,Smolt 0+,022815,1985,198504,19850415,5.3,P,N,,1,AD,26295,132,,0,0,1667,28094
OPS,Quesnel R,Chinook,Spring,1985,Baezaeko R,UPFR,CK-10,MIDDLE FRASER RIVER_SP_1.3,M,H,Quesnel River H,Baezaeko R,CK-10,MIDDLE FRASER RIVER_SP_1.3,Smolt 0+,023612,1986,198604,19860428,3.5,P,N,ALSO SEE 023613 AND 023614,1,AD,25152,0,,0,0,26313,51465
OPS,Quesnel R,Chinook,Spring,1985,Baezaeko R,UPFR,CK-10,MIDDLE FRASER RIVER_SP_1.3,M,H,Quesnel River H,Baezaeko R,CK-10,MIDDLE FRASER RIVER_SP_1.3,Smolt 0+,023613,1986,198604,19860428,3.5,P,N,ALSO SEE 023612 AND 023614,1,AD,25135,17,,0,0,26314,51466
OPS,Quesnel R,Chinook,Spring,1985,Baezaeko R,UPFR,CK-10,MIDDLE FRASER RIVER_SP_1.3,M,H,Quesnel River H,Baezaeko R,CK-10,MIDDLE FRASER RIVER_SP_1.3,Smolt 0+,023614,1986,198604,19860428,3.5,P,N,ALSO SEE 023612 AND 023613,1,AD,25152,0,,0,0,26314,51466
OPS,Quesnel R,Chinook,Spring,1985,Bowron R,UPFR,CK-12,UPPER FRASER RIVER_SP_1.3,M,H,Quesnel River H,Bowron R,CK-12,UPPER FRASER RIVER_SP_1.3,Smolt 0+,023608,1986,198605,19860502,3.1,P,N,,1,AD,25127,178,,0,0,11209,36514
OPS,Quesnel R,Chinook,Spring,1985,Bowron R,UPFR,CK-12,UPPER FRASER RIVER_SP_1.3,M,H,Quesnel River H,Bowron R,CK-12,UPPER FRASER RIVER_SP_1.3,Smolt 0+,023609,1986,198605,19860502,3.1,P,N,,1,AD,25173,223,,0,0,11249,36645
OPS,Quesnel R,Chinook,Spring,1985,Bowron R,UPFR,CK-12,UPPER FRASER RIVER_SP_1.3,M,H,Quesnel River H,Bowron R,CK-12,UPPER FRASER RIVER_SP_1.3,Smolt 0+,023624,1986,198605,19860502,3.1,P,N,,1,AD,25730,131,,0,0,11455,37316
OPS,Quesnel R,Chinook,Spring,1985,Bowron R,UPFR,CK-12,UPPER FRASER RIVER_SP_1.3,M,H,Quesnel River H,Bowron R,CK-12,UPPER FRASER RIVER_SP_1.3,Smolt 0+,023625,1986,198605,19860502,3.1,P,N,,1,AD,25391,0,,0,0,11247,36638
OPS,Quesnel R,Chinook,Spring,1985,Bowron R,UPFR,CK-12,UPPER FRASER RIVER_SP_1.3,M,H,Quesnel River H,Bowron R,CK-12,UPPER FRASER RIVER_SP_1.3,Smolt 0+,023626,1986,198605,19860502,3.1,P,N,,1,AD,25309,119,,0,0,11263,36691
OPS,Quesnel R,Chinook,Spring,1985,Bowron R,UPFR,CK-12,UPPER FRASER RIVER_SP_1.3,M,H,Quesnel River H,Bowron R,CK-12,UPPER FRASER RIVER_SP_1.3,Smolt 0+,023627,1986,198605,19860502,3.1,P,N,,1,AD,25252,79,,0,0,11220,36551
OPS,Quesnel R,Chinook,Spring,1985,Cariboo R Up,UPFR,CK-10,MIDDLE FRASER RIVER_SP_1.3,M,H,Quesnel River H,Cariboo R Up,CK-10,MIDDLE FRASER RIVER_SP_1.3,Smolt 0+,023618,1986,198604,19860423,3.4,B,N,TIME OF RELEASE: EARLY,1,AD,24759,253,,0,0,176,25188
OPS,Quesnel R,Chinook,Spring,1985,Cariboo R Up,UPFR,CK-10,MIDDLE FRASER RIVER_SP_1.3,M,H,Quesnel River H,Cariboo R Up,CK-10,MIDDLE FRASER RIVER_SP_1.3,Smolt 0+,023619,1986,198604,19860423,3.4,B,N,TIME OF RELEASE: EARLY,1,AD,25086,0,,0,0,176,25262
OPS,Quesnel R,Chinook,Spring,1985,Cariboo R Up,UPFR,CK-10,MIDDLE FRASER RIVER_SP_1.3,M,H,Quesnel River H,Cariboo R Up,CK-10,MIDDLE FRASER RIVER_SP_1.3,Smolt 0+,023620,1986,198605,19860523,4.6,B,N,TIME OF RELEASE: LATE,1,AD,25022,0,,0,0,4281,29303
OPS,Quesnel R,Chinook,Spring,1985,Cariboo R Up,UPFR,CK-10,MIDDLE FRASER RIVER_SP_1.3,M,H,Quesnel River H,Cariboo R Up,CK-10,MIDDLE FRASER RIVER_SP_1.3,Fed Fry,NOCN8508,1986,198605,19860523,1.9,B,N,DOWNGRADES,1,,0,0,,0,0,19553,19553
OPS,Quesnel R,Chinook,Spring,1985,Cariboo R Up,UPFR,CK-10,MIDDLE FRASER RIVER_SP_1.3,M,H,Quesnel River H,Little R/UPFR,,,Smolt 0+,023622,1986,198604,19860423,3.1,B,Y,TRANSPLANT FROM CARIBOO RIVER,1,AD,24892,126,,0,0,,25018
OPS,Quesnel R,Chinook,Spring,1985,Cariboo R Up,UPFR,CK-10,MIDDLE FRASER RIVER_SP_1.3,M,H,Quesnel River H,Little R/UPFR,,,Smolt 0+,023623,1986,198605,19860523,4.2,B,Y,TRANSPLANT FROM CARIBOO RIVER,1,AD,25002,0,,0,0,,25002
OPS,Quesnel R,Chinook,Spring,1985,Fontoniko Cr,UPFR,CK-12,UPPER FRASER RIVER_SP_1.3,M,H,Quesnel River H,Fontoniko Cr,CK-12,UPPER FRASER RIVER_SP_1.3,Smolt 0+,023602,1986,198604,19860421,4.2,B,N,TIME OF RELEASE: EARLY RELEASE SEE 023603-04,1,AD,27406,205,,0,0,11496,39107
OPS,Quesnel R,Chinook,Spring,1985,Fontoniko Cr,UPFR,CK-12,UPPER FRASER RIVER_SP_1.3,M,H,Quesnel River H,Fontoniko Cr,CK-12,UPPER FRASER RIVER_SP_1.3,Smolt 0+,023603,1986,198604,19860421,4.2,B,N,"TIME OF RELEASE: EARLY RELEASE SEE 023602,04",1,AD,27406,151,,0,0,11474,39031
OPS,Quesnel R,Chinook,Spring,1985,Fontoniko Cr,UPFR,CK-12,UPPER FRASER RIVER_SP_1.3,M,H,Quesnel River H,Fontoniko Cr,CK-12,UPPER FRASER RIVER_SP_1.3,Smolt 0+,023604,1986,198604,19860421,4.2,B,N,TIME OF RELEASE: EARLY RELEASE SEE 023602-03,1,AD,27528,0,,0,0,11462,38990
OPS,Quesnel R,Chinook,Spring,1985,Fontoniko Cr,UPFR,CK-12,UPPER FRASER RIVER_SP_1.3,M,H,Quesnel River H,Fontoniko Cr,CK-12,UPPER FRASER RIVER_SP_1.3,Smolt 0+,023605,1986,198605,19860521,5,B,N,TIME OF RELEASE: LATE RELEASE SEE 023607-08,1,AD,25940,30,,0,0,,25970
OPS,Quesnel R,Chinook,Spring,1985,Fontoniko Cr,UPFR,CK-12,UPPER FRASER RIVER_SP_1.3,M,H,Quesnel River H,Fontoniko Cr,CK-12,UPPER FRASER RIVER_SP_1.3,Smolt 0+,023606,1986,198605,19860521,5,B,N,"TIME OF RELEASE: LATE RELEASE SEE 023605,08",1,AD,25899,68,,0,0,,25967
OPS,Quesnel R,Chinook,Spring,1985,Fontoniko Cr,UPFR,CK-12,UPPER FRASER RIVER_SP_1.3,M,H,Quesnel River H,Fontoniko Cr,CK-12,UPPER FRASER RIVER_SP_1.3,Smolt 0+,023607,1986,198605,19860521,5,B,N,TIME OF RELEASE: LATE RELEASE SEE 023605-06,1,AD,26115,0,,0,0,,26115
OPS,Quesnel R,Chinook,Spring,1985,Fontoniko Cr,UPFR,CK-12,UPPER FRASER RIVER_SP_1.3,M,H,Quesnel River H,Fontoniko Cr,CK-12,UPPER FRASER RIVER_SP_1.3,Fed Fry,NOCN8507,1986,198605,19860521,1.9,B,N,DOWNGRADES,1,,0,0,,0,0,11675,11675
OPS,Quesnel R,Chinook,Spring,1985,Indianpoint Cr,UPFR,CK-12,UPPER FRASER RIVER_SP_1.3,M,H,Quesnel River H,Indianpoint Cr,CK-12,UPPER FRASER RIVER_SP_1.3,Smolt 0+,023610,1986,198604,19860430,3.1,P,N,,1,AD,25166,63,,0,0,64421,89650
OPS,Quesnel R,Chinook,Spring,1985,Indianpoint Cr,UPFR,CK-12,UPPER FRASER RIVER_SP_1.3,M,H,Quesnel River H,Indianpoint Cr,CK-12,UPPER FRASER RIVER_SP_1.3,Smolt 0+,023611,1986,198604,19860430,3.1,P,N,,1,AD,25229,0,,0,0,64422,89651
OPS,Quesnel R,Chinook,Spring,1985,Nazko R,UPFR,CK-10,MIDDLE FRASER RIVER_SP_1.3,M,H,Quesnel River H,Nazko R,CK-10,MIDDLE FRASER RIVER_SP_1.3,Smolt 0+,023615,1986,198605,19860505,3.2,P,N,REPLICATE OF 36/16; 36/17,1,AD,25088,0,,0,0,28925,54013
OPS,Quesnel R,Chinook,Spring,1985,Nazko R,UPFR,CK-10,MIDDLE FRASER RIVER_SP_1.3,M,H,Quesnel River H,Nazko R,CK-10,MIDDLE FRASER RIVER_SP_1.3,Smolt 0+,023616,1986,198605,19860505,3.2,P,N,REPLICATE OF 36/15; 36/17,1,AD,25052,36,,0,0,28925,54013
OPS,Quesnel R,Chinook,Spring,1985,Nazko R,UPFR,CK-10,MIDDLE FRASER RIVER_SP_1.3,M,H,Quesnel River H,Nazko R,CK-10,MIDDLE FRASER RIVER_SP_1.3,Smolt 0+,023617,1986,198605,19860505,3.2,P,N,REPLICATE OF 36/15; 36/16,1,AD,24961,128,,0,0,28926,54015
OPS,Quesnel R,Chinook,Spring,1985,Swift R/UPFR,UPFR,CK-10,MIDDLE FRASER RIVER_SP_1.3,M,H,Quesnel River H,Swift R/UPFR,CK-10,MIDDLE FRASER RIVER_SP_1.3,Smolt 0+,023729,1986,198605,19860526,3.3,P,N,,1,AD,75334,0,,0,0,114153,189487
OPS,Quesnel R,Chinook,Spring,1985,Willow R/UPFR,UPFR,CK-12,UPPER FRASER RIVER_SP_1.3,M,H,Quesnel River H,Fontoniko Cr,CK-12,UPPER FRASER RIVER_SP_1.3,Smolt 0+,023621,1986,198604,19860421,4.1,B,Y,REL TO W. FORK OF FONTONIKO,1,AD,25588,0,,0,0,2609,28197
OPS,Quesnel R,Chinook,Spring,1985,Willow R/UPFR,UPFR,CK-12,UPPER FRASER RIVER_SP_1.3,M,H,Quesnel River H,Willow R/UPFR,CK-12,UPPER FRASER RIVER_SP_1.3,Smolt 0+,023728,1986,198604,19860424,3.5,P,N,,1,AD,75363,109,,0,0,108568,184040
OPS,Quesnel R,Chinook,Spring,1986,Baezaeko R,UPFR,CK-10,MIDDLE FRASER RIVER_SP_1.3,M,H,Quesnel River H,Baezaeko R,CK-10,MIDDLE FRASER RIVER_SP_1.3,Smolt 0+,NOCN8609,1987,198704,19870413,4.3,P,N,,1,,0,0,,0,0,195869,195869
OPS,Quesnel R,Chinook,Spring,1986,Bowron R,UPFR,CK-12,UPPER FRASER RIVER_SP_1.3,M,H,Quesnel River H,Bowron R,CK-12,UPPER FRASER RIVER_SP_1.3,Smolt 0+,024209,1987,198704,19870407,4.4,P,N,REPLICATE WITH 024210-12,1,AD,26943,0,,0,0,39131,66074
OPS,Quesnel R,Chinook,Spring,1986,Bowron R,UPFR,CK-12,UPPER FRASER RIVER_SP_1.3,M,H,Quesnel River H,Bowron R,CK-12,UPPER FRASER RIVER_SP_1.3,Smolt 0+,024210,1987,198704,19870407,4.4,P,N,REPLICATE WITH 024209 & 024211-12,1,AD,26867,0,,0,0,39020,65887
OPS,Quesnel R,Chinook,Spring,1986,Bowron R,UPFR,CK-12,UPPER FRASER RIVER_SP_1.3,M,H,Quesnel River H,Bowron R,CK-12,UPPER FRASER RIVER_SP_1.3,Smolt 0+,024211,1987,198704,19870407,4.4,P,N,REPLICATE WITH 024209-10 & 024212,1,AD,27044,0,,0,0,39277,66321
OPS,Quesnel R,Chinook,Spring,1986,Bowron R,UPFR,CK-12,UPPER FRASER RIVER_SP_1.3,M,H,Quesnel River H,Bowron R,CK-12,UPPER FRASER RIVER_SP_1.3,Smolt 0+,024212,1987,198704,19870407,4.4,P,N,REPLICATE WITH 024209-11,1,AD,26932,0,,0,0,39115,66047
OPS,Quesnel R,Chinook,Spring,1986,Cariboo R Up,UPFR,CK-10,MIDDLE FRASER RIVER_SP_1.3,M,H,Quesnel River H,Cariboo R Up,CK-10,MIDDLE FRASER RIVER_SP_1.3,Smolt 0+,024223,1987,198704,19870406,4,P,N,3 REL. SITES ON UPPER CARIBOO,1,AD,26695,20,,0,0,17026,43741
OPS,Quesnel R,Chinook,Spring,1986,Cariboo R Up,UPFR,CK-10,MIDDLE FRASER RIVER_SP_1.3,M,H,Quesnel River H,Cariboo R Up,CK-10,MIDDLE FRASER RIVER_SP_1.3,Smolt 0+,024224,1987,198704,19870406,4,P,N,3 REL. SITES ON UPPER CARIBOO,1,AD,27096,0,,0,0,17029,44125
OPS,Quesnel R,Chinook,Spring,1986,Cariboo R Up,UPFR,CK-10,MIDDLE FRASER RIVER_SP_1.3,M,H,Quesnel River H,Cariboo R Up,CK-10,MIDDLE FRASER RIVER_SP_1.3,Smolt 0+,024225,1987,198704,19870406,4,P,N,3 REL. SITES ON UPPER CARIBOO,1,AD,26815,0,,0,0,17029,43844
OPS,Quesnel R,Chinook,Spring,1986,Horsefly R,UPFR,CK-10,MIDDLE FRASER RIVER_SP_1.3,M,H,Quesnel River H,Horsefly R,CK-10,MIDDLE FRASER RIVER_SP_1.3,Smolt 0+,NOCN8607,1987,198704,19870421,3.5,P,N,,1,,0,0,,0,0,6313,6313
OPS,Quesnel R,Chinook,Spring,1986,McKinley Cr,UPFR,CK-10,MIDDLE FRASER RIVER_SP_1.3,M,H,Quesnel River H,McKinley Cr,CK-10,MIDDLE FRASER RIVER_SP_1.3,Smolt 0+,NOCN8610,1987,198704,19870421,4.4,P,N,,1,,0,0,,0,0,24756,24756
OPS,Quesnel R,Chinook,Spring,1986,Nazko R,UPFR,CK-10,MIDDLE FRASER RIVER_SP_1.3,M,H,Quesnel River H,Nazko R,CK-10,MIDDLE FRASER RIVER_SP_1.3,Smolt 0+,NOCN8608,1987,198704,19870415,4.7,P,N,,1,,0,0,,0,0,180862,180862
OPS,Quesnel R,Chinook,Spring,1986,Swift R/UPFR,UPFR,CK-10,MIDDLE FRASER RIVER_SP_1.3,M,H,Quesnel River H,Swift R/UPFR,CK-10,MIDDLE FRASER RIVER_SP_1.3,Smolt 0+,024229,1987,19870409,19870411,4.5,P,N,,1,AD,26705,74,,0,0,84360,111139
OPS,Quesnel R,Chinook,Spring,1986,Swift R/UPFR,UPFR,CK-10,MIDDLE FRASER RIVER_SP_1.3,M,H,Quesnel River H,Swift R/UPFR,CK-10,MIDDLE FRASER RIVER_SP_1.3,Smolt 0+,024230,1987,19870409,19870411,4.5,P,N,,1,AD,26698,159,,0,0,84337,111194
OPS,Quesnel R,Chinook,Spring,1986,Swift R/UPFR,UPFR,CK-10,MIDDLE FRASER RIVER_SP_1.3,M,H,Quesnel River H,Swift R/UPFR,CK-10,MIDDLE FRASER RIVER_SP_1.3,Smolt 0+,024231,1987,19870409,19870411,4.5,P,N,,1,AD,26777,0,,0,0,84587,111364
OPS,Quesnel R,Chinook,Spring,1986,West Road R,UPFR,CK-10,MIDDLE FRASER RIVER_SP_1.3,M,H,Quesnel River H,West Road R,CK-10,MIDDLE FRASER RIVER_SP_1.3,Smolt 0+,024206,1987,19870417,19870419,4.2,P,N,REPLICATE WITH 024207-08,1,AD,26760,0,,0,0,66809,93569
OPS,Quesnel R,Chinook,Spring,1986,West Road R,UPFR,CK-10,MIDDLE FRASER RIVER_SP_1.3,M,H,Quesnel River H,West Road R,CK-10,MIDDLE FRASER RIVER_SP_1.3,Smolt 0+,024207,1987,19870417,19870419,4.2,P,N,REPLICATE WITH 024206 & 08,1,AD,26611,210,,0,0,66437,93258
OPS,Quesnel R,Chinook,Spring,1986,West Road R,UPFR,CK-10,MIDDLE FRASER RIVER_SP_1.3,M,H,Quesnel River H,West Road R,CK-10,MIDDLE FRASER RIVER_SP_1.3,Smolt 0+,024208,1987,19870417,19870419,4.2,P,N,REPLICATE WITH 024206-07,1,AD,26865,64,,0,0,67072,94001
OPS,Quesnel R,Chinook,Spring,1987,Bowron R,UPFR,CK-12,UPPER FRASER RIVER_SP_1.3,M,H,Quesnel River H,Bowron R,CK-12,UPPER FRASER RIVER_SP_1.3,Smolt 0+,024743,1988,19880409,19880411,4.8,P,N,"REP. TAGCODES ARE 024744,45,46",1,AD,26091,26,,0,0,71590,97707
OPS,Quesnel R,Chinook,Spring,1987,Bowron R,UPFR,CK-12,UPPER FRASER RIVER_SP_1.3,M,H,Quesnel River H,Bowron R,CK-12,UPPER FRASER RIVER_SP_1.3,Smolt 0+,024744,1988,19880409,19880411,4.8,P,N,"REP. TAGCODES 024743,45,46",1,AD,26224,65,,0,0,71956,98245
OPS,Quesnel R,Chinook,Spring,1987,Bowron R,UPFR,CK-12,UPPER FRASER RIVER_SP_1.3,M,H,Quesnel River H,Bowron R,CK-12,UPPER FRASER RIVER_SP_1.3,Smolt 0+,024745,1988,19880409,19880411,4.8,P,N,"REP. TAGCODES 024743,44,46",1,AD,24917,0,,0,0,68369,93286
OPS,Quesnel R,Chinook,Spring,1987,Bowron R,UPFR,CK-12,UPPER FRASER RIVER_SP_1.3,M,H,Quesnel River H,Bowron R,CK-12,UPPER FRASER RIVER_SP_1.3,Smolt 0+,024746,1988,19880409,19880411,4.8,P,N,"REP. TAGCODES 024743,44,45",1,AD,24478,0,,0,0,67165,91643
OPS,Quesnel R,Chinook,Spring,1987,Cariboo R Up,UPFR,CK-10,MIDDLE FRASER RIVER_SP_1.3,M,H,Quesnel River H,Cariboo R Up,CK-10,MIDDLE FRASER RIVER_SP_1.3,Smolt 0+,024747,1988,19880407,19880411,7.3,P,N,REP. TAGCODE 024748; 3 RELEASE SITES UPPER CARIBOO,1,AD,26652,0,,0,0,45132,71784
OPS,Quesnel R,Chinook,Spring,1987,Cariboo R Up,UPFR,CK-10,MIDDLE FRASER RIVER_SP_1.3,M,H,Quesnel River H,Cariboo R Up,CK-10,MIDDLE FRASER RIVER_SP_1.3,Smolt 0+,024748,1988,19880407,19880411,7.3,P,N,REP. TAGCODE 024747; 3 REL. SITES UPPER CARIBOO,1,AD,26781,169,,0,0,45350,72300
OPS,Quesnel R,Chinook,Spring,1987,Chilcotin R,UPFR,CK-10,MIDDLE FRASER RIVER_SP_1.3,M,H,Quesnel River H,Chilcotin R,CK-10,MIDDLE FRASER RIVER_SP_1.3,Smolt 0+,024749,1988,19880414,19880415,5.8,P,N,REP. CODE 024750,1,AD,25187,0,,0,0,137516,162703
OPS,Quesnel R,Chinook,Spring,1987,Chilcotin R,UPFR,CK-10,MIDDLE FRASER RIVER_SP_1.3,M,H,Quesnel River H,Chilcotin R,CK-10,MIDDLE FRASER RIVER_SP_1.3,Smolt 0+,024750,1988,19880414,19880415,5.8,P,N,REP. CODE 024749,1,AD,26597,0,,0,0,145214,171811
OPS,Quesnel R,Chinook,Spring,1987,Indianpoint Cr,UPFR,CK-12,UPPER FRASER RIVER_SP_1.3,M,H,Quesnel River H,Indianpoint Cr,CK-12,UPPER FRASER RIVER_SP_1.3,Smolt 0+,NOCN8710,1988,198804,19880409,4.2,P,N,,1,,0,0,,0,0,47525,47525
OPS,Quesnel R,Chinook,Spring,1988,Bowron R,UPFR,CK-12,UPPER FRASER RIVER_SP_1.3,M,H,Quesnel River H,Bowron R,CK-12,UPPER FRASER RIVER_SP_1.3,Smolt 0+,NOCN8821,1989,19890515,19890517,8.6,P,N,,1,,0,0,,0,0,327830,327830
OPS,Quesnel R,Chinook,Spring,1988,Cariboo R Up,UPFR,CK-10,MIDDLE FRASER RIVER_SP_1.3,M,H,Quesnel River H,Cariboo R Low,,,Smolt 0+,025410,1989,198904,19890412,6.7,B,N,CONTRIB'N & SURV OF FISH RELEASED BELOW THE LAKE,1,AD,50871,129,,0,0,,51000
OPS,Quesnel R,Chinook,Spring,1988,Cariboo R Up,UPFR,CK-10,MIDDLE FRASER RIVER_SP_1.3,M,H,Quesnel River H,Cariboo R Low,,,Smolt 0+,025453,1989,198904,19890412,6.7,B,N,CONTRIB'N & SURV OF FISH RELEASED BELOW THE LAKE,1,AD,25421,45,,0,0,,25466
OPS,Quesnel R,Chinook,Spring,1988,Cariboo R Up,UPFR,CK-10,MIDDLE FRASER RIVER_SP_1.3,M,H,Quesnel River H,Cariboo R Up,CK-10,MIDDLE FRASER RIVER_SP_1.3,Smolt 0+,025462,1989,19890413,19890417,7.3,B,N,37362 REL AT LITTLE R (14070 MARKS); CONTR'N & SURV OF FISH REL ABOVE LAKE,1,AD,25683,37,,0,0,101639,127359
OPS,Quesnel R,Chinook,Spring,1988,Cariboo R Up,UPFR,CK-10,MIDDLE FRASER RIVER_SP_1.3,M,H,Quesnel River H,Cariboo R Up,CK-10,MIDDLE FRASER RIVER_SP_1.3,Smolt 0+,025463,1989,19890413,19890417,7.3,B,N,36859 REL AT LITTLE R (13459 MARKS); CONTRIB'N & SURV OF FISH REL ABOVE LAKE,1,AD,24567,235,,0,0,101640,126442
OPS,Quesnel R,Chinook,Spring,1988,Chilcotin R,UPFR,CK-10,MIDDLE FRASER RIVER_SP_1.3,M,H,Quesnel River H,Chilcotin R,CK-10,MIDDLE FRASER RIVER_SP_1.3,Smolt 0+,NOCN8822,1989,19890509,19890510,7.3,P,N,,1,,0,0,,0,0,333189,333189
OPS,Quesnel R,Chinook,Spring,1988,Indianpoint Cr,UPFR,CK-12,UPPER FRASER RIVER_SP_1.3,M,H,Quesnel River H,Indianpoint Cr,CK-12,UPPER FRASER RIVER_SP_1.3,Smolt 0+,NOCN8820,1989,198905,19890524,6.4,P,N,,1,,0,0,,0,0,38255,38255
OPS,Quesnel R,Chinook,Spring,1989,Cariboo R Up,UPFR,CK-10,MIDDLE FRASER RIVER_SP_1.3,M,H,Quesnel River H,Cariboo R Up,CK-10,MIDDLE FRASER RIVER_SP_1.3,Smolt 0+,025637,1990,19900402,19900402,8.1,B,N,EGGS INCUBATED USING HEATED WELL WATER. SEE 025638,1,AD,52395,135,,0,0,489,53019
OPS,Quesnel R,Chinook,Spring,1989,Cariboo R Up,UPFR,CK-10,MIDDLE FRASER RIVER_SP_1.3,M,H,Quesnel River H,Cariboo R Up,CK-10,MIDDLE FRASER RIVER_SP_1.3,Smolt 0+,025638,1990,19900501,19900501,8.8,B,N,EGGS INCUBATED WITH AMBIENT WATER. SEE 025637,1,AD,52203,449,,0,0,6129,58781
OPS,Quesnel R,Chinook,Spring,1989,Chilcotin R,UPFR,CK-10,MIDDLE FRASER RIVER_SP_1.3,M,H,Quesnel River H,Chilcotin R,CK-10,MIDDLE FRASER RIVER_SP_1.3,Smolt 0+,020115,1990,19900425,19900426,7.6,P,N,REPLICATE OF 020120 & 020122,1,AD,26489,267,,0,0,34017,60773
OPS,Quesnel R,Chinook,Spring,1989,Chilcotin R,UPFR,CK-10,MIDDLE FRASER RIVER_SP_1.3,M,H,Quesnel River H,Chilcotin R,CK-10,MIDDLE FRASER RIVER_SP_1.3,Smolt 0+,020120,1990,19900425,19900426,7.5,P,N,REPLICATE OF 020115 & 020122.,1,AD,26814,270,,0,0,34434,61518
OPS,Quesnel R,Chinook,Spring,1989,Chilcotin R,UPFR,CK-10,MIDDLE FRASER RIVER_SP_1.3,M,H,Quesnel River H,Chilcotin R,CK-10,MIDDLE FRASER RIVER_SP_1.3,Smolt 0+,020122,1990,19900425,19900426,7.5,P,N,REPLICATE OF 020120 & 020115.,1,AD,26539,268,,0,0,34081,60888
OPS,Quesnel R,Chinook,Spring,1990,Cariboo R Up,UPFR,CK-10,MIDDLE FRASER RIVER_SP_1.3,M,H,Quesnel River H,Cariboo R Up,CK-10,MIDDLE FRASER RIVER_SP_1.3,Smolt 0+,020751,1991,199104,19910411,8.9,B,N,ACCELERATED DURING INCUBATION.COMBINE WITH 020752-53,1,AD,24641,503,,0,0,2347,27491
OPS,Quesnel R,Chinook,Spring,1990,Cariboo R Up,UPFR,CK-10,MIDDLE FRASER RIVER_SP_1.3,M,H,Quesnel River H,Cariboo R Up,CK-10,MIDDLE FRASER RIVER_SP_1.3,Smolt 0+,020752,1991,199104,19910411,8.9,B,N,"ACCELERATED DURING INCUBATION.COMBINE WITH 020751,020753",1,AD,24608,502,,0,0,2347,27457
OPS,Quesnel R,Chinook,Spring,1990,Cariboo R Up,UPFR,CK-10,MIDDLE FRASER RIVER_SP_1.3,M,H,Quesnel River H,Cariboo R Up,CK-10,MIDDLE FRASER RIVER_SP_1.3,Smolt 0+,020753,1991,199104,19910411,8.9,B,N,ACCELERATED DURING INCUBATION. COMBINE WITH 020751-52,1,AD,24807,506,,0,0,2347,27660
OPS,Quesnel R,Chinook,Spring,1990,Chilcotin R,UPFR,CK-10,MIDDLE FRASER RIVER_SP_1.3,M,H,Quesnel River H,Chilcotin R,CK-10,MIDDLE FRASER RIVER_SP_1.3,Smolt 0+,020748,1991,19910501,19910502,8.1,P,N,COMBINE WITH 020749-50.,1,AD,25130,0,,0,0,51418,76548
OPS,Quesnel R,Chinook,Spring,1990,Chilcotin R,UPFR,CK-10,MIDDLE FRASER RIVER_SP_1.3,M,H,Quesnel River H,Chilcotin R,CK-10,MIDDLE FRASER RIVER_SP_1.3,Smolt 0+,020749,1991,19910501,19910502,8.1,P,N,"COMBINE WITH 020748,020750.",1,AD,25229,0,,0,0,51419,76648
OPS,Quesnel R,Chinook,Spring,1990,Chilcotin R,UPFR,CK-10,MIDDLE FRASER RIVER_SP_1.3,M,H,Quesnel River H,Chilcotin R,CK-10,MIDDLE FRASER RIVER_SP_1.3,Smolt 0+,020750,1991,19910501,19910502,8.1,P,N,COMBINE WITH 020748-49.,1,AD,25218,0,,0,0,51419,76637
OPS,Quesnel R,Chinook,Spring,1990,West Road R,UPFR,CK-10,MIDDLE FRASER RIVER_SP_1.3,M,H,Quesnel River H,West Road R,CK-10,MIDDLE FRASER RIVER_SP_1.3,Smolt 0+,020754,1991,199104,19910425,4.8,B,N,AMBIENT WATER INCUBATION. SEE 020755-020759,1,AD,25068,162,,0,0,11602,36832
OPS,Quesnel R,Chinook,Spring,1990,West Road R,UPFR,CK-10,MIDDLE FRASER RIVER_SP_1.3,M,H,Quesnel River H,West Road R,CK-10,MIDDLE FRASER RIVER_SP_1.3,Smolt 0+,020755,1991,199104,19910425,4.8,B,N,AMBIENT WATER INCUBATION. SEE ALSO 020754-020759,1,AD,24982,225,,0,0,11592,36799
OPS,Quesnel R,Chinook,Spring,1990,West Road R,UPFR,CK-10,MIDDLE FRASER RIVER_SP_1.3,M,H,Quesnel River H,West Road R,CK-10,MIDDLE FRASER RIVER_SP_1.3,Smolt 0+,020756,1991,199104,19910425,4.8,B,N,AMBIENT WATER INCUBATION. SEE 020754-020759.,1,AD,25153,276,,0,0,11694,37123
OPS,Quesnel R,Chinook,Spring,1990,West Road R,UPFR,CK-10,MIDDLE FRASER RIVER_SP_1.3,M,H,Quesnel River H,West Road R,CK-10,MIDDLE FRASER RIVER_SP_1.3,Smolt 0+,020757,1991,199104,19910423,6,B,N,ACCELERATED INCUBATION. SEE ALSO 020754-020759.,1,AD,22790,465,,0,0,417,23672
OPS,Quesnel R,Chinook,Spring,1990,West Road R,UPFR,CK-10,MIDDLE FRASER RIVER_SP_1.3,M,H,Quesnel River H,West Road R,CK-10,MIDDLE FRASER RIVER_SP_1.3,Smolt 0+,020758,1991,199104,19910423,6,B,N,ACCELERATED INCUBATION.  SEE ALSO 020754-020759,1,AD,22009,449,,0,0,403,22861
OPS,Quesnel R,Chinook,Spring,1990,West Road R,UPFR,CK-10,MIDDLE FRASER RIVER_SP_1.3,M,H,Quesnel River H,West Road R,CK-10,MIDDLE FRASER RIVER_SP_1.3,Smolt 0+,020759,1991,199104,19910423,6,B,N,ACCELERATED INCUBATION. SEE ALSO 020754-020759.,1,AD,18088,369,,0,0,330,18787
OPS,Quesnel R,Chinook,Spring,1991,Cariboo R Up,UPFR,CK-10,MIDDLE FRASER RIVER_SP_1.3,M,H,Quesnel River H,Cariboo R Up,CK-10,MIDDLE FRASER RIVER_SP_1.3,Smolt 0+,020549,1992,199204,19920407,9.8,B,N,LARGE DIAMETER EGGS,1,AD,15992,377,,0,0,9338,25707
OPS,Quesnel R,Chinook,Spring,1991,Cariboo R Up,UPFR,CK-10,MIDDLE FRASER RIVER_SP_1.3,M,H,Quesnel River H,Cariboo R Up,CK-10,MIDDLE FRASER RIVER_SP_1.3,Smolt 0+,020550,1992,199204,19920407,9.8,B,N,LARGE DIAMETER EGGS,1,AD,16065,378,,0,0,9381,25824
OPS,Quesnel R,Chinook,Spring,1991,Cariboo R Up,UPFR,CK-10,MIDDLE FRASER RIVER_SP_1.3,M,H,Quesnel River H,Cariboo R Up,CK-10,MIDDLE FRASER RIVER_SP_1.3,Smolt 0+,020615,1992,19920409,19920410,8.7,B,N,LARGE DIAMETER EGGS. REARED 50% WELL + QUESNEL WATER FOR 2 WKS,1,AD,21524,72,,0,0,,21596
OPS,Quesnel R,Chinook,Spring,1991,Cariboo R Up,UPFR,CK-10,MIDDLE FRASER RIVER_SP_1.3,M,H,Quesnel River H,Cariboo R Up,CK-10,MIDDLE FRASER RIVER_SP_1.3,Smolt 0+,020616,1992,199204,19920407,8.9,B,N,LARGE DIAMETER EGGS,1,AD,21405,437,,0,0,9663,31505
OPS,Quesnel R,Chinook,Spring,1991,Cariboo R Up,UPFR,CK-10,MIDDLE FRASER RIVER_SP_1.3,M,H,Quesnel River H,Cariboo R Up,CK-10,MIDDLE FRASER RIVER_SP_1.3,Smolt 0+,180317,1992,19920409,19920410,8.8,B,N,SMALL DIAMETER EGGS.REARED 50% QUESNEL + WELL WATER FOR 2 WKS,1,AD,31681,310,,0,0,,31991
OPS,Quesnel R,Chinook,Spring,1991,Cariboo R Up,UPFR,CK-10,MIDDLE FRASER RIVER_SP_1.3,M,H,Quesnel River H,Cariboo R Up,CK-10,MIDDLE FRASER RIVER_SP_1.3,Smolt 0+,180413,1992,19920409,19920410,8.8,B,N,SMALL DIAMETER EGGS. REARED ON 50% QUESNEL + WELL WATER FOR 2 WKS,1,AD,27441,287,,0,0,,27728
OPS,Quesnel R,Chinook,Spring,1991,Cariboo R Up,UPFR,CK-10,MIDDLE FRASER RIVER_SP_1.3,M,H,Quesnel River H,Cariboo R Up,CK-10,MIDDLE FRASER RIVER_SP_1.3,Smolt 0+,180414,1992,199204,19920409,6,B,N,SMALL DIAMETER EGGS,1,AD,27221,939,,0,0,83697,111857
OPS,Quesnel R,Chinook,Spring,1992,Cariboo R Up,UPFR,CK-10,MIDDLE FRASER RIVER_SP_1.3,M,H,Quesnel River H,Little R/UPFR,,,Eyed Egg,NOCN92110,1992,1992,1992,0,P,Y,,1,,0,0,,0,0,143264,143264
OPS,Quesnel R,Chinook,Summer,1981,Quesnel R,UPFR,CK-11,MIDDLE FRASER RIVER_SU_1.3,W,H,Quesnel River H,Quesnel R,CK-11,MIDDLE FRASER RIVER_SU_1.3,Fed Fry,021903,1982,198205,19820503,2.2,B,N,RED X WHITE (QUESNEL RIVER MIXED STOCK),1,AD,5592,212,,0,0,5000,10804
OPS,Quesnel R,Chinook,Summer,1981,Quesnel R,UPFR,CK-11,MIDDLE FRASER RIVER_SU_1.3,W,H,Quesnel River H,Quesnel R,CK-11,MIDDLE FRASER RIVER_SU_1.3,Smolt 0+,022247,1982,198205,19820503,5,B,N,WHITE STOCK,1,AD,24456,929,,0,0,,25385
OPS,Quesnel R,Chinook,Summer,1981,Quesnel R,UPFR,CK-11,MIDDLE FRASER RIVER_SU_1.3,W,H,Quesnel River H,Quesnel R,CK-11,MIDDLE FRASER RIVER_SU_1.3,Smolt 0+,022248,1982,198205,19820503,4.3,B,N,RED STOCK,1,AD,25529,894,,0,0,,26423
OPS,Quesnel R,Chinook,Summer,1982,Quesnel R,UPFR,CK-11,MIDDLE FRASER RIVER_SU_1.3,W,H,Quesnel River H,Quesnel R,CK-11,MIDDLE FRASER RIVER_SU_1.3,Fed Fry,022260,1983,198304,19830418,2.2,B,N,IMPRINTING: HELD 1 WK.  RED X WHITE,1,AD,66972,1367,,0,0,,68339
OPS,Quesnel R,Chinook,Summer,1982,Quesnel R,UPFR,CK-11,MIDDLE FRASER RIVER_SU_1.3,W,H,Quesnel River H,Quesnel R,CK-11,MIDDLE FRASER RIVER_SU_1.3,Fed Fry,022424,1983,198303,19830318,1.3,B,N,RELEASE TIMING STUDY - RED FLESH,1,AD,25786,526,,0,0,,26312
OPS,Quesnel R,Chinook,Summer,1982,Quesnel R,UPFR,CK-11,MIDDLE FRASER RIVER_SU_1.3,W,H,Quesnel River H,Quesnel R,CK-11,MIDDLE FRASER RIVER_SU_1.3,Fed Fry,022425,1983,198303,19830318,1.3,B,N,RELEASE TIMING STUDY - WHITE FLESH,1,AD,25376,518,,0,0,,25894
OPS,Quesnel R,Chinook,Summer,1982,Quesnel R,UPFR,CK-11,MIDDLE FRASER RIVER_SU_1.3,W,H,Quesnel River H,Quesnel R,CK-11,MIDDLE FRASER RIVER_SU_1.3,Fed Fry,022426,1983,198304,19830401,1.7,B,N,RELEASE TIMING STUDY - WHITE FLESH,1,AD,24505,1021,,0,0,,25526
OPS,Quesnel R,Chinook,Summer,1982,Quesnel R,UPFR,CK-11,MIDDLE FRASER RIVER_SU_1.3,W,H,Quesnel River H,Quesnel R,CK-11,MIDDLE FRASER RIVER_SU_1.3,Fed Fry,022427,1983,198304,19830401,1.7,B,N,RELEASE TIMING STUDY - RED FLESH,1,AD,24802,1033,,0,0,,25835
OPS,Quesnel R,Chinook,Summer,1982,Quesnel R,UPFR,CK-11,MIDDLE FRASER RIVER_SU_1.3,W,H,Quesnel River H,Quesnel R,CK-11,MIDDLE FRASER RIVER_SU_1.3,Fed Fry,022428,1983,198304,19830415,2.2,B,N,RELEASE TIMING STUDY - RED FLESH,1,AD,25457,520,,0,0,45752,71729
OPS,Quesnel R,Chinook,Summer,1982,Quesnel R,UPFR,CK-11,MIDDLE FRASER RIVER_SU_1.3,W,H,Quesnel River H,Quesnel R,CK-11,MIDDLE FRASER RIVER_SU_1.3,Fed Fry,022429,1983,198304,19830415,2.2,B,N,RELEASE TIMING STUDY - WHITE FLESH,1,AD,24460,499,,0,0,31810,56769
OPS,Quesnel R,Chinook,Summer,1982,Quesnel R,UPFR,CK-11,MIDDLE FRASER RIVER_SU_1.3,W,H,Quesnel River H,Quesnel R,CK-11,MIDDLE FRASER RIVER_SU_1.3,Fed Fry,022430,1983,198304,19830429,2.4,B,N,RELEASE TIMING STUDY - WHITE FLESH,1,AD,25883,261,,0,0,,26144
OPS,Quesnel R,Chinook,Summer,1982,Quesnel R,UPFR,CK-11,MIDDLE FRASER RIVER_SU_1.3,W,H,Quesnel River H,Quesnel R,CK-11,MIDDLE FRASER RIVER_SU_1.3,Fed Fry,022431,1983,198304,19830429,2.4,B,N,RELEASE TIMING STUDY - RED FLESH,1,AD,24570,248,,0,0,,24818
OPS,Quesnel R,Chinook,Summer,1982,Quesnel R,UPFR,CK-11,MIDDLE FRASER RIVER_SU_1.3,W,H,Quesnel River H,Quesnel R,CK-11,MIDDLE FRASER RIVER_SU_1.3,Fed Fry,022432,1983,198305,19830513,2.2,B,N,RELEASE TIMING STUDY - RED FLESH,1,AD,23494,1237,,0,0,6381,31112
OPS,Quesnel R,Chinook,Summer,1982,Quesnel R,UPFR,CK-11,MIDDLE FRASER RIVER_SU_1.3,W,H,Quesnel River H,Quesnel R,CK-11,MIDDLE FRASER RIVER_SU_1.3,Fed Fry,022433,1983,198305,19830513,2.2,B,N,RELEASE TIMING STUDY - WHITE FLESH,1,AD,23347,1484,,0,0,,24831
OPS,Quesnel R,Chinook,Summer,1982,Quesnel R,UPFR,CK-11,MIDDLE FRASER RIVER_SU_1.3,W,H,Quesnel River H,Quesnel R,CK-11,MIDDLE FRASER RIVER_SU_1.3,Fed Fry,022434,1983,198304,19830415,2.3,B,N,FLESH COLOUR HYBRID,1,AD,51401,519,,0,0,,51920
OPS,Quesnel R,Chinook,Summer,1982,Quesnel R,UPFR,CK-11,MIDDLE FRASER RIVER_SU_1.3,W,H,Quesnel River H,Quesnel R,CK-11,MIDDLE FRASER RIVER_SU_1.3,Fed Fry,022435,1983,198304,19830415,2.3,B,N,FLESH COLOUR HYBRID,1,AD,50182,507,,0,0,,50689
OPS,Quesnel R,Chinook,Summer,1983,Quesnel R,UPFR,CK-11,MIDDLE FRASER RIVER_SU_1.3,M,H,Quesnel River H,Quesnel R,CK-11,MIDDLE FRASER RIVER_SU_1.3,Smolt 0+,022545,1984,19840416,19840419,5.2,B,N,RED FLESH,1,AD,73424,2435,,0,0,126122,201981
OPS,Quesnel R,Chinook,Summer,1983,Quesnel R,UPFR,CK-11,MIDDLE FRASER RIVER_SU_1.3,M,H,Quesnel River H,Quesnel R,CK-11,MIDDLE FRASER RIVER_SU_1.3,Smolt 0+,022625,1984,19840418,19840420,4.4,B,N,WHITE FLESH,1,AD,50410,1321,,0,0,202550,254281
OPS,Quesnel R,Chinook,Summer,1984,Quesnel R,UPFR,CK-11,MIDDLE FRASER RIVER_SU_1.3,M,H,Quesnel River H,Quesnel R,CK-11,MIDDLE FRASER RIVER_SU_1.3,Fed Fry,023010,1985,198504,19850422,2.6,B,N,EARLY TIMING RELEASE - RED X RED,1,AD,27914,302,,0,0,271,28487
OPS,Quesnel R,Chinook,Summer,1984,Quesnel R,UPFR,CK-11,MIDDLE FRASER RIVER_SU_1.3,M,H,Quesnel River H,Quesnel R,CK-11,MIDDLE FRASER RIVER_SU_1.3,Fed Fry,023011,1985,198504,19850422,2.6,B,N,EARLY TIMING RELEASE - WHITE X WHITE,1,AD,23526,231,,0,0,272,24029
OPS,Quesnel R,Chinook,Summer,1984,Quesnel R,UPFR,CK-11,MIDDLE FRASER RIVER_SU_1.3,M,H,Quesnel River H,Quesnel R,CK-11,MIDDLE FRASER RIVER_SU_1.3,Fed Fry,023012,1985,198504,19850422,2.6,B,N,EARLY TIMING RELEASE - RED X RED,1,AD,5663,51,,0,0,271,5985
OPS,Quesnel R,Chinook,Summer,1984,Quesnel R,UPFR,CK-11,MIDDLE FRASER RIVER_SU_1.3,M,H,Quesnel River H,Quesnel R,CK-11,MIDDLE FRASER RIVER_SU_1.3,Fed Fry,023013,1985,198505,19850506,2.8,B,N,MID TIMING RELEASE - WHITE X WHITE,1,AD,25395,139,,0,0,53379,78913
OPS,Quesnel R,Chinook,Summer,1984,Quesnel R,UPFR,CK-11,MIDDLE FRASER RIVER_SU_1.3,M,H,Quesnel River H,Quesnel R,CK-11,MIDDLE FRASER RIVER_SU_1.3,Fed Fry,023014,1985,198505,19850506,2.6,B,N,IMPRINTED 1 WEEK - RED X RED,1,AD,27761,151,,0,0,12018,39930
OPS,Quesnel R,Chinook,Summer,1984,Quesnel R,UPFR,CK-11,MIDDLE FRASER RIVER_SU_1.3,M,H,Quesnel River H,Quesnel R,CK-11,MIDDLE FRASER RIVER_SU_1.3,Fed Fry,023015,1985,198505,19850506,2.6,B,N,IMPRINTED 1 WEEK - WHITE X WHITE,1,AD,26385,268,,0,0,12017,38670
OPS,Quesnel R,Chinook,Summer,1984,Quesnel R,UPFR,CK-11,MIDDLE FRASER RIVER_SU_1.3,M,H,Quesnel River H,Quesnel R,CK-11,MIDDLE FRASER RIVER_SU_1.3,Smolt 0+,023016,1985,198505,19850520,3.1,B,N,LATE RELEASE - RED X RED,1,AD,28042,138,,0,0,391,28571
OPS,Quesnel R,Chinook,Summer,1984,Quesnel R,UPFR,CK-11,MIDDLE FRASER RIVER_SU_1.3,M,H,Quesnel River H,Quesnel R,CK-11,MIDDLE FRASER RIVER_SU_1.3,Smolt 0+,023017,1985,198505,19850520,3.1,B,N,LATE RELEASE - WHITE X WHITE,1,AD,26389,0,,0,0,391,26780
OPS,Quesnel R,Chinook,Summer,1984,Quesnel R,UPFR,CK-11,MIDDLE FRASER RIVER_SU_1.3,M,H,Quesnel River H,Quesnel R,CK-11,MIDDLE FRASER RIVER_SU_1.3,Fed Fry,023224,1985,198505,19850506,2.8,B,N,MID TIMING RELEASE - RED X RED,1,AD,26489,187,,0,0,53380,80056
OPS,Quesnel R,Chinook,Summer,1985,Quesnel R,UPFR,CK-11,MIDDLE FRASER RIVER_SU_1.3,M,H,Quesnel River H,Quesnel R,CK-11,MIDDLE FRASER RIVER_SU_1.3,Fed Fry,023709,1986,198605,19860526,2.9,B,N,WHITE MALES/WHITE FEMALES,1,AD,50420,80,,0,0,53046,103546
OPS,Quesnel R,Chinook,Summer,1985,Quesnel R,UPFR,CK-11,MIDDLE FRASER RIVER_SU_1.3,M,H,Quesnel River H,Quesnel R,CK-11,MIDDLE FRASER RIVER_SU_1.3,Fed Fry,023710,1986,198605,19860526,2.9,B,N,RED MALE/RED FEMALE,1,AD,50629,0,,0,0,86614,137243
OPS,Quesnel R,Chinook,Summer,1985,Quesnel R,UPFR,CK-11,MIDDLE FRASER RIVER_SU_1.3,M,H,Quesnel River H,Quesnel R,CK-11,MIDDLE FRASER RIVER_SU_1.3,Fed Fall,023711,1986,198610,19861001,10.5,B,N,,1,AD,48001,0,,0,0,4958,52959
OPS,Quesnel R,Chinook,Summer,1986,Cariboo R Low,UPFR,CK-11,MIDDLE FRASER RIVER_SU_1.3,M,H,Quesnel River H,Cariboo R Low,CK-11,MIDDLE FRASER RIVER_SU_1.3,Smolt 0+,024226,1987,198704,19870427,3.4,P,N,3 REL. SITES ON LOWER CARIBOO,1,AD,26735,13,,0,0,7506,34254
OPS,Quesnel R,Chinook,Summer,1986,Cariboo R Low,UPFR,CK-11,MIDDLE FRASER RIVER_SU_1.3,M,H,Quesnel River H,Cariboo R Low,CK-11,MIDDLE FRASER RIVER_SU_1.3,Smolt 0+,024227,1987,198704,19870427,3.4,P,N,3 REL. SITES ON LOWER CARIBOO,1,AD,26375,144,,0,0,7506,34025
OPS,Quesnel R,Chinook,Summer,1986,Cariboo R Low,UPFR,CK-11,MIDDLE FRASER RIVER_SU_1.3,M,H,Quesnel River H,Cariboo R Low,CK-11,MIDDLE FRASER RIVER_SU_1.3,Smolt 0+,024228,1987,198704,19870427,3.4,P,N,3 REL. SITES ON LOWER CARIBOO,1,AD,25984,207,,0,0,7504,33695
OPS,Quesnel R,Chinook,Summer,1986,Chilko R,UPFR,CK-11,MIDDLE FRASER RIVER_SU_1.3,M,H,Quesnel River H,Chilko R,CK-11,MIDDLE FRASER RIVER_SU_1.3,Smolt 0+,023809,1987,198704,19870424,3.9,P,N,"REPLICATE WITH 024213-16, 024251-52 & 023810",1,AD,24796,195,,0,0,6582,31573
OPS,Quesnel R,Chinook,Summer,1986,Chilko R,UPFR,CK-11,MIDDLE FRASER RIVER_SU_1.3,M,H,Quesnel River H,Chilko R,CK-11,MIDDLE FRASER RIVER_SU_1.3,Smolt 0+,023810,1987,198704,19870424,3.9,P,N,"REPLICATE WITH 024213-16, 024251-52 & 023809",1,AD,26944,51,,0,0,7153,34148
OPS,Quesnel R,Chinook,Summer,1986,Chilko R,UPFR,CK-11,MIDDLE FRASER RIVER_SU_1.3,M,H,Quesnel River H,Chilko R,CK-11,MIDDLE FRASER RIVER_SU_1.3,Smolt 0+,024213,1987,198704,19870424,3.9,P,N,"REPLICATE WITH 024214-16, 024251-52 & 023809-10",1,AD,26767,0,,0,0,7106,33873
OPS,Quesnel R,Chinook,Summer,1986,Chilko R,UPFR,CK-11,MIDDLE FRASER RIVER_SU_1.3,M,H,Quesnel River H,Chilko R,CK-11,MIDDLE FRASER RIVER_SU_1.3,Smolt 0+,024214,1987,198704,19870424,3.9,P,N,"RERPLICATE WITH 024213, 024214-16, 024251-52 & 023809-10",1,AD,26872,86,,0,0,7134,34092
OPS,Quesnel R,Chinook,Summer,1986,Chilko R,UPFR,CK-11,MIDDLE FRASER RIVER_SU_1.3,M,H,Quesnel River H,Chilko R,CK-11,MIDDLE FRASER RIVER_SU_1.3,Smolt 0+,024215,1987,198704,19870424,3.9,P,N,"REPLICATE WITH 024213-14, 024216, 024251-52 & 023809-10",1,AD,26495,0,,0,0,7034,33529
OPS,Quesnel R,Chinook,Summer,1986,Chilko R,UPFR,CK-11,MIDDLE FRASER RIVER_SU_1.3,M,H,Quesnel River H,Chilko R,CK-11,MIDDLE FRASER RIVER_SU_1.3,Smolt 0+,024216,1987,198704,19870424,3.9,P,N,"REPLICATE WITH 024213-15, 024251-52 & 023809-10",1,AD,27017,0,,0,0,7171,34188
OPS,Quesnel R,Chinook,Summer,1986,Chilko R,UPFR,CK-11,MIDDLE FRASER RIVER_SU_1.3,M,H,Quesnel River H,Chilko R,CK-11,MIDDLE FRASER RIVER_SU_1.3,Smolt 0+,024251,1987,198704,19870424,3.9,P,N,"REPLICATE WITH 024213-16, 024252 & 023809-10",1,AD,26670,110,,0,0,7080,33860
OPS,Quesnel R,Chinook,Summer,1986,Chilko R,UPFR,CK-11,MIDDLE FRASER RIVER_SU_1.3,M,H,Quesnel River H,Chilko R,CK-11,MIDDLE FRASER RIVER_SU_1.3,Smolt 0+,024252,1987,198704,19870424,3.9,P,N,"REPLICATE WITH 024213-16, 024251 & 023809-10",1,AD,26715,216,,0,0,7092,34023
OPS,Quesnel R,Chinook,Summer,1986,Quesnel R,UPFR,CK-11,MIDDLE FRASER RIVER_SU_1.3,M,H,Quesnel River H,Quesnel R,CK-11,MIDDLE FRASER RIVER_SU_1.3,Fed Fall,024317,1987,198710,19871005,10.2,B,N,"1/2 WERE WHITE, OTHERS RED FLESH. FALL RELEASE",1,AD,51949,265,,0,0,21876,74090
OPS,Quesnel R,Chinook,Summer,1986,Quesnel R,UPFR,CK-11,MIDDLE FRASER RIVER_SU_1.3,M,H,Quesnel River H,Quesnel R,CK-11,MIDDLE FRASER RIVER_SU_1.3,Smolt 0+,024318,1987,198704,19870422,3.9,B,N,WHITE/WHITE FLESH COLOUR,1,AD,52972,569,,0,0,273415,326956
OPS,Quesnel R,Chinook,Summer,1986,Quesnel R,UPFR,CK-11,MIDDLE FRASER RIVER_SU_1.3,M,H,Quesnel River H,Quesnel R,CK-11,MIDDLE FRASER RIVER_SU_1.3,Smolt 0+,024319,1987,198704,19870423,3.9,B,N,RED/RED FLESH COLOUR,1,AD,53378,0,,0,0,183302,236680
OPS,Quesnel R,Chinook,Summer,1987,Cariboo R Low,UPFR,CK-11,MIDDLE FRASER RIVER_SU_1.3,M,H,Quesnel River H,Cariboo R Low,CK-11,MIDDLE FRASER RIVER_SU_1.3,Smolt 0+,NOCN8711,1988,198804,19880426,3.5,P,N,,1,,0,0,,0,0,26330,26330
OPS,Quesnel R,Chinook,Summer,1987,Chilko R,UPFR,CK-11,MIDDLE FRASER RIVER_SU_1.3,M,H,Quesnel River H,Chilko R,CK-11,MIDDLE FRASER RIVER_SU_1.3,Smolt 0+,024753,1988,19880417,19880421,4.1,P,N,"REP. TAGCODES 024754,55,56",1,AD,26597,56,,0,0,226021,252674
OPS,Quesnel R,Chinook,Summer,1987,Chilko R,UPFR,CK-11,MIDDLE FRASER RIVER_SU_1.3,M,H,Quesnel River H,Chilko R,CK-11,MIDDLE FRASER RIVER_SU_1.3,Smolt 0+,024754,1988,19880417,19880421,4.1,P,N,"REP. TAGS 024753,55,56",1,AD,25491,231,,0,0,219265,244987
OPS,Quesnel R,Chinook,Summer,1987,Chilko R,UPFR,CK-11,MIDDLE FRASER RIVER_SU_1.3,M,H,Quesnel River H,Chilko R,CK-11,MIDDLE FRASER RIVER_SU_1.3,Smolt 0+,024755,1988,19880417,19880421,4.1,P,N,"REP. TAGS 024753,54,56",1,AD,26644,93,,0,0,226308,253045
OPS,Quesnel R,Chinook,Summer,1987,Chilko R,UPFR,CK-11,MIDDLE FRASER RIVER_SU_1.3,M,H,Quesnel River H,Chilko R,CK-11,MIDDLE FRASER RIVER_SU_1.3,Smolt 0+,024756,1988,19880417,19880421,4.1,P,N,"REP. TAGS 024753,54,55",1,AD,26825,76,,0,0,227412,254313
OPS,Quesnel R,Chinook,Summer,1987,Quesnel R,UPFR,CK-11,MIDDLE FRASER RIVER_SU_1.3,M,H,Quesnel River H,Quesnel R,CK-11,MIDDLE FRASER RIVER_SU_1.3,Smolt 0+,024751,1988,198804,19880424,3.5,B,N,HATCHERY RELEASE - EARLY,1,AD,25561,9,,0,0,100236,125806
OPS,Quesnel R,Chinook,Summer,1987,Quesnel R,UPFR,CK-11,MIDDLE FRASER RIVER_SU_1.3,M,H,Quesnel River H,Quesnel R,CK-11,MIDDLE FRASER RIVER_SU_1.3,Smolt 0+,024752,1988,198804,19880424,3.5,B,N,HATCHERY RELEASE - EARLY,1,AD,26491,0,,0,0,103858,130349
OPS,Quesnel R,Chinook,Summer,1987,Quesnel R,UPFR,CK-11,MIDDLE FRASER RIVER_SU_1.3,M,H,Quesnel River H,Quesnel R,CK-11,MIDDLE FRASER RIVER_SU_1.3,Smolt 0+,025103,1988,198804,19880424,3.5,B,N,HATCHERY RELEASE - EARLY,1,AD,26649,0,,0,0,104477,131126
OPS,Quesnel R,Chinook,Summer,1987,Quesnel R,UPFR,CK-11,MIDDLE FRASER RIVER_SU_1.3,M,H,Quesnel River H,Quesnel R,CK-11,MIDDLE FRASER RIVER_SU_1.3,Smolt 0+,025104,1988,198804,19880424,3.5,B,N,HATCHERY RELEASE - EARLY,1,AD,26406,0,,0,0,103527,129933
OPS,Quesnel R,Chinook,Summer,1987,Quesnel R,UPFR,CK-11,MIDDLE FRASER RIVER_SU_1.3,M,H,Quesnel River H,Quesnel R,CK-11,MIDDLE FRASER RIVER_SU_1.3,Smolt 0+,025105,1988,198806,19880606,6.8,B,N,HATCHERY-LATE RELEASE,1,AD,25802,75,,0,0,,25877
OPS,Quesnel R,Chinook,Summer,1987,Quesnel R,UPFR,CK-11,MIDDLE FRASER RIVER_SU_1.3,M,H,Quesnel River H,Quesnel R,CK-11,MIDDLE FRASER RIVER_SU_1.3,Smolt 0+,025106,1988,198806,19880606,6.8,B,N,HATCHERY-LATE RELEASE,1,AD,26286,45,,0,0,,26331
OPS,Quesnel R,Chinook,Summer,1987,Quesnel R,UPFR,CK-11,MIDDLE FRASER RIVER_SU_1.3,M,H,Quesnel River H,Quesnel R,CK-11,MIDDLE FRASER RIVER_SU_1.3,Smolt 0+,025107,1988,198806,19880606,6.8,B,N,HATCHERY-LATE RELEASE,1,AD,26091,115,,0,0,,26206
OPS,Quesnel R,Chinook,Summer,1987,Quesnel R,UPFR,CK-11,MIDDLE FRASER RIVER_SU_1.3,M,H,Quesnel River H,Quesnel R,CK-11,MIDDLE FRASER RIVER_SU_1.3,Smolt 0+,025108,1988,198806,19880606,6.8,B,N,HATCHERY-LATE RELEASE,1,AD,26402,146,,0,0,,26548
OPS,Quesnel R,Chinook,Summer,1987,Quesnel R,UPFR,CK-11,MIDDLE FRASER RIVER_SU_1.3,M,H,Quesnel River H,Quesnel R,CK-11,MIDDLE FRASER RIVER_SU_1.3,Smolt 0+,NOCN8719,1988,198804,19880425,3.5,B,N,REARED PARTLY AT CLEARWATER,1,,0,0,,0,0,202635,202635
OPS,Quesnel R,Chinook,Summer,1987,Quesnel R,UPFR,CK-11,MIDDLE FRASER RIVER_SU_1.3,M,H,Quesnel River H,Quesnel R,CK-11,MIDDLE FRASER RIVER_SU_1.3,Smolt 1+,NOCN8766,1989,19890111,19890114,9.2,B,N,REARED IN EARTHEN CHANNEL FROM 04/10/88 TO RELEASE,1,,0,0,,0,0,28149,28149
OPS,Quesnel R,Chinook,Summer,1987,Quesnel R,UPFR,CK-11,MIDDLE FRASER RIVER_SU_1.3,M,H,Quesnel River H,Quesnel R,CK-11,MIDDLE FRASER RIVER_SU_1.3,Smolt 1+,NOCN8767,1989,19890323,19890504,10.5,B,N,REARED IN EARTHEN CHANNEL FROM 04/10/88 TO RELEASE,1,,0,0,,0,0,10000,10000
OPS,Quesnel R,Chinook,Summer,1987,Quesnel R,UPFR,CK-11,MIDDLE FRASER RIVER_SU_1.3,M,H,Quesnel River H,Quesnel Townsite,CK-11,MIDDLE FRASER RIVER_SU_1.3,Smolt 0+,024757,1988,198804,19880424,3.7,B,N,QUESNEL TOWNSITE RELEASE,1,AD,26431,81,,0,0,,26512
OPS,Quesnel R,Chinook,Summer,1987,Quesnel R,UPFR,CK-11,MIDDLE FRASER RIVER_SU_1.3,M,H,Quesnel River H,Quesnel Townsite,CK-11,MIDDLE FRASER RIVER_SU_1.3,Smolt 0+,024758,1988,198804,19880424,3.7,B,N,QUESNEL TOWNSITE RELEASE,1,AD,25672,75,,0,0,,25747
OPS,Quesnel R,Chinook,Summer,1987,Quesnel R,UPFR,CK-11,MIDDLE FRASER RIVER_SU_1.3,M,H,Quesnel River H,Quesnel Townsite,CK-11,MIDDLE FRASER RIVER_SU_1.3,Smolt 0+,024759,1988,198804,19880424,3.7,B,N,QUESNEL TOWNSITE RELEASE,1,AD,26442,13,,0,0,,26455
OPS,Quesnel R,Chinook,Summer,1987,Quesnel R,UPFR,CK-11,MIDDLE FRASER RIVER_SU_1.3,M,H,Quesnel River H,Quesnel Townsite,CK-11,MIDDLE FRASER RIVER_SU_1.3,Smolt 0+,024760,1988,198804,19880424,3.7,B,N,QUESNEL TOWNSITE RELEASE,1,AD,25521,0,,0,0,,25521
OPS,Quesnel R,Chinook,Summer,1988,Chilko R,UPFR,CK-11,MIDDLE FRASER RIVER_SU_1.3,M,H,Quesnel River H,Chilko R,CK-11,MIDDLE FRASER RIVER_SU_1.3,Smolt 0+,025520,1989,19890529,19890531,6.3,P,N,,1,AD,50249,210,,0,0,331176,381635
OPS,Quesnel R,Chinook,Summer,1988,Chilko R,UPFR,CK-11,MIDDLE FRASER RIVER_SU_1.3,M,H,Quesnel River H,Chilko R,CK-11,MIDDLE FRASER RIVER_SU_1.3,Smolt 0+,025539,1989,19890529,19890605,6.3,P,N,,1,AD,51754,1178,,0,0,341095,394027
OPS,Quesnel R,Chinook,Summer,1988,Quesnel R,UPFR,CK-11,MIDDLE FRASER RIVER_SU_1.3,M,H,Quesnel River H,Quesnel R,CK-11,MIDDLE FRASER RIVER_SU_1.3,Smolt 0+,025522,1989,19890614,19890615,8,B,N,TIME OF RELEASE. INTERNAL REPLICATE,1,AD,101626,671,,0,0,196393,298690
OPS,Quesnel R,Chinook,Summer,1988,Quesnel R,UPFR,CK-11,MIDDLE FRASER RIVER_SU_1.3,M,H,Quesnel River H,Quesnel R,CK-11,MIDDLE FRASER RIVER_SU_1.3,Smolt 1+,025632,1990,19900327,19900401,12.96,B,N,TIME OF RELEASE- YEARLING. UPPER EARTHEN CHANNEL REARED,1,AD,48945,123,,0,0,10479,59547
OPS,Quesnel R,Chinook,Summer,1988,Quesnel R,UPFR,CK-11,MIDDLE FRASER RIVER_SU_1.3,M,H,Quesnel River H,Quesnel R,CK-11,MIDDLE FRASER RIVER_SU_1.3,Smolt 1+,025635,1990,19900223,19900325,15.1,B,N,TIME OF RELEASE- YEARLING. LOWER EARTHEN CHANNEL REARED,1,AD,48676,0,,0,0,1255,49931
OPS,Quesnel R,Chinook,Summer,1988,Quesnel R,UPFR,CK-11,MIDDLE FRASER RIVER_SU_1.3,M,H,Quesnel River H,Quesnel Townsite,CK-11,MIDDLE FRASER RIVER_SU_1.3,Smolt 0+,025555,1989,198904,19890425,4.3,B,N,TIME OF RELEASE. INTERNAL REPLICATE CODE,1,AD,76592,954,,0,0,,77546
OPS,Quesnel R,Chinook,Summer,1989,Cariboo R Low,UPFR,CK-11,MIDDLE FRASER RIVER_SU_1.3,M,H,Quesnel River H,Cariboo R Low,CK-11,MIDDLE FRASER RIVER_SU_1.3,Smolt 0+,NOCN8913,1990,19900725,19900725,11.8,P,N,,1,,0,0,,0,0,7122,7122
OPS,Quesnel R,Chinook,Summer,1989,Chilko R,UPFR,CK-11,MIDDLE FRASER RIVER_SU_1.3,M,H,Quesnel River H,Chilko R,CK-11,MIDDLE FRASER RIVER_SU_1.3,Fed Fall,020155,1990,19900927,19900928,9.53,B,N,TIME OF RELEASE- FALL,1,AD,84822,170,,0,0,,84992
OPS,Quesnel R,Chinook,Summer,1989,Chilko R,UPFR,CK-11,MIDDLE FRASER RIVER_SU_1.3,M,H,Quesnel River H,Chilko R,CK-11,MIDDLE FRASER RIVER_SU_1.3,Smolt 0+,020156,1990,19900718,19900724,13.2,B,N,TIME OF RELEASE- SUMMER. 55935 RELEASED 60 MI DOWNSTREAM IN CHILCOTIN,1,AD,83813,168,,0,0,192373,276354
OPS,Quesnel R,Chinook,Summer,1989,Quesnel R,UPFR,CK-11,MIDDLE FRASER RIVER_SU_1.3,M,H,Quesnel River H,Quesnel R,CK-11,MIDDLE FRASER RIVER_SU_1.3,Smolt 0+,020259,1990,19900721,19900721,10,B,N,TIME OF RELEASE-POST FRESHET.RELEASE @ HATCHERY. SEE 026033(PRE-FRESHET_,1,AD,75607,181,,0,0,,75788
OPS,Quesnel R,Chinook,Summer,1989,Quesnel R,UPFR,CK-11,MIDDLE FRASER RIVER_SU_1.3,M,H,Quesnel River H,Quesnel R,CK-11,MIDDLE FRASER RIVER_SU_1.3,Fed Fall,020261,1990,199010,19901001,9.98,B,N,TIME OF RELEASE: EXPERIMENTAL FALL RELEASE,1,AD,75744,154,,0,0,,75898
OPS,Quesnel R,Chinook,Summer,1989,Quesnel R,UPFR,CK-11,MIDDLE FRASER RIVER_SU_1.3,M,H,Quesnel River H,Quesnel R,CK-11,MIDDLE FRASER RIVER_SU_1.3,Smolt 1+,020262,1991,19910328,19910430,11.2,B,N,TIME OF RELEASE- YEARLING. EARTHEN CHANNEL REARED,1,AD,61407,178,,0,0,215446,277031
OPS,Quesnel R,Chinook,Summer,1989,Quesnel R,UPFR,CK-11,MIDDLE FRASER RIVER_SU_1.3,M,H,Quesnel River H,Quesnel R,CK-11,MIDDLE FRASER RIVER_SU_1.3,Smolt 0+,026033,1990,19900607,19900607,8.9,B,N,TIME OF RELEASE- PRE-FRESHET RELEASE. SEE 020259 POST-FRESHET,1,AD,40622,0,,0,0,5803,46425
OPS,Quesnel R,Chinook,Summer,1990,Cariboo R Low,UPFR,CK-11,MIDDLE FRASER RIVER_SU_1.3,M,H,Quesnel River H,Cariboo R Low,CK-11,MIDDLE FRASER RIVER_SU_1.3,Smolt 0+,NOCN9008,1991,199107,19910722,8.3,P,N,,1,,0,0,,0,0,51268,51268
OPS,Quesnel R,Chinook,Summer,1990,Chilko R,UPFR,CK-11,MIDDLE FRASER RIVER_SU_1.3,M,H,Quesnel River H,Chilko R,CK-11,MIDDLE FRASER RIVER_SU_1.3,Smolt 0+,020320,1991,19910715,19910718,11,B,N,"TIME OF RELEASE-POST FRESHET. SEE ALSO 020321,020322",1,AD,24976,0,,0,0,187422,212398
OPS,Quesnel R,Chinook,Summer,1990,Chilko R,UPFR,CK-11,MIDDLE FRASER RIVER_SU_1.3,M,H,Quesnel River H,Chilko R,CK-11,MIDDLE FRASER RIVER_SU_1.3,Smolt 0+,020321,1991,19910715,19910718,11,B,N,"TIME OF RELEASE-POST FRESHET. SEE ALSO 020320,020322",1,AD,24914,0,,0,0,186956,211870
OPS,Quesnel R,Chinook,Summer,1990,Chilko R,UPFR,CK-11,MIDDLE FRASER RIVER_SU_1.3,M,H,Quesnel River H,Chilko R,CK-11,MIDDLE FRASER RIVER_SU_1.3,Smolt 0+,020322,1991,19910715,19910718,11,B,N,"TIME OF RELEASE-POST FRESHET.SEE ALSO 020320,020321",1,AD,24989,0,,0,0,187519,212508
OPS,Quesnel R,Chinook,Summer,1990,Chilko R,UPFR,CK-11,MIDDLE FRASER RIVER_SU_1.3,M,H,Quesnel River H,Chilko R,CK-11,MIDDLE FRASER RIVER_SU_1.3,Fed Fall,020323,1991,19911004,19911009,13.6,B,N,"TIME OF RELEASE-FALL. SEE ALSO 020324,020325.",1,AD,24933,60,,0,0,9851,34844
OPS,Quesnel R,Chinook,Summer,1990,Chilko R,UPFR,CK-11,MIDDLE FRASER RIVER_SU_1.3,M,H,Quesnel River H,Chilko R,CK-11,MIDDLE FRASER RIVER_SU_1.3,Fed Fall,020324,1991,19911004,19911009,13.6,B,N,"TIME OF RELEASE-FALL. SEE ALSO 020323,020325.",1,AD,24928,0,,0,0,9849,34777
OPS,Quesnel R,Chinook,Summer,1990,Chilko R,UPFR,CK-11,MIDDLE FRASER RIVER_SU_1.3,M,H,Quesnel River H,Chilko R,CK-11,MIDDLE FRASER RIVER_SU_1.3,Fed Fall,020325,1991,19911004,19911009,13.6,B,N,"TIME OF RELEASE-FALL. SEE ALSO 020323,020324",1,AD,25061,51,,0,0,9901,35013
OPS,Quesnel R,Chinook,Summer,1990,Chilko R,UPFR,CK-11,MIDDLE FRASER RIVER_SU_1.3,M,H,Quesnel River H,Chilko R,CK-11,MIDDLE FRASER RIVER_SU_1.3,Smolt 0+,020326,1991,199105,19910529,6.5,B,N,TIME OF RELEASE-NORMAL.COMBINE WITH 020327 AND 020328.,1,AD,24924,37,,0,0,9864,34825
OPS,Quesnel R,Chinook,Summer,1990,Chilko R,UPFR,CK-11,MIDDLE FRASER RIVER_SU_1.3,M,H,Quesnel River H,Chilko R,CK-11,MIDDLE FRASER RIVER_SU_1.3,Smolt 0+,020327,1991,199105,19910529,6.5,B,N,TIME OF RELEASE-NORMAL. COMBINE WITH 020326 & 020328,1,AD,25867,34,,0,0,10237,36138
OPS,Quesnel R,Chinook,Summer,1990,Chilko R,UPFR,CK-11,MIDDLE FRASER RIVER_SU_1.3,M,H,Quesnel River H,Chilko R,CK-11,MIDDLE FRASER RIVER_SU_1.3,Smolt 0+,020328,1991,199105,19910529,6.5,B,N,TIME OF RELEASE-NORMAL. COMBINE WITH 020326 & 020327.,1,AD,24043,138,,0,0,9515,33696
OPS,Quesnel R,Chinook,Summer,1990,Quesnel R,UPFR,CK-11,MIDDLE FRASER RIVER_SU_1.3,M,H,Quesnel River H,Quesnel Lk,,,Fed Fall,021524,1991,199110,19911003,10.7,B,N,TIME OF RELEASE-FALL,1,AD,50197,0,,0,0,,50197
OPS,Quesnel R,Chinook,Summer,1990,Quesnel R,UPFR,CK-11,MIDDLE FRASER RIVER_SU_1.3,M,H,Quesnel River H,Quesnel R,CK-11,MIDDLE FRASER RIVER_SU_1.3,Fed Fall,021525,1991,199110,19911003,13,B,N,TIME OF RELEASE-FALL,1,AD,50114,151,,0,0,,50265
OPS,Quesnel R,Chinook,Summer,1990,Quesnel R,UPFR,CK-11,MIDDLE FRASER RIVER_SU_1.3,M,H,Quesnel River H,Quesnel R,CK-11,MIDDLE FRASER RIVER_SU_1.3,Smolt 0+,021561,1991,199107,19910719,9.6,B,N,TIME OF RELEASE-0+ SMOLT,1,AD,74535,450,,0,0,,74985
OPS,Quesnel R,Chinook,Summer,1990,Quesnel R,UPFR,CK-11,MIDDLE FRASER RIVER_SU_1.3,M,H,Quesnel River H,Quesnel R,CK-11,MIDDLE FRASER RIVER_SU_1.3,Smolt 1+,026020,1992,19920316,19920415,10.7,B,N,TIME OF RELEASE- YEARLINGS FROM EARTHEN CHANNEL,1,AD,22547,113,,0,0,110563,133223
OPS,Quesnel R,Chinook,Summer,1990,Quesnel R,UPFR,CK-11,MIDDLE FRASER RIVER_SU_1.3,M,H,Quesnel River H,Quesnel R,CK-11,MIDDLE FRASER RIVER_SU_1.3,Smolt 1+,026021,1992,19920316,19920415,10.7,B,N,TIME OF RELEASE- YEARLINGS FROM EARTHEN CHANNEL,1,AD,22660,0,,0,0,110563,133223
OPS,Quesnel R,Chinook,Summer,1990,Quesnel R,UPFR,CK-11,MIDDLE FRASER RIVER_SU_1.3,M,H,Quesnel River H,Quesnel R,CK-11,MIDDLE FRASER RIVER_SU_1.3,Smolt 1+,026022,1992,19920316,19920415,10.7,B,N,TIME OF RELEASE-YEARLINGS FROM EARTHEN CHANNELS,1,AD,22660,0,,0,0,110564,133224
OPS,Quesnel R,Chinook,Summer,1991,Quesnel R,UPFR,CK-11,MIDDLE FRASER RIVER_SU_1.3,M,H,Quesnel River H,Quesnel R,CK-11,MIDDLE FRASER RIVER_SU_1.3,Smolt 0+,180160,1992,19920713,19920714,11.7,B,N,HATCHERY RELEASE. WHITES.POST FRESHET RELEASE,1,AD,42997,216,,0,0,110323,153536
OPS,Quesnel R,Chinook,Summer,1991,Quesnel R,UPFR,CK-11,MIDDLE FRASER RIVER_SU_1.3,M,H,Quesnel River H,Quesnel R,CK-11,MIDDLE FRASER RIVER_SU_1.3,Smolt 0+,180161,1992,199207,19920714,11.8,B,N,QUESNEL LAKE OUTLET RELEASE. WHITES.POST FRESHET RELEASE,1,AD,42998,434,,0,0,,43432
OPS,Quesnel R,Chinook,Summer,1991,Quesnel R,UPFR,CK-11,MIDDLE FRASER RIVER_SU_1.3,M,H,Quesnel River H,Quesnel R,CK-11,MIDDLE FRASER RIVER_SU_1.3,Smolt 0+,180162,1992,199207,19920713,12.2,B,N,HATCHERY RELEASE. REDS.POST FRESHET RELEASE,1,AD,42364,1086,,0,0,39402,82852
OPS,Quesnel R,Chinook,Summer,1991,Quesnel R,UPFR,CK-11,MIDDLE FRASER RIVER_SU_1.3,M,H,Quesnel River H,Quesnel R,CK-11,MIDDLE FRASER RIVER_SU_1.3,Smolt 0+,180163,1992,199207,19920713,11.3,B,N,QUESNEL LAKE OUTLET RELEASE. REDS. POST FRESHET RELEASE,1,AD,43326,218,,0,0,,43544
OPS,Quesnel R,Chinook,Summer,1991,Quesnel R,UPFR,CK-11,MIDDLE FRASER RIVER_SU_1.3,M,H,Quesnel River H,Quesnel R,CK-11,MIDDLE FRASER RIVER_SU_1.3,Fed Fall,180833,1992,199209,19920930,10.9,B,N,HATCHERY RELEASE. 50% RED + WHITE.FALL RELEASE,1,AD,55438,185,,0,0,,55623
OPS,Quesnel R,Chinook,Summer,1991,Quesnel R,UPFR,CK-11,MIDDLE FRASER RIVER_SU_1.3,M,H,Quesnel River H,Quesnel R,CK-11,MIDDLE FRASER RIVER_SU_1.3,Fed Fall,180834,1992,19920929,19920930,10.3,B,N,REL'D AT LAKE OUTLET. 50% RED & WHITE.FALL RELEASE,1,AD,55729,0,,0,0,16025,71754
OPS,Quesnel R,Chinook,Summer,1991,Quesnel R,UPFR,CK-11,MIDDLE FRASER RIVER_SU_1.3,M,H,Quesnel River H,Quesnel R,CK-11,MIDDLE FRASER RIVER_SU_1.3,Smolt 1+,180835,1993,19930331,19930417,12.8,B,N,REDS.YEARLING RELEASE FROM CHANNEL,1,AD,53088,179,,0,0,222862,276129
OPS,Quesnel R,Chinook,Summer,1991,Quesnel R,UPFR,CK-11,MIDDLE FRASER RIVER_SU_1.3,M,H,Quesnel River H,Quesnel R,CK-11,MIDDLE FRASER RIVER_SU_1.3,Smolt 1+,180836,1993,19930331,19930412,10.6,B,N,WHITES.YEARLING RELEASE FROM CHANNEL,1,AD,51416,201,,0,0,147532,199149
OPS,Quesnel R,Chinook,Summer,1992,Quesnel R,UPFR,CK-11,MIDDLE FRASER RIVER_SU_1.3,M,H,Quesnel River H,Quesnel R,CK-11,MIDDLE FRASER RIVER_SU_1.3,Eyed Egg,NOCN92102,1993,1993,1993,0.35,B,N,EYED EGG PLANT; WEIGHT IS FROM DOUG LOFTHOUSE,1,,0,0,,0,0,28691,28691
OPS,Quesnel R,Chinook,Summer,1992,Quesnel R,UPFR,CK-11,MIDDLE FRASER RIVER_SU_1.3,M,H,Quesnel River H,Quesnel R,CK-11,MIDDLE FRASER RIVER_SU_1.3,Smolt 1+,NOCN92103,1994,19940326,19940402,12,B,N,YEARLING RELEASE,1,,0,0,,0,0,175908,175908
OPS,Quesnel R,Chinook,Summer,1993,Quesnel R,UPFR,CK-11,MIDDLE FRASER RIVER_SU_1.3,M,H,Quesnel River H,Quesnel R,CK-11,MIDDLE FRASER RIVER_SU_1.3,Smolt 1+,181445,1995,19950403,19950412,11.8,B,N,YEARLING RELEASE,1,AD,73231,0,,0,0,169777,243008
OPS,Quesnel R,Chinook,Summer,1993,Quesnel R,UPFR,CK-11,MIDDLE FRASER RIVER_SU_1.3,M,H,Quesnel River H,Quesnel R,CK-11,MIDDLE FRASER RIVER_SU_1.3,Eyed Egg,NOCN93114,1993,199310,199310,,B,N,Release date is a guess,1,,0,0,,0,0,4882,4882
OPS,Shuswap R,Chinook,Summer,1984,Shuswap R Low,TOMF,CK-15,SHUSWAP RIVER_SU_0.3,W,H,"Shuswap River, Middle, H",Shuswap R Low,CK-15,SHUSWAP RIVER_SU_0.3,Smolt 0+,023054,1985,198505,19850525,5.2,B,N,TIME OF RELEASE-LATE,1,AD,51470,1050,,0,0,14491,67011
OPS,Shuswap R,Chinook,Summer,1984,Shuswap R Low,TOMF,CK-15,SHUSWAP RIVER_SU_0.3,W,H,"Shuswap River, Middle, H",Shuswap R Low,CK-15,SHUSWAP RIVER_SU_0.3,Smolt 0+,023055,1985,198504,19850426,3.5,B,N,TIME OF RELEASE-EARLY,1,AD,48721,2261,,0,0,887,51869
OPS,Shuswap R,Chinook,Summer,1985,Shuswap R Low,TOMF,CK-15,SHUSWAP RIVER_SU_0.3,W,H,"Shuswap River, Middle, H",Shuswap R Low,CK-15,SHUSWAP RIVER_SU_0.3,Fed Fry,023548,1986,19860428,19860430,2.4,B,N,TIME OF RELEASE:EARLY SEE 023549,1,AD,20568,617,,0,0,4540,25725
OPS,Shuswap R,Chinook,Summer,1985,Shuswap R Low,TOMF,CK-15,SHUSWAP RIVER_SU_0.3,W,H,"Shuswap River, Middle, H",Shuswap R Low,CK-15,SHUSWAP RIVER_SU_0.3,Fed Fry,023549,1986,19860428,19860430,2.4,B,N,TIME OF RELEASE:EARLY. SEE 023548,1,AD,20829,312,,0,0,4531,25672
OPS,Shuswap R,Chinook,Summer,1985,Shuswap R Low,TOMF,CK-15,SHUSWAP RIVER_SU_0.3,W,H,"Shuswap River, Middle, H",Shuswap R Low,CK-15,SHUSWAP RIVER_SU_0.3,Smolt 0+,023552,1986,19860527,19860529,4,B,N,TIME OF RELEASE:LATE. SEE 023553,1,AD,20735,209,,0,0,6180,27124
OPS,Shuswap R,Chinook,Summer,1985,Shuswap R Low,TOMF,CK-15,SHUSWAP RIVER_SU_0.3,W,H,"Shuswap River, Middle, H",Shuswap R Low,CK-15,SHUSWAP RIVER_SU_0.3,Smolt 0+,023553,1986,19860527,19860529,4,B,N,TIME OF RELEASE:LATE. SEE 023552,1,AD,20764,209,,0,0,6188,27161
OPS,Shuswap R,Chinook,Summer,1985,Shuswap R Middle,TOMF,CK-15,SHUSWAP RIVER_SU_0.3,W,H,"Shuswap River, Middle, H",Shuswap R Middle,CK-15,SHUSWAP RIVER_SU_0.3,Smolt 0+,023546,1986,198604,19860428,3.1,B,N,TIME OF RELESE:EARLY SEE 023547,1,AD,20602,515,,0,0,14076,35193
OPS,Shuswap R,Chinook,Summer,1985,Shuswap R Middle,TOMF,CK-15,SHUSWAP RIVER_SU_0.3,W,H,"Shuswap River, Middle, H",Shuswap R Middle,CK-15,SHUSWAP RIVER_SU_0.3,Smolt 0+,023547,1986,198604,19860428,3.1,B,N,TIME OF RELEASE:EARLY SEE 023546,1,AD,20335,813,,0,0,14096,35244
OPS,Shuswap R,Chinook,Summer,1985,Shuswap R Middle,TOMF,CK-15,SHUSWAP RIVER_SU_0.3,W,H,"Shuswap River, Middle, H",Shuswap R Middle,CK-15,SHUSWAP RIVER_SU_0.3,Smolt 0+,023550,1986,19860528,19860529,5.5,B,N,TIME OF RELEASE:LATE SEE 023551,1,AD,20642,421,,0,0,16039,37102
OPS,Shuswap R,Chinook,Summer,1985,Shuswap R Middle,TOMF,CK-15,SHUSWAP RIVER_SU_0.3,W,H,"Shuswap River, Middle, H",Shuswap R Middle,CK-15,SHUSWAP RIVER_SU_0.3,Smolt 0+,023551,1986,19860528,19860529,5.5,B,N,TIME OF RELEASE:LATE SEE 023550,1,AD,21047,212,,0,0,16189,37448
OPS,Shuswap R,Chinook,Summer,1986,Shuswap R Low,TOMF,CK-15,SHUSWAP RIVER_SU_0.3,M,H,"Shuswap River, Middle, H",Shuswap R Low,CK-15,SHUSWAP RIVER_SU_0.3,Smolt 0+,024316,1987,19870521,19870523,5.2,B,N,TIME OF RELEASE: LATE RELEASE,1,AD,51771,347,,0,0,499882,552000
OPS,Shuswap R,Chinook,Summer,1986,Shuswap R Low,TOMF,CK-15,SHUSWAP RIVER_SU_0.3,M,H,"Shuswap River, Middle, H",Shuswap R Low,CK-15,SHUSWAP RIVER_SU_0.3,Smolt 0+,024610,1987,19870427,19870429,4.2,B,N,TIME OF RELEASE:EARLY RELEASE,1,AD,49392,500,,0,0,512008,561900
OPS,Shuswap R,Chinook,Summer,1986,Shuswap R Middle,TOMF,CK-15,SHUSWAP RIVER_SU_0.3,M,H,"Shuswap River, Middle, H",Shuswap R Middle,CK-15,SHUSWAP RIVER_SU_0.3,Smolt 0+,024534,1987,198704,19870409,3.7,B,N,TIME AND SIZE: EARLY RELEASE,1,AD,26009,0,,0,0,271591,297600
OPS,Shuswap R,Chinook,Summer,1986,Shuswap R Middle,TOMF,CK-15,SHUSWAP RIVER_SU_0.3,M,H,"Shuswap River, Middle, H",Shuswap R Middle,CK-15,SHUSWAP RIVER_SU_0.3,Smolt 0+,024535,1987,19870520,19870522,6.7,B,N,TIME OF RELEASE:LATE,1,AD,26505,272,,0,0,286523,313300
OPS,Shuswap R,Chinook,Summer,1987,Shuswap R Low,TOMF,CK-15,SHUSWAP RIVER_SU_0.3,M,H,"Shuswap River, Middle, H",Shuswap R Low,CK-15,SHUSWAP RIVER_SU_0.3,Smolt 0+,025342,1988,19880504,19880505,4.5,B,N,TIME OF RELEASE:EARLY. 10% OF TAGGED FISH HAD ABRADED NOSES,1,AD,26208,79,,0,0,414913,441200
OPS,Shuswap R,Chinook,Summer,1987,Shuswap R Low,TOMF,CK-15,SHUSWAP RIVER_SU_0.3,M,H,"Shuswap River, Middle, H",Shuswap R Low,CK-15,SHUSWAP RIVER_SU_0.3,Smolt 0+,025343,1988,19880510,19880511,4.3,B,N,TIME OF RELEASE: LATE RELEASE,1,AD,26032,183,,0,0,420885,447100
OPS,Shuswap R,Chinook,Summer,1987,Shuswap R Middle,TOMF,CK-15,SHUSWAP RIVER_SU_0.3,M,H,"Shuswap River, Middle, H",Shuswap R Middle,CK-15,SHUSWAP RIVER_SU_0.3,Smolt 0+,025338,1988,198804,19880413,3.7,B,N,TIME OF RELEASE:EARLY SEE 025339,1,AD,25716,260,,0,0,231727,257703
OPS,Shuswap R,Chinook,Summer,1987,Shuswap R Middle,TOMF,CK-15,SHUSWAP RIVER_SU_0.3,M,H,"Shuswap River, Middle, H",Shuswap R Middle,CK-15,SHUSWAP RIVER_SU_0.3,Smolt 0+,025339,1988,198804,19880413,3.7,B,N,TIME AND SIZE: EARLY SEE 025338,1,AD,26051,0,,0,0,234746,260797
OPS,Shuswap R,Chinook,Summer,1987,Shuswap R Middle,TOMF,CK-15,SHUSWAP RIVER_SU_0.3,M,H,"Shuswap River, Middle, H",Shuswap R Middle,CK-15,SHUSWAP RIVER_SU_0.3,Smolt 0+,025340,1988,198805,19880516,6.1,B,N,TIME OF RELEASE: LATE. SEE 025341,1,AD,26085,0,,0,0,230974,257059
OPS,Shuswap R,Chinook,Summer,1987,Shuswap R Middle,TOMF,CK-15,SHUSWAP RIVER_SU_0.3,M,H,"Shuswap River, Middle, H",Shuswap R Middle,CK-15,SHUSWAP RIVER_SU_0.3,Smolt 0+,025341,1988,198805,19880516,6.1,B,N,TIME OF RELEASE:LATE. SEE 025342,1,AD,26564,161,,0,0,235216,261941
OPS,Shuswap R,Chinook,Summer,1988,Shuswap R Low,TOMF,CK-15,SHUSWAP RIVER_SU_0.3,M,H,"Shuswap River, Middle, H",Shuswap R Low,CK-15,SHUSWAP RIVER_SU_0.3,Fed Fry,025827,1989,19890406,19890407,2.8,B,N,TIME OF RELEASE: EARLY RELEASE,1,AD,25212,0,,0,0,374788,400000
OPS,Shuswap R,Chinook,Summer,1988,Shuswap R Low,TOMF,CK-15,SHUSWAP RIVER_SU_0.3,M,H,"Shuswap River, Middle, H",Shuswap R Low,CK-15,SHUSWAP RIVER_SU_0.3,Smolt 0+,025828,1989,19890517,19890518,5.4,B,N,TIME OF RELEASE: LATE RELEASE,1,AD,25161,0,,0,0,418479,443640
OPS,Shuswap R,Chinook,Summer,1988,Shuswap R Middle,TOMF,CK-15,SHUSWAP RIVER_SU_0.3,M,H,"Shuswap River, Middle, H",Shuswap R Middle,CK-15,SHUSWAP RIVER_SU_0.3,Smolt 0+,025823,1989,198904,19890410,3.3,B,N,TIME OF RELEASE:EARLY. SEE 025824,1,AD,25104,0,,0,0,209896,235000
OPS,Shuswap R,Chinook,Summer,1988,Shuswap R Middle,TOMF,CK-15,SHUSWAP RIVER_SU_0.3,M,H,"Shuswap River, Middle, H",Shuswap R Middle,CK-15,SHUSWAP RIVER_SU_0.3,Smolt 0+,025824,1989,198904,19890410,3.3,B,N,TIME OF RELEASE:EARLY. SEE 025823,1,AD,25067,0,,0,0,209933,235000
OPS,Shuswap R,Chinook,Summer,1988,Shuswap R Middle,TOMF,CK-15,SHUSWAP RIVER_SU_0.3,M,H,"Shuswap River, Middle, H",Shuswap R Middle,CK-15,SHUSWAP RIVER_SU_0.3,Smolt 0+,025825,1989,198905,19890515,6.6,B,N,TIME OF RELEASE:LATE. SEE 025826,1,AD,25309,0,,0,0,193701,219010
OPS,Shuswap R,Chinook,Summer,1988,Shuswap R Middle,TOMF,CK-15,SHUSWAP RIVER_SU_0.3,M,H,"Shuswap River, Middle, H",Shuswap R Middle,CK-15,SHUSWAP RIVER_SU_0.3,Smolt 0+,025826,1989,198905,19890515,6.6,B,N,TIME OF RELEASE:LATE. SEE 025825,1,AD,25100,0,,0,0,193910,219010
OPS,Shuswap R,Chinook,Summer,1989,Shuswap R Low,TOMF,CK-15,SHUSWAP RIVER_SU_0.3,M,H,"Shuswap River, Middle, H",Shuswap R Low,CK-15,SHUSWAP RIVER_SU_0.3,Smolt 0+,020421,1990,19900515,19900515,8.5,P,N,COMBINE WITH  020422,1,AD,24401,703,,0,0,10980,36084
OPS,Shuswap R,Chinook,Summer,1989,Shuswap R Low,TOMF,CK-15,SHUSWAP RIVER_SU_0.3,M,H,"Shuswap River, Middle, H",Shuswap R Low,CK-15,SHUSWAP RIVER_SU_0.3,Smolt 0+,020422,1990,19900515,19900515,8.5,P,N,COMBINE WITH  020421,1,AD,24371,703,,0,0,10978,36052
OPS,Shuswap R,Chinook,Summer,1989,Shuswap R Middle,TOMF,CK-15,SHUSWAP RIVER_SU_0.3,M,H,"Shuswap River, Middle, H",Shuswap R Middle,CK-15,SHUSWAP RIVER_SU_0.3,Smolt 0+,020423,1990,19900404,19900404,8.1,B,N,TIME OF RELEASE:EARLY. RELICATE OF 020424.,1,AD,24140,928,,0,0,233851,258919
OPS,Shuswap R,Chinook,Summer,1989,Shuswap R Middle,TOMF,CK-15,SHUSWAP RIVER_SU_0.3,M,H,"Shuswap River, Middle, H",Shuswap R Middle,CK-15,SHUSWAP RIVER_SU_0.3,Smolt 0+,020424,1990,19900404,19900404,7,B,N,TIME OF RELEASE:EARLY. REPLICATE OF 020423,1,AD,25075,512,,0,0,234249,259836
OPS,Shuswap R,Chinook,Summer,1989,Shuswap R Middle,TOMF,CK-15,SHUSWAP RIVER_SU_0.3,M,H,"Shuswap River, Middle, H",Shuswap R Middle,CK-15,SHUSWAP RIVER_SU_0.3,Smolt 0+,020425,1990,19900516,19900516,12.5,B,N,TIME AND SIZE: LATE RELEASE.REPLICATE OF 020426,1,AD,24203,956,,0,0,236798,261957
OPS,Shuswap R,Chinook,Summer,1989,Shuswap R Middle,TOMF,CK-15,SHUSWAP RIVER_SU_0.3,M,H,"Shuswap River, Middle, H",Shuswap R Middle,CK-15,SHUSWAP RIVER_SU_0.3,Smolt 0+,020426,1990,19900516,19900516,10.9,B,N,TIME OF RELEASE:LATE. REPLICATE OF 020425,1,AD,24304,726,,0,0,236547,261577
OPS,Shuswap R,Chinook,Summer,1989,Shuswap R Middle,TOMF,CK-15,SHUSWAP RIVER_SU_0.3,M,H,"Shuswap River, Middle, H",Shuswap R Middle,CK-15,SHUSWAP RIVER_SU_0.3,Smolt 0+,NOCN8914,1990,19900516,19900516,5.5,P,N,PROGENY OF LATE SPAWNERS,1,,0,0,,0,0,23180,23180
OPS,Shuswap R,Chinook,Summer,1990,Shuswap R Low,TOMF,CK-15,SHUSWAP RIVER_SU_0.3,M,H,"Shuswap River, Middle, H",Shuswap R Low,CK-15,SHUSWAP RIVER_SU_0.3,Smolt 0+,021532,1991,19910514,19910515,7.1,P,N,,1,AD,47161,150,,0,0,34694,82005
OPS,Shuswap R,Chinook,Summer,1990,Shuswap R Middle,TOMF,CK-15,SHUSWAP RIVER_SU_0.3,M,H,"Shuswap River, Middle, H",Shuswap R Middle,CK-15,SHUSWAP RIVER_SU_0.3,Smolt 0+,021530,1991,199104,19910419,7,B,N,TIME OF RELEASE:EARLY. SEE 021531.,1,AD,50279,0,,0,0,389102,439381
OPS,Shuswap R,Chinook,Summer,1990,Shuswap R Middle,TOMF,CK-15,SHUSWAP RIVER_SU_0.3,M,H,"Shuswap River, Middle, H",Shuswap R Middle,CK-15,SHUSWAP RIVER_SU_0.3,Smolt 0+,021531,1991,199105,19910515,10.3,B,N,TIME OF RELEASE: LATE. SEE 021530.,1,AD,50529,0,,0,0,389973,440502
OPS,Shuswap R,Chinook,Summer,1991,Shuswap R Low,TOMF,CK-15,SHUSWAP RIVER_SU_0.3,M,H,"Shuswap River, Middle, H",Shuswap R Low,CK-15,SHUSWAP RIVER_SU_0.3,Smolt 0+,180341,1992,19920415,19920416,4.8,P,N,,1,AD,50589,357,,0,0,190174,241120
OPS,Shuswap R,Chinook,Summer,1991,Shuswap R Middle,TOMF,CK-15,SHUSWAP RIVER_SU_0.3,M,H,"Shuswap River, Middle, H",Shuswap R Middle,CK-15,SHUSWAP RIVER_SU_0.3,Smolt 0+,180342,1992,199204,19920427,8,B,N,TIME OF RELEASE: EARLY. SEE ALSO 180343,1,AD,50214,354,,0,0,358838,409406
OPS,Shuswap R,Chinook,Summer,1991,Shuswap R Middle,TOMF,CK-15,SHUSWAP RIVER_SU_0.3,M,H,"Shuswap River, Middle, H",Shuswap R Middle,CK-15,SHUSWAP RIVER_SU_0.3,Smolt 0+,180343,1992,199205,19920513,10,B,N,TIME OF RELEASE: LATE. SEE ALSO 180342,1,AD,49844,605,,0,0,360426,410875
OPS,Shuswap R,Chinook,Summer,1992,Shuswap R Low,TOMF,CK-15,SHUSWAP RIVER_SU_0.3,M,H,"Shuswap River, Middle, H",Shuswap R Low,CK-15,SHUSWAP RIVER_SU_0.3,Smolt 0+,180855,1993,19930503,19930506,4.1,P,N,,1,AD,73321,0,,0,0,329679,403000
OPS,Shuswap R,Chinook,Summer,1992,Shuswap R Low,TOMF,CK-15,SHUSWAP RIVER_SU_0.3,M,H,"Shuswap River, Middle, H",Shuswap R Low,CK-15,SHUSWAP RIVER_SU_0.3,Eyed Egg,NOCN9215,1992,199211,19921125,0.35,P,N,WEIGHT IS FROM DOUG LOFTHOUSE FOR EMERGENT FRY,1,,0,0,,0,0,28730,28730
OPS,Shuswap R,Chinook,Summer,1992,Shuswap R Middle,TOMF,CK-15,SHUSWAP RIVER_SU_0.3,M,H,"Shuswap River, Middle, H",Shuswap R Middle,CK-15,SHUSWAP RIVER_SU_0.3,Smolt 0+,180854,1993,199305,19930527,7.6,P,N,,1,AD,75126,378,,0,0,442596,518100
OPS,Shuswap R,Chinook,Summer,1992,Shuswap R Middle,TOMF,CK-15,SHUSWAP RIVER_SU_0.3,M,H,"Shuswap River, Middle, H",Shuswap R Middle,CK-15,SHUSWAP RIVER_SU_0.3,Eyed Egg,NOCN9214,1992,19921110,19921116,0.35,P,N,WEIGHT IS FROM DOUG LOFTHOUSE FOR EMERGENT FRY,1,,0,0,,0,0,97630,97630
OPS,Shuswap R,Chinook,Summer,1993,Shuswap R Low,TOMF,CK-15,SHUSWAP RIVER_SU_0.3,M,H,"Shuswap River, Middle, H",Shuswap R Low,CK-15,SHUSWAP RIVER_SU_0.3,Smolt 0+,181441,1994,19940503,19940507,3.9,P,N,,1,AD,75575,0,,0,0,549995,625570
OPS,Shuswap R,Chinook,Summer,1993,Shuswap R Low,TOMF,CK-15,SHUSWAP RIVER_SU_0.3,M,H,"Shuswap River, Middle, H",Shuswap R Low,CK-15,SHUSWAP RIVER_SU_0.3,Eyed Egg,NOCN9367,1993,199311,19931129,0.35,B,N,EYED EGG PLANT; WEIGHT IS FROM DOUG LOFTHOUSE FOR EMERGENT FRY,1,,0,0,,0,0,45140,45140
OPS,Shuswap R,Chinook,Summer,1993,Shuswap R Middle,TOMF,CK-15,SHUSWAP RIVER_SU_0.3,M,H,"Shuswap River, Middle, H",Shuswap R Middle,CK-15,SHUSWAP RIVER_SU_0.3,Smolt 0+,181440,1994,19940524,19940527,7.9,P,N,,1,AD,75116,377,,0,0,366847,442340
OPS,Shuswap R,Chinook,Summer,1993,Shuswap R Middle,TOMF,CK-15,SHUSWAP RIVER_SU_0.3,M,H,"Shuswap River, Middle, H",Shuswap R Middle,CK-15,SHUSWAP RIVER_SU_0.3,Eyed Egg,NOCN9368,1993,19931113,19931118,0.35,B,N,EYED EGG PLANT; WEIGHT IS FROM DOUG LOFTHOUSE FOR EMERGENT FRY,1,,0,0,,0,0,21740,21740
OPS,Shuswap R,Chinook,Summer,1994,Shuswap R Low,TOMF,CK-15,SHUSWAP RIVER_SU_0.3,M,H,"Shuswap River, Middle, H",Shuswap R Low,CK-15,SHUSWAP RIVER_SU_0.3,Smolt 0+,181641,1995,19950515,19950521,5.3,P,N,,1,AD,75085,758,,0,0,626657,702500
OPS,Shuswap R,Chinook,Summer,1994,Shuswap R Middle,TOMF,CK-15,SHUSWAP RIVER_SU_0.3,M,H,"Shuswap River, Middle, H",Shuswap R Middle,CK-15,SHUSWAP RIVER_SU_0.3,Smolt 0+,181640,1995,19950530,19950531,8.1,P,N,,1,AD,70837,4522,,0,0,337861,413220
OPS,Shuswap R,Chinook,Summer,1994,Shuswap R Middle,TOMF,CK-15,SHUSWAP RIVER_SU_0.3,M,H,"Shuswap River, Middle, H",Shuswap R Middle,CK-15,SHUSWAP RIVER_SU_0.3,Eyed Egg,NOCN9426,1994,19941108,19941115,0.35,P,N,EYED EGG PLANT; WEIGHT IS FROM DOUG LOFTHOUSE FOR EMERGENT FRY,1,,0,0,,0,0,102900,102900
OPS,Shuswap R,Chinook,Summer,1995,Shuswap R Low,TOMF,CK-15,SHUSWAP RIVER_SU_0.3,M,H,"Shuswap River, Middle, H",Shuswap R Low,CK-15,SHUSWAP RIVER_SU_0.3,Smolt 0+,182462,1996,19960514,19960519,5.5,P,N,,1,AD,74531,753,,0,0,592096,667380
OPS,Shuswap R,Chinook,Summer,1995,Shuswap R Low,TOMF,CK-15,SHUSWAP RIVER_SU_0.3,M,H,"Shuswap River, Middle, H",Shuswap R Low,CK-15,SHUSWAP RIVER_SU_0.3,Eyed Egg,NOCN9552,1995,199511,19951129,0,B,N,,1,,0,0,,0,0,16380,16380
OPS,Shuswap R,Chinook,Summer,1995,Shuswap R Middle,TOMF,CK-15,SHUSWAP RIVER_SU_0.3,M,H,"Shuswap River, Middle, H",Shuswap R Middle,CK-15,SHUSWAP RIVER_SU_0.3,Smolt 0+,182461,1996,19960528,19960530,8.6,P,N,,1,AD,75329,0,,0,0,341821,417150
OPS,Shuswap R,Chinook,Summer,1995,Shuswap R Middle,TOMF,CK-15,SHUSWAP RIVER_SU_0.3,M,H,"Shuswap River, Middle, H",Shuswap R Middle,CK-15,SHUSWAP RIVER_SU_0.3,Eyed Egg,NOCN9551,1995,19951107,19951121,0,B,N,,1,,0,0,,0,0,58030,58030
OPS,Shuswap R,Chinook,Summer,1996,Shuswap R Low,TOMF,CK-15,SHUSWAP RIVER_SU_0.3,M,H,"Shuswap River, Middle, H",Shuswap R Low,CK-15,SHUSWAP RIVER_SU_0.3,Smolt 0+,183149,1997,19970516,19970519,4.7,P,N,,1,AD,75714,1089,,0,0,816017,892820
OPS,Shuswap R,Chinook,Summer,1996,Shuswap R Low,TOMF,CK-15,SHUSWAP RIVER_SU_0.3,M,H,"Shuswap River, Middle, H",Shuswap R Low,CK-15,SHUSWAP RIVER_SU_0.3,Eyed Egg,NOCN9682,1996,19961121,19961126,0,P,N,,1,,0,0,,0,0,89240,89240
OPS,Shuswap R,Chinook,Summer,1996,Shuswap R Middle,TOMF,CK-15,SHUSWAP RIVER_SU_0.3,M,H,"Shuswap River, Middle, H",Shuswap R Middle,CK-15,SHUSWAP RIVER_SU_0.3,Smolt 0+,182501,1997,19970528,19970529,6.6,P,N,,1,AD,74457,752,,0,0,186991,262200
OPS,Shuswap R,Chinook,Summer,1996,Shuswap R Middle,TOMF,CK-15,SHUSWAP RIVER_SU_0.3,M,H,"Shuswap River, Middle, H",Shuswap R Middle,CK-15,SHUSWAP RIVER_SU_0.3,Eyed Egg,NOCN9681,1996,199611,19961114,0,P,N,,1,,0,0,,0,0,62630,62630
OPS,Shuswap R,Chinook,Summer,1997,Shuswap R Low,TOMF,CK-15,SHUSWAP RIVER_SU_0.3,M,H,"Shuswap River, Middle, H",Shuswap R Low,CK-15,SHUSWAP RIVER_SU_0.3,Smolt 0+,184216,1998,19980519,19980522,5.4,P,N,,1,AD,74594,1136,,0,0,580970,656700
OPS,Shuswap R,Chinook,Summer,1997,Shuswap R Middle,TOMF,CK-15,SHUSWAP RIVER_SU_0.3,M,H,"Shuswap River, Middle, H",Shuswap R Middle,CK-15,SHUSWAP RIVER_SU_0.3,Smolt 0+,184215,1998,19980529,19980530,7.9,P,N,,1,AD,74995,3947,,0,0,248638,327580
OPS,Shuswap R,Chinook,Summer,1997,Shuswap R Middle,TOMF,CK-15,SHUSWAP RIVER_SU_0.3,M,H,"Shuswap River, Middle, H",Shuswap R Middle,CK-15,SHUSWAP RIVER_SU_0.3,Eyed Egg,NOCN9752,1997,199711,19971118,0,P,N,,1,,0,0,,0,0,11050,11050
OPS,Shuswap R,Chinook,Summer,1998,Shuswap R Low,TOMF,CK-15,SHUSWAP RIVER_SU_0.3,M,H,"Shuswap River, Middle, H",Shuswap R Low,CK-15,SHUSWAP RIVER_SU_0.3,Smolt 0+,184208,1999,19990508,19990512,6.7,P,N,DOUBLE INDEX -ADCWT. SEE ALSO 184209 (ADCWT) & 184210-11 (CWT ONLY),1,AD,48868,1673,,0,0,333702,384243
OPS,Shuswap R,Chinook,Summer,1998,Shuswap R Low,TOMF,CK-15,SHUSWAP RIVER_SU_0.3,M,H,"Shuswap River, Middle, H",Shuswap R Low,CK-15,SHUSWAP RIVER_SU_0.3,Smolt 0+,184209,1999,19990508,19990512,6.7,P,N,DOUBLE INDEX -ADCWT. SEE ALSO 184208 (ADCWT) & 184210-11 (CWTONLY),1,AD,48589,1677,,0,0,331887,382153
OPS,Shuswap R,Chinook,Summer,1998,Shuswap R Low,TOMF,CK-15,SHUSWAP RIVER_SU_0.3,M,H,"Shuswap River, Middle, H",Shuswap R Low,CK-15,SHUSWAP RIVER_SU_0.3,Smolt 0+,184210,1999,19990508,19990512,6.7,P,N,DOUBLE INDEX - CWTONLY. SEE ALSO 194211 (CWTONLY) & 184208-09 (ADCWT),1,NOMK,39737,1485,,0,0,,41222
OPS,Shuswap R,Chinook,Summer,1998,Shuswap R Low,TOMF,CK-15,SHUSWAP RIVER_SU_0.3,M,H,"Shuswap River, Middle, H",Shuswap R Low,CK-15,SHUSWAP RIVER_SU_0.3,Smolt 0+,184211,1999,19990508,19990512,6.7,P,N,DOUBLE INDEX- CWT ONLY; SEE ALSO 184210 (CWTONLY) & 184208-09 (ADCWT),1,NOMK,58009,1873,,0,0,,59882
OPS,Shuswap R,Chinook,Summer,1998,Shuswap R Middle,TOMF,CK-15,SHUSWAP RIVER_SU_0.3,M,H,"Shuswap River, Middle, H",Shuswap R Middle,CK-15,SHUSWAP RIVER_SU_0.3,Smolt 0+,183150,1999,199905,19990518,8.7,P,N,,1,AD,26572,542,,0,0,74795,101909
OPS,Shuswap R,Chinook,Summer,1998,Shuswap R Middle,TOMF,CK-15,SHUSWAP RIVER_SU_0.3,M,H,"Shuswap River, Middle, H",Shuswap R Middle,CK-15,SHUSWAP RIVER_SU_0.3,Smolt 0+,183151,1999,199905,19990518,8.7,P,N,,1,AD,26955,550,,0,0,75873,103378
OPS,Shuswap R,Chinook,Summer,1998,Shuswap R Middle,TOMF,CK-15,SHUSWAP RIVER_SU_0.3,M,H,"Shuswap River, Middle, H",Shuswap R Middle,CK-15,SHUSWAP RIVER_SU_0.3,Smolt 0+,183152,1999,199905,19990518,8.7,P,N,,1,AD,20237,413,,0,0,56963,77613
OPS,Shuswap R,Chinook,Summer,1998,Shuswap R Middle,TOMF,CK-15,SHUSWAP RIVER_SU_0.3,M,H,"Shuswap River, Middle, H",Shuswap R Middle,CK-15,SHUSWAP RIVER_SU_0.3,Eyed Egg,NOCN98140,1998,19981102,19981102,,P,N,,1,,0,0,,0,0,40460,40460
OPS,Shuswap R,Chinook,Summer,1999,Shuswap R Low,TOMF,CK-15,SHUSWAP RIVER_SU_0.3,M,H,"Shuswap River, Middle, H",Shuswap R Low,CK-15,SHUSWAP RIVER_SU_0.3,Smolt 0+,182204,2000,20000515,20000519,5.75,P,N,"DOUBLE-INDEX, ADCWT. SEE ALSO 182205-07. COMPARE TO CWT ONLY 184310/11.",1,AD,26119,1966,,0,0,166703,194788
OPS,Shuswap R,Chinook,Summer,1999,Shuswap R Low,TOMF,CK-15,SHUSWAP RIVER_SU_0.3,M,H,"Shuswap River, Middle, H",Shuswap R Low,CK-15,SHUSWAP RIVER_SU_0.3,Smolt 0+,182205,2000,20000515,20000519,5.75,P,N,"DOUBLE-INDEX, ADCWT. SEE ALSO 182204/06/07. COMPARE TO CWT ONLY 184310/11.",1,AD,27728,313,,0,0,166442,194483
OPS,Shuswap R,Chinook,Summer,1999,Shuswap R Low,TOMF,CK-15,SHUSWAP RIVER_SU_0.3,M,H,"Shuswap River, Middle, H",Shuswap R Low,CK-15,SHUSWAP RIVER_SU_0.3,Smolt 0+,182206,2000,20000515,20000519,5.75,P,N,"DOUBLE-INDEX, ADCWT. SEE ALSO 182204/05/07. COMPARE TO CWT ONLY 184310/11.",1,AD,25913,159,,0,0,154755,180827
OPS,Shuswap R,Chinook,Summer,1999,Shuswap R Low,TOMF,CK-15,SHUSWAP RIVER_SU_0.3,M,H,"Shuswap River, Middle, H",Shuswap R Low,CK-15,SHUSWAP RIVER_SU_0.3,Smolt 0+,182207,2000,20000515,20000519,5.75,P,N,"DOUBLE-INDEX, ADCWT. SEE ALSO 182204-06. COMPARE TO CWT ONLY 184310/11.",1,AD,18108,183,,0,0,108569,126860
OPS,Shuswap R,Chinook,Summer,1999,Shuswap R Low,TOMF,CK-15,SHUSWAP RIVER_SU_0.3,M,H,"Shuswap River, Middle, H",Shuswap R Low,CK-15,SHUSWAP RIVER_SU_0.3,Smolt 0+,184310,2000,20000515,20000519,5.75,P,N,"DOUBLE-INDEX, CWT ONLY. SEE ALSO 184311. COMPARE TO ADCWT 182204-07.",1,NOMK,53598,2287,,0,0,,55885
OPS,Shuswap R,Chinook,Summer,1999,Shuswap R Low,TOMF,CK-15,SHUSWAP RIVER_SU_0.3,M,H,"Shuswap River, Middle, H",Shuswap R Low,CK-15,SHUSWAP RIVER_SU_0.3,Smolt 0+,184311,2000,20000515,20000519,5.75,P,N,"DOUBLE-INDEX, CWT ONLY. SEE ALSO 184310. COMPARE TO ADCWT 182204-07.",1,NOMK,44856,342,,0,0,,45198
OPS,Shuswap R,Chinook,Summer,1999,Shuswap R Middle,TOMF,CK-15,SHUSWAP RIVER_SU_0.3,M,H,"Shuswap River, Middle, H",Shuswap R Middle,CK-15,SHUSWAP RIVER_SU_0.3,Smolt 0+,182201,2000,20000526,20000526,8.4,P,N,,1,AD,26110,264,,0,0,70222,96596
OPS,Shuswap R,Chinook,Summer,1999,Shuswap R Middle,TOMF,CK-15,SHUSWAP RIVER_SU_0.3,M,H,"Shuswap River, Middle, H",Shuswap R Middle,CK-15,SHUSWAP RIVER_SU_0.3,Smolt 0+,182202,2000,20000526,20000526,8.4,P,N,,1,AD,25248,255,,0,0,67903,93406
OPS,Shuswap R,Chinook,Summer,1999,Shuswap R Middle,TOMF,CK-15,SHUSWAP RIVER_SU_0.3,M,H,"Shuswap River, Middle, H",Shuswap R Middle,CK-15,SHUSWAP RIVER_SU_0.3,Smolt 0+,182203,2000,20000526,20000526,8.4,P,N,,1,AD,25354,256,,0,0,68188,93798
OPS,Shuswap R,Chinook,Summer,2000,Shuswap R Low,TOMF,CK-15,SHUSWAP RIVER_SU_0.3,M,H,"Shuswap River, Middle, H",Shuswap R Low,CK-15,SHUSWAP RIVER_SU_0.3,Smolt 0+,184504,2001,20010515,20010518,6.38,P,N,DOUBLE INDEX ADCWT. SEE ALSO 184505-07. COMPARE TO CWT ONLY 184508-11.,1,AD,24611,0,,0,0,94135,118746
OPS,Shuswap R,Chinook,Summer,2000,Shuswap R Low,TOMF,CK-15,SHUSWAP RIVER_SU_0.3,M,H,"Shuswap River, Middle, H",Shuswap R Low,CK-15,SHUSWAP RIVER_SU_0.3,Smolt 0+,184505,2001,20010515,20010518,6.38,P,N,DOUBLE INDEX AD CWT. SEE ALSO 184504/06/07. COMPARE TO CWT ONLY 184508-11.,1,AD,24604,0,,0,0,94108,118712
OPS,Shuswap R,Chinook,Summer,2000,Shuswap R Low,TOMF,CK-15,SHUSWAP RIVER_SU_0.3,M,H,"Shuswap River, Middle, H",Shuswap R Low,CK-15,SHUSWAP RIVER_SU_0.3,Smolt 0+,184506,2001,20010515,20010518,6.38,P,N,DOUBLE INDEX AD CWT. SEE ALSO 184504/05/07. COMPARE TO CWT ONLY 184508-11.,1,AD,25300,782,,0,0,99762,125844
OPS,Shuswap R,Chinook,Summer,2000,Shuswap R Low,TOMF,CK-15,SHUSWAP RIVER_SU_0.3,M,H,"Shuswap River, Middle, H",Shuswap R Low,CK-15,SHUSWAP RIVER_SU_0.3,Smolt 0+,184507,2001,20010515,20010518,6.38,P,N,DOUBLE INDEX AD CWT. SEE ALSO 184504-06. COMPARE TO CWT ONLY 184508-11.,1,AD,25335,784,,0,0,99903,126022
OPS,Shuswap R,Chinook,Summer,2000,Shuswap R Low,TOMF,CK-15,SHUSWAP RIVER_SU_0.3,M,H,"Shuswap River, Middle, H",Shuswap R Low,CK-15,SHUSWAP RIVER_SU_0.3,Smolt 0+,184508,2001,20010515,20010518,6.38,P,N,DOUBLE INDEX CWT ONLY. SEE ALSO 184509-11. COMPARE TO ADCWT 184504-07.,1,NOMK,25893,0,,0,0,,25893
OPS,Shuswap R,Chinook,Summer,2000,Shuswap R Low,TOMF,CK-15,SHUSWAP RIVER_SU_0.3,M,H,"Shuswap River, Middle, H",Shuswap R Low,CK-15,SHUSWAP RIVER_SU_0.3,Smolt 0+,184509,2001,20010515,20010518,6.38,P,N,DOUBLE INDEX CWT ONLY. SEE ALSO 184508/10/11. COMPARE TO ADCWT 184504-07.,1,NOMK,26055,0,,0,0,,26055
OPS,Shuswap R,Chinook,Summer,2000,Shuswap R Low,TOMF,CK-15,SHUSWAP RIVER_SU_0.3,M,H,"Shuswap River, Middle, H",Shuswap R Low,CK-15,SHUSWAP RIVER_SU_0.3,Smolt 0+,184510,2001,20010515,20010518,6.38,P,N,DOUBLE INDEX CWT ONLY. SEE ALSO 184508/09/11. COMPARE TO ADCWT 184504-07.,1,NOMK,25466,788,,0,0,,26254
OPS,Shuswap R,Chinook,Summer,2000,Shuswap R Low,TOMF,CK-15,SHUSWAP RIVER_SU_0.3,M,H,"Shuswap River, Middle, H",Shuswap R Low,CK-15,SHUSWAP RIVER_SU_0.3,Smolt 0+,184511,2001,20010515,20010518,6.38,P,N,DOUBLE INDEX CWT ONLY. SEE ALSO 184508-10. COMPARE TO ADCWT 184504-07.,1,NOMK,25968,803,,0,0,,26771
OPS,Shuswap R,Chinook,Summer,2000,Shuswap R Middle,TOMF,CK-15,SHUSWAP RIVER_SU_0.3,M,H,"Shuswap River, Middle, H",Shuswap R Middle,CK-15,SHUSWAP RIVER_SU_0.3,Smolt 0+,184501,2001,20010528,20010528,8.56,P,N,SEE ALSO 184502/03.,1,AD,26207,0,,0,0,59919,86126
OPS,Shuswap R,Chinook,Summer,2000,Shuswap R Middle,TOMF,CK-15,SHUSWAP RIVER_SU_0.3,M,H,"Shuswap River, Middle, H",Shuswap R Middle,CK-15,SHUSWAP RIVER_SU_0.3,Smolt 0+,184502,2001,20010528,20010528,8.56,P,N,SEE ALSO 184501/03.,1,AD,25717,0,,0,0,58799,84516
OPS,Shuswap R,Chinook,Summer,2000,Shuswap R Middle,TOMF,CK-15,SHUSWAP RIVER_SU_0.3,M,H,"Shuswap River, Middle, H",Shuswap R Middle,CK-15,SHUSWAP RIVER_SU_0.3,Smolt 0+,184503,2001,20010528,20010528,8.56,P,N,SEE ALSO 184501/02.,1,AD,25517,0,,0,0,58341,83858
OPS,Shuswap R,Chinook,Summer,2000,Shuswap R Middle,TOMF,CK-15,SHUSWAP RIVER_SU_0.3,M,H,"Shuswap River, Middle, H",Shuswap R Middle,CK-15,SHUSWAP RIVER_SU_0.3,Eyed Egg,NOCN00107,2000,20001107,20001107,0,B,N,,1,,0,0,,0,0,81370,81370
OPS,Shuswap R,Chinook,Summer,2001,Shuswap R Low,TOMF,CK-15,SHUSWAP RIVER_SU_0.3,M,H,"Shuswap River, Middle, H",Shuswap R Low,CK-15,SHUSWAP RIVER_SU_0.3,Smolt 0+,184707,2002,20020517,20020519,6.54,P,N,"D.I., ADCWT; SEE ALSO 184708-10 (ADCWT) & 184711-14 (CWTONLY).",1,AD,25800,0,,0,0,114207,140007
OPS,Shuswap R,Chinook,Summer,2001,Shuswap R Low,TOMF,CK-15,SHUSWAP RIVER_SU_0.3,M,H,"Shuswap River, Middle, H",Shuswap R Low,CK-15,SHUSWAP RIVER_SU_0.3,Smolt 0+,184708,2002,20020517,20020519,6.54,P,N,"D.I., ADCWT; SEE ALSO 184707 & 09-10 (ADCWT) & 184711-14 (CWTONLY).",1,AD,22710,0,,0,0,100528,123238
OPS,Shuswap R,Chinook,Summer,2001,Shuswap R Low,TOMF,CK-15,SHUSWAP RIVER_SU_0.3,M,H,"Shuswap River, Middle, H",Shuswap R Low,CK-15,SHUSWAP RIVER_SU_0.3,Smolt 0+,184709,2002,20020517,20020519,6.54,P,N,"D.I., ADCWT; SEE ALSO 184707-08 & 10 (ADCWT) & 184711-14 (CWTONLY).",1,AD,24978,252,,0,0,111683,136913
OPS,Shuswap R,Chinook,Summer,2001,Shuswap R Low,TOMF,CK-15,SHUSWAP RIVER_SU_0.3,M,H,"Shuswap River, Middle, H",Shuswap R Low,CK-15,SHUSWAP RIVER_SU_0.3,Smolt 0+,184710,2002,20020517,20020519,6.54,P,N,"D.I., ADCWT; SEE ALSO 184707-09 (ADCWT) & 184711-14 (CWTONLY).",1,AD,27690,280,,0,0,123812,151782
OPS,Shuswap R,Chinook,Summer,2001,Shuswap R Low,TOMF,CK-15,SHUSWAP RIVER_SU_0.3,M,H,"Shuswap River, Middle, H",Shuswap R Low,CK-15,SHUSWAP RIVER_SU_0.3,Smolt 0+,184711,2002,20020517,20020519,6.54,P,N,"D.I., CWTONLY; SEE ALSO 184712-14 (CWTONLY) & 184707-10 (ADCWT).",1,NOMK,24538,0,,0,0,,24538
OPS,Shuswap R,Chinook,Summer,2001,Shuswap R Low,TOMF,CK-15,SHUSWAP RIVER_SU_0.3,M,H,"Shuswap River, Middle, H",Shuswap R Low,CK-15,SHUSWAP RIVER_SU_0.3,Smolt 0+,184712,2002,20020517,20020519,6.54,P,N,"D.I., CWTONLY; SEE ALSO 184711 & 13-14 (CWTONLY) & 184707-10 (ADCWT).",1,NOMK,24208,0,,0,0,,24208
OPS,Shuswap R,Chinook,Summer,2001,Shuswap R Low,TOMF,CK-15,SHUSWAP RIVER_SU_0.3,M,H,"Shuswap River, Middle, H",Shuswap R Low,CK-15,SHUSWAP RIVER_SU_0.3,Smolt 0+,184713,2002,20020517,20020519,6.54,P,N,"D.I., CWTONLY; SEE ALSO 184711-12 & 14 (CWTONLY) & 184707-10 (ADCWT).",1,NOMK,25011,253,,0,0,,25264
OPS,Shuswap R,Chinook,Summer,2001,Shuswap R Low,TOMF,CK-15,SHUSWAP RIVER_SU_0.3,M,H,"Shuswap River, Middle, H",Shuswap R Low,CK-15,SHUSWAP RIVER_SU_0.3,Smolt 0+,184714,2002,20020517,20020519,6.54,P,N,"D.I., CWTONLY; SEE ALSO 184711-13 (CWT ONLY) & 184707-10 (ADCWT).",1,NOMK,26581,269,,0,0,,26850
OPS,Shuswap R,Chinook,Summer,2001,Shuswap R Middle,TOMF,CK-15,SHUSWAP RIVER_SU_0.3,M,H,"Shuswap River, Middle, H",Shuswap R Middle,CK-15,SHUSWAP RIVER_SU_0.3,Smolt 0+,184704,2002,20020528,20020528,10.43,P,N,SEE ALSO 184705 AND 184706.,1,AD,25183,254,,0,0,59349,84786
OPS,Shuswap R,Chinook,Summer,2001,Shuswap R Middle,TOMF,CK-15,SHUSWAP RIVER_SU_0.3,M,H,"Shuswap River, Middle, H",Shuswap R Middle,CK-15,SHUSWAP RIVER_SU_0.3,Smolt 0+,184705,2002,20020528,20020528,10.43,P,N,SEE ALSO 184704 AND 184706.,1,AD,25318,256,,0,0,59668,85242
OPS,Shuswap R,Chinook,Summer,2001,Shuswap R Middle,TOMF,CK-15,SHUSWAP RIVER_SU_0.3,M,H,"Shuswap River, Middle, H",Shuswap R Middle,CK-15,SHUSWAP RIVER_SU_0.3,Smolt 0+,184706,2002,20020528,20020528,10.43,P,N,SEE ALSO 184704 AND 184705.,1,AD,25357,256,,0,0,59759,85372
OPS,Shuswap R,Chinook,Summer,2001,Shuswap R Middle,TOMF,CK-15,SHUSWAP RIVER_SU_0.3,M,H,"Shuswap River, Middle, H",Shuswap R Middle,CK-15,SHUSWAP RIVER_SU_0.3,Eyed Egg,NOCN0142,2001,20011107,20011107,0,B,N,,1,,0,0,,0,0,45400,45400
OPS,Shuswap R,Chinook,Summer,2002,Shuswap R Low,TOMF,CK-15,SHUSWAP RIVER_SU_0.3,M,H,"Shuswap River, Middle, H",Shuswap R Low,CK-15,SHUSWAP RIVER_SU_0.3,Smolt 0+,185144,2003,20030512,20030515,6.8,P,N,"DI; CWT ONLY: SEE ALSO 185145-47 (CWT ONLY) & 185148,185204-06 (ADCWT).",1,NOMK,28683,0,,0,0,,28683
OPS,Shuswap R,Chinook,Summer,2002,Shuswap R Low,TOMF,CK-15,SHUSWAP RIVER_SU_0.3,M,H,"Shuswap River, Middle, H",Shuswap R Low,CK-15,SHUSWAP RIVER_SU_0.3,Smolt 0+,185145,2003,20030512,20030515,6.8,P,N,"DI; CWT ONLY: SEE ALSO 185144,46,47 (CWT ONLY) & 185148, 185204-06 (ADCWT).",1,NOMK,26595,766,,0,0,,27361
OPS,Shuswap R,Chinook,Summer,2002,Shuswap R Low,TOMF,CK-15,SHUSWAP RIVER_SU_0.3,M,H,"Shuswap River, Middle, H",Shuswap R Low,CK-15,SHUSWAP RIVER_SU_0.3,Smolt 0+,185146,2003,20030512,20030515,6.8,P,N,"DI; CWT ONLY: SEE ALSO 185144,45,47 (CWT ONLY) & 185148, 185204-06 (ADCWT).",1,NOMK,26769,828,,0,0,,27597
OPS,Shuswap R,Chinook,Summer,2002,Shuswap R Low,TOMF,CK-15,SHUSWAP RIVER_SU_0.3,M,H,"Shuswap River, Middle, H",Shuswap R Low,CK-15,SHUSWAP RIVER_SU_0.3,Smolt 0+,185147,2003,20030512,20030515,6.8,P,N,"DI; CWT ONLY: SEE ALSO 185144,45,46 (CWT ONLY) & 185148, 185204,05,06 (ADCWT).",1,NOMK,18318,374,,0,0,,18692
OPS,Shuswap R,Chinook,Summer,2002,Shuswap R Low,TOMF,CK-15,SHUSWAP RIVER_SU_0.3,M,H,"Shuswap River, Middle, H",Shuswap R Low,CK-15,SHUSWAP RIVER_SU_0.3,Smolt 0+,185148,2003,20030512,20030515,6.8,P,N,"DI; ADCWT: SEE ALSO 185204,05,06 (ADCWT) & 185144,45,46,47 (CWT ONLY).",1,AD,29011,0,,0,0,175588,204599
OPS,Shuswap R,Chinook,Summer,2002,Shuswap R Low,TOMF,CK-15,SHUSWAP RIVER_SU_0.3,M,H,"Shuswap River, Middle, H",Shuswap R Low,CK-15,SHUSWAP RIVER_SU_0.3,Smolt 0+,185204,2003,20030512,20030515,6.8,P,N,"DI; ADCWT: SEE ALSO 185205,06, 185148 (ADCWT) & 185144,45,46,47 (CWTONLY).",1,AD,27324,905,,0,0,170855,199084
OPS,Shuswap R,Chinook,Summer,2002,Shuswap R Low,TOMF,CK-15,SHUSWAP RIVER_SU_0.3,M,H,"Shuswap River, Middle, H",Shuswap R Low,CK-15,SHUSWAP RIVER_SU_0.3,Smolt 0+,185205,2003,20030512,20030515,6.8,P,N,"DI; ADCWT: SEE ALSO 185148, 185204,06 (ADCWT) & 185144,45,46,47 (CWT ONLY).",1,AD,27626,784,,0,0,171951,200361
OPS,Shuswap R,Chinook,Summer,2002,Shuswap R Low,TOMF,CK-15,SHUSWAP RIVER_SU_0.3,M,H,"Shuswap River, Middle, H",Shuswap R Low,CK-15,SHUSWAP RIVER_SU_0.3,Smolt 0+,185206,2003,20030512,20030515,6.8,P,N,"DI; ADCWT: SEE ALSO 185148, 185204,05 (ADCWT) & 185144,45,46,47 (CWTONLY).",1,AD,15433,315,,0,0,95315,111063
OPS,Shuswap R,Chinook,Summer,2002,Shuswap R Middle,TOMF,CK-15,SHUSWAP RIVER_SU_0.3,M,H,"Shuswap River, Middle, H",Shuswap R Middle,CK-15,SHUSWAP RIVER_SU_0.3,Smolt 0+,NOCN0218,2003,20030527,20030527,9.4,P,N,SEMI VOLITIONAL RELEASE FROM RACEWAY THROUGH OUTFLOW CHANNEL TO MID. SHUSWAP,1,,0,0,,0,0,260920,260920
OPS,Shuswap R,Chinook,Summer,2002,Shuswap R Middle,TOMF,CK-15,SHUSWAP RIVER_SU_0.3,M,H,"Shuswap River, Middle, H",Shuswap R Middle,CK-15,SHUSWAP RIVER_SU_0.3,Eyed Egg,NOCN0297,2002,20021107,20021112,0,P,N,,1,,0,0,,0,0,73160,73160
OPS,Shuswap R,Chinook,Summer,2003,Shuswap R Low,TOMF,CK-15,SHUSWAP RIVER_SU_0.3,M,H,"Shuswap River, Middle, H",Shuswap R Low,CK-15,SHUSWAP RIVER_SU_0.3,Smolt 0+,185207,2004,20040509,20040512,5.81,P,N,ADCWT (NO LONGER DI TAGGING). SEE ALSO 185426 AND 185608.,1,AD,26875,245,,0,0,219899,247019
OPS,Shuswap R,Chinook,Summer,2003,Shuswap R Low,TOMF,CK-15,SHUSWAP RIVER_SU_0.3,M,H,"Shuswap River, Middle, H",Shuswap R Low,CK-15,SHUSWAP RIVER_SU_0.3,Smolt 0+,185426,2004,20040509,20040512,5.81,P,N,ADCWT (NO LONGER DI TAGGING). SEE ALSO 185207 AND 185608.,1,AD,26875,939,,0,0,225527,253341
OPS,Shuswap R,Chinook,Summer,2003,Shuswap R Low,TOMF,CK-15,SHUSWAP RIVER_SU_0.3,M,H,"Shuswap River, Middle, H",Shuswap R Low,CK-15,SHUSWAP RIVER_SU_0.3,Smolt 0+,185608,2004,20040509,20040512,5.81,P,N,ADCWT (NO LONGER DI TAGGING). SEE ALSO 185207 AND 185426.,1,AD,20478,1078,,0,0,174784,196340
OPS,Shuswap R,Chinook,Summer,2003,Shuswap R Middle,TOMF,CK-15,SHUSWAP RIVER_SU_0.3,M,H,"Shuswap River, Middle, H",Shuswap R Middle,CK-15,SHUSWAP RIVER_SU_0.3,Eyed Egg,NOCN0345,2003,20031108,20031109,0,B,N,,1,,0,0,,0,0,59920,59920
OPS,Shuswap R,Chinook,Summer,2003,Shuswap R Middle,TOMF,CK-15,SHUSWAP RIVER_SU_0.3,M,H,"Shuswap River, Middle, H",Shuswap R Middle,CK-15,SHUSWAP RIVER_SU_0.3,Smolt 0+,NOCN0346,2004,20040531,20040531,9,P,N,,1,,0,0,,0,0,252100,252100
OPS,Shuswap R,Chinook,Summer,2004,Shuswap R Low,TOMF,CK-15,SHUSWAP RIVER_SU_0.3,M,H,"Shuswap River, Middle, H",Shuswap R Low,CK-15,SHUSWAP RIVER_SU_0.3,Smolt 0+,185155,2005,20050510,20050511,6.1,P,N,SEE ALSO 185156-58. RELEASED UPSTREAM OF COOKE CR CONFLUENCE.,1,AD,24857,769,,0,0,100161,125787
OPS,Shuswap R,Chinook,Summer,2004,Shuswap R Low,TOMF,CK-15,SHUSWAP RIVER_SU_0.3,M,H,"Shuswap River, Middle, H",Shuswap R Low,CK-15,SHUSWAP RIVER_SU_0.3,Smolt 0+,185156,2005,20050510,20050511,6.1,P,N,SEE ALSO 185155 & 185157-58. REL UPSTREAM OF COOKE CR CONFLUENCE.,1,AD,24881,770,,0,0,100258,125909
OPS,Shuswap R,Chinook,Summer,2004,Shuswap R Low,TOMF,CK-15,SHUSWAP RIVER_SU_0.3,M,H,"Shuswap River, Middle, H",Shuswap R Low,CK-15,SHUSWAP RIVER_SU_0.3,Smolt 0+,185157,2005,20050510,20050511,6.1,P,N,SEE ALSO 185155-56 & 185158. REL UPSTREAM OF COOKE CR CONFLUENCE.,1,AD,24279,495,,0,0,96831,121605
OPS,Shuswap R,Chinook,Summer,2004,Shuswap R Low,TOMF,CK-15,SHUSWAP RIVER_SU_0.3,M,H,"Shuswap River, Middle, H",Shuswap R Low,CK-15,SHUSWAP RIVER_SU_0.3,Smolt 0+,185158,2005,20050510,20050511,6.1,P,N,SEE ALSO 185155-57. REL UPSTREAM OF COOKE CR CONFLUENCE.,1,AD,24228,494,,0,0,96627,121349
OPS,Shuswap R,Chinook,Summer,2004,Shuswap R Middle,TOMF,CK-15,SHUSWAP RIVER_SU_0.3,M,H,"Shuswap River, Middle, H",Shuswap R Middle,CK-15,SHUSWAP RIVER_SU_0.3,Smolt 0+,NOCN0465,2005,20050524,20050526,8.83,P,N,SEMI-VOLITIONAL RELEASE.,1,,0,0,,0,0,260940,260940
OPS,Shuswap R,Chinook,Summer,2004,Shuswap R Middle,TOMF,CK-15,SHUSWAP RIVER_SU_0.3,M,H,"Shuswap River, Middle, H",Shuswap R Middle,CK-15,SHUSWAP RIVER_SU_0.3,Eyed Egg,NOCN0466,2004,20041114,20041118,0,B,N,,1,,0,0,,0,0,56090,56090
OPS,Shuswap R,Chinook,Summer,2005,Shuswap R Low,TOMF,CK-15,SHUSWAP RIVER_SU_0.3,M,H,"Shuswap River, Middle, H",Shuswap R Low,CK-15,SHUSWAP RIVER_SU_0.3,Smolt 0+,025652,2006,20060510,20060511,5.38,P,N,,1,AD,50529,1031,,0,0,78872,130432
OPS,Shuswap R,Chinook,Summer,2005,Shuswap R Low,TOMF,CK-15,SHUSWAP RIVER_SU_0.3,M,H,"Shuswap River, Middle, H",Shuswap R Low,CK-15,SHUSWAP RIVER_SU_0.3,Smolt 0+,025659,2006,20060510,20060511,5.38,P,N,,1,AD,45854,936,,0,0,71575,118365
OPS,Shuswap R,Chinook,Summer,2005,Shuswap R Low,TOMF,CK-15,SHUSWAP RIVER_SU_0.3,M,H,"Shuswap River, Middle, H",Shuswap R Low,CK-15,SHUSWAP RIVER_SU_0.3,Smolt 0+,184907,2006,20060510,20060511,5.38,P,N,,1,AD,48216,2009,,0,0,76829,127054
OPS,Shuswap R,Chinook,Summer,2005,Shuswap R Low,TOMF,CK-15,SHUSWAP RIVER_SU_0.3,M,H,"Shuswap River, Middle, H",Shuswap R Low,CK-15,SHUSWAP RIVER_SU_0.3,Smolt 0+,185054,2006,20060510,20060511,5.38,P,N,,1,AD,24211,1006,,0,0,38579,63796
OPS,Shuswap R,Chinook,Summer,2005,Shuswap R Low,TOMF,CK-15,SHUSWAP RIVER_SU_0.3,M,H,"Shuswap River, Middle, H",Shuswap R Low,CK-15,SHUSWAP RIVER_SU_0.3,Smolt 0+,185055,2006,20060510,20060511,5.38,P,N,,1,AD,24230,1010,,0,0,38610,63850
OPS,Shuswap R,Chinook,Summer,2005,Shuswap R Middle,TOMF,CK-15,SHUSWAP RIVER_SU_0.3,M,H,"Shuswap River, Middle, H",Shuswap R Middle,CK-15,SHUSWAP RIVER_SU_0.3,Eyed Egg,NOCN0509,2005,20051108,20051108,0,B,N,EGG PLANT TO MIDDLE SHUSWAP,1,,0,0,,0,0,41710,41710
OPS,Shuswap R,Chinook,Summer,2005,Shuswap R Middle,TOMF,CK-15,SHUSWAP RIVER_SU_0.3,M,H,"Shuswap River, Middle, H",Shuswap R Middle,CK-15,SHUSWAP RIVER_SU_0.3,Smolt 0+,NOCN0510,2006,20060525,20060525,9.13,P,N,SEMI-VOL FROM RACEWAY TO M-SHUSWAP -600 FOR PINHEADS,1,,0,0,,0,0,206000,206000
OPS,Shuswap R,Chinook,Summer,2006,Shuswap R Low,TOMF,CK-15,SHUSWAP RIVER_SU_0.3,M,H,"Shuswap River, Middle, H",Shuswap R Low,CK-15,SHUSWAP RIVER_SU_0.3,Smolt 0+,185222,2007,20070510,20070511,5.4,P,N,RELEASED 300M UPSTREAM FROM COOK CREEK CONFLUENCE,1,AD,24675,763,,0,0,43677,69115
OPS,Shuswap R,Chinook,Summer,2006,Shuswap R Low,TOMF,CK-15,SHUSWAP RIVER_SU_0.3,M,H,"Shuswap River, Middle, H",Shuswap R Low,CK-15,SHUSWAP RIVER_SU_0.3,Smolt 0+,185223,2007,20070510,20070510,5.4,P,N,,1,AD,24876,769,,0,0,44032,69677
OPS,Shuswap R,Chinook,Summer,2006,Shuswap R Low,TOMF,CK-15,SHUSWAP RIVER_SU_0.3,M,H,"Shuswap River, Middle, H",Shuswap R Low,CK-15,SHUSWAP RIVER_SU_0.3,Smolt 0+,185224,2007,20070510,20070510,5.4,P,N,,1,AD,24655,763,,0,0,43641,69059
OPS,Shuswap R,Chinook,Summer,2006,Shuswap R Low,TOMF,CK-15,SHUSWAP RIVER_SU_0.3,M,H,"Shuswap River, Middle, H",Shuswap R Low,CK-15,SHUSWAP RIVER_SU_0.3,Smolt 0+,185225,2007,20070510,20070511,5.4,P,N,,1,AD,24803,767,,0,0,43903,69473
OPS,Shuswap R,Chinook,Summer,2006,Shuswap R Low,TOMF,CK-15,SHUSWAP RIVER_SU_0.3,M,H,"Shuswap River, Middle, H",Shuswap R Low,CK-15,SHUSWAP RIVER_SU_0.3,Smolt 0+,186061,2007,20070510,20070510,5.4,P,N,,1,AD,50145,1551,,0,0,88761,140457
OPS,Shuswap R,Chinook,Summer,2006,Shuswap R Low,TOMF,CK-15,SHUSWAP RIVER_SU_0.3,M,H,"Shuswap River, Middle, H",Shuswap R Low,CK-15,SHUSWAP RIVER_SU_0.3,Smolt 0+,186062,2007,20070510,20070511,5.4,P,N,,1,AD,50203,1553,,0,0,88863,140619
OPS,Shuswap R,Chinook,Summer,2006,Shuswap R Middle,TOMF,CK-15,SHUSWAP RIVER_SU_0.3,M,H,"Shuswap River, Middle, H",Shuswap R Middle,CK-15,SHUSWAP RIVER_SU_0.3,Smolt 0+,NOCN0601,2007,20070522,20070525,9.21,P,N,SEMI-VOLITIONAL RELEASE FROM THE RACEWAY INTO MIDDLE SHUSWAP RIVER,1,,0,0,,0,0,211000,211000
OPS,Shuswap R,Chinook,Summer,2007,Shuswap R Low,TOMF,CK-15,SHUSWAP RIVER_SU_0.3,M,H,"Shuswap River, Middle, H",Shuswap R Low,CK-15,SHUSWAP RIVER_SU_0.3,Smolt 0+,186162,2008,20080514,20080515,5.54,P,N,RELEASED APPROX 300M UPSTREAM OF COOKE CR. CONFLUENCE. SEE 186352 COMMENT ALSO,1,AD,20016,619,,0,0,17360,37995
OPS,Shuswap R,Chinook,Summer,2007,Shuswap R Low,TOMF,CK-15,SHUSWAP RIVER_SU_0.3,M,H,"Shuswap River, Middle, H",Shuswap R Low,CK-15,SHUSWAP RIVER_SU_0.3,Smolt 0+,186352,2008,20080514,20080515,5.54,P,N,SEE 186162.  LENGTH AND WEIGHT AVERAGED OVER ALL 12 RELEASES.,1,AD,23944,741,,0,0,20767,45452
OPS,Shuswap R,Chinook,Summer,2007,Shuswap R Low,TOMF,CK-15,SHUSWAP RIVER_SU_0.3,M,H,"Shuswap River, Middle, H",Shuswap R Low,CK-15,SHUSWAP RIVER_SU_0.3,Smolt 0+,186353,2008,20080514,20080515,5.54,P,N,SEE 186162 AND 186352.,1,AD,24964,772,,0,0,21651,47387
OPS,Shuswap R,Chinook,Summer,2007,Shuswap R Low,TOMF,CK-15,SHUSWAP RIVER_SU_0.3,M,H,"Shuswap River, Middle, H",Shuswap R Low,CK-15,SHUSWAP RIVER_SU_0.3,Smolt 0+,186354,2008,20080514,20080515,5.54,P,N,SEE 186162 AND 186352 COMMENTS.,1,AD,24738,765,,0,0,21455,46958
OPS,Shuswap R,Chinook,Summer,2007,Shuswap R Low,TOMF,CK-15,SHUSWAP RIVER_SU_0.3,M,H,"Shuswap River, Middle, H",Shuswap R Low,CK-15,SHUSWAP RIVER_SU_0.3,Smolt 0+,186355,2008,20080514,20080515,5.54,P,N,SEE 186162 AND 186352 COMMENTS.,1,AD,24667,763,,0,0,21393,46823
OPS,Shuswap R,Chinook,Summer,2007,Shuswap R Low,TOMF,CK-15,SHUSWAP RIVER_SU_0.3,M,H,"Shuswap River, Middle, H",Shuswap R Low,CK-15,SHUSWAP RIVER_SU_0.3,Smolt 0+,186356,2008,20080514,20080515,5.54,P,N,SEE 186162 AND 186352 COMMENTS.,1,AD,25399,677,,0,0,22028,48104
OPS,Shuswap R,Chinook,Summer,2007,Shuswap R Low,TOMF,CK-15,SHUSWAP RIVER_SU_0.3,M,H,"Shuswap River, Middle, H",Shuswap R Low,CK-15,SHUSWAP RIVER_SU_0.3,Smolt 0+,186357,2008,20080514,20080515,5.54,P,N,SEE 186162 AND 186352 COMMENTS.,1,AD,25057,511,,0,0,21732,47300
OPS,Shuswap R,Chinook,Summer,2007,Shuswap R Low,TOMF,CK-15,SHUSWAP RIVER_SU_0.3,M,H,"Shuswap River, Middle, H",Shuswap R Low,CK-15,SHUSWAP RIVER_SU_0.3,Smolt 0+,186358,2008,20080514,20080515,5.54,P,N,SEE 186162 AND 186352 COMMENTS.,1,AD,24997,510,,0,0,21680,47187
OPS,Shuswap R,Chinook,Summer,2007,Shuswap R Low,TOMF,CK-15,SHUSWAP RIVER_SU_0.3,M,H,"Shuswap River, Middle, H",Shuswap R Low,CK-15,SHUSWAP RIVER_SU_0.3,Smolt 0+,186359,2008,20080514,20080515,5.54,P,N,SEE 186162 AND 186352 COMMENTS.,1,AD,25015,511,,0,0,21695,47221
OPS,Shuswap R,Chinook,Summer,2007,Shuswap R Low,TOMF,CK-15,SHUSWAP RIVER_SU_0.3,M,H,"Shuswap River, Middle, H",Shuswap R Low,CK-15,SHUSWAP RIVER_SU_0.3,Smolt 0+,186360,2008,20080514,20080515,5.54,P,N,SEE 186162 AND 186352 COMMENTS.,1,AD,25053,511,,0,0,21728,47292
OPS,Shuswap R,Chinook,Summer,2007,Shuswap R Low,TOMF,CK-15,SHUSWAP RIVER_SU_0.3,M,H,"Shuswap River, Middle, H",Shuswap R Low,CK-15,SHUSWAP RIVER_SU_0.3,Smolt 0+,186361,2008,20080514,20080515,5.54,P,N,SEE 186162 AND 186352 COMMENTS.,1,AD,24994,510,,0,0,21677,47181
OPS,Shuswap R,Chinook,Summer,2007,Shuswap R Middle,TOMF,CK-15,SHUSWAP RIVER_SU_0.3,M,H,"Shuswap River, Middle, H",Shuswap R Middle,CK-15,SHUSWAP RIVER_SU_0.3,Smolt 0+,NOCN0705,2008,20080527,20080527,8.52,P,N,SEMI-VOLITIONAL REL. FROM RACEWAY THROUGH OUTFLOW CHANNEL INTO SHUSWAP R MID.,1,,0,0,,0,0,206200,206200
OPS,Shuswap R,Chinook,Summer,2008,Shuswap R Low,TOMF,CK-15,SHUSWAP RIVER_SU_0.3,M,H,"Shuswap River, Middle, H",Shuswap R Low,CK-15,SHUSWAP RIVER_SU_0.3,Smolt 0+,180276,2009,20090514,20090515,4.8,P,N,ALSO SEE TAGCODES 180277 & 180380-85.,1,AD,50588,1565,,0,0,50503,102656
OPS,Shuswap R,Chinook,Summer,2008,Shuswap R Low,TOMF,CK-15,SHUSWAP RIVER_SU_0.3,M,H,"Shuswap River, Middle, H",Shuswap R Low,CK-15,SHUSWAP RIVER_SU_0.3,Smolt 0+,180277,2009,20090514,20090515,4.8,P,N,ALSO SEE TAGCODES 180276 & 180380-85.,1,AD,49741,1538,,0,0,49567,100846
OPS,Shuswap R,Chinook,Summer,2008,Shuswap R Low,TOMF,CK-15,SHUSWAP RIVER_SU_0.3,M,H,"Shuswap River, Middle, H",Shuswap R Low,CK-15,SHUSWAP RIVER_SU_0.3,Smolt 0+,180380,2009,20090514,20090515,4.8,P,N,"ALSO SEE TAGCODES 180276,180277 & 180381-85",1,AD,24233,749,,0,0,24192,49174
OPS,Shuswap R,Chinook,Summer,2008,Shuswap R Low,TOMF,CK-15,SHUSWAP RIVER_SU_0.3,M,H,"Shuswap River, Middle, H",Shuswap R Low,CK-15,SHUSWAP RIVER_SU_0.3,Smolt 0+,180381,2009,20090514,20090515,4.8,P,N,"ALSO SEE TAGCODES 180276-77, 180380 & 180382-85.",1,AD,24735,765,,0,0,24693,50193
OPS,Shuswap R,Chinook,Summer,2008,Shuswap R Low,TOMF,CK-15,SHUSWAP RIVER_SU_0.3,M,H,"Shuswap River, Middle, H",Shuswap R Low,CK-15,SHUSWAP RIVER_SU_0.3,Smolt 0+,180382,2009,20090514,20090515,4.8,P,N,"ALSO SEE TAGCODES 180276-77, 180380-81 & 180383-85.",1,AD,24744,765,,0,0,24702,50211
OPS,Shuswap R,Chinook,Summer,2008,Shuswap R Low,TOMF,CK-15,SHUSWAP RIVER_SU_0.3,M,H,"Shuswap River, Middle, H",Shuswap R Low,CK-15,SHUSWAP RIVER_SU_0.3,Smolt 0+,180383,2009,20090514,20090515,4.8,P,N,"ALSO SEE TAGCODES 180276-77, 180380-82 & 180384-85.",1,AD,24929,771,,0,0,24887,50587
OPS,Shuswap R,Chinook,Summer,2008,Shuswap R Low,TOMF,CK-15,SHUSWAP RIVER_SU_0.3,M,H,"Shuswap River, Middle, H",Shuswap R Low,CK-15,SHUSWAP RIVER_SU_0.3,Smolt 0+,180384,2009,20090514,20090515,4.8,P,N,"ALSO SEE TAGCODES 180276-77, 180380-83 & 180385.",1,AD,24854,769,,0,0,24812,50435
OPS,Shuswap R,Chinook,Summer,2008,Shuswap R Low,TOMF,CK-15,SHUSWAP RIVER_SU_0.3,M,H,"Shuswap River, Middle, H",Shuswap R Low,CK-15,SHUSWAP RIVER_SU_0.3,Smolt 0+,180385,2009,20090514,20090515,4.8,P,N,ALSO SEE TAGCODES 180276-77 & 180380-84.,1,AD,25382,785,,0,0,25339,51506
OPS,Shuswap R,Chinook,Summer,2008,Shuswap R Middle,TOMF,CK-15,SHUSWAP RIVER_SU_0.3,M,H,"Shuswap River, Middle, H",Shuswap R Middle,CK-15,SHUSWAP RIVER_SU_0.3,Smolt 0+,180266,2009,20090531,20090531,8.2,P,N,ALSO SEE TAGCODES 180267-180269.,1,AD,25928,529,,0,0,26087,52544
OPS,Shuswap R,Chinook,Summer,2008,Shuswap R Middle,TOMF,CK-15,SHUSWAP RIVER_SU_0.3,M,H,"Shuswap River, Middle, H",Shuswap R Middle,CK-15,SHUSWAP RIVER_SU_0.3,Smolt 0+,180267,2009,20090531,20090531,8.2,P,N,"ALSO SEE TAGCODES 180266, 180268 & 180269",1,AD,25848,528,,0,0,26007,52383
OPS,Shuswap R,Chinook,Summer,2008,Shuswap R Middle,TOMF,CK-15,SHUSWAP RIVER_SU_0.3,M,H,"Shuswap River, Middle, H",Shuswap R Middle,CK-15,SHUSWAP RIVER_SU_0.3,Smolt 0+,180268,2009,20090531,20090531,8.2,P,N,"ALSO SEE TAGCODES 180266,180267 & 180269",1,AD,25931,529,,0,0,26090,52550
OPS,Shuswap R,Chinook,Summer,2008,Shuswap R Middle,TOMF,CK-15,SHUSWAP RIVER_SU_0.3,M,H,"Shuswap River, Middle, H",Shuswap R Middle,CK-15,SHUSWAP RIVER_SU_0.3,Smolt 0+,180269,2009,20090531,20090531,8.2,P,N,ALSO SEE TAGCODES 180266-180268.,1,AD,25473,520,,0,0,25630,51623
OPS,Shuswap R,Chinook,Summer,2008,Shuswap R Middle,TOMF,CK-15,SHUSWAP RIVER_SU_0.3,M,H,"Shuswap River, Middle, H",Shuswap R Middle,CK-15,SHUSWAP RIVER_SU_0.3,Eyed Egg,NOCN0811,2008,20081113,20081118,0,B,N,EYED EGG PLANT,1,,0,0,,0,0,68650,68650
OPS,Shuswap R,Chinook,Summer,2009,Shuswap R Low,TOMF,CK-15,SHUSWAP RIVER_SU_0.3,M,H,"Shuswap River, Middle, H",Shuswap R Low,CK-15,SHUSWAP RIVER_SU_0.3,Smolt 0+,180478,2010,20100511,20100513,6.13,P,N,,1,AD,40009,1885,,0,0,3743,45637
OPS,Shuswap R,Chinook,Summer,2009,Shuswap R Low,TOMF,CK-15,SHUSWAP RIVER_SU_0.3,M,H,"Shuswap River, Middle, H",Shuswap R Low,CK-15,SHUSWAP RIVER_SU_0.3,Smolt 0+,180897,2010,20100511,20100513,6.13,P,N,,1,AD,105886,4989,,0,0,9905,120780
OPS,Shuswap R,Chinook,Summer,2009,Shuswap R Low,TOMF,CK-15,SHUSWAP RIVER_SU_0.3,M,H,"Shuswap River, Middle, H",Shuswap R Low,CK-15,SHUSWAP RIVER_SU_0.3,Smolt 0+,180969,2010,20100511,20100513,6.13,P,N,,1,AD,54546,1687,,0,0,5102,61335
OPS,Shuswap R,Chinook,Summer,2009,Shuswap R Low,TOMF,CK-15,SHUSWAP RIVER_SU_0.3,M,H,"Shuswap River, Middle, H",Shuswap R Low,CK-15,SHUSWAP RIVER_SU_0.3,Smolt 0+,180970,2010,20100511,20100513,6.13,P,N,,1,AD,52617,1627,,0,0,4922,59166
OPS,Shuswap R,Chinook,Summer,2009,Shuswap R Low,TOMF,CK-15,SHUSWAP RIVER_SU_0.3,M,H,"Shuswap River, Middle, H",Shuswap R Low,CK-15,SHUSWAP RIVER_SU_0.3,Smolt 0+,180971,2010,20100511,20100513,6.13,P,N,,1,AD,53162,1644,,0,0,4973,59779
OPS,Shuswap R,Chinook,Summer,2009,Shuswap R Low,TOMF,CK-15,SHUSWAP RIVER_SU_0.3,M,H,"Shuswap River, Middle, H",Shuswap R Low,CK-15,SHUSWAP RIVER_SU_0.3,Smolt 0+,180972,2010,20100511,20100513,6.13,P,N,,1,AD,55354,559,,0,0,5178,61091
OPS,Shuswap R,Chinook,Summer,2009,Shuswap R Low,TOMF,CK-15,SHUSWAP RIVER_SU_0.3,M,H,"Shuswap River, Middle, H",Shuswap R Low,CK-15,SHUSWAP RIVER_SU_0.3,Smolt 0+,180996,2010,20100511,20100513,6.13,P,N,,1,AD,111719,1128,,0,0,10450,123297
OPS,Shuswap R,Chinook,Summer,2009,Shuswap R Low,TOMF,CK-15,SHUSWAP RIVER_SU_0.3,M,H,"Shuswap River, Middle, H",Shuswap R Low,CK-15,SHUSWAP RIVER_SU_0.3,Smolt 0+,186338,2010,20100511,20100513,6.13,P,N,,1,AD,10446,492,,0,0,977,11915
OPS,Shuswap R,Chinook,Summer,2009,Shuswap R Middle,TOMF,CK-15,SHUSWAP RIVER_SU_0.3,M,H,"Shuswap River, Middle, H",Shuswap R Middle,CK-15,SHUSWAP RIVER_SU_0.3,Smolt 0+,180477,2010,20100529,20100529,8.86,P,N,,1,AD,36427,743,,0,0,1376,38546
OPS,Shuswap R,Chinook,Summer,2009,Shuswap R Middle,TOMF,CK-15,SHUSWAP RIVER_SU_0.3,M,H,"Shuswap River, Middle, H",Shuswap R Middle,CK-15,SHUSWAP RIVER_SU_0.3,Smolt 0+,180766,2010,20100510,20100510,8.86,P,N,,1,AD,55475,1132,,0,0,2097,58704
OPS,Shuswap R,Chinook,Summer,2009,Shuswap R Middle,TOMF,CK-15,SHUSWAP RIVER_SU_0.3,M,H,"Shuswap River, Middle, H",Shuswap R Middle,CK-15,SHUSWAP RIVER_SU_0.3,Smolt 0+,180767,2010,20100529,20100529,8.86,P,N,,1,AD,54952,1121,,0,0,2077,58150
OPS,Shuswap R,Chinook,Summer,2010,Shuswap R Low,TOMF,CK-15,SHUSWAP RIVER_SU_0.3,M,H,"Shuswap River, Middle, H",Shuswap R Low,CK-15,SHUSWAP RIVER_SU_0.3,Smolt 0+,181196,2011,20110511,20110513,5.96,P,N,"See also codes 181197,181198,181381-181386,181585",1,AD,27149,840,,0,0,2372,30361
OPS,Shuswap R,Chinook,Summer,2010,Shuswap R Low,TOMF,CK-15,SHUSWAP RIVER_SU_0.3,M,H,"Shuswap River, Middle, H",Shuswap R Low,CK-15,SHUSWAP RIVER_SU_0.3,Smolt 0+,181197,2011,20110511,20110511,5.96,P,N,"See also codes 181196,181198,181381-181386,181585",1,AD,25813,798,,0,0,2221,28832
OPS,Shuswap R,Chinook,Summer,2010,Shuswap R Low,TOMF,CK-15,SHUSWAP RIVER_SU_0.3,M,H,"Shuswap River, Middle, H",Shuswap R Low,CK-15,SHUSWAP RIVER_SU_0.3,Smolt 0+,181198,2011,20110511,20110513,5.96,P,N,"See also codes 181196,181197,181381-181386,181585",1,AD,4431,137,,0,0,387,4955
OPS,Shuswap R,Chinook,Summer,2010,Shuswap R Low,TOMF,CK-15,SHUSWAP RIVER_SU_0.3,M,H,"Shuswap River, Middle, H",Shuswap R Low,CK-15,SHUSWAP RIVER_SU_0.3,Smolt 0+,181381,2011,20110511,20110513,5.96,P,N,"See also codes 181196-181198,181382-181386,181585",1,AD,54259,2261,,0,0,4790,61310
OPS,Shuswap R,Chinook,Summer,2010,Shuswap R Low,TOMF,CK-15,SHUSWAP RIVER_SU_0.3,M,H,"Shuswap River, Middle, H",Shuswap R Low,CK-15,SHUSWAP RIVER_SU_0.3,Smolt 0+,181382,2011,20110511,20110513,5.96,P,N,"See also tag groups 181196-181198,181381,181383-181386,181585",1,AD,54319,1109,,0,0,4698,60126
OPS,Shuswap R,Chinook,Summer,2010,Shuswap R Low,TOMF,CK-15,SHUSWAP RIVER_SU_0.3,M,H,"Shuswap River, Middle, H",Shuswap R Low,CK-15,SHUSWAP RIVER_SU_0.3,Smolt 0+,181383,2011,20110511,20110513,5.96,P,N,"See also tag groups 181196-181198,181381-181382, 181384-181386, 181585",1,AD,55240,1127,,0,0,4777,61144
OPS,Shuswap R,Chinook,Summer,2010,Shuswap R Low,TOMF,CK-15,SHUSWAP RIVER_SU_0.3,M,H,"Shuswap River, Middle, H",Shuswap R Low,CK-15,SHUSWAP RIVER_SU_0.3,Smolt 0+,181384,2011,20110511,20110513,5.96,P,N,"See also tag codes 181196-181198,181381-181383,181385-181386,181585",1,AD,54257,1107,,0,0,4692,60056
OPS,Shuswap R,Chinook,Summer,2010,Shuswap R Low,TOMF,CK-15,SHUSWAP RIVER_SU_0.3,M,H,"Shuswap River, Middle, H",Shuswap R Low,CK-15,SHUSWAP RIVER_SU_0.3,Smolt 0+,181385,2011,20110511,20110513,5.96,P,N,"See also tag codes 181196-181198,181381-181384,181386,181585",1,AD,54066,1672,,0,0,4724,60462
OPS,Shuswap R,Chinook,Summer,2010,Shuswap R Low,TOMF,CK-15,SHUSWAP RIVER_SU_0.3,M,H,"Shuswap River, Middle, H",Shuswap R Low,CK-15,SHUSWAP RIVER_SU_0.3,Smolt 0+,181386,2011,20110511,20110513,5.96,P,N,"See also tag codes 181196-181198,181381-181385,181585",1,AD,54489,1685,,0,0,4761,60935
OPS,Shuswap R,Chinook,Summer,2010,Shuswap R Low,TOMF,CK-15,SHUSWAP RIVER_SU_0.3,M,H,"Shuswap River, Middle, H",Shuswap R Low,CK-15,SHUSWAP RIVER_SU_0.3,Smolt 0+,181585,2011,20110511,20110513,5.96,P,N,"See also tag codes 181196-181198,181381-181386",1,AD,53449,2227,,0,0,4719,60395
OPS,Shuswap R,Chinook,Summer,2010,Shuswap R Low,TOMF,CK-15,SHUSWAP RIVER_SU_0.3,M,H,"Shuswap River, Middle, H",Shuswap R Low,CK-15,SHUSWAP RIVER_SU_0.3,Smolt 0+,181586,2011,20110511,20110513,5.96,P,N,"See also tag codes 181196-181198,181381-181386,181585",1,AD,52914,2205,,0,0,4671,59790
OPS,Shuswap R,Chinook,Summer,2010,Shuswap R Middle,TOMF,CK-15,SHUSWAP RIVER_SU_0.3,M,H,"Shuswap River, Middle, H",Shuswap R Middle,CK-15,SHUSWAP RIVER_SU_0.3,Smolt 0+,181195,2011,20110525,20110525,8.5,P,N,Tag loss estimate combined for all mark groups.,1,AD,17275,1382,,0,0,1105,19762
OPS,Shuswap R,Chinook,Summer,2010,Shuswap R Middle,TOMF,CK-15,SHUSWAP RIVER_SU_0.3,M,H,"Shuswap River, Middle, H",Shuswap R Middle,CK-15,SHUSWAP RIVER_SU_0.3,Smolt 0+,181369,2011,20110525,20110525,8.5,P,N,,1,AD,41503,3322,,0,0,2822,47647
OPS,Shuswap R,Chinook,Summer,2010,Shuswap R Middle,TOMF,CK-15,SHUSWAP RIVER_SU_0.3,M,H,"Shuswap River, Middle, H",Shuswap R Middle,CK-15,SHUSWAP RIVER_SU_0.3,Smolt 0+,181370,2011,20110525,20110525,8.5,P,N,,1,AD,39971,3203,,0,0,2718,45892
OPS,Shuswap R,Chinook,Summer,2010,Shuswap R Middle,TOMF,CK-15,SHUSWAP RIVER_SU_0.3,M,H,"Shuswap River, Middle, H",Shuswap R Middle,CK-15,SHUSWAP RIVER_SU_0.3,Smolt 0+,181371,2011,20110525,20110525,8.5,P,N,,1,AD,42140,3373,,0,0,2866,48379
OPS,Shuswap R,Chinook,Summer,2010,Shuswap R Middle,TOMF,CK-15,SHUSWAP RIVER_SU_0.3,M,H,"Shuswap River, Middle, H",Shuswap R Middle,CK-15,SHUSWAP RIVER_SU_0.3,Eyed Egg,NOCN1003,2011,201103,201103,,P,N,,1,,0,0,,0,0,56590,56590
OPS,Shuswap R,Chinook,Summer,2011,Shuswap R Low,TOMF,CK-15,SHUSWAP RIVER_SU_0.3,M,H,"Shuswap River, Middle, H",Shuswap R Low,CK-15,SHUSWAP RIVER_SU_0.3,Smolt 0+,181486,2012,20120514,20120516,5.75,P,N,,1,AD,51323,4463,,0,0,1195,56981
OPS,Shuswap R,Chinook,Summer,2011,Shuswap R Low,TOMF,CK-15,SHUSWAP RIVER_SU_0.3,M,H,"Shuswap River, Middle, H",Shuswap R Low,CK-15,SHUSWAP RIVER_SU_0.3,Smolt 0+,181487,2012,20120514,20120516,5.75,P,N,,1,AD,51493,4478,,0,0,1199,57170
OPS,Shuswap R,Chinook,Summer,2011,Shuswap R Low,TOMF,CK-15,SHUSWAP RIVER_SU_0.3,M,H,"Shuswap River, Middle, H",Shuswap R Low,CK-15,SHUSWAP RIVER_SU_0.3,Smolt 0+,181488,2012,20120514,20120516,5.75,P,N,,1,AD,51342,4451,,0,0,1195,56988
OPS,Shuswap R,Chinook,Summer,2011,Shuswap R Low,TOMF,CK-15,SHUSWAP RIVER_SU_0.3,M,H,"Shuswap River, Middle, H",Shuswap R Low,CK-15,SHUSWAP RIVER_SU_0.3,Smolt 0+,181489,2012,20120514,20120516,5.75,P,N,,1,AD,52086,4025,,0,0,1202,57313
OPS,Shuswap R,Chinook,Summer,2011,Shuswap R Low,TOMF,CK-15,SHUSWAP RIVER_SU_0.3,M,H,"Shuswap River, Middle, H",Shuswap R Low,CK-15,SHUSWAP RIVER_SU_0.3,Smolt 0+,181490,2012,20120514,20120516,5.75,P,N,,1,AD,51883,3905,,0,0,1195,56983
OPS,Shuswap R,Chinook,Summer,2011,Shuswap R Low,TOMF,CK-15,SHUSWAP RIVER_SU_0.3,M,H,"Shuswap River, Middle, H",Shuswap R Low,CK-15,SHUSWAP RIVER_SU_0.3,Smolt 0+,181491,2012,20120514,20120516,5.75,P,N,,1,AD,52467,3913,,0,0,1207,57587
OPS,Shuswap R,Chinook,Summer,2011,Shuswap R Low,TOMF,CK-15,SHUSWAP RIVER_SU_0.3,M,H,"Shuswap River, Middle, H",Shuswap R Low,CK-15,SHUSWAP RIVER_SU_0.3,Smolt 0+,182088,2012,20120514,20120516,5.75,P,N,,1,AD,26746,970,,0,0,594,28310
OPS,Shuswap R,Chinook,Summer,2011,Shuswap R Low,TOMF,CK-15,SHUSWAP RIVER_SU_0.3,M,H,"Shuswap River, Middle, H",Shuswap R Low,CK-15,SHUSWAP RIVER_SU_0.3,Smolt 0+,182089,2012,20120514,20120516,5.75,P,N,,1,AD,2502,91,,0,0,56,2649
OPS,Shuswap R,Chinook,Summer,2011,Shuswap R Low,TOMF,CK-15,SHUSWAP RIVER_SU_0.3,M,H,"Shuswap River, Middle, H",Shuswap R Low,CK-15,SHUSWAP RIVER_SU_0.3,Smolt 0+,182386,2012,20120514,20120516,5.75,P,N,,1,AD,54604,1980,,0,0,1212,57796
OPS,Shuswap R,Chinook,Summer,2011,Shuswap R Low,TOMF,CK-15,SHUSWAP RIVER_SU_0.3,M,H,"Shuswap River, Middle, H",Shuswap R Low,CK-15,SHUSWAP RIVER_SU_0.3,Smolt 0+,182387,2012,20120514,20120516,5.75,P,N,,1,AD,54230,1967,,0,0,1203,57400
OPS,Shuswap R,Chinook,Summer,2011,Shuswap R Low,TOMF,CK-15,SHUSWAP RIVER_SU_0.3,M,H,"Shuswap River, Middle, H",Shuswap R Low,CK-15,SHUSWAP RIVER_SU_0.3,Smolt 0+,184931,2012,20120514,20120516,5.75,P,N,,1,AD,53713,2655,,0,0,1207,57575
OPS,Shuswap R,Chinook,Summer,2011,Shuswap R Middle,TOMF,CK-15,SHUSWAP RIVER_SU_0.3,M,H,"Shuswap River, Middle, H",Shuswap R Middle,CK-15,SHUSWAP RIVER_SU_0.3,Smolt 0+,182197,2012,20120526,20120526,8.19,P,N,,1,AD,43214,1337,,0,0,8352,52903
OPS,Shuswap R,Chinook,Summer,2011,Shuswap R Middle,TOMF,CK-15,SHUSWAP RIVER_SU_0.3,M,H,"Shuswap River, Middle, H",Shuswap R Middle,CK-15,SHUSWAP RIVER_SU_0.3,Smolt 0+,182198,2012,20120526,20120526,8.19,P,N,,1,AD,54887,1698,,0,0,10609,67194
OPS,Shuswap R,Chinook,Summer,2011,Shuswap R Middle,TOMF,CK-15,SHUSWAP RIVER_SU_0.3,M,H,"Shuswap River, Middle, H",Shuswap R Middle,CK-15,SHUSWAP RIVER_SU_0.3,Smolt 0+,182199,2012,20120526,20120526,8.19,P,N,,1,AD,47912,1482,,0,0,9259,58653
OPS,Shuswap R,Chinook,Summer,2011,Shuswap R Middle,TOMF,CK-15,SHUSWAP RIVER_SU_0.3,M,H,"Shuswap River, Middle, H",Shuswap R Middle,CK-15,SHUSWAP RIVER_SU_0.3,Eyed Egg,NOCN1151,2011,20111104,20111104,,P,N,Eyed egg plant,1,,0,0,,0,0,25620,25620
OPS,Shuswap R,Chinook,Summer,2012,Shuswap R Low,TOMF,CK-15,SHUSWAP RIVER_SU_0.3,M,H,"Shuswap River, Middle, H",Shuswap R Low,CK-15,SHUSWAP RIVER_SU_0.3,Smolt 0+,181199,2013,20130513,20130515,6.36,P,N,,1,AD,5456,111,,0,0,126,5693
OPS,Shuswap R,Chinook,Summer,2012,Shuswap R Low,TOMF,CK-15,SHUSWAP RIVER_SU_0.3,M,H,"Shuswap River, Middle, H",Shuswap R Low,CK-15,SHUSWAP RIVER_SU_0.3,Smolt 0+,181464,2013,20130513,20130515,6.36,P,N,,1,AD,56700,863,,0,0,1301,58864
OPS,Shuswap R,Chinook,Summer,2012,Shuswap R Low,TOMF,CK-15,SHUSWAP RIVER_SU_0.3,M,H,"Shuswap River, Middle, H",Shuswap R Low,CK-15,SHUSWAP RIVER_SU_0.3,Smolt 0+,181465,2013,20130513,20130515,6.36,P,N,,1,AD,56432,859,,0,0,1294,58585
OPS,Shuswap R,Chinook,Summer,2012,Shuswap R Low,TOMF,CK-15,SHUSWAP RIVER_SU_0.3,M,H,"Shuswap River, Middle, H",Shuswap R Low,CK-15,SHUSWAP RIVER_SU_0.3,Smolt 0+,181466,2013,20130513,20130515,6.36,P,N,,1,AD,56312,796,,0,0,1290,58398
OPS,Shuswap R,Chinook,Summer,2012,Shuswap R Low,TOMF,CK-15,SHUSWAP RIVER_SU_0.3,M,H,"Shuswap River, Middle, H",Shuswap R Low,CK-15,SHUSWAP RIVER_SU_0.3,Smolt 0+,181467,2013,20130513,20130515,6.36,P,N,,1,AD,56415,80,,0,0,1277,57772
OPS,Shuswap R,Chinook,Summer,2012,Shuswap R Low,TOMF,CK-15,SHUSWAP RIVER_SU_0.3,M,H,"Shuswap River, Middle, H",Shuswap R Low,CK-15,SHUSWAP RIVER_SU_0.3,Smolt 0+,181468,2013,20130513,20130515,6.36,P,N,,1,AD,56787,0,,0,0,1283,58070
OPS,Shuswap R,Chinook,Summer,2012,Shuswap R Low,TOMF,CK-15,SHUSWAP RIVER_SU_0.3,M,H,"Shuswap River, Middle, H",Shuswap R Low,CK-15,SHUSWAP RIVER_SU_0.3,Smolt 0+,181469,2013,20130513,20130515,6.36,P,N,,1,AD,56194,56,,0,0,1271,57521
OPS,Shuswap R,Chinook,Summer,2012,Shuswap R Low,TOMF,CK-15,SHUSWAP RIVER_SU_0.3,M,H,"Shuswap River, Middle, H",Shuswap R Low,CK-15,SHUSWAP RIVER_SU_0.3,Smolt 0+,182394,2013,20130513,20130515,6.36,P,N,,1,AD,55490,1132,,0,0,1279,57901
OPS,Shuswap R,Chinook,Summer,2012,Shuswap R Low,TOMF,CK-15,SHUSWAP RIVER_SU_0.3,M,H,"Shuswap River, Middle, H",Shuswap R Low,CK-15,SHUSWAP RIVER_SU_0.3,Smolt 0+,182395,2013,20130513,20130515,6.36,P,N,,1,AD,55406,943,,0,0,1273,57622
OPS,Shuswap R,Chinook,Summer,2012,Shuswap R Low,TOMF,CK-15,SHUSWAP RIVER_SU_0.3,M,H,"Shuswap River, Middle, H",Shuswap R Low,CK-15,SHUSWAP RIVER_SU_0.3,Smolt 0+,182892,2013,20130513,20130515,6.36,P,N,,1,AD,55108,1125,,0,0,1271,57504
OPS,Shuswap R,Chinook,Summer,2012,Shuswap R Middle,TOMF,CK-15,SHUSWAP RIVER_SU_0.3,M,H,"Shuswap River, Middle, H",Shuswap R Middle,CK-15,SHUSWAP RIVER_SU_0.3,Smolt 0+,180283,2013,20130528,20130528,9.71,P,N,,1,AD,15049,229,,0,0,399,15677
OPS,Shuswap R,Chinook,Summer,2012,Shuswap R Middle,TOMF,CK-15,SHUSWAP RIVER_SU_0.3,M,H,"Shuswap River, Middle, H",Shuswap R Middle,CK-15,SHUSWAP RIVER_SU_0.3,Smolt 0+,183193,2013,20130528,20130528,9.71,P,N,,1,AD,57851,881,,0,0,1533,60265
OPS,Shuswap R,Chinook,Summer,2012,Shuswap R Middle,TOMF,CK-15,SHUSWAP RIVER_SU_0.3,M,H,"Shuswap River, Middle, H",Shuswap R Middle,CK-15,SHUSWAP RIVER_SU_0.3,Smolt 0+,183194,2013,20130528,20130528,9.71,P,N,,1,AD,55348,843,,0,0,1467,57658
OPS,Shuswap R,Chinook,Summer,2013,Shuswap R Low,TOMF,CK-15,SHUSWAP RIVER_SU_0.3,M,H,"Shuswap River, Middle, H",Shuswap R Low,CK-15,SHUSWAP RIVER_SU_0.3,Smolt 0+,182574,2014,20140514,20140515,5.19,P,N,,1,AD,55384,1713,,0,0,2185,59282
OPS,Shuswap R,Chinook,Summer,2013,Shuswap R Low,TOMF,CK-15,SHUSWAP RIVER_SU_0.3,M,H,"Shuswap River, Middle, H",Shuswap R Low,CK-15,SHUSWAP RIVER_SU_0.3,Smolt 0+,182575,2014,20140514,20140515,5.19,P,N,,1,AD,55686,1722,,0,0,2197,59605
OPS,Shuswap R,Chinook,Summer,2013,Shuswap R Low,TOMF,CK-15,SHUSWAP RIVER_SU_0.3,M,H,"Shuswap River, Middle, H",Shuswap R Low,CK-15,SHUSWAP RIVER_SU_0.3,Smolt 0+,182778,2014,20140514,20140515,5.19,P,N,,1,AD,54562,1687,,0,0,2153,58402
OPS,Shuswap R,Chinook,Summer,2013,Shuswap R Low,TOMF,CK-15,SHUSWAP RIVER_SU_0.3,M,H,"Shuswap River, Middle, H",Shuswap R Low,CK-15,SHUSWAP RIVER_SU_0.3,Smolt 0+,182779,2014,20140514,20140515,5.19,P,N,,1,AD,55705,1428,,0,0,2186,59319
OPS,Shuswap R,Chinook,Summer,2013,Shuswap R Low,TOMF,CK-15,SHUSWAP RIVER_SU_0.3,M,H,"Shuswap River, Middle, H",Shuswap R Low,CK-15,SHUSWAP RIVER_SU_0.3,Smolt 0+,182780,2014,20140514,20140515,5.19,P,N,,1,AD,55253,1417,,0,0,2169,58839
OPS,Shuswap R,Chinook,Summer,2013,Shuswap R Low,TOMF,CK-15,SHUSWAP RIVER_SU_0.3,M,H,"Shuswap River, Middle, H",Shuswap R Low,CK-15,SHUSWAP RIVER_SU_0.3,Smolt 0+,182781,2014,20140514,20140515,5.19,P,N,,1,AD,53689,1377,,0,0,2107,57173
OPS,Shuswap R,Chinook,Summer,2013,Shuswap R Low,TOMF,CK-15,SHUSWAP RIVER_SU_0.3,M,H,"Shuswap River, Middle, H",Shuswap R Low,CK-15,SHUSWAP RIVER_SU_0.3,Smolt 0+,182789,2014,20140514,20140515,5.19,P,N,,1,AD,52502,2763,,0,0,2115,57380
OPS,Shuswap R,Chinook,Summer,2013,Shuswap R Low,TOMF,CK-15,SHUSWAP RIVER_SU_0.3,M,H,"Shuswap River, Middle, H",Shuswap R Low,CK-15,SHUSWAP RIVER_SU_0.3,Smolt 0+,182790,2014,20140514,20140515,5.19,P,N,,1,AD,54314,2859,,0,0,2188,59361
OPS,Shuswap R,Chinook,Summer,2013,Shuswap R Low,TOMF,CK-15,SHUSWAP RIVER_SU_0.3,M,H,"Shuswap River, Middle, H",Shuswap R Low,CK-15,SHUSWAP RIVER_SU_0.3,Smolt 0+,183569,2014,20140514,20140515,5.19,P,N,,1,AD,18868,993,,0,0,760,20621
OPS,Shuswap R,Chinook,Summer,2013,Shuswap R Low,TOMF,CK-15,SHUSWAP RIVER_SU_0.3,M,H,"Shuswap River, Middle, H",Shuswap R Low,CK-15,SHUSWAP RIVER_SU_0.3,Smolt 0+,183570,2014,20140514,20140515,5.19,P,N,,1,AD,7519,396,,0,0,303,8218
OPS,Shuswap R,Chinook,Summer,2013,Shuswap R Middle,TOMF,CK-15,SHUSWAP RIVER_SU_0.3,M,H,"Shuswap River, Middle, H",Shuswap R Middle,CK-15,SHUSWAP RIVER_SU_0.3,Smolt 0+,182791,2014,20140528,20140528,8.64,P,N,,1,AD,55545,1718,,0,0,2671,59934
OPS,Shuswap R,Chinook,Summer,2013,Shuswap R Middle,TOMF,CK-15,SHUSWAP RIVER_SU_0.3,M,H,"Shuswap River, Middle, H",Shuswap R Middle,CK-15,SHUSWAP RIVER_SU_0.3,Smolt 0+,182792,2014,20140528,20140528,8.64,P,N,,1,AD,55168,1706,,0,0,2653,59527
OPS,Shuswap R,Chinook,Summer,2013,Shuswap R Middle,TOMF,CK-15,SHUSWAP RIVER_SU_0.3,M,H,"Shuswap River, Middle, H",Shuswap R Middle,CK-15,SHUSWAP RIVER_SU_0.3,Smolt 0+,183195,2014,20140528,20140528,8.64,P,N,,1,AD,34715,1074,,0,0,1670,37459
OPS,Shuswap R,Chinook,Summer,2013,Shuswap R Middle,TOMF,CK-15,SHUSWAP RIVER_SU_0.3,M,H,"Shuswap River, Middle, H",Shuswap R Middle,CK-15,SHUSWAP RIVER_SU_0.3,Smolt 1+,183571,2015,20150401,20150401,17.82,B,N,,1,AD,20488,0,,0,0,132,20620
OPS,Shuswap R,Chinook,Summer,2013,Shuswap R Middle,TOMF,CK-15,SHUSWAP RIVER_SU_0.3,M,H,"Shuswap River, Middle, H",Shuswap R Middle,CK-15,SHUSWAP RIVER_SU_0.3,Eyed Egg,NOCN1327,2013,201311,201311,,B,N,,1,,0,0,,0,0,45460,45460
OPS,Shuswap R,Chinook,Summer,2013,Shuswap R Middle,TOMF,CK-15,SHUSWAP RIVER_SU_0.3,M,H,"Shuswap River, Middle, H",Sugar Lk,CK-15,SHUSWAP RIVER_SU_0.3,Smolt 0+,NOCN1377,2014,201404,201405,5,E,N,Experimental release above Wilsey Dam. Performed by ONA.,1,,0,0,,0,0,5000,5000
OPS,Shuswap R,Chinook,Summer,2014,Shuswap R Low,TOMF,CK-15,SHUSWAP RIVER_SU_0.3,M,H,"Shuswap River, Middle, H",Shuswap R Low,CK-15,SHUSWAP RIVER_SU_0.3,Smolt 0+,183279,2015,20150512,20150514,5.92,B,N,,1,AD,51640,2152,AD,2247,0,,56039
OPS,Shuswap R,Chinook,Summer,2014,Shuswap R Low,TOMF,CK-15,SHUSWAP RIVER_SU_0.3,M,H,"Shuswap River, Middle, H",Shuswap R Low,CK-15,SHUSWAP RIVER_SU_0.3,Smolt 0+,183280,2015,20150512,20150514,5.92,B,N,,1,AD,54366,2265,AD,2235,0,,58866
OPS,Shuswap R,Chinook,Summer,2014,Shuswap R Low,TOMF,CK-15,SHUSWAP RIVER_SU_0.3,M,H,"Shuswap River, Middle, H",Shuswap R Low,CK-15,SHUSWAP RIVER_SU_0.3,Smolt 0+,183385,2015,20150512,20150514,5.92,B,N,,1,AD,50584,2108,AD,2477,0,,55169
OPS,Shuswap R,Chinook,Summer,2014,Shuswap R Low,TOMF,CK-15,SHUSWAP RIVER_SU_0.3,M,H,"Shuswap River, Middle, H",Shuswap R Low,CK-15,SHUSWAP RIVER_SU_0.3,Smolt 0+,183386,2015,20150512,20150514,5.92,B,N,,1,AD,49216,2051,AD,4458,0,,55725
OPS,Shuswap R,Chinook,Summer,2014,Shuswap R Low,TOMF,CK-15,SHUSWAP RIVER_SU_0.3,M,H,"Shuswap River, Middle, H",Shuswap R Low,CK-15,SHUSWAP RIVER_SU_0.3,Smolt 0+,183387,2015,20150512,20150514,5.92,B,N,,1,AD,47624,4141,AD,4501,0,,56266
OPS,Shuswap R,Chinook,Summer,2014,Shuswap R Low,TOMF,CK-15,SHUSWAP RIVER_SU_0.3,M,H,"Shuswap River, Middle, H",Shuswap R Low,CK-15,SHUSWAP RIVER_SU_0.3,Smolt 0+,183388,2015,20150512,20150514,5.92,B,N,,1,AD,46616,3780,AD,4145,0,,54541
OPS,Shuswap R,Chinook,Summer,2014,Shuswap R Low,TOMF,CK-15,SHUSWAP RIVER_SU_0.3,M,H,"Shuswap River, Middle, H",Shuswap R Low,CK-15,SHUSWAP RIVER_SU_0.3,Smolt 0+,183389,2015,20150512,20150514,5.92,B,N,,1,AD,50643,2665,AD,2806,0,,56114
OPS,Shuswap R,Chinook,Summer,2014,Shuswap R Low,TOMF,CK-15,SHUSWAP RIVER_SU_0.3,M,H,"Shuswap River, Middle, H",Shuswap R Low,CK-15,SHUSWAP RIVER_SU_0.3,Smolt 0+,183390,2015,20150512,20150514,5.92,B,N,,1,AD,50222,2643,AD,2782,0,,55647
OPS,Shuswap R,Chinook,Summer,2014,Shuswap R Low,TOMF,CK-15,SHUSWAP RIVER_SU_0.3,M,H,"Shuswap River, Middle, H",Shuswap R Low,CK-15,SHUSWAP RIVER_SU_0.3,Smolt 0+,183688,2015,20150512,20150514,5.92,B,N,,1,AD,39467,2077,AD,2186,0,,43730
OPS,Shuswap R,Chinook,Summer,2014,Shuswap R Low,TOMF,CK-15,SHUSWAP RIVER_SU_0.3,M,H,"Shuswap River, Middle, H",Shuswap R Low,CK-15,SHUSWAP RIVER_SU_0.3,Eyed Egg,NOCN1495,2014,201412,201412,,B,N,,1,,0,0,,0,0,74220,74220
OPS,Shuswap R,Chinook,Summer,2014,Shuswap R Middle,TOMF,CK-15,SHUSWAP RIVER_SU_0.3,M,H,"Shuswap River, Middle, H",Shuswap R Middle,CK-15,SHUSWAP RIVER_SU_0.3,Smolt 0+,180270,2015,20150525,20150525,8.64,P,N,,1,AD,24613,1671,,0,0,,26284
OPS,Shuswap R,Chinook,Summer,2014,Shuswap R Middle,TOMF,CK-15,SHUSWAP RIVER_SU_0.3,M,H,"Shuswap River, Middle, H",Shuswap R Middle,CK-15,SHUSWAP RIVER_SU_0.3,Smolt 0+,180271,2015,20150525,20150525,8.64,P,N,,1,AD,25094,1704,,0,0,,26798
OPS,Shuswap R,Chinook,Summer,2014,Shuswap R Middle,TOMF,CK-15,SHUSWAP RIVER_SU_0.3,M,H,"Shuswap River, Middle, H",Shuswap R Middle,CK-15,SHUSWAP RIVER_SU_0.3,Smolt 0+,180272,2015,20150525,20150525,8.64,P,N,,1,AD,24875,1689,,0,0,,26564
OPS,Shuswap R,Chinook,Summer,2014,Shuswap R Middle,TOMF,CK-15,SHUSWAP RIVER_SU_0.3,M,H,"Shuswap River, Middle, H",Shuswap R Middle,CK-15,SHUSWAP RIVER_SU_0.3,Smolt 1+,182594,2016,20160405,20160405,19.11,P,N,,1,AD,7352,1558,,0,0,,8910
OPS,Shuswap R,Chinook,Summer,2014,Shuswap R Middle,TOMF,CK-15,SHUSWAP RIVER_SU_0.3,M,H,"Shuswap River, Middle, H",Shuswap R Middle,CK-15,SHUSWAP RIVER_SU_0.3,Smolt 1+,182595,2016,20160405,20160405,19.11,P,N,,1,AD,9425,0,,0,0,,9425
OPS,Shuswap R,Chinook,Summer,2014,Shuswap R Middle,TOMF,CK-15,SHUSWAP RIVER_SU_0.3,M,H,"Shuswap River, Middle, H",Shuswap R Middle,CK-15,SHUSWAP RIVER_SU_0.3,Smolt 0+,183689,2015,20150525,20150525,8.64,P,N,,1,AD,47308,3212,,0,0,,50520
OPS,Shuswap R,Chinook,Summer,2014,Shuswap R Middle,TOMF,CK-15,SHUSWAP RIVER_SU_0.3,M,H,"Shuswap River, Middle, H",Shuswap R Middle,CK-15,SHUSWAP RIVER_SU_0.3,Smolt 0+,183870,2015,20150525,20150525,8.64,P,N,,1,AD,18941,1286,,0,0,,20227
OPS,Shuswap R,Chinook,Summer,2014,Shuswap R Middle,TOMF,CK-15,SHUSWAP RIVER_SU_0.3,M,H,"Shuswap River, Middle, H",Shuswap R Middle,CK-15,SHUSWAP RIVER_SU_0.3,Eyed Egg,NOCN1496,2014,201412,201412,,B,N,,1,,0,0,,0,0,47760,47760
OPS,Shuswap R,Chinook,Summer,2015,Shuswap R Low,TOMF,CK-15,SHUSWAP RIVER_SU_0.3,M,H,"Shuswap River, Middle, H",Shuswap R Low,CK-15,SHUSWAP RIVER_SU_0.3,Smolt 0+,183687,2016,20160511,20160513,4,P,N,,1,AD,53105,1943,,0,0,,55048
OPS,Shuswap R,Chinook,Summer,2015,Shuswap R Low,TOMF,CK-15,SHUSWAP RIVER_SU_0.3,M,H,"Shuswap River, Middle, H",Shuswap R Low,CK-15,SHUSWAP RIVER_SU_0.3,Smolt 0+,183970,2016,20160511,20160513,4,P,N,,1,AD,54789,1118,,0,0,,55907
OPS,Shuswap R,Chinook,Summer,2015,Shuswap R Low,TOMF,CK-15,SHUSWAP RIVER_SU_0.3,M,H,"Shuswap River, Middle, H",Shuswap R Low,CK-15,SHUSWAP RIVER_SU_0.3,Smolt 0+,183971,2016,20160511,20160513,4,P,N,,1,AD,55334,1129,,0,0,,56463
OPS,Shuswap R,Chinook,Summer,2015,Shuswap R Low,TOMF,CK-15,SHUSWAP RIVER_SU_0.3,M,H,"Shuswap River, Middle, H",Shuswap R Low,CK-15,SHUSWAP RIVER_SU_0.3,Smolt 0+,183972,2016,20160511,20160513,4,P,N,,1,AD,55868,1140,,0,0,,57008
OPS,Shuswap R,Chinook,Summer,2015,Shuswap R Low,TOMF,CK-15,SHUSWAP RIVER_SU_0.3,M,H,"Shuswap River, Middle, H",Shuswap R Low,CK-15,SHUSWAP RIVER_SU_0.3,Smolt 0+,183973,2016,20160511,20160513,4,P,N,,1,AD,55133,1019,,0,0,,56152
OPS,Shuswap R,Chinook,Summer,2015,Shuswap R Low,TOMF,CK-15,SHUSWAP RIVER_SU_0.3,M,H,"Shuswap River, Middle, H",Shuswap R Low,CK-15,SHUSWAP RIVER_SU_0.3,Smolt 0+,183974,2016,20160511,20160513,4,P,N,,1,AD,55391,560,,0,0,,55951
OPS,Shuswap R,Chinook,Summer,2015,Shuswap R Low,TOMF,CK-15,SHUSWAP RIVER_SU_0.3,M,H,"Shuswap River, Middle, H",Shuswap R Low,CK-15,SHUSWAP RIVER_SU_0.3,Smolt 0+,183975,2016,20160511,20160513,4,P,N,,1,AD,54372,670,,0,0,,55042
OPS,Shuswap R,Chinook,Summer,2015,Shuswap R Low,TOMF,CK-15,SHUSWAP RIVER_SU_0.3,M,H,"Shuswap River, Middle, H",Shuswap R Low,CK-15,SHUSWAP RIVER_SU_0.3,Smolt 0+,184180,2016,20160511,20160513,4,P,N,,1,AD,54128,2255,,0,0,,56383
OPS,Shuswap R,Chinook,Summer,2015,Shuswap R Low,TOMF,CK-15,SHUSWAP RIVER_SU_0.3,M,H,"Shuswap River, Middle, H",Shuswap R Low,CK-15,SHUSWAP RIVER_SU_0.3,Smolt 0+,184181,2016,20160511,20160513,4,P,N,,1,AD,46166,1924,,0,0,,48090
OPS,Shuswap R,Chinook,Summer,2015,Shuswap R Low,TOMF,CK-15,SHUSWAP RIVER_SU_0.3,M,H,"Shuswap River, Middle, H",Shuswap R Low,CK-15,SHUSWAP RIVER_SU_0.3,Smolt 0+,NOCN1590,2016,20160511,20160513,5.8,P,N,,1,,0,0,,0,0,36056,36056
OPS,Shuswap R,Chinook,Summer,2015,Shuswap R Middle,TOMF,CK-15,SHUSWAP RIVER_SU_0.3,M,H,"Shuswap River, Middle, H",Shuswap R Middle,CK-15,SHUSWAP RIVER_SU_0.3,Smolt 1+,183498,2017,20170409,20170409,18.23,P,N,,1,AD,18824,1096,,0,0,,19920
OPS,Shuswap R,Chinook,Summer,2015,Shuswap R Middle,TOMF,CK-15,SHUSWAP RIVER_SU_0.3,M,H,"Shuswap River, Middle, H",Shuswap R Middle,CK-15,SHUSWAP RIVER_SU_0.3,Smolt 0+,183976,2016,20160524,20160524,8.22,P,N,,1,AD,53086,2794,,0,0,,55880
OPS,Shuswap R,Chinook,Summer,2015,Shuswap R Middle,TOMF,CK-15,SHUSWAP RIVER_SU_0.3,M,H,"Shuswap River, Middle, H",Shuswap R Middle,CK-15,SHUSWAP RIVER_SU_0.3,Smolt 0+,183977,2016,20160524,20160524,8.22,P,N,,1,AD,53074,2793,,0,0,,55867
OPS,Shuswap R,Chinook,Summer,2015,Shuswap R Middle,TOMF,CK-15,SHUSWAP RIVER_SU_0.3,M,H,"Shuswap River, Middle, H",Shuswap R Middle,CK-15,SHUSWAP RIVER_SU_0.3,Smolt 0+,183978,2016,20160524,20160524,8.22,P,N,,1,AD,37337,1965,,0,0,,39302
OPS,Shuswap R,Chinook,Summer,2015,Shuswap R Middle,TOMF,CK-15,SHUSWAP RIVER_SU_0.3,M,H,"Shuswap River, Middle, H",Shuswap R Middle,CK-15,SHUSWAP RIVER_SU_0.3,Eyed Egg,NOCN1546,2016,201609,201609,,P,N,,1,,0,0,,0,0,58030,58030
OPS,Shuswap R,Chinook,Summer,2016,Shuswap R Low,TOMF,CK-15,SHUSWAP RIVER_SU_0.3,M,H,"Shuswap River, Middle, H",Shuswap R Low,CK-15,SHUSWAP RIVER_SU_0.3,Smolt 0+,180191,2017,20170510,20170512,6.05,P,N,,1,AD,9437,292,,0,0,,9729
OPS,Shuswap R,Chinook,Summer,2016,Shuswap R Low,TOMF,CK-15,SHUSWAP RIVER_SU_0.3,M,H,"Shuswap River, Middle, H",Shuswap R Low,CK-15,SHUSWAP RIVER_SU_0.3,Smolt 0+,183979,2017,20170510,20170512,6.05,P,N,,1,AD,54765,1694,,0,0,,56459
OPS,Shuswap R,Chinook,Summer,2016,Shuswap R Low,TOMF,CK-15,SHUSWAP RIVER_SU_0.3,M,H,"Shuswap River, Middle, H",Shuswap R Low,CK-15,SHUSWAP RIVER_SU_0.3,Smolt 0+,184364,2017,20170510,20170512,6.05,P,N,,1,AD,56799,0,,0,0,,56799
OPS,Shuswap R,Chinook,Summer,2016,Shuswap R Low,TOMF,CK-15,SHUSWAP RIVER_SU_0.3,M,H,"Shuswap River, Middle, H",Shuswap R Low,CK-15,SHUSWAP RIVER_SU_0.3,Smolt 0+,184365,2017,20170510,20170512,6.05,P,N,,1,AD,55799,0,,0,0,,55799
OPS,Shuswap R,Chinook,Summer,2016,Shuswap R Low,TOMF,CK-15,SHUSWAP RIVER_SU_0.3,M,H,"Shuswap River, Middle, H",Shuswap R Low,CK-15,SHUSWAP RIVER_SU_0.3,Smolt 0+,184366,2017,20170510,20170512,6.05,P,N,,1,AD,58815,0,,0,0,,58815
OPS,Shuswap R,Chinook,Summer,2016,Shuswap R Low,TOMF,CK-15,SHUSWAP RIVER_SU_0.3,M,H,"Shuswap River, Middle, H",Shuswap R Low,CK-15,SHUSWAP RIVER_SU_0.3,Smolt 0+,184367,2017,20170510,20170512,6.05,P,N,,1,AD,56225,0,,0,0,,56225
OPS,Shuswap R,Chinook,Summer,2016,Shuswap R Low,TOMF,CK-15,SHUSWAP RIVER_SU_0.3,M,H,"Shuswap River, Middle, H",Shuswap R Low,CK-15,SHUSWAP RIVER_SU_0.3,Smolt 0+,184368,2017,20170510,20170512,6.05,P,N,,1,AD,57472,0,,0,0,,57472
OPS,Shuswap R,Chinook,Summer,2016,Shuswap R Low,TOMF,CK-15,SHUSWAP RIVER_SU_0.3,M,H,"Shuswap River, Middle, H",Shuswap R Low,CK-15,SHUSWAP RIVER_SU_0.3,Smolt 0+,184369,2017,20170510,20170512,6.05,P,N,,1,AD,56292,113,,0,0,,56405
OPS,Shuswap R,Chinook,Summer,2016,Shuswap R Low,TOMF,CK-15,SHUSWAP RIVER_SU_0.3,M,H,"Shuswap River, Middle, H",Shuswap R Low,CK-15,SHUSWAP RIVER_SU_0.3,Smolt 0+,184578,2017,20170510,20170512,6.05,P,N,,1,AD,54636,1401,,0,0,,56037
OPS,Shuswap R,Chinook,Summer,2016,Shuswap R Low,TOMF,CK-15,SHUSWAP RIVER_SU_0.3,M,H,"Shuswap River, Middle, H",Shuswap R Low,CK-15,SHUSWAP RIVER_SU_0.3,Smolt 0+,184579,2017,20170510,20170512,6.05,P,N,,1,AD,55354,1712,,0,0,,57066
OPS,Shuswap R,Chinook,Summer,2016,Shuswap R Middle,TOMF,CK-15,SHUSWAP RIVER_SU_0.3,M,H,"Shuswap River, Middle, H",Shuswap R Middle,CK-15,SHUSWAP RIVER_SU_0.3,Smolt 0+,183989,2017,20170525,20170525,8.55,P,N,,1,AD,55682,0,,0,0,,55682
OPS,Shuswap R,Chinook,Summer,2016,Shuswap R Middle,TOMF,CK-15,SHUSWAP RIVER_SU_0.3,M,H,"Shuswap River, Middle, H",Shuswap R Middle,CK-15,SHUSWAP RIVER_SU_0.3,Smolt 0+,183990,2017,20170525,20170525,8.55,P,N,,1,AD,56319,0,,0,0,,56319
OPS,Shuswap R,Chinook,Summer,2016,Shuswap R Middle,TOMF,CK-15,SHUSWAP RIVER_SU_0.3,M,H,"Shuswap River, Middle, H",Shuswap R Middle,CK-15,SHUSWAP RIVER_SU_0.3,Smolt 0+,183991,2017,20170525,20170525,8.55,P,N,,1,AD,36785,0,,0,0,,36785
OPS,Shuswap R,Chinook,Summer,2016,Shuswap R Middle,TOMF,CK-15,SHUSWAP RIVER_SU_0.3,M,H,"Shuswap River, Middle, H",Shuswap R Middle,CK-15,SHUSWAP RIVER_SU_0.3,Smolt 1+,184496,2018,20180403,20180403,19,P,N,,1,AD,19604,0,,0,0,,19604
OPS,Shuswap R,Chinook,Summer,2017,Shuswap R Low,TOMF,CK-15,SHUSWAP RIVER_SU_0.3,M,H,"Shuswap River, Middle, H",Shuswap R Low,CK-15,SHUSWAP RIVER_SU_0.3,Smolt 0+,185084,2018,20180514,20180515,6.13,P,N,Emergency release due to flooding.,1,AD,55246,1128,,0,0,1629,58003
OPS,Shuswap R,Chinook,Summer,2017,Shuswap R Low,TOMF,CK-15,SHUSWAP RIVER_SU_0.3,M,H,"Shuswap River, Middle, H",Shuswap R Low,CK-15,SHUSWAP RIVER_SU_0.3,Smolt 0+,185085,2018,20180514,20180515,6.13,P,N,,1,AD,56854,1160,,0,0,1677,59691
OPS,Shuswap R,Chinook,Summer,2017,Shuswap R Low,TOMF,CK-15,SHUSWAP RIVER_SU_0.3,M,H,"Shuswap River, Middle, H",Shuswap R Low,CK-15,SHUSWAP RIVER_SU_0.3,Smolt 0+,185086,2018,20180514,20180515,6.13,P,N,,1,AD,55844,964,,0,0,1647,58455
OPS,Shuswap R,Chinook,Summer,2017,Shuswap R Low,TOMF,CK-15,SHUSWAP RIVER_SU_0.3,M,H,"Shuswap River, Middle, H",Shuswap R Low,CK-15,SHUSWAP RIVER_SU_0.3,Smolt 0+,185087,2018,20180514,20180515,6.13,P,N,,1,AD,57213,0,,0,0,1688,58901
OPS,Shuswap R,Chinook,Summer,2017,Shuswap R Low,TOMF,CK-15,SHUSWAP RIVER_SU_0.3,M,H,"Shuswap River, Middle, H",Shuswap R Low,CK-15,SHUSWAP RIVER_SU_0.3,Smolt 0+,185088,2018,20180514,20180515,6.13,P,N,,1,AD,57913,0,,0,0,1708,59621
OPS,Shuswap R,Chinook,Summer,2017,Shuswap R Low,TOMF,CK-15,SHUSWAP RIVER_SU_0.3,M,H,"Shuswap River, Middle, H",Shuswap R Low,CK-15,SHUSWAP RIVER_SU_0.3,Smolt 0+,185089,2018,20180514,20180515,6.13,P,N,,1,AD,56506,175,,0,0,1667,58348
OPS,Shuswap R,Chinook,Summer,2017,Shuswap R Low,TOMF,CK-15,SHUSWAP RIVER_SU_0.3,M,H,"Shuswap River, Middle, H",Shuswap R Low,CK-15,SHUSWAP RIVER_SU_0.3,Smolt 0+,185090,2018,20180514,20180515,6.13,P,N,,1,AD,56027,566,,0,0,1653,58246
OPS,Shuswap R,Chinook,Summer,2017,Shuswap R Low,TOMF,CK-15,SHUSWAP RIVER_SU_0.3,M,H,"Shuswap River, Middle, H",Shuswap R Low,CK-15,SHUSWAP RIVER_SU_0.3,Smolt 0+,185091,2018,20180514,20180515,6.13,P,N,,1,AD,56454,570,,0,0,1665,58689
OPS,Shuswap R,Chinook,Summer,2017,Shuswap R Low,TOMF,CK-15,SHUSWAP RIVER_SU_0.3,M,H,"Shuswap River, Middle, H",Shuswap R Low,CK-15,SHUSWAP RIVER_SU_0.3,Smolt 0+,185092,2018,20180514,20180515,6.13,P,N,,1,AD,43764,442,,0,0,1291,45497
OPS,Shuswap R,Chinook,Summer,2017,Shuswap R Middle,TOMF,CK-15,SHUSWAP RIVER_SU_0.3,M,H,"Shuswap River, Middle, H",Shuswap R Middle,CK-15,SHUSWAP RIVER_SU_0.3,Smolt 0+,180193,2018,20180516,20180516,7.86,P,N,Emergency release due to flooding.,1,AD,7545,0,,0,0,,7545
OPS,Shuswap R,Chinook,Summer,2017,Shuswap R Middle,TOMF,CK-15,SHUSWAP RIVER_SU_0.3,M,H,"Shuswap River, Middle, H",Shuswap R Middle,CK-15,SHUSWAP RIVER_SU_0.3,Smolt 0+,184581,2018,20180516,20180516,7.86,P,N,Emergency release due to flooding.,1,AD,57012,0,,0,0,,57012
OPS,Shuswap R,Chinook,Summer,2017,Shuswap R Middle,TOMF,CK-15,SHUSWAP RIVER_SU_0.3,M,H,"Shuswap River, Middle, H",Shuswap R Middle,CK-15,SHUSWAP RIVER_SU_0.3,Smolt 0+,185364,2018,20180516,20180516,7.86,P,N,Emergency release due to flooding.,1,AD,57209,0,,0,0,,57209
OPS,Shuswap R,Chinook,Summer,2017,Shuswap R Middle,TOMF,CK-15,SHUSWAP RIVER_SU_0.3,M,H,"Shuswap River, Middle, H",Shuswap R Middle,CK-15,SHUSWAP RIVER_SU_0.3,Smolt 0+,185365,2018,20180516,20180516,7.83,P,N,Emergency release due to flooding.,1,AD,50602,0,,0,0,,50602
OPS,Shuswap R,Chinook,Summer,2017,Shuswap R Middle,TOMF,CK-15,SHUSWAP RIVER_SU_0.3,M,H,"Shuswap River, Middle, H",Shuswap R Middle,CK-15,SHUSWAP RIVER_SU_0.3,Eyed Egg,NOCN1734,2017,20171107,20171110,,P,N,,1,,0,0,,0,0,15480,15480
OPS,Shuswap R,Chinook,Summer,2018,Shuswap R Low,TOMF,CK-15,SHUSWAP RIVER_SU_0.3,M,H,"Shuswap River, Middle, H",Shuswap R Low,CK-15,SHUSWAP RIVER_SU_0.3,Smolt 0+,181680,2019,20190513,20190515,6.28,P,N,,1,AD,114378,575,,0,0,176,115129
OPS,Shuswap R,Chinook,Summer,2018,Shuswap R Low,TOMF,CK-15,SHUSWAP RIVER_SU_0.3,M,H,"Shuswap River, Middle, H",Shuswap R Low,CK-15,SHUSWAP RIVER_SU_0.3,Smolt 0+,182059,2019,20190513,20190515,6.28,P,N,,1,AD,403095,2787,,0,0,622,406504
OPS,Shuswap R,Chinook,Summer,2018,Shuswap R Low,TOMF,CK-15,SHUSWAP RIVER_SU_0.3,M,H,"Shuswap River, Middle, H",Shuswap R Low,CK-15,SHUSWAP RIVER_SU_0.3,Smolt 0+,184685,2019,20190513,20190515,6.28,P,N,,1,AD,31747,321,,0,0,49,32117
OPS,Shuswap R,Chinook,Summer,2018,Shuswap R Middle,TOMF,CK-15,SHUSWAP RIVER_SU_0.3,M,H,"Shuswap River, Middle, H",Shuswap R Middle,CK-15,SHUSWAP RIVER_SU_0.3,Smolt 0+,182599,2019,20190524,20190524,8.82,P,N,,1,AD,11298,57,,0,0,,11355
OPS,Shuswap R,Chinook,Summer,2018,Shuswap R Middle,TOMF,CK-15,SHUSWAP RIVER_SU_0.3,M,H,"Shuswap River, Middle, H",Shuswap R Middle,CK-15,SHUSWAP RIVER_SU_0.3,Smolt 0+,184684,2019,20190524,20190524,8.82,P,N,,1,AD,40398,203,,0,0,,40601
OPS,Shuswap R,Chinook,Summer,2018,Shuswap R Middle,TOMF,CK-15,SHUSWAP RIVER_SU_0.3,M,H,"Shuswap River, Middle, H",Shuswap R Middle,CK-15,SHUSWAP RIVER_SU_0.3,Smolt 0+,185189,2019,20190524,20190524,8.82,P,N,,1,AD,56388,283,,0,0,,56671
OPS,Shuswap R,Chinook,Summer,2018,Shuswap R Middle,TOMF,CK-15,SHUSWAP RIVER_SU_0.3,M,H,"Shuswap River, Middle, H",Shuswap R Middle,CK-15,SHUSWAP RIVER_SU_0.3,Smolt 0+,185190,2019,20190524,20190524,8.82,P,N,,1,AD,57402,288,,0,0,,57690
OPS,Shuswap R,Chinook,Summer,2019,Shuswap R Low,TOMF,CK-15,SHUSWAP RIVER_SU_0.3,M,H,"Shuswap River, Middle, H",Shuswap R Low,CK-15,SHUSWAP RIVER_SU_0.3,Smolt 0+,186572,2020,20200513,20200515,5.2,P,N,,1,AD,60223,0,,0,0,493377,553600
OPS,Shuswap R,Chinook,Summer,2019,Shuswap R Middle,TOMF,CK-15,SHUSWAP RIVER_SU_0.3,M,H,"Shuswap River, Middle, H",Shuswap R Middle,CK-15,SHUSWAP RIVER_SU_0.3,Smolt 0+,NOCN1996,2020,20200525,20200525,9.41,P,N,,1,,0,0,,0,0,169200,169200
OPS,Shuswap R,Chinook,Summer,2020,Shuswap R Low,TOMF,CK-15,SHUSWAP RIVER_SU_0.3,M,H,"Shuswap River, Middle, H",Shuswap R Low,CK-15,SHUSWAP RIVER_SU_0.3,Smolt 0+,183867,2021,20210517,20210519,6.28,P,N,,1,AD,110314,685,,0,0,1245,112244
OPS,Shuswap R,Chinook,Summer,2020,Shuswap R Low,TOMF,CK-15,SHUSWAP RIVER_SU_0.3,M,H,"Shuswap River, Middle, H",Shuswap R Low,CK-15,SHUSWAP RIVER_SU_0.3,Smolt 0+,186593,2021,20210517,20210519,6.28,P,N,,1,AD,94833,477,,0,0,1070,96380
OPS,Shuswap R,Chinook,Summer,2020,Shuswap R Low,TOMF,CK-15,SHUSWAP RIVER_SU_0.3,M,H,"Shuswap River, Middle, H",Shuswap R Low,CK-15,SHUSWAP RIVER_SU_0.3,Smolt 0+,186612,2021,20210517,20210519,6.28,P,N,,1,AD,177391,4548,,0,0,2002,183941
OPS,Shuswap R,Chinook,Summer,2020,Shuswap R Low,TOMF,CK-15,SHUSWAP RIVER_SU_0.3,M,H,"Shuswap River, Middle, H",Shuswap R Low,CK-15,SHUSWAP RIVER_SU_0.3,Smolt 0+,186613,2021,20210517,20210519,6.28,P,N,,1,AD,190017,3027,,0,0,2145,195189
OPS,Shuswap R,Chinook,Summer,2020,Shuswap R Middle,TOMF,CK-15,SHUSWAP RIVER_SU_0.3,M,H,"Shuswap River, Middle, H",Shuswap R Middle,CK-15,SHUSWAP RIVER_SU_0.3,Smolt 0+,186565,2021,20210525,20210525,7.81,P,N,,1,AD,64104,7123,,0,0,798,72025
OPS,Shuswap R,Chinook,Summer,2020,Shuswap R Middle,TOMF,CK-15,SHUSWAP RIVER_SU_0.3,M,H,"Shuswap River, Middle, H",Shuswap R Middle,CK-15,SHUSWAP RIVER_SU_0.3,Smolt 0+,186583,2021,20210525,20210525,7.81,P,N,,1,AD,91594,10177,,0,0,1140,102911
OPS,Shuswap R,Chinook,Summer,2021,Shuswap R Low,TOMF,CK-15,SHUSWAP RIVER_SU_0.3,M,H,"Shuswap River, Middle, H",Shuswap R Low,CK-15,SHUSWAP RIVER_SU_0.3,Smolt 0+,186816,2022,20220516,20220517,5.56,P,N,,1,AD,155117,779,,0,0,,155896
OPS,Shuswap R,Chinook,Summer,2021,Shuswap R Low,TOMF,CK-15,SHUSWAP RIVER_SU_0.3,M,H,"Shuswap River, Middle, H",Shuswap R Low,CK-15,SHUSWAP RIVER_SU_0.3,Smolt 0+,187090,2022,20220516,20220517,5.56,P,N,,1,AD,212936,213,,0,0,,213149
OPS,Shuswap R,Chinook,Summer,2021,Shuswap R Middle,TOMF,CK-15,SHUSWAP RIVER_SU_0.3,M,H,"Shuswap River, Middle, H",Shuswap R Middle,CK-15,SHUSWAP RIVER_SU_0.3,Smolt 0+,184484,2022,20220516,20220517,7.34,P,N,,1,AD,81,1,,0,0,,82
OPS,Shuswap R,Chinook,Summer,2021,Shuswap R Middle,TOMF,CK-15,SHUSWAP RIVER_SU_0.3,M,H,"Shuswap River, Middle, H",Shuswap R Middle,CK-15,SHUSWAP RIVER_SU_0.3,Smolt 0+,186281,2022,20220516,20220517,7.34,P,N,,1,AD,187,3,,0,0,,190
OPS,Shuswap R,Chinook,Summer,2021,Shuswap R Middle,TOMF,CK-15,SHUSWAP RIVER_SU_0.3,M,H,"Shuswap River, Middle, H",Shuswap R Middle,CK-15,SHUSWAP RIVER_SU_0.3,Smolt 0+,186815,2022,20220516,20220517,7.34,P,N,,1,AD,168758,2744,,0,0,,171502
OPS,Shuswap R,Chinook,Summer,2021,Shuswap R Middle,TOMF,CK-15,SHUSWAP RIVER_SU_0.3,M,H,"Shuswap River, Middle, H",Shuswap R Middle,CK-15,SHUSWAP RIVER_SU_0.3,Fed Fry,NOCN2169,2022,20220109,20220119,0.35,P,N,,1,,0,0,,0,0,23913,23913
OPS,Shuswap R,Chinook,Summer,2022,Shuswap R Low,TOMF,CK-15,SHUSWAP RIVER_SU_0.3,M,H,"Shuswap River, Middle, H",Shuswap R Low,CK-15,SHUSWAP RIVER_SU_0.3,Smolt 0+,186795,2023,20230510,20230512,5.2,P,N,,1,AD,44710,344,,0,0,,45054
OPS,Shuswap R,Chinook,Summer,2022,Shuswap R Low,TOMF,CK-15,SHUSWAP RIVER_SU_0.3,M,H,"Shuswap River, Middle, H",Shuswap R Low,CK-15,SHUSWAP RIVER_SU_0.3,Smolt 0+,186813,2023,20230510,20230512,5.2,P,N,,1,AD,168220,3508,,0,0,,171728
OPS,Shuswap R,Chinook,Summer,2022,Shuswap R Low,TOMF,CK-15,SHUSWAP RIVER_SU_0.3,M,H,"Shuswap River, Middle, H",Shuswap R Low,CK-15,SHUSWAP RIVER_SU_0.3,Smolt 0+,187004,2023,20230510,20230512,5.5,P,N,,1,AD,2782,21,,0,0,,2803
OPS,Shuswap R,Chinook,Summer,2022,Shuswap R Low,TOMF,CK-15,SHUSWAP RIVER_SU_0.3,M,H,"Shuswap River, Middle, H",Shuswap R Low,CK-15,SHUSWAP RIVER_SU_0.3,Smolt 0+,187094,2023,20230510,20230512,5.2,P,N,,1,AD,301113,9669,,0,0,1725,312507
OPS,Shuswap R,Chinook,Summer,2022,Shuswap R Middle,TOMF,CK-15,SHUSWAP RIVER_SU_0.3,M,H,"Shuswap River, Middle, H",Shuswap R Middle,CK-15,SHUSWAP RIVER_SU_0.3,Smolt 0+,186809,2023,20230518,20230518,6.88,P,N,,1,AD,157857,2536,,0,0,1754,162147
OPS,Shuswap R,Chinook,Summer,2022,Shuswap R Middle,TOMF,CK-15,SHUSWAP RIVER_SU_0.3,M,H,"Shuswap River, Middle, H",Shuswap R Middle,CK-15,SHUSWAP RIVER_SU_0.3,Eyed Egg,NOCN2260,2022,20221110,20221110,,E,N,,1,,0,0,,0,0,8179,8179
OPS,Shuswap R,Chinook,Summer,2023,Shuswap R Low,TOMF,CK-15,SHUSWAP RIVER_SU_0.3,M,H,"Shuswap River, Middle, H",Shuswap R Low,CK-15,SHUSWAP RIVER_SU_0.3,Smolt 0+,180008,2024,20240515,20240517,5.8,P,N,,1,AD,546379,4883,,0,0,,551262
OPS,Shuswap R,Chinook,Summer,2023,Shuswap R Middle,TOMF,CK-15,SHUSWAP RIVER_SU_0.3,M,H,"Shuswap River, Middle, H",Shuswap R Middle,CK-15,SHUSWAP RIVER_SU_0.3,Smolt 0+,180029,2024,20240521,20240521,8.3,P,N,,1,AD,154200,620,,0,0,,154820
OPS,Spius Cr,Chinook,Spring,1984,Coldwater R,TOMM,CK-17,LOWER THOMPSON_SP_1.2,W,H,Spius Creek H,Coldwater R,CK-17,LOWER THOMPSON_SP_1.2,Smolt 0+,022817,1985,19850404,19850405,6.1,P,N,,1,AD,22227,787,,0,0,2340,25354
OPS,Spius Cr,Chinook,Spring,1984,Coldwater R,TOMM,CK-17,LOWER THOMPSON_SP_1.2,W,H,Spius Creek H,Coldwater R,CK-17,LOWER THOMPSON_SP_1.2,Smolt 0+,022818,1985,19850404,19850405,6.1,P,N,,1,AD,41073,1010,,0,0,2398,44481
OPS,Spius Cr,Chinook,Spring,1984,Nicola R,TOMM,CK-17,LOWER THOMPSON_SP_1.2,W,H,Spius Creek H,Nicola R,CK-17,LOWER THOMPSON_SP_1.2,Smolt 0+,022820,1985,19850409,19850413,5,B,N,IMPRINTED,1,AD,35324,822,,0,0,,36146
OPS,Spius Cr,Chinook,Spring,1984,Nicola R,TOMM,CK-17,LOWER THOMPSON_SP_1.2,W,H,Spius Creek H,Nicola R,CK-17,LOWER THOMPSON_SP_1.2,Smolt 0+,022821,1985,19850409,19850413,5,B,N,IMPRINTED,1,AD,32962,678,,0,0,,33640
OPS,Spius Cr,Chinook,Spring,1984,Nicola R,TOMM,CK-17,LOWER THOMPSON_SP_1.2,W,H,Spius Creek H,Nicola R,CK-17,LOWER THOMPSON_SP_1.2,Smolt 0+,022822,1985,19850409,19850413,5.6,P,N,CONTROL FOR IMPRINT GROUP,1,AD,36817,511,,0,0,10233,47561
OPS,Spius Cr,Chinook,Spring,1984,Nicola R,TOMM,CK-17,LOWER THOMPSON_SP_1.2,W,H,Spius Creek H,Nicola R,CK-17,LOWER THOMPSON_SP_1.2,Smolt 0+,022823,1985,19850409,19850413,5.6,P,N,CONTROL FOR IMPRINT GROUP,1,AD,35236,811,,0,0,9881,45928
OPS,Spius Cr,Chinook,Spring,1984,Nicola R,TOMM,CK-17,LOWER THOMPSON_SP_1.2,W,H,Spius Creek H,Nicola R,CK-17,LOWER THOMPSON_SP_1.2,Smolt 0+,023038,1985,19850409,19850413,5,B,N,IMPRINTED,1,AD,30830,926,,0,0,,31756
OPS,Spius Cr,Chinook,Spring,1984,Nicola R,TOMM,CK-17,LOWER THOMPSON_SP_1.2,W,H,Spius Creek H,Nicola R,CK-17,LOWER THOMPSON_SP_1.2,Smolt 0+,023039,1985,19850409,19850413,5.6,P,N,CONTROL FOR IMPRINT GROUP,1,AD,27374,974,,0,0,7771,36119
OPS,Spius Cr,Chinook,Spring,1985,Nicola R,TOMM,CK-17,LOWER THOMPSON_SP_1.2,W,H,Spius Creek H,Nicola R,CK-17,LOWER THOMPSON_SP_1.2,Smolt 0+,023310,1986,19860408,19860416,5.4,B,N,IMPRINT,1,AD,74530,3920,,0,0,,78450
OPS,Spius Cr,Chinook,Spring,1985,Nicola R,TOMM,CK-17,LOWER THOMPSON_SP_1.2,W,H,Spius Creek H,Nicola R,CK-17,LOWER THOMPSON_SP_1.2,Smolt 0+,023311,1986,19860408,19860416,7,P,N,CONTROL FOR IMPRINT GROUP,1,AD,71610,5390,,0,0,124000,201000
OPS,Spius Cr,Chinook,Spring,1985,Nicola R,TOMM,CK-17,LOWER THOMPSON_SP_1.2,W,H,Spius Creek H,Nicola R,CK-17,LOWER THOMPSON_SP_1.2,Smolt 1+,023535,1987,19870416,19870421,15.2,B,N,TIME OF RELEASE: YEARLING; COMBINE WITH 024057,1,AD,19380,1450,,0,0,5622,26452
OPS,Spius Cr,Chinook,Spring,1985,Nicola R,TOMM,CK-17,LOWER THOMPSON_SP_1.2,W,H,Spius Creek H,Nicola R,CK-17,LOWER THOMPSON_SP_1.2,Fed Fall,023730,1986,198609,19860912,6.1,B,N,TIME OF RELEASE: FALL,1,AD,75240,760,,0,0,33210,109210
OPS,Spius Cr,Chinook,Spring,1985,Nicola R,TOMM,CK-17,LOWER THOMPSON_SP_1.2,W,H,Spius Creek H,Nicola R,CK-17,LOWER THOMPSON_SP_1.2,Smolt 1+,024057,1987,19870416,19870421,15.2,B,N,TIME OF RELEASE: YEARLING; COMBINE WITH 023535,1,AD,29005,2180,,0,0,8413,39598
OPS,Spius Cr,Chinook,Spring,1986,Bonaparte R,TOMM,CK-17,LOWER THOMPSON_SP_1.2,M,H,Spius Creek H,Bonaparte R,CK-17,LOWER THOMPSON_SP_1.2,Fed Fry,024531,1987,198704,19870402,2.9,B,N,TIME OF RELEASE:EARLY; COMBINE WITH 024532-33,1,AD,25988,262,,0,0,,26250
OPS,Spius Cr,Chinook,Spring,1986,Bonaparte R,TOMM,CK-17,LOWER THOMPSON_SP_1.2,M,H,Spius Creek H,Bonaparte R,CK-17,LOWER THOMPSON_SP_1.2,Fed Fry,024532,1987,198704,19870402,2.9,B,N,TIME OF RELEASE: EARLY; COMBINE WITH 024531 & 33,1,AD,26730,270,,0,0,,27000
OPS,Spius Cr,Chinook,Spring,1986,Bonaparte R,TOMM,CK-17,LOWER THOMPSON_SP_1.2,M,H,Spius Creek H,Bonaparte R,CK-17,LOWER THOMPSON_SP_1.2,Fed Fry,024533,1987,198704,19870402,2.9,B,N,TIME OF RELEASE: EARLY; COMBINE WITH 024531-32,1,AD,25443,257,,0,0,,25700
OPS,Spius Cr,Chinook,Spring,1986,Bonaparte R,TOMM,CK-17,LOWER THOMPSON_SP_1.2,M,H,Spius Creek H,Bonaparte R,CK-17,LOWER THOMPSON_SP_1.2,Fed Fall,024705,1987,19870918,19870923,10.1,B,N,TIME OF RELEASE: FALL; COMBINE WITH 024706,1,AD,25565,1261,,0,0,8793,35619
OPS,Spius Cr,Chinook,Spring,1986,Bonaparte R,TOMM,CK-17,LOWER THOMPSON_SP_1.2,M,H,Spius Creek H,Bonaparte R,CK-17,LOWER THOMPSON_SP_1.2,Fed Fall,024706,1987,19870918,19870923,10.1,B,N,TIME OF RELEASE: FALL; COMBINE WITH 024705,1,AD,25697,795,,0,0,8839,35331
OPS,Spius Cr,Chinook,Spring,1986,Bonaparte R,TOMM,CK-17,LOWER THOMPSON_SP_1.2,M,H,Spius Creek H,Bonaparte R,CK-17,LOWER THOMPSON_SP_1.2,Smolt 1+,024707,1988,19880308,19880309,12,B,N,TIME OF RELEASE,1,AD,24956,614,,0,0,21030,46600
OPS,Spius Cr,Chinook,Spring,1986,Coldwater R,TOMM,CK-17,LOWER THOMPSON_SP_1.2,M,H,Spius Creek H,Coldwater R,CK-17,LOWER THOMPSON_SP_1.2,Smolt 0+,024607,1987,19870403,19870506,5.8,P,N,,1,AD,50787,513,,0,0,75220,126520
OPS,Spius Cr,Chinook,Spring,1986,Deadman R,TOMM,CK-17,LOWER THOMPSON_SP_1.2,M,H,Spius Creek H,Deadman R,CK-17,LOWER THOMPSON_SP_1.2,Smolt 0+,024528,1987,19870415,19870421,4.6,P,N,,1,AD,25942,262,,0,0,1912,28116
OPS,Spius Cr,Chinook,Spring,1986,Deadman R,TOMM,CK-17,LOWER THOMPSON_SP_1.2,M,H,Spius Creek H,Deadman R,CK-17,LOWER THOMPSON_SP_1.2,Smolt 0+,024529,1987,19870415,19870421,4.6,P,N,,1,AD,26455,267,,0,0,1949,28671
OPS,Spius Cr,Chinook,Spring,1986,Deadman R,TOMM,CK-17,LOWER THOMPSON_SP_1.2,M,H,Spius Creek H,Deadman R,CK-17,LOWER THOMPSON_SP_1.2,Smolt 0+,024530,1987,19870415,19870421,4.6,P,N,,1,AD,26197,265,,0,0,1931,28393
OPS,Spius Cr,Chinook,Spring,1986,Nicola R,TOMM,CK-17,LOWER THOMPSON_SP_1.2,M,H,Spius Creek H,Nicola R,CK-17,LOWER THOMPSON_SP_1.2,Fed Fall,024562,1987,19870908,19870915,9.6,B,N,,1,AD,30322,618,,0,0,10684,41624
OPS,Spius Cr,Chinook,Spring,1986,Nicola R,TOMM,CK-17,LOWER THOMPSON_SP_1.2,M,H,Spius Creek H,Nicola R,CK-17,LOWER THOMPSON_SP_1.2,Fed Fall,024563,1987,19870908,19870915,9.6,B,N,,1,AD,20913,426,,0,0,7368,28707
OPS,Spius Cr,Chinook,Spring,1986,Nicola R,TOMM,CK-17,LOWER THOMPSON_SP_1.2,M,H,Spius Creek H,Nicola R,CK-17,LOWER THOMPSON_SP_1.2,Fed Fall,024601,1987,19870908,19870915,9.6,B,N,,1,AD,25400,520,,0,0,8949,34869
OPS,Spius Cr,Chinook,Spring,1986,Nicola R,TOMM,CK-17,LOWER THOMPSON_SP_1.2,M,H,Spius Creek H,Nicola R,CK-17,LOWER THOMPSON_SP_1.2,Fed Fry,NOCN8615,1987,19870402,19870407,2.8,P,N,,1,,0,0,,0,0,87575,87575
OPS,Spius Cr,Chinook,Spring,1986,Nicola R,TOMM,CK-17,LOWER THOMPSON_SP_1.2,M,H,Spius Creek H,Nicola R,CK-17,LOWER THOMPSON_SP_1.2,Smolt 0+,NOCN8616,1987,198707,19870728,3.9,P,N,SURPLUS FISH,1,,0,0,,0,0,44900,44900
OPS,Spius Cr,Chinook,Spring,1986,Spius Cr,TOMM,CK-17,LOWER THOMPSON_SP_1.2,M,H,Spius Creek H,Spius Cr,CK-17,LOWER THOMPSON_SP_1.2,Smolt 0+,NOCN8614,1987,19870429,19870515,5.5,P,N,,1,,0,0,,0,0,144500,144500
OPS,Spius Cr,Chinook,Spring,1987,Bonaparte R,TOMM,CK-17,LOWER THOMPSON_SP_1.2,M,H,Spius Creek H,Bonaparte R,CK-17,LOWER THOMPSON_SP_1.2,Smolt 0+,NOCN8714,1988,19880405,19880418,3.1,P,N,,1,,0,0,,0,0,151941,151941
OPS,Spius Cr,Chinook,Spring,1987,Coldwater R,TOMM,CK-17,LOWER THOMPSON_SP_1.2,M,H,Spius Creek H,Coldwater R,CK-17,LOWER THOMPSON_SP_1.2,Smolt 0+,NOCN8716,1988,19880420,19880503,5.5,P,N,,1,,0,0,,0,0,194270,194270
OPS,Spius Cr,Chinook,Spring,1987,Deadman R,TOMM,CK-17,LOWER THOMPSON_SP_1.2,M,H,Spius Creek H,Deadman R,CK-17,LOWER THOMPSON_SP_1.2,Smolt 0+,025203,1988,19880414,19880419,4.3,P,N,ALSO SEE 025204,1,AD,25600,0,,0,0,33857,59457
OPS,Spius Cr,Chinook,Spring,1987,Deadman R,TOMM,CK-17,LOWER THOMPSON_SP_1.2,M,H,Spius Creek H,Deadman R,CK-17,LOWER THOMPSON_SP_1.2,Smolt 0+,025204,1988,19880414,19880419,4.3,P,N,ALSO SEE 025203,1,AD,25594,206,,0,0,33849,59649
OPS,Spius Cr,Chinook,Spring,1987,Nicola R,TOMM,CK-17,LOWER THOMPSON_SP_1.2,M,H,Spius Creek H,Nicola R,CK-17,LOWER THOMPSON_SP_1.2,Smolt 0+,025150,1988,19880405,19880502,5.4,P,N,TIME OF RELEASE-NORMAL SPRING,1,AD,26943,751,,0,0,80132,107826
OPS,Spius Cr,Chinook,Spring,1987,Nicola R,TOMM,CK-17,LOWER THOMPSON_SP_1.2,M,H,Spius Creek H,Nicola R,CK-17,LOWER THOMPSON_SP_1.2,Smolt 0+,025163,1988,19880405,19880502,5.4,P,N,TIME OF RELEASE-NORMAL SPRING,1,AD,24107,669,,0,0,71698,96474
OPS,Spius Cr,Chinook,Spring,1987,Nicola R,TOMM,CK-17,LOWER THOMPSON_SP_1.2,M,H,Spius Creek H,Nicola R,CK-17,LOWER THOMPSON_SP_1.2,Smolt 0+,025201,1988,19880405,19880502,5.4,P,N,TIME OF RELEASE-NORMAL SPRING,1,AD,25738,103,,0,0,76549,102390
OPS,Spius Cr,Chinook,Spring,1987,Nicola R,TOMM,CK-17,LOWER THOMPSON_SP_1.2,M,H,Spius Creek H,Nicola R,CK-17,LOWER THOMPSON_SP_1.2,Smolt 0+,025202,1988,19880405,19880502,5.4,P,N,TIME OF RELEASE-NORMAL SPRING RELEASE,1,AD,22654,91,,0,0,67377,90122
OPS,Spius Cr,Chinook,Spring,1987,Nicola R,TOMM,CK-17,LOWER THOMPSON_SP_1.2,M,H,Spius Creek H,Nicola R,CK-17,LOWER THOMPSON_SP_1.2,Smolt 1+,025431,1989,19890310,19890331,18,B,N,TIME OF RELEASE: YEARLING,1,AD,23561,0,,0,0,11309,34870
OPS,Spius Cr,Chinook,Spring,1987,Nicola R,TOMM,CK-17,LOWER THOMPSON_SP_1.2,M,H,Spius Creek H,Nicola R,CK-17,LOWER THOMPSON_SP_1.2,Smolt 1+,025432,1989,19890310,19890331,18,B,N,TIME OF RELEASE: YEARLING,1,AD,26953,135,,0,0,12937,40025
OPS,Spius Cr,Chinook,Spring,1987,Nicola R,TOMM,CK-17,LOWER THOMPSON_SP_1.2,M,H,Spius Creek H,Nicola R,CK-17,LOWER THOMPSON_SP_1.2,Fed Fall,025547,1988,19880913,19880914,6.3,B,N,TIME OF RELEASE-FALL,1,AD,75624,228,,0,0,33982,109834
OPS,Spius Cr,Chinook,Spring,1987,Spius Cr,TOMM,CK-17,LOWER THOMPSON_SP_1.2,M,H,Spius Creek H,Spius Cr,CK-17,LOWER THOMPSON_SP_1.2,Smolt 0+,NOCN8715,1988,19880408,19880428,5.2,P,N,,1,,0,0,,0,0,113440,113440
OPS,Spius Cr,Chinook,Spring,1988,Bonaparte R,TOMM,CK-17,LOWER THOMPSON_SP_1.2,M,H,Spius Creek H,Bonaparte R,CK-17,LOWER THOMPSON_SP_1.2,Smolt 0+,NOCN8815,1989,19890426,19890504,5.4,P,N,,1,,0,0,,0,0,181224,181224
OPS,Spius Cr,Chinook,Spring,1988,Coldwater R,TOMM,CK-17,LOWER THOMPSON_SP_1.2,M,H,Spius Creek H,Coldwater R,CK-17,LOWER THOMPSON_SP_1.2,Smolt 0+,025517,1989,19890426,19890508,6,P,N,,1,AD,50416,252,,0,0,37459,88127
OPS,Spius Cr,Chinook,Spring,1988,Deadman R,TOMM,CK-17,LOWER THOMPSON_SP_1.2,M,H,Spius Creek H,Deadman R,CK-17,LOWER THOMPSON_SP_1.2,Smolt 0+,NOCN8814,1989,19890421,19890502,6,P,N,,1,,0,0,,0,0,94098,94098
OPS,Spius Cr,Chinook,Spring,1988,Nicola R,TOMM,CK-17,LOWER THOMPSON_SP_1.2,M,H,Spius Creek H,Nicola R,CK-17,LOWER THOMPSON_SP_1.2,Smolt 0+,024859,1989,198904,19890417,5,B,N,IMPRINT,1,AD,25735,104,,0,0,,25839
OPS,Spius Cr,Chinook,Spring,1988,Nicola R,TOMM,CK-17,LOWER THOMPSON_SP_1.2,M,H,Spius Creek H,Nicola R,CK-17,LOWER THOMPSON_SP_1.2,Smolt 0+,025518,1989,198904,19890417,5,B,N,IMPRINT,1,AD,51138,154,,0,0,,51292
OPS,Spius Cr,Chinook,Spring,1988,Nicola R,TOMM,CK-17,LOWER THOMPSON_SP_1.2,M,H,Spius Creek H,Nicola R,CK-17,LOWER THOMPSON_SP_1.2,Smolt 0+,025738,1989,198904,19890417,5.5,P,N,CONTROL FOR IMPRINT GROUP,1,AD,26095,235,,0,0,45568,71898
OPS,Spius Cr,Chinook,Spring,1988,Nicola R,TOMM,CK-17,LOWER THOMPSON_SP_1.2,M,H,Spius Creek H,Nicola R,CK-17,LOWER THOMPSON_SP_1.2,Smolt 0+,025739,1989,198904,19890417,5.5,P,N,CONTROL FOR IMPRINT GROUP,1,AD,26051,182,,0,0,45492,71725
OPS,Spius Cr,Chinook,Spring,1988,Nicola R,TOMM,CK-17,LOWER THOMPSON_SP_1.2,M,H,Spius Creek H,Nicola R,CK-17,LOWER THOMPSON_SP_1.2,Smolt 0+,025740,1989,198904,19890417,5.5,P,N,CONTROL FOR IMPRINT GROUP,1,AD,25354,101,,0,0,44275,69730
OPS,Spius Cr,Chinook,Spring,1988,Nicola R,TOMM,CK-17,LOWER THOMPSON_SP_1.2,M,H,Spius Creek H,Nicola R,CK-17,LOWER THOMPSON_SP_1.2,Smolt 1+,025856,1990,19900305,19900309,17,P,N,TIME OF RELEASE: EARLY 1+ SM. SEE ALSO 025857.,1,AD,25381,128,,0,0,15035,40544
OPS,Spius Cr,Chinook,Spring,1988,Nicola R,TOMM,CK-17,LOWER THOMPSON_SP_1.2,M,H,Spius Creek H,Nicola R,CK-17,LOWER THOMPSON_SP_1.2,Smolt 1+,025857,1990,19900305,19900309,17,P,N,TIME OF RELEASE: EARLY 1+ SM. SEE ALSO 025856.,1,AD,25709,129,,0,0,15035,40873
OPS,Spius Cr,Chinook,Spring,1988,Nicola R,TOMM,CK-17,LOWER THOMPSON_SP_1.2,M,H,Spius Creek H,Nicola R,CK-17,LOWER THOMPSON_SP_1.2,Smolt 1+,025858,1990,19900418,19900419,17,P,N,TIME OF RELEASE: NORMAL 1+ SM. SEE ALSO 025859.,1,AD,25366,25,,0,0,18978,44369
OPS,Spius Cr,Chinook,Spring,1988,Nicola R,TOMM,CK-17,LOWER THOMPSON_SP_1.2,M,H,Spius Creek H,Nicola R,CK-17,LOWER THOMPSON_SP_1.2,Smolt 1+,025859,1990,19900418,19900419,17,P,N,TIME OF RELEASE: NORMAL 1+ SM. SEE ALSO 025858.,1,AD,25368,25,,0,0,18978,44371
OPS,Spius Cr,Chinook,Spring,1988,Nicola R,TOMM,CK-17,LOWER THOMPSON_SP_1.2,M,H,Spius Creek H,Nicola R,CK-17,LOWER THOMPSON_SP_1.2,Smolt 0+,NOCN8880,1989,19890404,19890523,5.3,P,N,,1,,0,0,,0,0,350042,350042
OPS,Spius Cr,Chinook,Spring,1988,Spius Cr,TOMM,CK-17,LOWER THOMPSON_SP_1.2,M,H,Spius Creek H,Spius Cr,CK-17,LOWER THOMPSON_SP_1.2,Smolt 0+,NOCN8816,1989,198905,19890505,4.8,P,N,,1,,0,0,,0,0,62540,62540
OPS,Spius Cr,Chinook,Spring,1989,Bonaparte R,TOMM,CK-17,LOWER THOMPSON_SP_1.2,M,H,Spius Creek H,Bonaparte R,CK-17,LOWER THOMPSON_SP_1.2,Fed Fry,NOCN8915,1990,19900402,19900403,2.9,P,N,,1,,0,0,,0,0,69460,69460
OPS,Spius Cr,Chinook,Spring,1989,Coldwater R,TOMM,CK-17,LOWER THOMPSON_SP_1.2,M,H,Spius Creek H,Coldwater R,CK-17,LOWER THOMPSON_SP_1.2,Smolt 1+,020742,1991,19910403,19910405,17.5,B,N,TIME OF RELEASE:YEARLING,1,AD,24961,50,,0,0,11156,36167
OPS,Spius Cr,Chinook,Spring,1989,Coldwater R,TOMM,CK-17,LOWER THOMPSON_SP_1.2,M,H,Spius Creek H,Coldwater R,CK-17,LOWER THOMPSON_SP_1.2,Smolt 1+,020743,1991,19910403,19910405,17.5,B,N,TIME OF RELEASE:YEARLING,1,AD,25032,50,,0,0,11188,36270
OPS,Spius Cr,Chinook,Spring,1989,Coldwater R,TOMM,CK-17,LOWER THOMPSON_SP_1.2,M,H,Spius Creek H,Coldwater R,CK-17,LOWER THOMPSON_SP_1.2,Smolt 0+,NOCN8916,1990,19900412,19900427,9,P,N,,1,,0,0,,0,0,120450,120450
OPS,Spius Cr,Chinook,Spring,1989,Nicola R,TOMM,CK-17,LOWER THOMPSON_SP_1.2,M,H,Spius Creek H,Nicola R,CK-17,LOWER THOMPSON_SP_1.2,Smolt 0+,020353,1990,19900425,19900426,6.2,P,N,"TIME AND SIZE:NORMAL. SEE ALSO 020416, 020417.",1,AD,24955,278,,0,0,39379,64612
OPS,Spius Cr,Chinook,Spring,1989,Nicola R,TOMM,CK-17,LOWER THOMPSON_SP_1.2,M,H,Spius Creek H,Nicola R,CK-17,LOWER THOMPSON_SP_1.2,Smolt 0+,020416,1990,19900425,19900426,6.2,P,N,"TIME OF RELEASE-NORMAL. SEE ALSO 020353, 020417.",1,AD,24861,277,,0,0,39231,64369
OPS,Spius Cr,Chinook,Spring,1989,Nicola R,TOMM,CK-17,LOWER THOMPSON_SP_1.2,M,H,Spius Creek H,Nicola R,CK-17,LOWER THOMPSON_SP_1.2,Smolt 0+,020417,1990,19900425,19900426,6.2,P,N,"TIME OF RELEASE:NORMAL.SEE ALSO 020353, 020416.",1,AD,24799,276,,0,0,39133,64208
OPS,Spius Cr,Chinook,Spring,1989,Nicola R,TOMM,CK-17,LOWER THOMPSON_SP_1.2,M,H,Spius Creek H,Nicola R,CK-17,LOWER THOMPSON_SP_1.2,Smolt 0+,020418,1990,19900523,19900530,8.6,B,N,"TIME OF RELEASE: LATE. RIVER AT FULL FLOOD,HIGH,FAST.SEE ALSO 020419-20",1,AD,24816,251,,0,0,43544,68611
OPS,Spius Cr,Chinook,Spring,1989,Nicola R,TOMM,CK-17,LOWER THOMPSON_SP_1.2,M,H,Spius Creek H,Nicola R,CK-17,LOWER THOMPSON_SP_1.2,Smolt 0+,020419,1990,19900523,19900530,8.6,B,N,"TIME OF RELEASE: LATE.RIVER AT FULL FLOOD,HIGH,FAST.SEE ALSO 020418,20",1,AD,24817,251,,0,0,43546,68614
OPS,Spius Cr,Chinook,Spring,1989,Nicola R,TOMM,CK-17,LOWER THOMPSON_SP_1.2,M,H,Spius Creek H,Nicola R,CK-17,LOWER THOMPSON_SP_1.2,Smolt 0+,020420,1990,19900523,19900530,8.6,B,N,"TIME OF RELEASE: LATE. RIVER AT FULL FLOOD,HIGH,FAST.SEE 020418-19.",1,AD,24852,251,,0,0,43607,68710
OPS,Spius Cr,Chinook,Spring,1989,Nicola R,TOMM,CK-17,LOWER THOMPSON_SP_1.2,M,H,Spius Creek H,Nicola R,CK-17,LOWER THOMPSON_SP_1.2,Smolt 1+,020738,1991,19910408,19910411,19,B,N,TIME OF RELEASE: NORMAL 1+ SM. SEE ALSO 020739,1,AD,25114,28,,0,0,35175,60317
OPS,Spius Cr,Chinook,Spring,1989,Nicola R,TOMM,CK-17,LOWER THOMPSON_SP_1.2,M,H,Spius Creek H,Nicola R,CK-17,LOWER THOMPSON_SP_1.2,Smolt 1+,020739,1991,19910408,19910411,19,B,N,TIME OF RELEASE: NORMAL 1+ SM. SEE ALSO 020738,1,AD,23968,21,,0,0,33570,57559
OPS,Spius Cr,Chinook,Spring,1989,Nicola R,TOMM,CK-17,LOWER THOMPSON_SP_1.2,M,H,Spius Creek H,Nicola R,CK-17,LOWER THOMPSON_SP_1.2,Smolt 1+,020740,1991,19910307,19910313,18.5,B,N,TIME OF RELEASE:1+ SM RELEASE 1 MONTH EARLIER THAN NORMAL. SEE ALSO 020741,1,AD,25138,0,,0,0,21526,46664
OPS,Spius Cr,Chinook,Spring,1989,Nicola R,TOMM,CK-17,LOWER THOMPSON_SP_1.2,M,H,Spius Creek H,Nicola R,CK-17,LOWER THOMPSON_SP_1.2,Smolt 1+,020741,1991,19910307,19910313,18.5,B,N,TIME OF RELEASE:1+ SM RELEASE 1 MONTH EARLIER THAN NORMAL. SEE ALSO 020740,1,AD,25204,0,,0,0,21582,46786
OPS,Spius Cr,Chinook,Spring,1989,Spius Cr,TOMM,CK-17,LOWER THOMPSON_SP_1.2,M,H,Spius Creek H,Spius Cr,CK-17,LOWER THOMPSON_SP_1.2,Smolt 0+,NOCN8917,1990,19900427,19900607,8.7,P,N,,1,,0,0,,0,0,174760,174760
OPS,Spius Cr,Chinook,Spring,1990,Bonaparte R,TOMM,CK-17,LOWER THOMPSON_SP_1.2,M,H,Spius Creek H,Bonaparte R,CK-17,LOWER THOMPSON_SP_1.2,Smolt 0+,021557,1991,19910422,19910424,5.1,P,N,SUBJECT TO SUPERSATURATION BEFORE RELEASE. 5% SHOWED SYMPTOMS.,1,AD,75359,227,,0,0,15314,90900
OPS,Spius Cr,Chinook,Spring,1990,Coldwater R,TOMM,CK-17,LOWER THOMPSON_SP_1.2,M,H,Spius Creek H,Coldwater R,CK-17,LOWER THOMPSON_SP_1.2,Smolt 1+,180301,1992,19920427,19920428,24.4,B,N,TIME OF RELEASE: YEARLING,1,AD,24815,125,,0,0,2819,27759
OPS,Spius Cr,Chinook,Spring,1990,Coldwater R,TOMM,CK-17,LOWER THOMPSON_SP_1.2,M,H,Spius Creek H,Coldwater R,CK-17,LOWER THOMPSON_SP_1.2,Smolt 1+,180302,1992,19920427,19920428,24.4,B,N,TIME OF RELEASE: YEARLING,1,AD,24920,125,,0,0,2831,27876
OPS,Spius Cr,Chinook,Spring,1990,Nicola R,TOMM,CK-17,LOWER THOMPSON_SP_1.2,M,H,Spius Creek H,Nicola R,CK-17,LOWER THOMPSON_SP_1.2,Smolt 0+,021555,1991,19910503,19910510,8.1,P,N,TIME OF RELEASE: NORMAL SIZE & TIME AT RELEASE. SEE 021556.,1,AD,75044,226,,0,0,55880,131150
OPS,Spius Cr,Chinook,Spring,1990,Nicola R,TOMM,CK-17,LOWER THOMPSON_SP_1.2,M,H,Spius Creek H,Nicola R,CK-17,LOWER THOMPSON_SP_1.2,Smolt 0+,021556,1991,19910709,19910711,17.5,B,N,TIME OF RELEASE: EXPERIMENTAL JULY RELEASE,1,AD,71278,2275,,0,0,60397,133950
OPS,Spius Cr,Chinook,Spring,1990,Nicola R,TOMM,CK-17,LOWER THOMPSON_SP_1.2,M,H,Spius Creek H,Nicola R,CK-17,LOWER THOMPSON_SP_1.2,Smolt 1+,180304,1992,19920325,19920424,20.4,P,N,TIME OF RELEASE: YEARLING,1,AD,24964,75,,0,0,46855,71894
OPS,Spius Cr,Chinook,Spring,1990,Nicola R,TOMM,CK-17,LOWER THOMPSON_SP_1.2,M,H,Spius Creek H,Nicola R,CK-17,LOWER THOMPSON_SP_1.2,Smolt 1+,180305,1992,19920325,19920424,20.4,P,N,TIME OF RELEASE: YEARLING,1,AD,24932,75,,0,0,46795,71802
OPS,Spius Cr,Chinook,Spring,1990,Nicola R,TOMM,CK-17,LOWER THOMPSON_SP_1.2,M,H,Spius Creek H,Nicola R,CK-17,LOWER THOMPSON_SP_1.2,Smolt 1+,180306,1992,19920325,19920424,20.4,P,N,TIME OF RELEASE: YEARLING,1,AD,25363,76,,0,0,47603,73042
OPS,Spius Cr,Chinook,Spring,1991,Bonaparte R,TOMM,CK-17,LOWER THOMPSON_SP_1.2,M,H,Spius Creek H,Bonaparte R,CK-17,LOWER THOMPSON_SP_1.2,Smolt 0+,180349,1992,19920331,19920430,3.9,P,N,,1,AD,74949,452,,0,0,77450,152851
OPS,Spius Cr,Chinook,Spring,1991,Bridge R,UPFR,CK-10,MIDDLE FRASER RIVER_SP_1.3,M,H,Spius Creek H,Bridge R,CK-10,MIDDLE FRASER RIVER_SP_1.3,Fed Fall,180839,1992,19920909,19920910,11.1,B,N,,1,AD,50373,151,,0,0,1019,51543
OPS,Spius Cr,Chinook,Spring,1991,Bridge R,UPFR,CK-10,MIDDLE FRASER RIVER_SP_1.3,M,H,Spius Creek H,Bridge R,CK-10,MIDDLE FRASER RIVER_SP_1.3,Smolt 1+,180840,1993,19930420,19930422,18.5,B,N,TIME OF RELEASE-YEARLING,1,AD,50463,458,,0,0,2679,53600
OPS,Spius Cr,Chinook,Spring,1991,Coldwater R,TOMM,CK-17,LOWER THOMPSON_SP_1.2,M,H,Spius Creek H,Coldwater R,CK-17,LOWER THOMPSON_SP_1.2,Smolt 1+,180850,1993,19930430,19930504,18.5,B,N,TIME OF RELEASE-YEARLING,1,AD,71767,1465,,0,0,5073,78305
OPS,Spius Cr,Chinook,Spring,1991,Coldwater R,TOMM,CK-17,LOWER THOMPSON_SP_1.2,M,H,Spius Creek H,Coldwater R,CK-17,LOWER THOMPSON_SP_1.2,Smolt 0+,NOCN9109,1992,199206,19920611,3,P,N,SURPLUS FISH,1,,0,0,,0,0,29450,29450
OPS,Spius Cr,Chinook,Spring,1991,Nicola R,TOMM,CK-17,LOWER THOMPSON_SP_1.2,M,H,Spius Creek H,Nicola R,CK-17,LOWER THOMPSON_SP_1.2,Smolt 0+,180352,1992,19920508,19920511,6.5,P,N,TIME OF RELEASE: EARLY. COMPARE TO 180353,1,AD,75198,530,,0,0,114836,190564
OPS,Spius Cr,Chinook,Spring,1991,Nicola R,TOMM,CK-17,LOWER THOMPSON_SP_1.2,M,H,Spius Creek H,Nicola R,CK-17,LOWER THOMPSON_SP_1.2,Smolt 0+,180353,1992,19920622,19920623,6.8,P,N,TIME OF REL: LATE.GROUP SUFFERED STRESS + MORTS WHEN REL'D IN HI TEMP WATER,1,AD,75075,302,,0,0,26673,102050
OPS,Spius Cr,Chinook,Spring,1991,Nicola R,TOMM,CK-17,LOWER THOMPSON_SP_1.2,M,H,Spius Creek H,Nicola R,CK-17,LOWER THOMPSON_SP_1.2,Smolt 1+,180851,1993,19930423,19930428,17,P,N,TIME OF RELEASE-YEARLING,1,AD,74489,374,,0,0,139886,214749
OPS,Spius Cr,Chinook,Spring,1991,Spius Cr,TOMM,CK-17,LOWER THOMPSON_SP_1.2,M,H,Spius Creek H,Spius Cr,CK-17,LOWER THOMPSON_SP_1.2,Smolt 1+,NOCN9116,1993,19930429,19930430,15.8,B,N,YEARLING RELEASE,1,,0,0,,0,0,69448,69448
OPS,Spius Cr,Chinook,Spring,1992,Bonaparte R,TOMM,CK-17,LOWER THOMPSON_SP_1.2,M,H,Spius Creek H,Bonaparte R,CK-17,LOWER THOMPSON_SP_1.2,Smolt 0+,026344,1993,199304,19930407,2.5,B,N,BIODIET REP 1,1,AD,14458,0,,0,0,4784,19242
OPS,Spius Cr,Chinook,Spring,1992,Bonaparte R,TOMM,CK-17,LOWER THOMPSON_SP_1.2,M,H,Spius Creek H,Bonaparte R,CK-17,LOWER THOMPSON_SP_1.2,Smolt 0+,026345,1993,199304,19930414,3.3,B,N,BIODIET-REP 2,1,AD,12654,0,,0,0,6226,18880
OPS,Spius Cr,Chinook,Spring,1992,Bonaparte R,TOMM,CK-17,LOWER THOMPSON_SP_1.2,M,H,Spius Creek H,Bonaparte R,CK-17,LOWER THOMPSON_SP_1.2,Smolt 0+,026346,1993,199304,19930407,3.7,B,N,EWOS-REP 1,1,AD,12653,0,,0,0,7020,19673
OPS,Spius Cr,Chinook,Spring,1992,Bonaparte R,TOMM,CK-17,LOWER THOMPSON_SP_1.2,M,H,Spius Creek H,Bonaparte R,CK-17,LOWER THOMPSON_SP_1.2,Smolt 0+,026347,1993,199304,19930414,4.3,B,N,EWOS-REP 2,1,AD,15925,0,,0,0,2715,18640
OPS,Spius Cr,Chinook,Spring,1992,Bonaparte R,TOMM,CK-17,LOWER THOMPSON_SP_1.2,M,H,Spius Creek H,Bonaparte R,CK-17,LOWER THOMPSON_SP_1.2,Smolt 0+,026348,1993,199304,19930407,3.5,B,N,MOORE CLARK-REP 1,1,AD,15848,0,,0,0,4044,19892
OPS,Spius Cr,Chinook,Spring,1992,Bonaparte R,TOMM,CK-17,LOWER THOMPSON_SP_1.2,M,H,Spius Creek H,Bonaparte R,CK-17,LOWER THOMPSON_SP_1.2,Smolt 0+,026349,1993,199304,19930414,4.3,B,N,MOORE CLARK-REP 2,1,AD,16655,170,,0,0,1773,18598
OPS,Spius Cr,Chinook,Spring,1992,Bonaparte R,TOMM,CK-17,LOWER THOMPSON_SP_1.2,M,H,Spius Creek H,Bonaparte R,CK-17,LOWER THOMPSON_SP_1.2,Smolt 0+,026350,1993,199304,19930407,3.3,B,N,WHITECREST-REP 1,1,AD,15613,0,,0,0,3428,19041
OPS,Spius Cr,Chinook,Spring,1992,Bonaparte R,TOMM,CK-17,LOWER THOMPSON_SP_1.2,M,H,Spius Creek H,Bonaparte R,CK-17,LOWER THOMPSON_SP_1.2,Smolt 0+,026351,1993,199304,19930414,3.9,B,N,WHITECREST-REP 2,1,AD,15959,80,,0,0,2590,18629
OPS,Spius Cr,Chinook,Spring,1992,Bonaparte R,TOMM,CK-17,LOWER THOMPSON_SP_1.2,M,H,Spius Creek H,Bonaparte R,CK-17,LOWER THOMPSON_SP_1.2,Fed Fry,NOCN9203,1993,199304,19930401,0.5,B,N,,1,,0,0,,0,0,57525,57525
OPS,Spius Cr,Chinook,Spring,1992,Bonaparte R,TOMM,CK-17,LOWER THOMPSON_SP_1.2,M,H,Spius Creek H,Bonaparte R,CK-17,LOWER THOMPSON_SP_1.2,Fed Fry,NOCN9204,1993,199304,19930407,2.5,B,N,,1,,0,0,,0,0,10085,10085
OPS,Spius Cr,Chinook,Spring,1992,Bridge R,UPFR,CK-10,MIDDLE FRASER RIVER_SP_1.3,M,H,Spius Creek H,Bridge R,CK-10,MIDDLE FRASER RIVER_SP_1.3,Smolt 1+,181163,1994,19940427,19940429,21,B,N,YEARLING RELEASE,1,AD,23597,238,,0,0,23834,47669
OPS,Spius Cr,Chinook,Spring,1992,Bridge R,UPFR,CK-10,MIDDLE FRASER RIVER_SP_1.3,M,H,Spius Creek H,Bridge R,CK-10,MIDDLE FRASER RIVER_SP_1.3,Smolt 0+,181205,1993,199305,19930506,7.4,P,N,,1,AD,38631,39,,0,0,2608,41278
OPS,Spius Cr,Chinook,Spring,1992,Bridge R,UPFR,CK-10,MIDDLE FRASER RIVER_SP_1.3,M,H,Spius Creek H,Yalakom R,,,Fed Fry,NOCN9202,1993,199305,19930517,1,B,N,,1,,0,0,,0,0,25466,25466
OPS,Spius Cr,Chinook,Spring,1992,Coldwater R,TOMM,CK-17,LOWER THOMPSON_SP_1.2,M,H,Spius Creek H,Coldwater R,CK-17,LOWER THOMPSON_SP_1.2,Smolt 1+,181225,1994,19940425,19940427,18.5,B,N,YEARLING RELEASE. BKD PRESENT.,1,AD,47561,480,,0,0,27023,75064
OPS,Spius Cr,Chinook,Spring,1992,Coldwater R,TOMM,CK-17,LOWER THOMPSON_SP_1.2,M,H,Spius Creek H,Coldwater R,CK-17,LOWER THOMPSON_SP_1.2,Smolt 1+,181754,1994,19940506,19940509,18.8,B,N,MARK.FUNDED BY NWSFA. REL'D COLD.POND LATE APR/MAY. WT IS AVG OF OTHER YEARS.,1,AD,22547,0,,0,0,666,23213
OPS,Spius Cr,Chinook,Spring,1992,Nicola R,TOMM,CK-17,LOWER THOMPSON_SP_1.2,M,H,Spius Creek H,Nicola R,CK-17,LOWER THOMPSON_SP_1.2,Smolt 0+,180852,1993,19930413,19930422,5,P,N,TIME OF RELEASE-PRE-FRESHET.,1,AD,75062,758,,0,0,75759,151579
OPS,Spius Cr,Chinook,Spring,1992,Nicola R,TOMM,CK-17,LOWER THOMPSON_SP_1.2,M,H,Spius Creek H,Nicola R,CK-17,LOWER THOMPSON_SP_1.2,Smolt 0+,180853,1993,199306,19930629,4.1,P,N,TIME OF RELEASE-POST FRESHET,1,AD,75560,763,,0,0,37887,114210
OPS,Spius Cr,Chinook,Spring,1992,Nicola R,TOMM,CK-17,LOWER THOMPSON_SP_1.2,M,H,Spius Creek H,Nicola R,CK-17,LOWER THOMPSON_SP_1.2,Smolt 1+,181227,1994,19940503,19940506,19.2,P,N,YEARLINGS.BKD. 5075 MARKS & 19782 UNMARKS REL'D SPAHOMIN POND-AFS FUNDED.,1,AD,47150,476,,0,0,179161,226787
OPS,Spius Cr,Chinook,Spring,1992,Spius Cr,TOMM,CK-17,LOWER THOMPSON_SP_1.2,M,H,Spius Creek H,Spius Cr,CK-17,LOWER THOMPSON_SP_1.2,Smolt 1+,181226,1994,199404,19940421,16.4,B,N,YEARLING RELEASE.SOME COHO ALSO MARKED IN ERROR WITH THIS TAGCODE.,1,AD,47264,477,,0,0,7134,54875
OPS,Spius Cr,Chinook,Spring,1993,Bridge R,UPFR,CK-10,MIDDLE FRASER RIVER_SP_1.3,M,H,Spius Creek H,Bridge R,CK-10,MIDDLE FRASER RIVER_SP_1.3,Fed Fry,NOCN9324,1994,199405,19940506,1.1,B,N,,1,,0,0,,0,0,34867,34867
OPS,Spius Cr,Chinook,Spring,1993,Coldwater R,TOMM,CK-17,LOWER THOMPSON_SP_1.2,M,H,Spius Creek H,Coldwater R,CK-17,LOWER THOMPSON_SP_1.2,Smolt 1+,180857,1995,19950504,19950515,32.5,B,N,REL'D COLDWATER SMOLT POND- AFS,1,AD,20423,0,,0,0,,20423
OPS,Spius Cr,Chinook,Spring,1993,Coldwater R,TOMM,CK-17,LOWER THOMPSON_SP_1.2,M,H,Spius Creek H,Coldwater R,CK-17,LOWER THOMPSON_SP_1.2,Smolt 1+,NOCN93103,1995,199505,19950501,18.8,B,N,YEARLING RELEASE,1,,0,0,,0,0,49668,49668
OPS,Spius Cr,Chinook,Spring,1993,Coldwater R,TOMM,CK-17,LOWER THOMPSON_SP_1.2,M,H,Spius Creek H,Coldwater R,CK-17,LOWER THOMPSON_SP_1.2,Fed Fall,NOCN9383,1994,199410,19941003,11.9,B,N,,1,,0,0,,0,0,6136,6136
OPS,Spius Cr,Chinook,Spring,1993,Nicola R,TOMM,CK-17,LOWER THOMPSON_SP_1.2,M,H,Spius Creek H,Nicola R,CK-17,LOWER THOMPSON_SP_1.2,Smolt 1+,181642,1995,19950508,19950511,20.7,P,N,YEARLING RELEASE,1,AD,23048,304,,0,0,48501,71853
OPS,Spius Cr,Chinook,Spring,1993,Nicola R,TOMM,CK-17,LOWER THOMPSON_SP_1.2,M,H,Spius Creek H,Nicola R,CK-17,LOWER THOMPSON_SP_1.2,Smolt 1+,181643,1995,19950508,19950511,21.4,P,N,YEARLING RELEASE,1,AD,22520,0,,0,0,47636,70156
OPS,Spius Cr,Chinook,Spring,1993,Nicola R,TOMM,CK-17,LOWER THOMPSON_SP_1.2,M,H,Spius Creek H,Nicola R,CK-17,LOWER THOMPSON_SP_1.2,Smolt 1+,181755,1995,19950503,19950515,25.2,B,N,REL'D SPAHOMIN SMOLT POND- AFS,1,AD,25125,126,,0,0,,25251
OPS,Spius Cr,Chinook,Spring,1993,Nicola R,TOMM,CK-17,LOWER THOMPSON_SP_1.2,M,H,Spius Creek H,Nicola R,CK-17,LOWER THOMPSON_SP_1.2,Smolt 0+,NOCN9348,1994,199406,19940608,3.9,P,N,,1,,0,0,,0,0,25000,25000
OPS,Spius Cr,Chinook,Spring,1993,Salmon R/TOMF,TOMF,CK-14,SOUTH THOMPSON_SU_1.3,M,H,Spius Creek H,Salmon R/TOMF,CK-14,SOUTH THOMPSON_SU_1.3,Smolt 1+,181430,1995,19950502,19950503,17,P,N,YEARLING RELEASE,1,AD,47151,1110,,0,0,1907,50168
OPS,Spius Cr,Chinook,Spring,1993,Spius Cr,TOMM,CK-17,LOWER THOMPSON_SP_1.2,M,H,Spius Creek H,Spius Cr,CK-17,LOWER THOMPSON_SP_1.2,Smolt 1+,NOCN93104,1995,199505,19950501,23.6,B,N,YEARLING RELEASE,1,,0,0,,0,0,56816,56816
OPS,Spius Cr,Chinook,Spring,1994,Bridge R,UPFR,CK-10,MIDDLE FRASER RIVER_SP_1.3,M,H,Spius Creek H,Bridge R,CK-10,MIDDLE FRASER RIVER_SP_1.3,Eyed Egg,NOCN9402,1994,199410,19941020,0.35,B,N,EYED EGG PLANT; WEIGHT IS FROM DOUG LOFTHOUSE FOR EMERGENT FRY,1,,0,0,,0,0,123399,123399
OPS,Spius Cr,Chinook,Spring,1994,Coldwater R,TOMM,CK-17,LOWER THOMPSON_SP_1.2,M,H,Spius Creek H,Coldwater R,CK-17,LOWER THOMPSON_SP_1.2,Smolt 1+,181525,1996,19960501,19960502,16.2,P,N,YEARLING RELEASE,1,AD,20826,425,,0,0,351,21602
OPS,Spius Cr,Chinook,Spring,1994,Coldwater R,TOMM,CK-17,LOWER THOMPSON_SP_1.2,M,H,Spius Creek H,Coldwater R,CK-17,LOWER THOMPSON_SP_1.2,Smolt 1+,181526,1996,19960501,19960502,16.2,P,N,YEARLING RELEASE,1,AD,21241,657,,0,0,,21898
OPS,Spius Cr,Chinook,Spring,1994,Coldwater R,TOMM,CK-17,LOWER THOMPSON_SP_1.2,M,H,Spius Creek H,Coldwater R,CK-17,LOWER THOMPSON_SP_1.2,Smolt 1+,182241,1996,199604,19960420,15.3,P,N,YEARLING RELEASE,1,AD,25608,0,,0,0,,25608
OPS,Spius Cr,Chinook,Spring,1994,Coldwater R,TOMM,CK-17,LOWER THOMPSON_SP_1.2,M,H,Spius Creek H,Coldwater R,CK-17,LOWER THOMPSON_SP_1.2,Smolt 0+,NOCN9407,1995,199505,19950501,7.9,P,N,,1,,0,0,,0,0,23405,23405
OPS,Spius Cr,Chinook,Spring,1994,Nicola R,TOMM,CK-17,LOWER THOMPSON_SP_1.2,M,H,Spius Creek H,Nicola R,CK-17,LOWER THOMPSON_SP_1.2,Smolt 1+,181952,1996,19960506,19960508,13.6,P,N,YEARLING RELEASE,1,AD,48208,487,,0,0,44590,93285
OPS,Spius Cr,Chinook,Spring,1994,Nicola R,TOMM,CK-17,LOWER THOMPSON_SP_1.2,M,H,Spius Creek H,Nicola R,CK-17,LOWER THOMPSON_SP_1.2,Smolt 1+,181953,1996,19960506,19960508,17.3,P,N,YEARLING RELEASE,1,AD,49541,500,,0,0,15803,65844
OPS,Spius Cr,Chinook,Spring,1994,Nicola R,TOMM,CK-17,LOWER THOMPSON_SP_1.2,M,H,Spius Creek H,Nicola R,CK-17,LOWER THOMPSON_SP_1.2,Smolt 1+,182242,1996,19960508,19960515,17,B,N,ESTIMATED RELEASE NUMBER FROM SPAHOMIN SM POND AFTER FREEZE KILLED MOST FISH,1,AD,329,0,,0,0,,329
OPS,Spius Cr,Chinook,Spring,1994,Salmon R/TOMF,TOMF,CK-14,SOUTH THOMPSON_SU_1.3,M,H,Spius Creek H,Salmon R/TOMF,CK-14,SOUTH THOMPSON_SU_1.3,Smolt 1+,181828,1996,19960424,19960425,16.8,P,N,YEARLING RELEASE,1,AD,25227,254,,0,0,7410,32891
OPS,Spius Cr,Chinook,Spring,1994,Salmon R/TOMF,TOMF,CK-14,SOUTH THOMPSON_SU_1.3,M,H,Spius Creek H,Salmon R/TOMF,CK-14,SOUTH THOMPSON_SU_1.3,Smolt 1+,181829,1996,19960424,19960425,16.8,P,N,YEARLING RELEASE,1,AD,25276,255,,0,0,7424,32955
OPS,Spius Cr,Chinook,Spring,1994,Spius Cr,TOMM,CK-17,LOWER THOMPSON_SP_1.2,M,H,Spius Creek H,Spius Cr,CK-17,LOWER THOMPSON_SP_1.2,Eyed Egg,NOCN9401,1994,199409,19940929,0.35,B,N,EYED EGG PLANT; WEIGHT IS FROM DOUG LOFTHOUSE FOR EMERGENT FRY,1,,0,0,,0,0,1107,1107
OPS,Spius Cr,Chinook,Spring,1995,Coldwater R,TOMM,CK-17,LOWER THOMPSON_SP_1.2,M,H,Spius Creek H,Coldwater R,CK-17,LOWER THOMPSON_SP_1.2,Smolt 1+,183350,1997,19970517,19970518,20.4,B,N,YEARLING RELEASE BY NWSFA,1,AD,41059,592,,0,0,,41651
OPS,Spius Cr,Chinook,Spring,1995,Nicola R,TOMM,CK-17,LOWER THOMPSON_SP_1.2,M,H,Spius Creek H,Nicola R,CK-17,LOWER THOMPSON_SP_1.2,Smolt 1+,182731,1997,19970501,19970507,14.4,P,N,FED LO RATION. SEE 182732-HI RATION,1,AD,49898,760,,0,0,62177,112835
OPS,Spius Cr,Chinook,Spring,1995,Nicola R,TOMM,CK-17,LOWER THOMPSON_SP_1.2,M,H,Spius Creek H,Nicola R,CK-17,LOWER THOMPSON_SP_1.2,Smolt 1+,182732,1997,19970501,19970507,17.5,P,N,FED HI RATION. SEE 182731-LO RATION GROUP,1,AD,50275,507,,0,0,39492,90274
OPS,Spius Cr,Chinook,Spring,1995,Nicola R,TOMM,CK-17,LOWER THOMPSON_SP_1.2,M,H,Spius Creek H,Nicola R,CK-17,LOWER THOMPSON_SP_1.2,Smolt 1+,NOCN9599,1997,19970509,19970510,12.4,B,N,#'S ARE TRANSFER #'S TO SPAHOMIN POND FOR GROWOUT & RELEASE,1,,0,0,,0,0,31918,31918
OPS,Spius Cr,Chinook,Spring,1995,Salmon R/TOMF,TOMF,CK-14,SOUTH THOMPSON_SU_1.3,M,H,Spius Creek H,Salmon R/TOMF,CK-14,SOUTH THOMPSON_SU_1.3,Smolt 1+,182733,1997,19970430,19970501,15.7,P,N,YEARLING RELEASE,1,AD,50668,0,,0,0,19469,70137
OPS,Spius Cr,Chinook,Spring,1995,Spius Cr,TOMM,CK-17,LOWER THOMPSON_SP_1.2,M,H,Spius Creek H,Spius Cr,CK-17,LOWER THOMPSON_SP_1.2,Smolt 1+,182734,1997,199704,19970429,17.5,P,N,YEARLING RELEASE,1,AD,47160,237,,0,0,4999,52396
OPS,Spius Cr,Chinook,Spring,1996,Coldwater R,TOMM,CK-17,LOWER THOMPSON_SP_1.2,M,H,Spius Creek H,Coldwater R,CK-17,LOWER THOMPSON_SP_1.2,Smolt 1+,NOCN96121,1998,19980430,19980501,18.8,B,N,YEARLING RELEASE,1,,0,0,,0,0,30576,30576
OPS,Spius Cr,Chinook,Spring,1996,Coldwater R,TOMM,CK-17,LOWER THOMPSON_SP_1.2,M,H,Spius Creek H,Coldwater R,CK-17,LOWER THOMPSON_SP_1.2,Smolt 1+,NOCN96122,1998,19980409,19980414,21.4,B,N,REL'D GROWOUT POND BY NWSFA,1,,0,0,,0,0,49939,49939
OPS,Spius Cr,Chinook,Spring,1996,Coldwater R,TOMM,CK-17,LOWER THOMPSON_SP_1.2,M,H,Spius Creek H,Coldwater R,CK-17,LOWER THOMPSON_SP_1.2,Fed Fry,NOCN9685,1997,199706,19970617,2.2,B,N,,1,,0,0,,0,0,43165,43165
OPS,Spius Cr,Chinook,Spring,1996,Nicola R,TOMM,CK-17,LOWER THOMPSON_SP_1.2,M,H,Spius Creek H,Nicola R,CK-17,LOWER THOMPSON_SP_1.2,Smolt 1+,182862,1998,19980428,19980430,14.3,P,N,YEARLING RELEASE. FED LO RATION-SEE 182863-HIGH RATION,1,AD,49648,1013,,0,0,64063,114724
OPS,Spius Cr,Chinook,Spring,1996,Nicola R,TOMM,CK-17,LOWER THOMPSON_SP_1.2,M,H,Spius Creek H,Nicola R,CK-17,LOWER THOMPSON_SP_1.2,Smolt 1+,182863,1998,19980428,19980430,18.8,P,N,YEARLING RELEASE. FED HIGH RATION. SEE 182862-LO RATION,1,AD,49649,1013,,0,0,21920,72582
OPS,Spius Cr,Chinook,Spring,1996,Nicola R,TOMM,CK-17,LOWER THOMPSON_SP_1.2,M,H,Spius Creek H,Nicola R,CK-17,LOWER THOMPSON_SP_1.2,Fed Fry,NOCN9683,1997,19970618,19970619,1.7,B,N,,1,,0,0,,0,0,158126,158126
OPS,Spius Cr,Chinook,Spring,1996,Salmon R/TOMF,TOMF,CK-14,SOUTH THOMPSON_SU_1.3,M,H,Spius Creek H,Salmon R/TOMF,CK-14,SOUTH THOMPSON_SU_1.3,Smolt 1+,183351,1998,199805,19980506,15.4,P,N,YEARLING RELEASE,1,AD,49833,504,,0,0,36553,86890
OPS,Spius Cr,Chinook,Spring,1996,Salmon R/TOMF,TOMF,CK-14,SOUTH THOMPSON_SU_1.3,M,H,Spius Creek H,Salmon R/TOMF,CK-14,SOUTH THOMPSON_SU_1.3,Fed Fry,NOCN9684,1997,199706,19970617,1.5,B,N,,1,,0,0,,0,0,62970,62970
OPS,Spius Cr,Chinook,Spring,1996,Spius Cr,TOMM,CK-17,LOWER THOMPSON_SP_1.2,M,H,Spius Creek H,Spius Cr,CK-17,LOWER THOMPSON_SP_1.2,Smolt 1+,183352,1998,199805,19980504,17,P,N,YEARLING RELEASE,1,AD,49201,248,,0,0,29712,79161
OPS,Spius Cr,Chinook,Spring,1997,Coldwater R,TOMM,CK-17,LOWER THOMPSON_SP_1.2,M,H,Spius Creek H,Coldwater R,CK-17,LOWER THOMPSON_SP_1.2,Smolt 1+,NOCN97110,1999,19990412,19990415,18.4,B,N,,1,,0,0,,0,0,84830,84830
OPS,Spius Cr,Chinook,Spring,1997,Nicola R,TOMM,CK-17,LOWER THOMPSON_SP_1.2,M,H,Spius Creek H,Nicola R,CK-17,LOWER THOMPSON_SP_1.2,Smolt 1+,183862,1999,19990421,19990422,14.9,P,N,HIGH DENSITY REARED. SEE 183863-LOW DENSITY,1,AD,45370,1137,,0,0,37234,83741
OPS,Spius Cr,Chinook,Spring,1997,Nicola R,TOMM,CK-17,LOWER THOMPSON_SP_1.2,M,H,Spius Creek H,Nicola R,CK-17,LOWER THOMPSON_SP_1.2,Smolt 1+,183863,1999,19990421,19990422,19.8,P,N,LOW DENSITY REARED-SEE 183862-HIGH DENSITY,1,AD,43112,1105,,0,0,14504,58721
OPS,Spius Cr,Chinook,Spring,1997,Nicola R,TOMM,CK-17,LOWER THOMPSON_SP_1.2,M,H,Spius Creek H,Nicola R,CK-17,LOWER THOMPSON_SP_1.2,Smolt 0+,NOCN9732,1998,199805,19980501,4.2,P,N,REL'D TO SPAHOMIN GROWOUT POND,1,,0,0,,0,0,43490,43490
OPS,Spius Cr,Chinook,Spring,1997,Salmon R/TOMF,TOMF,CK-14,SOUTH THOMPSON_SU_1.3,M,H,Spius Creek H,Salmon R/TOMF,CK-14,SOUTH THOMPSON_SU_1.3,Smolt 1+,183912,1999,19990406,19990412,13.9,P,N,,1,AD,49207,623,,0,0,53156,102986
OPS,Spius Cr,Chinook,Spring,1997,Spius Cr,TOMM,CK-17,LOWER THOMPSON_SP_1.2,M,H,Spius Creek H,Spius Cr,CK-17,LOWER THOMPSON_SP_1.2,Smolt 1+,183911,1999,19990420,19990421,19.3,P,N,,1,AD,47921,120,,0,0,38054,86095
OPS,Spius Cr,Chinook,Spring,1998,Coldwater R,TOMM,CK-17,LOWER THOMPSON_SP_1.2,M,H,Spius Creek H,Coldwater R,CK-17,LOWER THOMPSON_SP_1.2,Smolt 1+,182126,2000,20000413,20000415,16.58,P,N,EXTENDED REARING. SEE ALSO 182127.,1,AD,17286,1585,,0,0,12184,31055
OPS,Spius Cr,Chinook,Spring,1998,Coldwater R,TOMM,CK-17,LOWER THOMPSON_SP_1.2,M,H,Spius Creek H,Coldwater R,CK-17,LOWER THOMPSON_SP_1.2,Smolt 1+,182127,2000,20000413,20000415,16.58,P,N,EXTENDED REARING. SEE ALSO 182126.,1,AD,17201,1577,,0,0,12183,30961
OPS,Spius Cr,Chinook,Spring,1998,Coldwater R,TOMM,CK-17,LOWER THOMPSON_SP_1.2,M,H,Spius Creek H,Coldwater R,CK-17,LOWER THOMPSON_SP_1.2,Fed Fry,NOCN98121,1999,19990421,19990421,1.4,B,N,FED FRY RELEASE. BKD-POSITIVE-FEMALE PRODUCTION.,1,,0,0,,0,0,5435,5435
OPS,Spius Cr,Chinook,Spring,1998,Nicola R,TOMM,CK-17,LOWER THOMPSON_SP_1.2,M,H,Spius Creek H,Nicola R,CK-17,LOWER THOMPSON_SP_1.2,Smolt 1+,182128,2000,20000425,20000426,20.24,P,N,EXTENDED REARING. SEE ALSO 182129.,1,AD,21340,435,,0,0,13191,34966
OPS,Spius Cr,Chinook,Spring,1998,Nicola R,TOMM,CK-17,LOWER THOMPSON_SP_1.2,M,H,Spius Creek H,Nicola R,CK-17,LOWER THOMPSON_SP_1.2,Smolt 1+,182129,2000,20000425,20000426,20.24,P,N,EXTENDED REARING. SEE ALSO 182128,1,AD,21458,177,,0,0,13191,34826
OPS,Spius Cr,Chinook,Spring,1998,Salmon R/TOMF,TOMF,CK-14,SOUTH THOMPSON_SU_1.3,M,H,Spius Creek H,Salmon R/TOMF,CK-14,SOUTH THOMPSON_SU_1.3,Smolt 1+,182130,2000,20000411,20000412,15.5,P,N,EXTENDED REARING. SEE ALSO 182131.,1,AD,22828,0,,0,0,18830,41658
OPS,Spius Cr,Chinook,Spring,1998,Salmon R/TOMF,TOMF,CK-14,SOUTH THOMPSON_SU_1.3,M,H,Spius Creek H,Salmon R/TOMF,CK-14,SOUTH THOMPSON_SU_1.3,Smolt 1+,182131,2000,20000411,20000412,15.5,P,N,EXTENDED REARING. SEE ALSO 182130.,1,AD,22829,0,,0,0,18829,41658
OPS,Spius Cr,Chinook,Spring,1998,Spius Cr,TOMM,CK-17,LOWER THOMPSON_SP_1.2,M,H,Spius Creek H,Spius Cr,CK-17,LOWER THOMPSON_SP_1.2,Smolt 1+,NOCN98118,2000,20000418,20000420,19.13,B,N,EXTENDED REARING.,1,,0,0,,0,0,26063,26063
OPS,Spius Cr,Chinook,Spring,1999,Coldwater R,TOMM,CK-17,LOWER THOMPSON_SP_1.2,M,H,Spius Creek H,Coldwater R,CK-17,LOWER THOMPSON_SP_1.2,Smolt 1+,184549,2001,20010412,20010412,15.77,P,N,EXTENDED REARING.,1,AD,42268,0,,0,0,15540,57808
OPS,Spius Cr,Chinook,Spring,1999,Coldwater R,TOMM,CK-17,LOWER THOMPSON_SP_1.2,M,H,Spius Creek H,Coldwater R,CK-17,LOWER THOMPSON_SP_1.2,Fed Fry,NOCN9936,2000,20000616,20000616,2.13,B,N,FED FRY RELEASE. BKD-POSITIVE-FEMALE PRODUCTION.,1,,0,0,,0,0,11000,11000
OPS,Spius Cr,Chinook,Spring,1999,Nicola R,TOMM,CK-17,LOWER THOMPSON_SP_1.2,M,H,Spius Creek H,Nicola R,CK-17,LOWER THOMPSON_SP_1.2,Smolt 1+,182216,2001,20010426,20010527,14.76,P,N,EXTENDED REARING. SEE ALSO 182217/18.,1,AD,25704,260,,0,0,14477,40441
OPS,Spius Cr,Chinook,Spring,1999,Nicola R,TOMM,CK-17,LOWER THOMPSON_SP_1.2,M,H,Spius Creek H,Nicola R,CK-17,LOWER THOMPSON_SP_1.2,Smolt 1+,182217,2001,20010426,20010427,14.76,P,N,EXTENDED REARING. SEE ALSO 182216/18.,1,AD,25014,253,,0,0,14478,39745
OPS,Spius Cr,Chinook,Spring,1999,Nicola R,TOMM,CK-17,LOWER THOMPSON_SP_1.2,M,H,Spius Creek H,Nicola R,CK-17,LOWER THOMPSON_SP_1.2,Smolt 1+,182218,2001,20010426,20010427,14.76,P,N,EXTENDED REARING. SEE ALSO 182216/17.,1,AD,24084,243,,0,0,52660,76987
OPS,Spius Cr,Chinook,Spring,1999,Nicola R,TOMM,CK-17,LOWER THOMPSON_SP_1.2,M,H,Spius Creek H,Nicola R,CK-17,LOWER THOMPSON_SP_1.2,Fed Fry,NOCN9934,2000,20000427,20000427,3.77,B,N,,1,,0,0,,0,0,56077,56077
OPS,Spius Cr,Chinook,Spring,1999,Nicola R,TOMM,CK-17,LOWER THOMPSON_SP_1.2,M,H,Spius Creek H,Spahomin Cr,,,Fed Fry,NOCN99105,2000,20000427,20000427,3.38,B,N,,1,,0,0,,0,0,15000,15000
OPS,Spius Cr,Chinook,Spring,1999,Salmon R/TOMF,TOMF,CK-14,SOUTH THOMPSON_SU_1.3,M,H,Spius Creek H,Salmon R/TOMF,CK-14,SOUTH THOMPSON_SU_1.3,Smolt 1+,184521,2001,20010410,20010411,10.36,P,N,EXTENDED REARING; SOME RELEASED FROM ACCLIMATION POND.,1,AD,39006,1625,,0,0,58819,99450
OPS,Spius Cr,Chinook,Spring,1999,Spius Cr,TOMM,CK-17,LOWER THOMPSON_SP_1.2,M,H,Spius Creek H,Spius Cr,CK-17,LOWER THOMPSON_SP_1.2,Smolt 1+,NOCN99134,2001,20010419,20010420,14.27,P,N,SOME RELEASED INTO ACCLIMATION POND.,1,,0,0,,0,0,54735,54735
OPS,Spius Cr,Chinook,Spring,1999,Spius Cr,TOMM,CK-17,LOWER THOMPSON_SP_1.2,M,H,Spius Creek H,Spius Cr,CK-17,LOWER THOMPSON_SP_1.2,Fed Fry,NOCN9935,2000,20000420,20000420,3.54,B,N,,1,,0,0,,0,0,29991,29991
OPS,Spius Cr,Chinook,Spring,2000,Coldwater R,TOMM,CK-17,LOWER THOMPSON_SP_1.2,M,H,Spius Creek H,Coldwater R,CK-17,LOWER THOMPSON_SP_1.2,Smolt 1+,184910,2002,20020412,20020415,16.75,P,N,REL. SOME FROM ACCLIMATION POND AFTER 2 WKS & SOME AT JULIET CR CONFLUENCE.,1,AD,48549,342,,0,0,19229,68120
OPS,Spius Cr,Chinook,Spring,2000,Coldwater R,TOMM,CK-17,LOWER THOMPSON_SP_1.2,M,H,Spius Creek H,Coldwater R,CK-17,LOWER THOMPSON_SP_1.2,Fed Fry,NOCN0044,2001,20010529,20010529,1.83,B,N,,1,,0,0,,0,0,22384,22384
OPS,Spius Cr,Chinook,Spring,2000,Nicola R,TOMM,CK-17,LOWER THOMPSON_SP_1.2,M,H,Spius Creek H,Nicola R,CK-17,LOWER THOMPSON_SP_1.2,Smolt 1+,184722,2002,20020415,20020417,14.35,P,N,SEE ALSO 184723 & 24. SCATTER RELEASED FROM DAM TO SUNSHINE VALLEY RD EAST.,1,AD,24132,171,,0,0,26581,50884
OPS,Spius Cr,Chinook,Spring,2000,Nicola R,TOMM,CK-17,LOWER THOMPSON_SP_1.2,M,H,Spius Creek H,Nicola R,CK-17,LOWER THOMPSON_SP_1.2,Smolt 1+,184723,2002,20020415,20020417,13.8,P,N,SEE ALSO 184722 & 24. SCATTER RELEASED FROM DAM TO SUNSHINE VALLEY RD EAST.,1,AD,23735,484,,0,0,26489,50708
OPS,Spius Cr,Chinook,Spring,2000,Nicola R,TOMM,CK-17,LOWER THOMPSON_SP_1.2,M,H,Spius Creek H,Nicola R,CK-17,LOWER THOMPSON_SP_1.2,Smolt 1+,184724,2002,20020415,20020417,13.26,P,N,SEE ALSO 1847 22 & 23. SCATTER RELEASED FROM DAM TO SUNSHINE VALLEY RD EAST.,1,AD,23267,475,,0,0,25968,49710
OPS,Spius Cr,Chinook,Spring,2000,Nicola R,TOMM,CK-17,LOWER THOMPSON_SP_1.2,M,H,Spius Creek H,Nicola R,CK-17,LOWER THOMPSON_SP_1.2,Fed Fry,NOCN0046,2001,20010628,20010629,1.83,B,N,,1,,0,0,,0,0,35338,35338
OPS,Spius Cr,Chinook,Spring,2000,Nicola R,TOMM,CK-17,LOWER THOMPSON_SP_1.2,M,H,Spius Creek H,Spahomin Cr,,,Fed Fry,NOCN0045,2001,20010529,20010529,1.17,B,N,,1,,0,0,,0,0,20025,20025
OPS,Spius Cr,Chinook,Spring,2000,Salmon R/TOMF,TOMF,CK-14,SOUTH THOMPSON_SU_1.3,M,H,Spius Creek H,Salmon R/TOMF,CK-14,SOUTH THOMPSON_SU_1.3,Smolt 1+,184848,2002,20020410,20020411,12.13,P,N,REL. AT CONFLUENCE WITH BOLEAN CR. COMPARE TO 184849 (ACCLIMATION POND REL.).,1,AD,28671,1040,,0,0,4171,33882
OPS,Spius Cr,Chinook,Spring,2000,Salmon R/TOMF,TOMF,CK-14,SOUTH THOMPSON_SU_1.3,M,H,Spius Creek H,Salmon R/TOMF,CK-14,SOUTH THOMPSON_SU_1.3,Smolt 1+,184849,2002,20020410,20020410,12.13,P,N,REL. FROM ACCLIMATION POND AFTER 1 WK. COMPARE TO 184848 (BOLEAN CR CONF.REL).,1,AD,29493,1951,,0,0,5660,37104
OPS,Spius Cr,Chinook,Spring,2000,Spius Cr,TOMM,CK-17,LOWER THOMPSON_SP_1.2,M,H,Spius Creek H,Spius Cr,CK-17,LOWER THOMPSON_SP_1.2,Smolt 1+,NOCN00124,2002,20020417,20020420,15.93,P,N,RELEASED AT CONFLUENCE OF SPIUS AND MAKA CREEKS.,1,,0,0,,0,0,81367,81367
OPS,Spius Cr,Chinook,Spring,2000,Spius Cr,TOMM,CK-17,LOWER THOMPSON_SP_1.2,M,H,Spius Creek H,Spius Cr,CK-17,LOWER THOMPSON_SP_1.2,Fed Fry,NOCN0043,2001,20010529,20010529,1.61,B,N,,1,,0,0,,0,0,9839,9839
OPS,Spius Cr,Chinook,Spring,2001,Coldwater R,TOMM,CK-17,LOWER THOMPSON_SP_1.2,M,H,Spius Creek H,Coldwater R,CK-17,LOWER THOMPSON_SP_1.2,Fed Fry,NOCN01121,2002,20020617,20020617,3.07,B,N,FED FRY RELEASED ABOVE CONFLUENCE WITH JULIET CREEK.,1,,0,0,,0,0,19803,19803
OPS,Spius Cr,Chinook,Spring,2001,Coldwater R,TOMM,CK-17,LOWER THOMPSON_SP_1.2,M,H,Spius Creek H,Coldwater R,CK-17,LOWER THOMPSON_SP_1.2,Smolt 1+,NOCN01122,2003,20030414,20030415,14.7,P,N,"14800 RELEASED FROM ACCLIMATION POND, REST TO UPPER COLDWATER.",1,,0,0,,0,0,85385,85385
OPS,Spius Cr,Chinook,Spring,2001,Nicola R,TOMM,CK-17,LOWER THOMPSON_SP_1.2,M,H,Spius Creek H,Nicola R,CK-17,LOWER THOMPSON_SP_1.2,Smolt 1+,185201,2003,20030423,20030424,11.68,P,N,SEE ALSO 185202 & 185203.,1,AD,25471,362,,0,0,23700,49533
OPS,Spius Cr,Chinook,Spring,2001,Nicola R,TOMM,CK-17,LOWER THOMPSON_SP_1.2,M,H,Spius Creek H,Nicola R,CK-17,LOWER THOMPSON_SP_1.2,Smolt 1+,185202,2003,20030423,20030425,12.06,P,N,SEE ALSO 185201 & 185203.,1,AD,28331,200,,0,0,44371,72902
OPS,Spius Cr,Chinook,Spring,2001,Nicola R,TOMM,CK-17,LOWER THOMPSON_SP_1.2,M,H,Spius Creek H,Nicola R,CK-17,LOWER THOMPSON_SP_1.2,Smolt 1+,185203,2003,20030424,20030425,12.3,P,N,SEE ALSO 185201 & 185202.,1,AD,27753,280,,0,0,20670,48703
OPS,Spius Cr,Chinook,Spring,2001,Nicola R,TOMM,CK-17,LOWER THOMPSON_SP_1.2,M,H,Spius Creek H,Nicola R,CK-17,LOWER THOMPSON_SP_1.2,Fed Fry,NOCN01120,2002,20020628,20020718,2.83,B,N,FED FRY RELEASED FROM ACCLIMATION POND AND TO VARIOUS PARTS OF RIVER.,1,,0,0,,0,0,30125,30125
OPS,Spius Cr,Chinook,Spring,2001,Salmon R/TOMF,TOMF,CK-14,SOUTH THOMPSON_SU_1.3,M,H,Spius Creek H,Salmon R/TOMF,CK-14,SOUTH THOMPSON_SU_1.3,Smolt 1+,184859,2003,20030409,20030409,12.46,P,N,SEE ALSO 184860,1,AD,29614,390,,0,0,2052,32056
OPS,Spius Cr,Chinook,Spring,2001,Salmon R/TOMF,TOMF,CK-14,SOUTH THOMPSON_SU_1.3,M,H,Spius Creek H,Salmon R/TOMF,CK-14,SOUTH THOMPSON_SU_1.3,Smolt 1+,184860,2003,20030409,20030409,11.82,P,N,SEE ALSO 184859,1,AD,29371,207,,0,0,2022,31600
OPS,Spius Cr,Chinook,Spring,2001,Spius Cr,TOMM,CK-17,LOWER THOMPSON_SP_1.2,M,H,Spius Creek H,Spius Cr,CK-17,LOWER THOMPSON_SP_1.2,Smolt 1+,NOCN01123,2003,20030416,20030417,16.77,P,N,RELEASED AT CONFLUENCE OF MAKA & SPIUS CREEKS.,1,,0,0,,0,0,66761,66761
OPS,Spius Cr,Chinook,Spring,2002,Coldwater R,TOMM,CK-17,LOWER THOMPSON_SP_1.2,M,H,Spius Creek H,Coldwater R,CK-17,LOWER THOMPSON_SP_1.2,Smolt 1+,NOCN02115,2004,20040416,20040420,15.3,P,N,RELEASED AT COQUIHALLA LAKES TURNOFF,1,,0,0,,0,0,89052,89052
OPS,Spius Cr,Chinook,Spring,2002,Nicola R,TOMM,CK-17,LOWER THOMPSON_SP_1.2,M,H,Spius Creek H,Nicola R,CK-17,LOWER THOMPSON_SP_1.2,Smolt 1+,185516,2004,20040324,20040422,12.9,P,N,SEE ALSO 185517. VARIETY OF RELEASE SITES.,1,AD,42198,865,,0,0,45032,88095
OPS,Spius Cr,Chinook,Spring,2002,Nicola R,TOMM,CK-17,LOWER THOMPSON_SP_1.2,M,H,Spius Creek H,Nicola R,CK-17,LOWER THOMPSON_SP_1.2,Smolt 1+,185517,2004,20040324,20040421,12.9,P,N,SEE ALSO 185516. VARIETY OF RELEASE SITES.,1,AD,46685,93,,0,0,48113,94891
OPS,Spius Cr,Chinook,Spring,2002,Nicola R,TOMM,CK-17,LOWER THOMPSON_SP_1.2,M,H,Spius Creek H,Nicola R,CK-17,LOWER THOMPSON_SP_1.2,Fed Fry,NOCN02119,2003,20030527,20030527,1.23,B,N,RELEASED AT DOT TRESTLE.,1,,0,0,,0,0,26827,26827
OPS,Spius Cr,Chinook,Spring,2002,Nicola R,TOMM,CK-17,LOWER THOMPSON_SP_1.2,M,H,Spius Creek H,Nicola R,CK-17,LOWER THOMPSON_SP_1.2,Fed Fry,NOCN02120,2003,20030618,20030618,2.95,B,N,TRANSFERRED TO SPAHOMIN CR ACCLIMATION POND MAY 27TH; REL TO UPPER NICOLA.,1,,0,0,,0,0,20315,20315
OPS,Spius Cr,Chinook,Spring,2002,Salmon R/TOMF,TOMF,CK-14,SOUTH THOMPSON_SU_1.3,M,H,Spius Creek H,Salmon R/TOMF,CK-14,SOUTH THOMPSON_SU_1.3,Smolt 1+,184532,2004,20040406,20040408,11,P,N,ALSO 728 TAGS & 13 AD-ONLY (741) RELEASED FEB 12 DUE TO MINOR FURUNC INFECTION,1,AD,40870,706,,0,0,20815,62391
OPS,Spius Cr,Chinook,Spring,2002,Spius Cr,TOMM,CK-17,LOWER THOMPSON_SP_1.2,M,H,Spius Creek H,Spius Cr,CK-17,LOWER THOMPSON_SP_1.2,Smolt 1+,NOCN02114,2004,20040414,20040415,17.3,P,N,RELEASED AT CONFLUENCE MAKA AND SPIUS (FIJI) CREEKS,1,,0,0,,0,0,60385,60385
OPS,Spius Cr,Chinook,Spring,2003,Coldwater R,TOMM,CK-17,LOWER THOMPSON_SP_1.2,M,H,Spius Creek H,Coldwater R,CK-17,LOWER THOMPSON_SP_1.2,Fed Fry,NOCN03112,2004,20040423,20040423,1.27,B,N,FRY FROM LIGHT BKD+ FEMALES. SCATTER RELEASE.,1,,0,0,,0,0,7877,7877
OPS,Spius Cr,Chinook,Spring,2003,Coldwater R,TOMM,CK-17,LOWER THOMPSON_SP_1.2,M,H,Spius Creek H,Coldwater R,CK-17,LOWER THOMPSON_SP_1.2,Fed Fry,NOCN03113,2004,20040607,20040607,3.24,B,N,SCATTER RELEASE.,1,,0,0,,0,0,34161,34161
OPS,Spius Cr,Chinook,Spring,2003,Coldwater R,TOMM,CK-17,LOWER THOMPSON_SP_1.2,M,H,Spius Creek H,Coldwater R,CK-17,LOWER THOMPSON_SP_1.2,Smolt 1+,NOCN03114,2005,20050425,20050427,18.1,P,N,RELEASED AT 2ND BRIDGE ON ZUM MTN RD.,1,,0,0,,0,0,83436,83436
OPS,Spius Cr,Chinook,Spring,2003,Nicola R,TOMM,CK-17,LOWER THOMPSON_SP_1.2,M,H,Spius Creek H,Nicola R,CK-17,LOWER THOMPSON_SP_1.2,Smolt 1+,181915,2005,20050429,20050502,16,P,N,"SEE ALSO 181916, 181917 & 184050-51.",1,AD,22223,293,,0,0,19988,42504
OPS,Spius Cr,Chinook,Spring,2003,Nicola R,TOMM,CK-17,LOWER THOMPSON_SP_1.2,M,H,Spius Creek H,Nicola R,CK-17,LOWER THOMPSON_SP_1.2,Smolt 1+,181916,2005,20050429,20050502,16,P,N,"SEE ALSO 181915, 181917 & 184050-51.",1,AD,22733,68,,0,0,20241,43042
OPS,Spius Cr,Chinook,Spring,2003,Nicola R,TOMM,CK-17,LOWER THOMPSON_SP_1.2,M,H,Spius Creek H,Nicola R,CK-17,LOWER THOMPSON_SP_1.2,Smolt 1+,181917,2005,20050429,20050429,16,P,N,"SEE ALSO 181915, 181916 & 184050-51.",1,AD,16627,50,,0,0,14804,31481
OPS,Spius Cr,Chinook,Spring,2003,Nicola R,TOMM,CK-17,LOWER THOMPSON_SP_1.2,M,H,Spius Creek H,Nicola R,CK-17,LOWER THOMPSON_SP_1.2,Smolt 1+,184050,2005,20050429,20050502,16,P,N,SEE ALSO 181915-17 & 184051.,1,AD,11042,112,,0,0,9901,21055
OPS,Spius Cr,Chinook,Spring,2003,Nicola R,TOMM,CK-17,LOWER THOMPSON_SP_1.2,M,H,Spius Creek H,Nicola R,CK-17,LOWER THOMPSON_SP_1.2,Smolt 1+,184051,2005,20050429,20050502,16,P,N,SEE ALSO 181915-17 & 184050.,1,AD,11508,0,,0,0,10216,21724
OPS,Spius Cr,Chinook,Spring,2003,Nicola R,TOMM,CK-17,LOWER THOMPSON_SP_1.2,M,H,Spius Creek H,Nicola R,CK-17,LOWER THOMPSON_SP_1.2,Fed Fall,NOCN03110,2004,20040608,20040609,1.2,B,N,RELEASED DOWNSTREAM OF SPIUS CR CONFLUENCE.,1,,0,0,,0,0,23971,23971
OPS,Spius Cr,Chinook,Spring,2003,Nicola R,TOMM,CK-17,LOWER THOMPSON_SP_1.2,M,H,Spius Creek H,Nicola R,CK-17,LOWER THOMPSON_SP_1.2,Fed Fall,NOCN03111,2004,20040906,20040906,1.23,B,N,RELEASED IN UPPER NICOLA R.,1,,0,0,,0,0,23032,23032
OPS,Spius Cr,Chinook,Spring,2003,Salmon R/TOMF,TOMF,CK-14,SOUTH THOMPSON_SU_1.3,M,H,Spius Creek H,Salmon R/TOMF,CK-14,SOUTH THOMPSON_SU_1.3,Smolt 1+,182118,2005,20050419,20050422,15.7,P,N,SEE ALSO 182332.,1,AD,21356,0,,0,0,9287,30643
OPS,Spius Cr,Chinook,Spring,2003,Salmon R/TOMF,TOMF,CK-14,SOUTH THOMPSON_SU_1.3,M,H,Spius Creek H,Salmon R/TOMF,CK-14,SOUTH THOMPSON_SU_1.3,Smolt 1+,182332,2005,20050419,20050422,15.7,P,N,SEE ALSO 182118.,1,AD,19670,0,,0,0,8554,28224
OPS,Spius Cr,Chinook,Spring,2003,Spius Cr,TOMM,CK-17,LOWER THOMPSON_SP_1.2,M,H,Spius Creek H,Maka Cr,,,Smolt 1+,NOCN03116,2005,20050427,20050428,15.9,P,U,RELEASED ABOVE UPPER MAKA CREEK BRIDGE.,1,,0,0,,0,0,25634,25634
OPS,Spius Cr,Chinook,Spring,2003,Spius Cr,TOMM,CK-17,LOWER THOMPSON_SP_1.2,M,H,Spius Creek H,Spius Cr,CK-17,LOWER THOMPSON_SP_1.2,Fed Fry,NOCN03115,2004,20040527,20040527,1.58,B,N,FRY FROM LIGHT BKD+ FEMALES. RELEASED IN UP MAKA & AT MAKA/SPIUS CONFLUENCE.,1,,0,0,,0,0,14336,14336
OPS,Spius Cr,Chinook,Spring,2004,Coldwater R,TOMM,CK-17,LOWER THOMPSON_SP_1.2,M,H,Spius Creek H,Coldwater R,CK-17,LOWER THOMPSON_SP_1.2,Smolt 1+,NOCN04135,2006,20060412,20060413,16.13,P,N,RELEASED IN UPPER RIVER.,1,,0,0,,0,0,58930,58930
OPS,Spius Cr,Chinook,Spring,2004,Coldwater R,TOMM,CK-17,LOWER THOMPSON_SP_1.2,M,H,Spius Creek H,Coldwater R,CK-17,LOWER THOMPSON_SP_1.2,Fed Fry,NOCN0475,2005,20050504,20050504,1.29,B,N,RELEASED AT 7 DIFFERENT SITES IN THE UPPER COLDWATER R,1,,0,0,,0,0,24780,24780
OPS,Spius Cr,Chinook,Spring,2004,Nicola R,TOMM,CK-17,LOWER THOMPSON_SP_1.2,M,H,Spius Creek H,Nicola R,CK-17,LOWER THOMPSON_SP_1.2,Smolt 1+,185215,2006,20060424,20060426,15.87,P,N,SEE ALSO 185216 & 185217.,1,AD,27206,604,,0,0,18707,46517
OPS,Spius Cr,Chinook,Spring,2004,Nicola R,TOMM,CK-17,LOWER THOMPSON_SP_1.2,M,H,Spius Creek H,Nicola R,CK-17,LOWER THOMPSON_SP_1.2,Smolt 1+,185216,2006,20060424,20060426,15.87,P,N,SEE ALSO 185215 & 185217.,1,AD,28008,93,,0,0,18903,47004
OPS,Spius Cr,Chinook,Spring,2004,Nicola R,TOMM,CK-17,LOWER THOMPSON_SP_1.2,M,H,Spius Creek H,Nicola R,CK-17,LOWER THOMPSON_SP_1.2,Smolt 1+,185217,2006,20060424,20060426,15.87,P,N,SEE ALSO 185215 & 185216.,1,AD,28053,477,,0,0,19192,47722
OPS,Spius Cr,Chinook,Spring,2004,Nicola R,TOMM,CK-17,LOWER THOMPSON_SP_1.2,M,H,Spius Creek H,Nicola R,CK-17,LOWER THOMPSON_SP_1.2,Fed Fry,NOCN0471,2005,20050418,20050418,0.34,B,N,RELEASED UPSTREAM OF THE SUNSHINE VALLEY ROAD WEST BRIDGE,1,,0,0,,0,0,3205,3205
OPS,Spius Cr,Chinook,Spring,2004,Salmon R/TOMF,TOMF,CK-14,SOUTH THOMPSON_SU_1.3,M,H,Spius Creek H,Salmon R/TOMF,CK-14,SOUTH THOMPSON_SU_1.3,Smolt 1+,NOCN04136,2006,20060405,20060410,12.47,P,N,RELEASED AT CONFLUENCE OF BOLEAN CR & SALMON R.,1,,0,0,,0,0,82797,82797
OPS,Spius Cr,Chinook,Spring,2004,Salmon R/TOMF,TOMF,CK-14,SOUTH THOMPSON_SU_1.3,M,H,Spius Creek H,Salmon R/TOMF,CK-14,SOUTH THOMPSON_SU_1.3,Fed Fry,NOCN0476,2005,20050526,20050526,1.47,B,N,RELEASED AT 7 DIFFERENT SITES IN THE UPPER SALMON R,1,,0,0,,0,0,33346,33346
OPS,Spius Cr,Chinook,Spring,2004,Spius Cr,TOMM,CK-17,LOWER THOMPSON_SP_1.2,M,H,Spius Creek H,Maka Cr,,,Fed Fry,NOCN0474,2005,20050505,20050505,0.99,B,U,RELEASED AT TWO DIFFERENT SITES IN UPPER MAKA CREEK,1,,0,0,,0,0,11374,11374
OPS,Spius Cr,Chinook,Spring,2004,Spius Cr,TOMM,CK-17,LOWER THOMPSON_SP_1.2,M,H,Spius Creek H,Spius Cr,CK-17,LOWER THOMPSON_SP_1.2,Smolt 1+,NOCN04134,2006,20060419,20060420,15.73,P,N,RELEASED AT CONFLUENCE OF MAKA CR & SPIUS CR.,1,,0,0,,0,0,62142,62142
OPS,Spius Cr,Chinook,Spring,2004,Spius Cr,TOMM,CK-17,LOWER THOMPSON_SP_1.2,M,H,Spius Creek H,Spius Cr,CK-17,LOWER THOMPSON_SP_1.2,Fed Fry,NOCN0472,2005,20050505,20050505,0.99,B,N,RELEASED AT SIX DIFFERENT SITES IN UPPER SPIUS CREEK,1,,0,0,,0,0,18647,18647
OPS,Spius Cr,Chinook,Spring,2005,Coldwater R,TOMM,CK-17,LOWER THOMPSON_SP_1.2,M,H,Spius Creek H,Coldwater R,CK-17,LOWER THOMPSON_SP_1.2,Smolt 1+,NOCN05139,2007,20070417,20070418,12.88,P,N,,1,,0,0,,0,0,67323,67323
OPS,Spius Cr,Chinook,Spring,2005,Nicola R,TOMM,CK-17,LOWER THOMPSON_SP_1.2,M,H,Spius Creek H,Nicola R,CK-17,LOWER THOMPSON_SP_1.2,Smolt 1+,185234,2007,20070424,20070424,15.82,P,N,"REL.SITES: NICOLA DAM, MERRIT GOLFCOURSE, SHULUS RAILROAD BED, GAVLINS BRIDGE",1,AD,29584,0,,0,0,,29584
OPS,Spius Cr,Chinook,Spring,2005,Nicola R,TOMM,CK-17,LOWER THOMPSON_SP_1.2,M,H,Spius Creek H,Nicola R,CK-17,LOWER THOMPSON_SP_1.2,Smolt 1+,185235,2007,20070424,20070424,15.82,P,N,RELEASE SITES SAME AS 185234,1,AD,21830,66,,0,0,,21896
OPS,Spius Cr,Chinook,Spring,2005,Nicola R,TOMM,CK-17,LOWER THOMPSON_SP_1.2,M,H,Spius Creek H,Nicola R,CK-17,LOWER THOMPSON_SP_1.2,Smolt 1+,185236,2007,20070424,20070425,16.69,P,N,"RELEASE SITES: NICOLA RANCH, RIVER RANCH, NORGARDS",1,AD,26102,1130,,0,0,,27232
OPS,Spius Cr,Chinook,Spring,2005,Nicola R,TOMM,CK-17,LOWER THOMPSON_SP_1.2,M,H,Spius Creek H,Nicola R,CK-17,LOWER THOMPSON_SP_1.2,Smolt 1+,185237,2007,20070425,20070425,16.69,P,N,SAME RELEASE SITES AS 185236,1,AD,27776,92,,0,0,,27868
OPS,Spius Cr,Chinook,Spring,2005,Nicola R,TOMM,CK-17,LOWER THOMPSON_SP_1.2,M,H,Spius Creek H,Nicola R,CK-17,LOWER THOMPSON_SP_1.2,Smolt 1+,185728,2007,20070424,20070425,15.82,P,N,"NICOLA DAM,MERRIT GOLF, SHULUS RR BED, GAVLINS BR, NICOLA&RIVER RANCH, NORGARD",1,AD,33436,222,,0,0,285,33943
OPS,Spius Cr,Chinook,Spring,2005,Nicola R,TOMM,CK-17,LOWER THOMPSON_SP_1.2,M,H,Spius Creek H,Nicola R,CK-17,LOWER THOMPSON_SP_1.2,Fed Fry,NOCN05124,2006,20060620,20060620,2.35,B,N,RELEASED DOWNSTREAM OF SPIUS CR CONFLUENCE AT 11 SITES.,1,,0,0,,0,0,30000,30000
OPS,Spius Cr,Chinook,Spring,2005,Salmon R/TOMF,TOMF,CK-14,SOUTH THOMPSON_SU_1.3,M,H,Spius Creek H,Salmon R/TOMF,CK-14,SOUTH THOMPSON_SU_1.3,Smolt 1+,NOCN05142,2007,20070410,20070416,14.38,P,N,,1,,0,0,,0,0,88314,88314
OPS,Spius Cr,Chinook,Spring,2005,Spius Cr,TOMM,CK-17,LOWER THOMPSON_SP_1.2,M,H,Spius Creek H,Spius Cr,CK-17,LOWER THOMPSON_SP_1.2,Fed Fry,NOCN05123,2006,20060614,20060614,2.78,B,N,RELEASED TO 9 SITES IN UPPER SPIUS AND MAKA CREEKS.,1,,0,0,,0,0,19000,19000
OPS,Spius Cr,Chinook,Spring,2005,Spius Cr,TOMM,CK-17,LOWER THOMPSON_SP_1.2,M,H,Spius Creek H,Spius Cr,CK-17,LOWER THOMPSON_SP_1.2,Smolt 1+,NOCN05143,2007,20070419,20070423,15.11,P,N,,1,,0,0,,0,0,83289,83289
OPS,Spius Cr,Chinook,Spring,2006,Coldwater R,TOMM,CK-17,LOWER THOMPSON_SP_1.2,M,H,Spius Creek H,Coldwater R,CK-17,LOWER THOMPSON_SP_1.2,Smolt 1+,NOCN06153,2008,20080417,20080421,21.37,P,N,,1,,0,0,,0,0,42769,42769
OPS,Spius Cr,Chinook,Spring,2006,Coldwater R,TOMM,CK-17,LOWER THOMPSON_SP_1.2,M,H,Spius Creek H,Coldwater R,CK-17,LOWER THOMPSON_SP_1.2,Fed Fry,NOCN0694,2007,20070502,20070504,1.96,B,N,,1,,0,0,,0,0,52858,52858
OPS,Spius Cr,Chinook,Spring,2006,Nicola R,TOMM,CK-17,LOWER THOMPSON_SP_1.2,M,H,Spius Creek H,Nicola R,CK-17,LOWER THOMPSON_SP_1.2,Smolt 1+,185926,2008,20080423,20080425,14.03,P,N,ALSO SEE TAGCODES 185936 & 185935.,1,AD,44970,455,,0,0,2230,47655
OPS,Spius Cr,Chinook,Spring,2006,Nicola R,TOMM,CK-17,LOWER THOMPSON_SP_1.2,M,H,Spius Creek H,Nicola R,CK-17,LOWER THOMPSON_SP_1.2,Smolt 1+,185935,2008,20080423,20080425,14.03,P,N,ALSO SEE TAGCODES 185936 & 185926.,1,AD,56661,0,,0,0,2230,58891
OPS,Spius Cr,Chinook,Spring,2006,Nicola R,TOMM,CK-17,LOWER THOMPSON_SP_1.2,M,H,Spius Creek H,Nicola R,CK-17,LOWER THOMPSON_SP_1.2,Smolt 1+,185936,2008,20080423,20080425,14.03,P,N,ALSO SEE TAGCODES 185935 & 185926.,1,AD,44845,1245,,0,0,2230,48320
OPS,Spius Cr,Chinook,Spring,2006,Nicola R,TOMM,CK-17,LOWER THOMPSON_SP_1.2,M,H,Spius Creek H,Nicola R,CK-17,LOWER THOMPSON_SP_1.2,Fed Fry,NOCN0695,2007,20070601,20070607,1.31,B,N,,1,,0,0,,0,0,54428,54428
OPS,Spius Cr,Chinook,Spring,2006,Salmon R/TOMF,TOMF,CK-14,SOUTH THOMPSON_SU_1.3,M,H,Spius Creek H,Salmon R/TOMF,CK-14,SOUTH THOMPSON_SU_1.3,Smolt 1+,185925,2008,20080411,20080416,15.64,P,N,,1,AD,42321,1445,,0,0,35909,79675
OPS,Spius Cr,Chinook,Spring,2006,Salmon R/TOMF,TOMF,CK-14,SOUTH THOMPSON_SU_1.3,M,H,Spius Creek H,Salmon R/TOMF,CK-14,SOUTH THOMPSON_SU_1.3,Fed Fry,NOCN0696,2007,20070711,20070711,3.39,B,N,,1,,0,0,,0,0,55890,55890
OPS,Spius Cr,Chinook,Spring,2006,Spius Cr,TOMM,CK-17,LOWER THOMPSON_SP_1.2,M,H,Spius Creek H,Spius Cr,CK-17,LOWER THOMPSON_SP_1.2,Smolt 1+,NOCN06154,2008,20080422,20080430,20.79,P,N,RELEASED IN PROSPECT CREEK.,1,,0,0,,0,0,78717,78717
OPS,Spius Cr,Chinook,Spring,2006,Spius Cr,TOMM,CK-17,LOWER THOMPSON_SP_1.2,M,H,Spius Creek H,Spius Cr,CK-17,LOWER THOMPSON_SP_1.2,Fed Fry,NOCN0697,2007,20070501,20070501,2.23,B,N,,1,,0,0,,0,0,29198,29198
OPS,Spius Cr,Chinook,Spring,2007,Coldwater R,TOMM,CK-17,LOWER THOMPSON_SP_1.2,M,H,Spius Creek H,Coldwater R,CK-17,LOWER THOMPSON_SP_1.2,Smolt 1+,NOCN07104,2009,20090420,20090420,18.44,P,N,,1,,0,0,,0,0,33060,33060
OPS,Spius Cr,Chinook,Spring,2007,Coldwater R,TOMM,CK-17,LOWER THOMPSON_SP_1.2,M,H,Spius Creek H,Coldwater R,CK-17,LOWER THOMPSON_SP_1.2,Fed Fry,NOCN0780,2008,20080501,20080501,1.24,B,N,"RELEASED AT BRODIE, HOLE IN FENCE, JULIET, BEDROCK HOLE, UPPER HIGHWAYS YARD.",1,,0,0,,0,0,9837,9837
OPS,Spius Cr,Chinook,Spring,2007,Nicola R,TOMM,CK-17,LOWER THOMPSON_SP_1.2,M,H,Spius Creek H,Nicola R,CK-17,LOWER THOMPSON_SP_1.2,Smolt 1+,180183,2009,20090423,20090423,17.82,P,N,ALSO SEE TAGCODES 180184 & 180189,1,AD,49226,2051,,0,0,222,51499
OPS,Spius Cr,Chinook,Spring,2007,Nicola R,TOMM,CK-17,LOWER THOMPSON_SP_1.2,M,H,Spius Creek H,Nicola R,CK-17,LOWER THOMPSON_SP_1.2,Smolt 1+,180184,2009,20090424,20090427,17.82,P,N,ALSO SEE TAGCODES 180183 & 180189,1,AD,53692,984,,0,0,242,54918
OPS,Spius Cr,Chinook,Spring,2007,Nicola R,TOMM,CK-17,LOWER THOMPSON_SP_1.2,M,H,Spius Creek H,Nicola R,CK-17,LOWER THOMPSON_SP_1.2,Smolt 1+,180189,2009,20090423,20090427,17.82,P,N,ALSO SEE TAGCODES 180183 & 180184,1,AD,40260,407,,0,0,182,40849
OPS,Spius Cr,Chinook,Spring,2007,Nicola R,TOMM,CK-17,LOWER THOMPSON_SP_1.2,M,H,Spius Creek H,Nicola R,CK-17,LOWER THOMPSON_SP_1.2,Unfed,NOCN0775,2008,20080501,20080501,0.35,B,N,RELEASED BELOW CONFLUENCE OF SPIUS CR.,1,,0,0,,0,0,5447,5447
OPS,Spius Cr,Chinook,Spring,2007,Nicola R,TOMM,CK-17,LOWER THOMPSON_SP_1.2,M,H,Spius Creek H,Nicola R,CK-17,LOWER THOMPSON_SP_1.2,Fed Fry,NOCN0776,2008,20080619,20080620,3.55,B,N,RELEASED OVER 30 KM.,1,,0,0,,0,0,62268,62268
OPS,Spius Cr,Chinook,Spring,2007,Salmon R/TOMF,TOMF,CK-14,SOUTH THOMPSON_SU_1.3,M,H,Spius Creek H,Salmon R/TOMF,CK-14,SOUTH THOMPSON_SU_1.3,Smolt 1+,NOCN07103,2009,20090409,20090417,17.81,P,N,,1,,0,0,,0,0,74382,74382
OPS,Spius Cr,Chinook,Spring,2007,Salmon R/TOMF,TOMF,CK-14,SOUTH THOMPSON_SU_1.3,M,H,Spius Creek H,Salmon R/TOMF,CK-14,SOUTH THOMPSON_SU_1.3,Fed Fry,NOCN0778,2008,20080501,20080501,1.17,B,N,RELEASED AT 5 KM IN BOLEAN CREEK.,1,,0,0,,0,0,4199,4199
OPS,Spius Cr,Chinook,Spring,2007,Salmon R/TOMF,TOMF,CK-14,SOUTH THOMPSON_SU_1.3,M,H,Spius Creek H,Salmon R/TOMF,CK-14,SOUTH THOMPSON_SU_1.3,Fed Fall,NOCN0779,2008,20080806,20080806,8.51,B,N,"RELEASED UPSTREAM WITH CONFLUENCE OF BOLEAN CR, DEER RD, CEDAR HILL RD.",1,,0,0,,0,0,5500,5500
OPS,Spius Cr,Chinook,Spring,2007,Spius Cr,TOMM,CK-17,LOWER THOMPSON_SP_1.2,M,H,Spius Creek H,Spius Cr,CK-17,LOWER THOMPSON_SP_1.2,Smolt 1+,NOCN07105,2009,20090421,20090422,18.24,P,N,,1,,0,0,,0,0,30867,30867
OPS,Spius Cr,Chinook,Spring,2008,Coldwater R,TOMM,CK-17,LOWER THOMPSON_SP_1.2,M,H,Spius Creek H,Coldwater R,CK-17,LOWER THOMPSON_SP_1.2,Smolt 1+,NOCN08104,2010,20100412,20100413,19.07,P,N,,1,,0,0,,0,0,47584,47584
OPS,Spius Cr,Chinook,Spring,2008,Coldwater R,TOMM,CK-17,LOWER THOMPSON_SP_1.2,M,H,Spius Creek H,Coldwater R,CK-17,LOWER THOMPSON_SP_1.2,Fed Fry,NOCN0852,2009,20090504,20090506,1.65,B,N,"48,208 ON HAND FOR 2010 SMOLT 1+ RELEASE.",1,,0,0,,0,0,47449,47449
OPS,Spius Cr,Chinook,Spring,2008,Nicola R,TOMM,CK-17,LOWER THOMPSON_SP_1.2,M,H,Spius Creek H,Nicola R,CK-17,LOWER THOMPSON_SP_1.2,Smolt 1+,180965,2010,20100414,20100414,17.47,P,N,,1,AD,53511,367,,0,0,,53878
OPS,Spius Cr,Chinook,Spring,2008,Nicola R,TOMM,CK-17,LOWER THOMPSON_SP_1.2,M,H,Spius Creek H,Nicola R,CK-17,LOWER THOMPSON_SP_1.2,Smolt 1+,180966,2010,20100414,20100414,17.07,P,N,,1,AD,49256,3468,,0,0,,52724
OPS,Spius Cr,Chinook,Spring,2008,Nicola R,TOMM,CK-17,LOWER THOMPSON_SP_1.2,M,H,Spius Creek H,Nicola R,CK-17,LOWER THOMPSON_SP_1.2,Smolt 1+,180990,2010,20100410,20100420,17.25,P,N,,1,AD,24448,862,,0,0,,25310
OPS,Spius Cr,Chinook,Spring,2008,Nicola R,TOMM,CK-17,LOWER THOMPSON_SP_1.2,M,H,Spius Creek H,Nicola R,CK-17,LOWER THOMPSON_SP_1.2,Fed Fry,NOCN0853,2009,20090526,20090526,1.61,B,N,"137,605 ON HAND FOR 2010 SMOLT 1+ RELEASE.",1,,0,0,,0,0,54595,54595
OPS,Spius Cr,Chinook,Spring,2008,Salmon R/TOMF,TOMF,CK-14,SOUTH THOMPSON_SU_1.3,M,H,Spius Creek H,Salmon R/TOMF,CK-14,SOUTH THOMPSON_SU_1.3,Smolt 1+,180991,2010,20100406,20100409,14.6,P,N,,1,AD,43005,2050,,0,0,21070,66125
OPS,Spius Cr,Chinook,Spring,2008,Salmon R/TOMF,TOMF,CK-14,SOUTH THOMPSON_SU_1.3,M,H,Spius Creek H,Salmon R/TOMF,CK-14,SOUTH THOMPSON_SU_1.3,Fed Fry,NOCN0854,2009,20090527,20090527,0.85,B,N,"70,298 ON HAND FOR 2010 SMOLT 1+ RELEASE.",1,,0,0,,0,0,44855,44855
OPS,Spius Cr,Chinook,Spring,2008,Spius Cr,TOMM,CK-17,LOWER THOMPSON_SP_1.2,M,H,Spius Creek H,Spius Cr,CK-17,LOWER THOMPSON_SP_1.2,Smolt 1+,NOCN08105,2010,20100421,20100422,15.85,P,N,,1,,0,0,,0,0,52982,52982
OPS,Spius Cr,Chinook,Spring,2008,Spius Cr,TOMM,CK-17,LOWER THOMPSON_SP_1.2,M,H,Spius Creek H,Spius Cr,CK-17,LOWER THOMPSON_SP_1.2,Fed Fry,NOCN0855,2009,20090505,20090508,1.6,B,N,"52,039 ON HAND FOR 2010 SMOLT 1+ RELEASE.",1,,0,0,,0,0,62444,62444
OPS,Spius Cr,Chinook,Spring,2009,Coldwater R,TOMM,CK-17,LOWER THOMPSON_SP_1.2,M,H,Spius Creek H,Coldwater R,CK-17,LOWER THOMPSON_SP_1.2,Smolt 1+,NOCN09107,2011,20110413,20110414,31.62,P,N,,1,,0,0,,0,0,23284,23284
OPS,Spius Cr,Chinook,Spring,2009,Coldwater R,TOMM,CK-17,LOWER THOMPSON_SP_1.2,M,H,Spius Creek H,Coldwater R,CK-17,LOWER THOMPSON_SP_1.2,Fed Fry,NOCN0973,2010,20100525,20100525,3.64,B,N,,1,,0,0,,0,0,11875,11875
OPS,Spius Cr,Chinook,Spring,2009,Nicola R,TOMM,CK-17,LOWER THOMPSON_SP_1.2,M,H,Spius Creek H,Nicola R,CK-17,LOWER THOMPSON_SP_1.2,Smolt 1+,181364,2011,20110426,20110429,18.27,P,N,,1,AD,34033,2415,,0,0,0,36448
OPS,Spius Cr,Chinook,Spring,2009,Nicola R,TOMM,CK-17,LOWER THOMPSON_SP_1.2,M,H,Spius Creek H,Nicola R,CK-17,LOWER THOMPSON_SP_1.2,Smolt 1+,181380,2011,20110427,20110428,17.92,P,N,,1,AD,51365,1317,,0,0,1854,54536
OPS,Spius Cr,Chinook,Spring,2009,Nicola R,TOMM,CK-17,LOWER THOMPSON_SP_1.2,M,H,Spius Creek H,Nicola R,CK-17,LOWER THOMPSON_SP_1.2,Smolt 1+,181582,2011,20110428,20110429,18.64,P,N,,1,AD,54056,1672,,0,0,2457,58185
OPS,Spius Cr,Chinook,Spring,2009,Nicola R,TOMM,CK-17,LOWER THOMPSON_SP_1.2,M,H,Spius Creek H,Nicola R,CK-17,LOWER THOMPSON_SP_1.2,Smolt 1+,181583,2011,20110426,20110427,18.27,P,N,,1,AD,53677,817,,0,0,8257,62751
OPS,Spius Cr,Chinook,Spring,2009,Nicola R,TOMM,CK-17,LOWER THOMPSON_SP_1.2,M,H,Spius Creek H,Nicola R,CK-17,LOWER THOMPSON_SP_1.2,Fed Fry,NOCN0974,2010,20100527,20100527,1.44,P,N,,1,,0,0,,0,0,5620,5620
OPS,Spius Cr,Chinook,Spring,2009,Salmon R/TOMF,TOMF,CK-14,SOUTH THOMPSON_SU_1.3,M,H,Spius Creek H,Salmon R/TOMF,CK-14,SOUTH THOMPSON_SU_1.3,Fed Fry,NOCN0975,2010,20100520,20100521,1.11,B,N,,1,,0,0,,0,0,95022,95022
OPS,Spius Cr,Chinook,Spring,2009,Spius Cr,TOMM,CK-17,LOWER THOMPSON_SP_1.2,M,H,Spius Creek H,Spius Cr,CK-17,LOWER THOMPSON_SP_1.2,Smolt 1+,NOCN09108,2011,20110418,20110421,28.21,P,N,,1,,0,0,,0,0,66192,66192
OPS,Spius Cr,Chinook,Spring,2009,Spius Cr,TOMM,CK-17,LOWER THOMPSON_SP_1.2,M,H,Spius Creek H,Spius Cr,CK-17,LOWER THOMPSON_SP_1.2,Fed Fry,NOCN0976,2010,20100526,20100526,3.22,B,N,,1,,0,0,,0,0,15208,15208
OPS,Spius Cr,Chinook,Spring,2010,Coldwater R,TOMM,CK-17,LOWER THOMPSON_SP_1.2,M,H,Spius Creek H,Coldwater R,CK-17,LOWER THOMPSON_SP_1.2,Unfed,NOCN1017,2011,20110308,20110308,0.5,P,N,Released as medium BKD positive,1,,0,0,,0,0,9167,9167
OPS,Spius Cr,Chinook,Spring,2010,Coldwater R,TOMM,CK-17,LOWER THOMPSON_SP_1.2,M,H,Spius Creek H,Coldwater R,CK-17,LOWER THOMPSON_SP_1.2,Fed Fry,NOCN1018,2011,20110520,20110520,1.93,P,N,,1,,0,0,,0,0,35049,35049
OPS,Spius Cr,Chinook,Spring,2010,Coldwater R,TOMM,CK-17,LOWER THOMPSON_SP_1.2,M,H,Spius Creek H,Coldwater R,CK-17,LOWER THOMPSON_SP_1.2,Fed Fry,NOCN1019,2011,20110615,20110615,3.52,P,N,,1,,0,0,,0,0,18656,18656
OPS,Spius Cr,Chinook,Spring,2010,Coldwater R,TOMM,CK-17,LOWER THOMPSON_SP_1.2,M,H,Spius Creek H,Coldwater R,CK-17,LOWER THOMPSON_SP_1.2,Smolt 1+,NOCN1086,2012,20120416,20120417,15,P,N,,1,,0,0,,0,0,62564,62564
OPS,Spius Cr,Chinook,Spring,2010,Nicola R,TOMM,CK-17,LOWER THOMPSON_SP_1.2,M,H,Spius Creek H,Nicola R,CK-17,LOWER THOMPSON_SP_1.2,Smolt 1+,180576,2012,20120419,20120424,14.3,P,N,,1,AD,7724,164,,0,0,863,8751
OPS,Spius Cr,Chinook,Spring,2010,Nicola R,TOMM,CK-17,LOWER THOMPSON_SP_1.2,M,H,Spius Creek H,Nicola R,CK-17,LOWER THOMPSON_SP_1.2,Smolt 1+,181091,2012,20120419,20120424,14.3,P,N,BKD was present in this release group,1,AD,26273,444,,0,0,361,27078
OPS,Spius Cr,Chinook,Spring,2010,Nicola R,TOMM,CK-17,LOWER THOMPSON_SP_1.2,M,H,Spius Creek H,Nicola R,CK-17,LOWER THOMPSON_SP_1.2,Smolt 1+,181692,2012,20120419,20120424,14.3,P,N,BKD was present in this release group.,1,AD,20617,348,,0,0,362,21327
OPS,Spius Cr,Chinook,Spring,2010,Nicola R,TOMM,CK-17,LOWER THOMPSON_SP_1.2,M,H,Spius Creek H,Nicola R,CK-17,LOWER THOMPSON_SP_1.2,Smolt 1+,181918,2012,20120419,20120424,14.3,P,N,BKD in this release group,1,AD,8870,101,,0,0,209,9180
OPS,Spius Cr,Chinook,Spring,2010,Nicola R,TOMM,CK-17,LOWER THOMPSON_SP_1.2,M,H,Spius Creek H,Nicola R,CK-17,LOWER THOMPSON_SP_1.2,Smolt 1+,182383,2012,20120419,20120424,14.3,P,N,BKD present in this release group,1,AD,51223,2235,,0,0,864,54322
OPS,Spius Cr,Chinook,Spring,2010,Nicola R,TOMM,CK-17,LOWER THOMPSON_SP_1.2,M,H,Spius Creek H,Nicola R,CK-17,LOWER THOMPSON_SP_1.2,Smolt 1+,182384,2012,20120419,20120424,14.3,P,N,BKD present in this release group,1,AD,51745,1164,,0,0,207,53116
OPS,Spius Cr,Chinook,Spring,2010,Nicola R,TOMM,CK-17,LOWER THOMPSON_SP_1.2,M,H,Spius Creek H,Nicola R,CK-17,LOWER THOMPSON_SP_1.2,Smolt 1+,185648,2012,20120419,20120424,14.3,P,N,BKD present in this release group,1,AD,21273,402,,0,0,568,22243
OPS,Spius Cr,Chinook,Spring,2010,Nicola R,TOMM,CK-17,LOWER THOMPSON_SP_1.2,M,H,Spius Creek H,Nicola R,CK-17,LOWER THOMPSON_SP_1.2,Fed Fry,NOCN1022,2011,20110617,20110628,1.96,P,N,,1,,0,0,,0,0,54266,54266
OPS,Spius Cr,Chinook,Spring,2010,Salmon R/TOMF,TOMF,CK-14,SOUTH THOMPSON_SU_1.3,M,H,Spius Creek H,Salmon R/TOMF,CK-14,SOUTH THOMPSON_SU_1.3,Fed Fry,NOCN1016,2011,20110613,20110614,1.64,P,N,,1,,0,0,,0,0,98368,98368
OPS,Spius Cr,Chinook,Spring,2010,Spius Cr,TOMM,CK-17,LOWER THOMPSON_SP_1.2,M,H,Spius Creek H,Spius Cr,CK-17,LOWER THOMPSON_SP_1.2,Unfed,NOCN1020,2011,20110306,20110306,0.48,P,N,Fish released as medium BKD positive,1,,0,0,,0,0,3009,3009
OPS,Spius Cr,Chinook,Spring,2010,Spius Cr,TOMM,CK-17,LOWER THOMPSON_SP_1.2,M,H,Spius Creek H,Spius Cr,CK-17,LOWER THOMPSON_SP_1.2,Fed Fry,NOCN1021,2011,20110510,20110511,1.75,P,N,,1,,0,0,,0,0,15428,15428
OPS,Spius Cr,Chinook,Spring,2010,Spius Cr,TOMM,CK-17,LOWER THOMPSON_SP_1.2,M,H,Spius Creek H,Spius Cr,CK-17,LOWER THOMPSON_SP_1.2,Smolt 1+,NOCN1088,2012,20120427,20120528,17.12,P,N,,1,,0,0,,0,0,54935,54935
OPS,Spius Cr,Chinook,Spring,2011,Coldwater R,TOMM,CK-17,LOWER THOMPSON_SP_1.2,M,H,Spius Creek H,Coldwater R,CK-17,LOWER THOMPSON_SP_1.2,Fed Fry,NOCN1148,2012,20120605,20120605,2.99,P,N,"Used l/w sample dates as release dates.  Rearing morts = 35,438. No explaination",1,,0,0,,0,0,66269,66269
OPS,Spius Cr,Chinook,Spring,2011,Nicola R,TOMM,CK-17,LOWER THOMPSON_SP_1.2,M,H,Spius Creek H,Nicola R,CK-17,LOWER THOMPSON_SP_1.2,Smolt 1+,181248,2013,20130423,20130423,18.33,P,N,,1,AD,10217,257,,0,0,,10474
OPS,Spius Cr,Chinook,Spring,2011,Nicola R,TOMM,CK-17,LOWER THOMPSON_SP_1.2,M,H,Spius Creek H,Nicola R,CK-17,LOWER THOMPSON_SP_1.2,Smolt 1+,181366,2013,20130423,20130423,18.33,P,N,,1,AD,43727,1101,,0,0,,44828
OPS,Spius Cr,Chinook,Spring,2011,Nicola R,TOMM,CK-17,LOWER THOMPSON_SP_1.2,M,H,Spius Creek H,Nicola R,CK-17,LOWER THOMPSON_SP_1.2,Smolt 1+,181693,2013,20130424,20130424,18.19,P,N,,1,AD,12279,103,,0,0,,12382
OPS,Spius Cr,Chinook,Spring,2011,Nicola R,TOMM,CK-17,LOWER THOMPSON_SP_1.2,M,H,Spius Creek H,Nicola R,CK-17,LOWER THOMPSON_SP_1.2,Smolt 1+,181774,2013,20130424,20130424,18.19,P,N,,1,AD,39364,331,,0,0,1246,40941
OPS,Spius Cr,Chinook,Spring,2011,Nicola R,TOMM,CK-17,LOWER THOMPSON_SP_1.2,M,H,Spius Creek H,Nicola R,CK-17,LOWER THOMPSON_SP_1.2,Smolt 1+,182390,2013,20130418,20130419,17.27,P,N,,1,AD,53536,1732,,0,0,,55268
OPS,Spius Cr,Chinook,Spring,2011,Nicola R,TOMM,CK-17,LOWER THOMPSON_SP_1.2,M,H,Spius Creek H,Nicola R,CK-17,LOWER THOMPSON_SP_1.2,Smolt 1+,182391,2013,20130422,20130422,17.67,P,N,,1,AD,53828,1244,,0,0,,55072
OPS,Spius Cr,Chinook,Spring,2011,Nicola R,TOMM,CK-17,LOWER THOMPSON_SP_1.2,M,H,Spius Creek H,Nicola R,CK-17,LOWER THOMPSON_SP_1.2,Fed Fry,NOCN1144,2012,20120520,20120520,1.93,P,N,,1,,0,0,,0,0,8098,8098
OPS,Spius Cr,Chinook,Spring,2011,Nicola R,TOMM,CK-17,LOWER THOMPSON_SP_1.2,M,H,Spius Creek H,Nicola R,CK-17,LOWER THOMPSON_SP_1.2,Fed Fry,NOCN1145,2012,20120615,20120615,3.52,P,N,,1,,0,0,,0,0,8098,8098
OPS,Spius Cr,Chinook,Spring,2011,Salmon R/TOMF,TOMF,CK-14,SOUTH THOMPSON_SU_1.3,M,H,Spius Creek H,Salmon R/TOMF,CK-14,SOUTH THOMPSON_SU_1.3,Fed Fry,NOCN1173,2012,20120529,20120530,2.31,P,N,,1,,0,0,,0,0,73536,73536
OPS,Spius Cr,Chinook,Spring,2011,Spius Cr,TOMM,CK-17,LOWER THOMPSON_SP_1.2,M,H,Spius Creek H,Spius Cr,CK-17,LOWER THOMPSON_SP_1.2,Fed Fry,NOCN1147,2012,20120604,20120614,3.31,P,N,BKD positive,1,,0,0,,0,0,18485,18485
OPS,Spius Cr,Chinook,Spring,2012,Coldwater R,TOMM,CK-17,LOWER THOMPSON_SP_1.2,M,H,Spius Creek H,Coldwater R,CK-17,LOWER THOMPSON_SP_1.2,Fed Fry,NOCN1250,2013,20130430,20130501,1.89,P,N,,1,,0,0,,0,0,33028,33028
OPS,Spius Cr,Chinook,Spring,2012,Coldwater R,TOMM,CK-17,LOWER THOMPSON_SP_1.2,M,H,Spius Creek H,Coldwater R,CK-17,LOWER THOMPSON_SP_1.2,Smolt 1+,NOCN1292,2014,20140414,20140415,15.17,P,N,,1,,0,0,,0,0,42100,42100
OPS,Spius Cr,Chinook,Spring,2012,Nicola R,TOMM,CK-17,LOWER THOMPSON_SP_1.2,M,H,Spius Creek H,Nicola R,CK-17,LOWER THOMPSON_SP_1.2,Smolt 1+,181930,2014,20140425,20140428,14.52,P,N,,1,AD,2860,52,,0,0,,2912
OPS,Spius Cr,Chinook,Spring,2012,Nicola R,TOMM,CK-17,LOWER THOMPSON_SP_1.2,M,H,Spius Creek H,Nicola R,CK-17,LOWER THOMPSON_SP_1.2,Smolt 1+,181931,2014,20140422,20140423,14.08,P,N,,1,AD,1272,10,,0,0,172,1454
OPS,Spius Cr,Chinook,Spring,2012,Nicola R,TOMM,CK-17,LOWER THOMPSON_SP_1.2,M,H,Spius Creek H,Nicola R,CK-17,LOWER THOMPSON_SP_1.2,Smolt 1+,182398,2014,20140423,20140425,14.7,P,N,,1,AD,56178,538,,0,0,,56716
OPS,Spius Cr,Chinook,Spring,2012,Nicola R,TOMM,CK-17,LOWER THOMPSON_SP_1.2,M,H,Spius Creek H,Nicola R,CK-17,LOWER THOMPSON_SP_1.2,Smolt 1+,182399,2014,20140425,20140428,14.52,P,N,,1,AD,52018,948,,0,0,,52966
OPS,Spius Cr,Chinook,Spring,2012,Nicola R,TOMM,CK-17,LOWER THOMPSON_SP_1.2,M,H,Spius Creek H,Nicola R,CK-17,LOWER THOMPSON_SP_1.2,Smolt 1+,183472,2014,20140422,20140423,14.08,P,N,,1,AD,56161,459,,0,0,7579,64199
OPS,Spius Cr,Chinook,Spring,2012,Nicola R,TOMM,CK-17,LOWER THOMPSON_SP_1.2,M,H,Spius Creek H,Nicola R,CK-17,LOWER THOMPSON_SP_1.2,Smolt 1+,183493,2014,20140423,20140428,14.6,P,N,,1,AD,22340,314,,0,0,,22654
OPS,Spius Cr,Chinook,Spring,2012,Nicola R,TOMM,CK-17,LOWER THOMPSON_SP_1.2,M,H,Spius Creek H,Nicola R,CK-17,LOWER THOMPSON_SP_1.2,Fed Fry,NOCN1251,2013,20130607,20130613,1.8,P,N,,1,,0,0,,0,0,39950,39950
OPS,Spius Cr,Chinook,Spring,2012,Salmon R/TOMF,TOMF,CK-14,SOUTH THOMPSON_SU_1.3,M,H,Spius Creek H,Salmon R/TOMF,CK-14,SOUTH THOMPSON_SU_1.3,Fed Fry,NOCN1252,2013,20130610,20130611,1.78,P,N,,1,,0,0,,0,0,81398,81398
OPS,Spius Cr,Chinook,Spring,2012,Spius Cr,TOMM,CK-17,LOWER THOMPSON_SP_1.2,M,H,Spius Creek H,Spius Cr,CK-17,LOWER THOMPSON_SP_1.2,Fed Fry,NOCN1253,2013,20130502,20130502,1.63,P,N,,1,,0,0,,0,0,28818,28818
OPS,Spius Cr,Chinook,Spring,2012,Spius Cr,TOMM,CK-17,LOWER THOMPSON_SP_1.2,M,H,Spius Creek H,Spius Cr,CK-17,LOWER THOMPSON_SP_1.2,Smolt 1+,NOCN1293,2014,20140416,20140417,16.5,P,N,Released to Fiji (2/3) and Maka Creek (1/3),1,,0,0,,0,0,56590,56590
OPS,Spius Cr,Chinook,Spring,2013,Coldwater R,TOMM,CK-17,LOWER THOMPSON_SP_1.2,M,H,Spius Creek H,Coldwater R,CK-17,LOWER THOMPSON_SP_1.2,Smolt 1+,NOCN13100,2015,20150413,20150414,19.66,B,N,,1,,0,0,,0,0,24865,24865
OPS,Spius Cr,Chinook,Spring,2013,Coldwater R,TOMM,CK-17,LOWER THOMPSON_SP_1.2,M,H,Spius Creek H,Coldwater R,CK-17,LOWER THOMPSON_SP_1.2,Fed Fry,NOCN1394,2014,20140410,20140410,1.89,P,N,,1,,0,0,,0,0,3064,3064
OPS,Spius Cr,Chinook,Spring,2013,Coldwater R,TOMM,CK-17,LOWER THOMPSON_SP_1.2,M,H,Spius Creek H,Coldwater R,CK-17,LOWER THOMPSON_SP_1.2,Fed Fry,NOCN1395,2014,20140520,20140520,1.82,P,N,,1,,0,0,,0,0,4154,4154
OPS,Spius Cr,Chinook,Spring,2013,Nicola R,TOMM,CK-17,LOWER THOMPSON_SP_1.2,M,H,Spius Creek H,Nicola R,CK-17,LOWER THOMPSON_SP_1.2,Smolt 1+,181690,2015,20150422,20150422,17.75,B,N,,1,AD,5693,69,,0,0,92,5854
OPS,Spius Cr,Chinook,Spring,2013,Nicola R,TOMM,CK-17,LOWER THOMPSON_SP_1.2,M,H,Spius Creek H,Nicola R,CK-17,LOWER THOMPSON_SP_1.2,Smolt 1+,181899,2015,20150420,20150422,16.92,B,N,,1,AD,11893,240,,0,0,523,12656
OPS,Spius Cr,Chinook,Spring,2013,Nicola R,TOMM,CK-17,LOWER THOMPSON_SP_1.2,M,H,Spius Creek H,Nicola R,CK-17,LOWER THOMPSON_SP_1.2,Smolt 1+,182891,2015,20150422,20150422,17.75,B,N,,1,AD,43742,571,,0,0,289,44602
OPS,Spius Cr,Chinook,Spring,2013,Nicola R,TOMM,CK-17,LOWER THOMPSON_SP_1.2,M,H,Spius Creek H,Nicola R,CK-17,LOWER THOMPSON_SP_1.2,Smolt 1+,183277,2015,20150421,20150422,16.7,B,N,,1,AD,54517,1056,,0,0,562,56135
OPS,Spius Cr,Chinook,Spring,2013,Nicola R,TOMM,CK-17,LOWER THOMPSON_SP_1.2,M,H,Spius Creek H,Nicola R,CK-17,LOWER THOMPSON_SP_1.2,Smolt 1+,183278,2015,20150420,20150421,16.92,B,N,,1,AD,57461,430,,0,0,411,58302
OPS,Spius Cr,Chinook,Spring,2013,Nicola R,TOMM,CK-17,LOWER THOMPSON_SP_1.2,M,H,Spius Creek H,Nicola R,CK-17,LOWER THOMPSON_SP_1.2,Fed Fry,NOCN1393,2014,20140520,20140520,1.64,P,N,Released  because of the BKD value of the female adults.,1,,0,0,,0,0,17504,17504
OPS,Spius Cr,Chinook,Spring,2013,Salmon R/TOMF,TOMF,CK-14,SOUTH THOMPSON_SU_1.3,M,H,Spius Creek H,Salmon R/TOMF,CK-14,SOUTH THOMPSON_SU_1.3,Fed Fry,NOCN13113,2014,20140530,20140530,2.3,B,N,,1,,0,0,,0,0,67914,67914
OPS,Spius Cr,Chinook,Spring,2013,Spius Cr,TOMM,CK-17,LOWER THOMPSON_SP_1.2,M,H,Spius Creek H,Spius Cr,CK-17,LOWER THOMPSON_SP_1.2,Smolt 1+,NOCN13102,2015,20150415,20150416,19.51,B,N,,1,,0,0,,0,0,42488,42488
OPS,Spius Cr,Chinook,Spring,2013,Spius Cr,TOMM,CK-17,LOWER THOMPSON_SP_1.2,M,H,Spius Creek H,Spius Cr,CK-17,LOWER THOMPSON_SP_1.2,Fed Fry,NOCN1392,2014,20140513,20140513,2.2,P,N,Released  because of the BKD value of the female adults.,1,,0,0,,0,0,10080,10080
OPS,Spius Cr,Chinook,Spring,2014,Coldwater R,TOMM,CK-17,LOWER THOMPSON_SP_1.2,M,H,Spius Creek H,Coldwater R,CK-17,LOWER THOMPSON_SP_1.2,Fed Fry,NOCN1465,2015,20150508,20150508,1.98,B,N,,1,,0,0,,0,0,7590,7590
OPS,Spius Cr,Chinook,Spring,2014,Coldwater R,TOMM,CK-17,LOWER THOMPSON_SP_1.2,M,H,Spius Creek H,Coldwater R,CK-17,LOWER THOMPSON_SP_1.2,Smolt 1+,NOCN1499,2016,20160413,20160414,16.91,P,N,,1,,0,0,,0,0,50178,50178
OPS,Spius Cr,Chinook,Spring,2014,Nicola R,TOMM,CK-17,LOWER THOMPSON_SP_1.2,M,H,Spius Creek H,Nicola R,CK-17,LOWER THOMPSON_SP_1.2,Smolt 1+,182793,2016,20160419,20160421,14.96,P,N,,1,AD,43413,1966,,0,0,,45379
OPS,Spius Cr,Chinook,Spring,2014,Nicola R,TOMM,CK-17,LOWER THOMPSON_SP_1.2,M,H,Spius Creek H,Nicola R,CK-17,LOWER THOMPSON_SP_1.2,Smolt 1+,183596,2016,20160419,20160421,14.96,P,N,,1,AD,55906,565,,0,0,2589,59060
OPS,Spius Cr,Chinook,Spring,2014,Nicola R,TOMM,CK-17,LOWER THOMPSON_SP_1.2,M,H,Spius Creek H,Nicola R,CK-17,LOWER THOMPSON_SP_1.2,Smolt 1+,183597,2016,20160419,20160421,14.96,P,N,,1,AD,56856,964,,0,0,,57820
OPS,Spius Cr,Chinook,Spring,2014,Nicola R,TOMM,CK-17,LOWER THOMPSON_SP_1.2,M,H,Spius Creek H,Nicola R,CK-17,LOWER THOMPSON_SP_1.2,Smolt 1+,183871,2016,20160419,20160421,14.96,P,N,,1,AD,13028,0,,0,0,,13028
OPS,Spius Cr,Chinook,Spring,2014,Nicola R,TOMM,CK-17,LOWER THOMPSON_SP_1.2,M,H,Spius Creek H,Nicola R,CK-17,LOWER THOMPSON_SP_1.2,Fed Fry,NOCN1467,2015,20150627,20150627,1.6,B,N,,1,,0,0,,0,0,28303,28303
OPS,Spius Cr,Chinook,Spring,2014,Salmon R/TOMF,TOMF,CK-14,SOUTH THOMPSON_SU_1.3,M,H,Spius Creek H,Salmon R/TOMF,CK-14,SOUTH THOMPSON_SU_1.3,Fed Fry,NOCN1468,2015,20150625,20150626,1.76,B,N,,1,,0,0,,0,0,75951,75951
OPS,Spius Cr,Chinook,Spring,2014,Spius Cr,TOMM,CK-17,LOWER THOMPSON_SP_1.2,M,H,Spius Creek H,Spius Cr,CK-17,LOWER THOMPSON_SP_1.2,Smolt 1+,NOCN14100,2016,20160411,20160413,23,P,N,,1,,0,0,,0,0,33685,33685
OPS,Spius Cr,Chinook,Spring,2014,Spius Cr,TOMM,CK-17,LOWER THOMPSON_SP_1.2,M,H,Spius Creek H,Spius Cr,CK-17,LOWER THOMPSON_SP_1.2,Fed Fry,NOCN1466,2015,20150505,20150506,2.41,B,N,,1,,0,0,,0,0,47688,47688
OPS,Spius Cr,Chinook,Spring,2015,Coldwater R,TOMM,CK-17,LOWER THOMPSON_SP_1.2,M,H,Spius Creek H,Coldwater R,CK-17,LOWER THOMPSON_SP_1.2,Smolt 1+,NOCN1588,2017,20170418,20170420,16.05,P,N,,1,,0,0,,0,0,46423,46423
OPS,Spius Cr,Chinook,Spring,2015,Nicola R,TOMM,CK-17,LOWER THOMPSON_SP_1.2,M,H,Spius Creek H,Nicola R,CK-17,LOWER THOMPSON_SP_1.2,Smolt 1+,182585,2017,20170420,20170420,16.21,P,N,M.Thom 2019-12-16: Rls number reduced (found to have included another rls group),1,AD,10286,1068,,0,0,,11354
OPS,Spius Cr,Chinook,Spring,2015,Nicola R,TOMM,CK-17,LOWER THOMPSON_SP_1.2,M,H,Spius Creek H,Nicola R,CK-17,LOWER THOMPSON_SP_1.2,Smolt 1+,182586,2017,20170420,20170420,,P,N,2019-12-16: added this missing tagcode/release group.,1,AD,10059,1045,,0,0,,11104
OPS,Spius Cr,Chinook,Spring,2015,Nicola R,TOMM,CK-17,LOWER THOMPSON_SP_1.2,M,H,Spius Creek H,Nicola R,CK-17,LOWER THOMPSON_SP_1.2,Smolt 1+,182587,2017,20170420,20170420,,P,N,,1,AD,10178,1057,,0,0,,11235
OPS,Spius Cr,Chinook,Spring,2015,Nicola R,TOMM,CK-17,LOWER THOMPSON_SP_1.2,M,H,Spius Creek H,Nicola R,CK-17,LOWER THOMPSON_SP_1.2,Smolt 1+,182588,2017,20170420,20170420,,P,N,,1,AD,9740,1012,,0,0,,10752
OPS,Spius Cr,Chinook,Spring,2015,Nicola R,TOMM,CK-17,LOWER THOMPSON_SP_1.2,M,H,Spius Creek H,Nicola R,CK-17,LOWER THOMPSON_SP_1.2,Smolt 1+,183896,2017,20170501,20170503,16.21,P,N,,1,AD,12587,1306,,0,0,,13893
OPS,Spius Cr,Chinook,Spring,2015,Nicola R,TOMM,CK-17,LOWER THOMPSON_SP_1.2,M,H,Spius Creek H,Nicola R,CK-17,LOWER THOMPSON_SP_1.2,Smolt 1+,184182,2017,20170420,20170420,,P,N,,1,AD,52224,5424,,0,0,,57648
OPS,Spius Cr,Chinook,Spring,2015,Nicola R,TOMM,CK-17,LOWER THOMPSON_SP_1.2,M,H,Spius Creek H,Nicola R,CK-17,LOWER THOMPSON_SP_1.2,Smolt 1+,184183,2017,20170501,20170503,16.21,P,N,,1,AD,51923,5393,,0,0,,57316
OPS,Spius Cr,Chinook,Spring,2015,Nicola R,TOMM,CK-17,LOWER THOMPSON_SP_1.2,M,H,Spius Creek H,Nicola R,CK-17,LOWER THOMPSON_SP_1.2,Fed Fry,NOCN1570,2016,20160614,20160614,1.1,P,N,,1,,0,0,,0,0,6626,6626
OPS,Spius Cr,Chinook,Spring,2015,Salmon R/TOMF,TOMF,CK-14,SOUTH THOMPSON_SU_1.3,M,H,Spius Creek H,Salmon R/TOMF,CK-14,SOUTH THOMPSON_SU_1.3,Fed Fry,NOCN1571,2016,20160608,20160608,1.45,P,N,,1,,0,0,,0,0,88736,88736
OPS,Spius Cr,Chinook,Spring,2015,Spius Cr,TOMM,CK-17,LOWER THOMPSON_SP_1.2,M,H,Spius Creek H,Spius Cr,CK-17,LOWER THOMPSON_SP_1.2,Fed Fry,NOCN1569,2016,20160530,20160614,2.4,P,N,,1,,0,0,,0,0,17092,17092
OPS,Spius Cr,Chinook,Spring,2015,Spius Cr,TOMM,CK-17,LOWER THOMPSON_SP_1.2,M,H,Spius Creek H,Spius Cr,CK-17,LOWER THOMPSON_SP_1.2,Smolt 1+,NOCN1589,2017,20170421,20170425,16.43,P,N,,1,,0,0,,0,0,64791,64791
OPS,Spius Cr,Chinook,Spring,2016,Coldwater R,TOMM,CK-17,LOWER THOMPSON_SP_1.2,M,H,Spius Creek H,Coldwater R,CK-17,LOWER THOMPSON_SP_1.2,Smolt 1+,NOCN16110,2018,20180423,20180423,17,P,N,,1,,0,0,,0,0,47206,47206
OPS,Spius Cr,Chinook,Spring,2016,Coldwater R,TOMM,CK-17,LOWER THOMPSON_SP_1.2,M,H,Spius Creek H,Coldwater R,CK-17,LOWER THOMPSON_SP_1.2,Fed Fry,NOCN1654,2017,20170609,20170609,2.99,P,N,,1,,0,0,,0,0,33292,33292
OPS,Spius Cr,Chinook,Spring,2016,Nicola R,TOMM,CK-17,LOWER THOMPSON_SP_1.2,M,H,Spius Creek H,Nicola R,CK-17,LOWER THOMPSON_SP_1.2,Smolt 1+,184580,2018,20180501,20180503,17.5,P,N,,1,AD,55539,1178,,0,0,,56717
OPS,Spius Cr,Chinook,Spring,2016,Nicola R,TOMM,CK-17,LOWER THOMPSON_SP_1.2,M,H,Spius Creek H,Nicola R,CK-17,LOWER THOMPSON_SP_1.2,Smolt 1+,184596,2018,20180501,20180503,17.5,P,N,,1,AD,45413,963,,0,0,,46376
OPS,Spius Cr,Chinook,Spring,2016,Nicola R,TOMM,CK-17,LOWER THOMPSON_SP_1.2,M,H,Spius Creek H,Nicola R,CK-17,LOWER THOMPSON_SP_1.2,Smolt 1+,184597,2018,20180501,20180503,17.5,P,N,,1,AD,43760,928,,0,0,,44688
OPS,Spius Cr,Chinook,Spring,2016,Nicola R,TOMM,CK-17,LOWER THOMPSON_SP_1.2,M,H,Spius Creek H,Nicola R,CK-17,LOWER THOMPSON_SP_1.2,Smolt 1+,185196,2018,20180501,20180503,17.5,P,N,,1,AD,9602,204,,0,0,,9806
OPS,Spius Cr,Chinook,Spring,2016,Nicola R,TOMM,CK-17,LOWER THOMPSON_SP_1.2,M,H,Spius Creek H,Spahomin Cr,,,Fed Fry,NOCN1655,2017,20170620,20170620,1.88,P,U,,1,,0,0,,0,0,10587,10587
OPS,Spius Cr,Chinook,Spring,2016,Salmon R/TOMF,TOMF,CK-14,SOUTH THOMPSON_SU_1.3,M,H,Spius Creek H,Salmon R/TOMF,CK-14,SOUTH THOMPSON_SU_1.3,Fed Fry,NOCN1656,2017,20170621,20170621,2.12,P,N,,1,,0,0,,0,0,7527,7527
OPS,Spius Cr,Chinook,Spring,2016,Spius Cr,TOMM,CK-17,LOWER THOMPSON_SP_1.2,M,H,Spius Creek H,Spius Cr,CK-17,LOWER THOMPSON_SP_1.2,Smolt 1+,NOCN16111,2018,20180425,20180425,16,P,N,,1,,0,0,,0,0,52609,52609
OPS,Spius Cr,Chinook,Spring,2016,Spius Cr,TOMM,CK-17,LOWER THOMPSON_SP_1.2,M,H,Spius Creek H,Spius Cr,CK-17,LOWER THOMPSON_SP_1.2,Fed Fry,NOCN1657,2017,20170608,20170608,2.92,P,N,Thermal mark applied but too light to easily observe.,1,,0,0,,0,0,30225,30225
OPS,Spius Cr,Chinook,Spring,2017,Coldwater R,TOMM,CK-17,LOWER THOMPSON_SP_1.2,M,H,Spius Creek H,Coldwater R,CK-17,LOWER THOMPSON_SP_1.2,Fed Fry,NOCN1789,2018,20180505,20180505,3.15,P,N,,1,,0,0,,0,0,41861,41861
OPS,Spius Cr,Chinook,Spring,2017,Coldwater R,TOMM,CK-17,LOWER THOMPSON_SP_1.2,M,H,Spius Creek H,Coldwater R,CK-17,LOWER THOMPSON_SP_1.2,Smolt 1+,NOCN1790,2019,20190505,20190505,16.71,P,N,,1,,0,0,,0,0,35269,35269
OPS,Spius Cr,Chinook,Spring,2017,Nicola R,TOMM,CK-17,LOWER THOMPSON_SP_1.2,M,H,Spius Creek H,Nicola R,CK-17,LOWER THOMPSON_SP_1.2,Smolt 1+,183483,2019,20190501,20190501,16.73,P,N,,1,AD,31846,989,,0,0,,32835
OPS,Spius Cr,Chinook,Spring,2017,Nicola R,TOMM,CK-17,LOWER THOMPSON_SP_1.2,M,H,Spius Creek H,Nicola R,CK-17,LOWER THOMPSON_SP_1.2,Smolt 1+,184285,2019,20190501,20190501,16.73,P,N,,1,AD,22477,698,,0,0,,23175
OPS,Spius Cr,Chinook,Spring,2017,Nicola R,TOMM,CK-17,LOWER THOMPSON_SP_1.2,M,H,Spius Creek H,Nicola R,CK-17,LOWER THOMPSON_SP_1.2,Smolt 1+,185875,2019,20190501,20190501,16.73,P,N,,1,AD,56488,1753,,0,0,,58241
OPS,Spius Cr,Chinook,Spring,2017,Nicola R,TOMM,CK-17,LOWER THOMPSON_SP_1.2,M,H,Spius Creek H,Nicola R,CK-17,LOWER THOMPSON_SP_1.2,Smolt 1+,185876,2019,20190501,20190501,16.73,P,N,,1,AD,57648,1789,,0,0,,59437
OPS,Spius Cr,Chinook,Spring,2017,Nicola R,TOMM,CK-17,LOWER THOMPSON_SP_1.2,M,H,Spius Creek H,Spahomin Cr,,,Fed Fry,NOCN1731,2018,20180525,20180525,1.22,P,N,,1,,0,0,,0,0,2492,2492
OPS,Spius Cr,Chinook,Spring,2017,Salmon R/TOMF,TOMF,CK-14,SOUTH THOMPSON_SU_1.3,M,H,Spius Creek H,Salmon R/TOMF,CK-14,SOUTH THOMPSON_SU_1.3,Fed Fry,NOCN1732,2018,20180621,20180622,1.46,P,N,,1,,0,0,,0,0,46212,46212
OPS,Spius Cr,Chinook,Spring,2017,Spius Cr,TOMM,CK-17,LOWER THOMPSON_SP_1.2,M,H,Spius Creek H,Spius Cr,CK-17,LOWER THOMPSON_SP_1.2,Fed Fry,NOCN1733,2018,20180528,20180528,2.69,P,N,High losses post-ponding due to bacterial gill disease.,1,,0,0,,0,0,23782,23782
OPS,Spius Cr,Chinook,Spring,2017,Spius Cr,TOMM,CK-17,LOWER THOMPSON_SP_1.2,M,H,Spius Creek H,Spius Cr,CK-17,LOWER THOMPSON_SP_1.2,Smolt 1+,NOCN1791,2019,20190505,20190505,18.39,P,N,,1,,0,0,,0,0,24832,24832
OPS,Spius Cr,Chinook,Spring,2018,Bridge R,UPFR,CK-10,MIDDLE FRASER RIVER_SP_1.3,M,H,Spius Creek H,Bridge R,CK-10,MIDDLE FRASER RIVER_SP_1.3,Fed Fry,183370,2019,20190501,20190501,6.2,B,N,,1,AD,1289,0,,0,0,,1289
OPS,Spius Cr,Chinook,Spring,2018,Bridge R,UPFR,CK-10,MIDDLE FRASER RIVER_SP_1.3,M,H,Spius Creek H,Bridge R,CK-10,MIDDLE FRASER RIVER_SP_1.3,Fed Fry,183371,2019,20190501,20190501,6.2,B,N,,1,AD,1856,0,,0,0,,1856
OPS,Spius Cr,Chinook,Spring,2018,Coldwater R,TOMM,CK-17,LOWER THOMPSON_SP_1.2,M,H,Spius Creek H,Coldwater R,CK-17,LOWER THOMPSON_SP_1.2,Fed Fry,NOCN1890,2019,20190523,20190523,2.68,B,N,,1,,0,0,,0,0,17292,17292
OPS,Spius Cr,Chinook,Spring,2018,Coldwater R,TOMM,CK-17,LOWER THOMPSON_SP_1.2,M,H,Spius Creek H,Coldwater R,CK-17,LOWER THOMPSON_SP_1.2,Smolt 1+,NOCN1894,2020,20200409,20200409,16.22,P,N,,1,,0,0,,0,0,59578,59578
OPS,Spius Cr,Chinook,Spring,2018,Deadman R,TOMM,CK-17,LOWER THOMPSON_SP_1.2,M,H,Spius Creek H,Bonaparte R,CK-17,LOWER THOMPSON_SP_1.2,Fed Fry,186153,2019,20190705,20190705,2.11,B,N,,1,AD,17266,0,,0,0,,17266
OPS,Spius Cr,Chinook,Spring,2018,Nicola R,TOMM,CK-17,LOWER THOMPSON_SP_1.2,M,H,Spius Creek H,Nicola R,CK-17,LOWER THOMPSON_SP_1.2,Smolt 1+,184698,2020,20200514,20200516,16.34,P,N,,1,AD,40225,374,,0,0,,40599
OPS,Spius Cr,Chinook,Spring,2018,Nicola R,TOMM,CK-17,LOWER THOMPSON_SP_1.2,M,H,Spius Creek H,Nicola R,CK-17,LOWER THOMPSON_SP_1.2,Smolt 1+,184879,2020,20200514,20200516,16.34,P,N,,1,AD,22251,207,,0,0,,22458
OPS,Spius Cr,Chinook,Spring,2018,Nicola R,TOMM,CK-17,LOWER THOMPSON_SP_1.2,M,H,Spius Creek H,Nicola R,CK-17,LOWER THOMPSON_SP_1.2,Smolt 1+,185789,2020,20200514,20200516,16.34,P,N,,1,AD,34781,324,,0,0,,35105
OPS,Spius Cr,Chinook,Spring,2018,Nicola R,TOMM,CK-17,LOWER THOMPSON_SP_1.2,M,H,Spius Creek H,Nicola R,CK-17,LOWER THOMPSON_SP_1.2,Smolt 1+,185887,2020,20200514,20200516,16.34,P,N,,1,AD,56875,529,,0,0,,57404
OPS,Spius Cr,Chinook,Spring,2018,Nicola R,TOMM,CK-17,LOWER THOMPSON_SP_1.2,M,H,Spius Creek H,Nicola R,CK-17,LOWER THOMPSON_SP_1.2,Smolt 1+,185992,2020,20200514,20200516,16.34,P,N,,1,AD,27766,258,,0,0,,28024
OPS,Spius Cr,Chinook,Spring,2018,Nicola R,TOMM,CK-17,LOWER THOMPSON_SP_1.2,M,H,Spius Creek H,Spahomin Cr,,,Fed Fry,NOCN1891,2019,20190626,20190626,1.71,B,N,,1,,0,0,,0,0,15918,15918
OPS,Spius Cr,Chinook,Spring,2018,Salmon R/TOMF,TOMF,CK-14,SOUTH THOMPSON_SU_1.3,M,H,Spius Creek H,Salmon R/TOMF,CK-14,SOUTH THOMPSON_SU_1.3,Fed Fry,NOCN1892,2019,20190610,20190610,1.47,B,N,,1,,0,0,,0,0,63297,63297
OPS,Spius Cr,Chinook,Spring,2018,Spius Cr,TOMM,CK-17,LOWER THOMPSON_SP_1.2,M,H,Spius Creek H,Spius Cr,CK-17,LOWER THOMPSON_SP_1.2,Fed Fry,NOCN1893,2019,20190524,20190524,2.84,B,N,,1,,0,0,,0,0,5636,5636
OPS,Spius Cr,Chinook,Spring,2018,Spius Cr,TOMM,CK-17,LOWER THOMPSON_SP_1.2,M,H,Spius Creek H,Spius Cr,CK-17,LOWER THOMPSON_SP_1.2,Smolt 1+,NOCN1895,2020,20200421,20200422,18.4,P,N,,1,,0,0,,0,0,28443,28443
OPS,Spius Cr,Chinook,Spring,2019,Coldwater R,TOMM,CK-17,LOWER THOMPSON_SP_1.2,M,H,Spius Creek H,Coldwater R,CK-17,LOWER THOMPSON_SP_1.2,Smolt 1+,NOCN19148,2021,20210413,20210414,16.4,P,N,,1,,0,0,,0,0,23958,23958
OPS,Spius Cr,Chinook,Spring,2019,Coldwater R,TOMM,CK-17,LOWER THOMPSON_SP_1.2,M,H,Spius Creek H,Coldwater R,CK-17,LOWER THOMPSON_SP_1.2,Fed Fry,NOCN1966,2020,20200520,20200520,4.42,P,N,,1,,0,0,,0,0,48140,48140
OPS,Spius Cr,Chinook,Spring,2019,Nicola R,TOMM,CK-17,LOWER THOMPSON_SP_1.2,M,H,Spius Creek H,Nicola R,CK-17,LOWER THOMPSON_SP_1.2,Smolt 1+,186561,2021,20210421,20210423,14.5,P,N,,1,AD,67533,210,,0,0,,67743
OPS,Spius Cr,Chinook,Spring,2019,Nicola R,TOMM,CK-17,LOWER THOMPSON_SP_1.2,M,H,Spius Creek H,Nicola R,CK-17,LOWER THOMPSON_SP_1.2,Smolt 1+,186562,2021,20210421,20210423,14.5,P,N,,1,AD,73066,228,,0,0,,73294
OPS,Spius Cr,Chinook,Spring,2019,Nicola R,TOMM,CK-17,LOWER THOMPSON_SP_1.2,M,H,Spius Creek H,Nicola R,CK-17,LOWER THOMPSON_SP_1.2,Smolt 1+,186563,2021,20210421,20210423,14.5,P,N,,1,AD,73242,228,,0,0,,73470
OPS,Spius Cr,Chinook,Spring,2019,Nicola R,TOMM,CK-17,LOWER THOMPSON_SP_1.2,M,H,Spius Creek H,Spahomin Cr,,,Fed Fry,NOCN1967,2020,20200603,20200603,1.76,P,N,,1,,0,0,,0,0,13295,13295
OPS,Spius Cr,Chinook,Spring,2019,Salmon R/TOMF,TOMF,CK-14,SOUTH THOMPSON_SU_1.3,M,H,Spius Creek H,Salmon R/TOMF,CK-14,SOUTH THOMPSON_SU_1.3,Fed Fry,NOCN1968,2020,20200611,20200622,3.21,P,N,,1,,0,0,,0,0,81058,81058
OPS,Spius Cr,Chinook,Spring,2019,Spius Cr,TOMM,CK-17,LOWER THOMPSON_SP_1.2,M,H,Spius Creek H,Spius Cr,CK-17,LOWER THOMPSON_SP_1.2,Smolt 1+,NOCN19150,2021,20210419,20210420,16.1,P,N,,1,,0,0,,0,0,50974,50974
OPS,Spius Cr,Chinook,Spring,2019,Spius Cr,TOMM,CK-17,LOWER THOMPSON_SP_1.2,M,H,Spius Creek H,Spius Cr,CK-17,LOWER THOMPSON_SP_1.2,Fed Fry,NOCN1969,2020,20200519,20200519,2.6,P,N,,1,,0,0,,0,0,4336,4336
OPS,Spius Cr,Chinook,Spring,2020,Bowron R,UPFR,CK-12,UPPER FRASER RIVER_SP_1.3,W,H,Spius Creek H,Bowron R,CK-12,UPPER FRASER RIVER_SP_1.3,Fed Fry,NOCN2054,2021,20210427,20210427,2.2,P,N,,1,,0,0,,0,0,9571,9571
OPS,Spius Cr,Chinook,Spring,2020,Chilcotin R Low,UPFR,CK-10,MIDDLE FRASER RIVER_SP_1.3,M,H,Spius Creek H,Chilcotin R (Low),CK-10,MIDDLE FRASER RIVER_SP_1.3,Fed Fry,NOCN2036,2021,20210624,20210624,1.75,P,N,,1,,0,0,,0,0,4287,4287
OPS,Spius Cr,Chinook,Spring,2020,Chilcotin R Up,UPFR,CK-10,MIDDLE FRASER RIVER_SP_1.3,W,H,Spius Creek H,Fraser R Up,,,Fed Fry,NOCN2055,2021,20210506,20210506,1.49,P,N,,1,,0,0,,0,0,1241,1241
OPS,Spius Cr,Chinook,Spring,2020,Coldwater R,TOMM,CK-17,LOWER THOMPSON_SP_1.2,M,H,Spius Creek H,Coldwater R,CK-17,LOWER THOMPSON_SP_1.2,Fed Fry,NOCN2032,2021,20210614,20210614,1.74,P,N,,1,,0,0,,0,0,36609,36609
OPS,Spius Cr,Chinook,Spring,2020,Coldwater R,TOMM,CK-17,LOWER THOMPSON_SP_1.2,M,H,Spius Creek H,Coldwater R,CK-17,LOWER THOMPSON_SP_1.2,Smolt 1+,NOCN2099,2022,20220411,20220411,17.17,P,N,,1,,0,0,,0,0,23886,23886
OPS,Spius Cr,Chinook,Spring,2020,Cottonwood R,UPFR,CK-10,MIDDLE FRASER RIVER_SP_1.3,W,H,Spius Creek H,Cottonwood R,CK-10,MIDDLE FRASER RIVER_SP_1.3,Fed Fry,NOCN2056,2021,20210413,20210413,1.24,P,N,,1,,0,0,,0,0,9859,9859
OPS,Spius Cr,Chinook,Spring,2020,Indianpoint Cr,UPFR,CK-12,UPPER FRASER RIVER_SP_1.3,W,H,Spius Creek H,Indianpoint Cr,CK-12,UPPER FRASER RIVER_SP_1.3,Fed Fry,NOCN2057,2021,20210512,20210512,2.1,P,N,Release location was actually in Indianpoint Lake,1,,0,0,,0,0,3946,3946
OPS,Spius Cr,Chinook,Spring,2020,Nicola R,TOMM,CK-17,LOWER THOMPSON_SP_1.2,M,H,Spius Creek H,Nicola R,CK-17,LOWER THOMPSON_SP_1.2,Smolt 1+,186804,2022,20220412,20220414,17.34,P,N,,1,AD,110743,1517,,0,0,,112260
OPS,Spius Cr,Chinook,Spring,2020,Nicola R,TOMM,CK-17,LOWER THOMPSON_SP_1.2,M,H,Spius Creek H,Spahomin Cr,,,Fed Fry,NOCN2029,2021,20210623,20210623,1.49,P,N,,1,,0,0,,0,0,15354,15354
OPS,Spius Cr,Chinook,Spring,2020,Salmon R/TOMF,TOMF,CK-14,SOUTH THOMPSON_SU_1.3,M,H,Spius Creek H,Salmon R/TOMF,CK-14,SOUTH THOMPSON_SU_1.3,Fed Fry,NOCN2034,2021,20210616,20210616,1.49,P,N,,1,,0,0,,0,0,32226,32226
OPS,Spius Cr,Chinook,Spring,2020,Spius Cr,TOMM,CK-17,LOWER THOMPSON_SP_1.2,M,H,Spius Creek H,Spius Cr,CK-17,LOWER THOMPSON_SP_1.2,Smolt 1+,NOCN20100,2022,20220419,20220419,18.51,P,N,,1,,0,0,,0,0,27258,27258
OPS,Spius Cr,Chinook,Spring,2020,Spius Cr,TOMM,CK-17,LOWER THOMPSON_SP_1.2,M,H,Spius Creek H,Spius Cr,CK-17,LOWER THOMPSON_SP_1.2,Fed Fry,NOCN2035,2021,20210615,20210615,1.78,P,N,,1,,0,0,,0,0,21383,21383
OPS,Spius Cr,Chinook,Spring,2021,Chilcotin R Low,UPFR,CK-10,MIDDLE FRASER RIVER_SP_1.3,M,H,Spius Creek H,Chilcotin R (Low),CK-10,MIDDLE FRASER RIVER_SP_1.3,Fed Fry,NOCN2175,2022,20220721,20220721,5.23,P,N,,1,,0,0,,0,0,11734,11734
OPS,Spius Cr,Chinook,Spring,2021,Coldwater R,TOMM,CK-17,LOWER THOMPSON_SP_1.2,M,H,Spius Creek H,Coldwater R,CK-17,LOWER THOMPSON_SP_1.2,Smolt 1+,186520,2023,20230417,20230417,14.3,P,N,,1,AD,35504,10589,,0,0,,46093
OPS,Spius Cr,Chinook,Spring,2021,Coldwater R,TOMM,CK-17,LOWER THOMPSON_SP_1.2,M,H,Spius Creek H,Coldwater R,CK-17,LOWER THOMPSON_SP_1.2,Fed Fry,NOCN2172,2022,20220705,20220705,3.95,P,N,No Thermal due to flooding,1,,0,0,,0,0,31955,31955
OPS,Spius Cr,Chinook,Spring,2021,Nicola R,TOMM,CK-17,LOWER THOMPSON_SP_1.2,M,H,Spius Creek H,Nicola R,CK-17,LOWER THOMPSON_SP_1.2,Smolt 1+,186603,2023,20230424,20230425,17,P,N,,1,AD,90982,10363,,0,0,,101345
OPS,Spius Cr,Chinook,Spring,2021,Nicola R,TOMM,CK-17,LOWER THOMPSON_SP_1.2,M,H,Spius Creek H,Nicola R,CK-17,LOWER THOMPSON_SP_1.2,Smolt 1+,186863,2023,20230424,20230425,17,P,N,,1,AD,44839,5107,,0,0,,49946
OPS,Spius Cr,Chinook,Spring,2021,Nicola R,TOMM,CK-17,LOWER THOMPSON_SP_1.2,M,H,Spius Creek H,Spahomin Cr,,,Fed Fry,NOCN2171,2022,20220712,20220712,3.93,P,N,,1,,0,0,,0,0,9440,9440
OPS,Spius Cr,Chinook,Spring,2021,Salmon R/TOMF,TOMF,CK-14,SOUTH THOMPSON_SU_1.3,M,H,Spius Creek H,Salmon R/TOMF,CK-14,SOUTH THOMPSON_SU_1.3,Fed Fry,NOCN2173,2022,20220711,20220711,3.53,P,N,No Thermal due to flooding,1,,0,0,,0,0,72517,72517
OPS,Spius Cr,Chinook,Spring,2021,Spius Cr,TOMM,CK-17,LOWER THOMPSON_SP_1.2,M,H,Spius Creek H,Spius Cr,CK-17,LOWER THOMPSON_SP_1.2,Smolt 1+,185277,2023,20230501,20230501,45.48,P,N,,1,AD,25029,6074,,0,0,,31103
OPS,Spius Cr,Chinook,Spring,2021,Spius Cr,TOMM,CK-17,LOWER THOMPSON_SP_1.2,M,H,Spius Creek H,Spius Cr,CK-17,LOWER THOMPSON_SP_1.2,Fed Fry,NOCN2174,2022,20220706,20220706,3.63,P,N,No Thermal due to flooding,1,,0,0,,0,0,27456,27456
OPS,Spius Cr,Chinook,Spring,2022,Chilcotin R,UPFR,CK-10,MIDDLE FRASER RIVER_SP_1.3,W,H,Spius Creek H,Chilcotin R,CK-10,MIDDLE FRASER RIVER_SP_1.3,Fed Fry,NOCN2261,2023,20230710,20230710,2.45,B,N,,1,,0,0,,0,0,4656,4656
OPS,Spius Cr,Chinook,Spring,2022,Coldwater R,TOMM,CK-17,LOWER THOMPSON_SP_1.2,M,H,Spius Creek H,Coldwater R,CK-17,LOWER THOMPSON_SP_1.2,Fed Fry,NOCN2262,2023,20230613,20230613,1.82,B,N,,1,,0,0,,0,0,52698,52698
OPS,Spius Cr,Chinook,Spring,2022,Coldwater R,TOMM,CK-17,LOWER THOMPSON_SP_1.2,M,H,Spius Creek H,Coldwater R,CK-17,LOWER THOMPSON_SP_1.2,Smolt 1+,NOCN2291,2024,20240415,20240415,15.8,P,N,,1,,0,0,,0,0,29377,29377
OPS,Spius Cr,Chinook,Spring,2022,Nicola R,TOMM,CK-17,LOWER THOMPSON_SP_1.2,M,H,Spius Creek H,Spahomin Cr,,,Fed Fry,NOCN2263,2023,20230612,20230612,1.25,B, ,,1,,0,0,,0,0,14234,14234
OPS,Spius Cr,Chinook,Spring,2022,Salmon R/TOMF,TOMF,CK-14,SOUTH THOMPSON_SU_1.3,M,H,Spius Creek H,Salmon R/TOMF,CK-14,SOUTH THOMPSON_SU_1.3,Fed Fry,NOCN2264,2023,20230620,20230620,2.35,P,N,,1,,0,0,,0,0,80468,80468
OPS,Spius Cr,Chinook,Spring,2022,Spius Cr,TOMM,CK-17,LOWER THOMPSON_SP_1.2,M,H,Spius Creek H,Spius Cr,CK-17,LOWER THOMPSON_SP_1.2,Fed Fry,NOCN2265,2023,20230614,20230614,2.11,P,N,,1,,0,0,,0,0,31590,31590
OPS,Spius Cr,Chinook,Spring,2022,Spius Cr,TOMM,CK-17,LOWER THOMPSON_SP_1.2,M,H,Spius Creek H,Spius Cr,CK-17,LOWER THOMPSON_SP_1.2,Smolt 1+,NOCN2292,2024,20240422,20240423,18.7,P,N,,1,,0,0,,0,0,40874,40874
OPS,Spius Cr,Chinook,Spring,2023,Coldwater R,TOMM,CK-17,LOWER THOMPSON_SP_1.2,M,H,Spius Creek H,Coldwater R,CK-17,LOWER THOMPSON_SP_1.2,Fed Fry,NOCN2363,2024,20240528,20240528,1.84,B,N,,1,,0,0,,0,0,42325,42325
OPS,Spius Cr,Chinook,Spring,2023,Coldwater R,TOMM,CK-17,LOWER THOMPSON_SP_1.2,M,H,Spius Creek H,Coldwater R,CK-17,LOWER THOMPSON_SP_1.2,Fed Fry,NOCN2397,2024,20240528,20240528,1.84,B,N,,1,,0,0,,0,0,42325,42325
OPS,Spius Cr,Chinook,Spring,2023,Coldwater R,TOMM,CK-17,LOWER THOMPSON_SP_1.2,M,H,Spius Creek H,Coldwater R,CK-17,LOWER THOMPSON_SP_1.2,Smolt 1+,NOCN2398,2025,20250414,20250414,15.73,P,N,,1,,0,0,,0,0,18190,18190
OPS,Spius Cr,Chinook,Spring,2023,Coldwater R,TOMM,CK-17,LOWER THOMPSON_SP_1.2,M,H,Spius Creek H,Coldwater R,CK-17,LOWER THOMPSON_SP_1.2,Smolt 1+,NOCN2399,2025,20250424,20250424,14.51,P,N,,1,,0,0,,0,0,23770,23770
OPS,Spius Cr,Chinook,Spring,2023,Nicola R,TOMM,CK-17,LOWER THOMPSON_SP_1.2,M,H,Spius Creek H,Nicola R,CK-17,LOWER THOMPSON_SP_1.2,Smolt 1+,187314,2025,20250422,20250423,16.57,P,N,,1,AD,171723,1412,,0,0,23,173158
OPS,Spius Cr,Chinook,Spring,2023,Nicola R,TOMM,CK-17,LOWER THOMPSON_SP_1.2,M,H,Spius Creek H,Spahomin Cr,,,Fed Fry,NOCN2364,2024,20240605,20240605,1.22,B, ,,1,,0,0,,0,0,13416,13416
OPS,Spius Cr,Chinook,Spring,2023,Salmon R/TOMF,TOMF,CK-14,SOUTH THOMPSON_SU_1.3,M,H,Spius Creek H,Salmon R/TOMF,CK-14,SOUTH THOMPSON_SU_1.3,Fed Fry,NOCN2365,2024,20240619,20240619,2.26,B,N,,1,,0,0,,0,0,54477,54477
OPS,Spius Cr,Chinook,Spring,2023,Spius Cr,TOMM,CK-17,LOWER THOMPSON_SP_1.2,M,H,Spius Creek H,Spius Cr,CK-17,LOWER THOMPSON_SP_1.2,Fed Fry,NOCN2366,2024,20240528,20240528,1.46,B,N,,1,,0,0,,0,0,14778,14778
OPS,Spius Cr,Chinook,Spring,2023,Spius Cr,TOMM,CK-17,LOWER THOMPSON_SP_1.2,M,H,Spius Creek H,Spius Cr,CK-17,LOWER THOMPSON_SP_1.2,Smolt 1+,NOCN2396,2025,20250425,20250425,15.55,P,N,,1,,0,0,,0,0,19293,19293
OPS,Spius Cr,Chinook,Summer,2014,Chilko R,UPFR,CK-11,MIDDLE FRASER RIVER_SU_1.3,W,H,Spius Creek H,Chilko R,CK-11,MIDDLE FRASER RIVER_SU_1.3,Fed Fry,181791,2015,20150615,20150615,3.35,B,N,,1,AD,42754,0,,0,0,1108,43862
OPS,Spius Cr,Chinook,Summer,2015,Chilko R,UPFR,CK-11,MIDDLE FRASER RIVER_SU_1.3,M,H,Spius Creek H,Chilko R,CK-11,MIDDLE FRASER RIVER_SU_1.3,Fed Fry,082749,2016,20160713,20160713,2.8,P,N,,1,AD,2126,0,,0,0,,2126
OPS,Spius Cr,Chinook,Summer,2015,Chilko R,UPFR,CK-11,MIDDLE FRASER RIVER_SU_1.3,M,H,Spius Creek H,Chilko R,CK-11,MIDDLE FRASER RIVER_SU_1.3,Fed Fry,082750,2016,20160713,20160713,2.8,P,N,,1,AD,2183,0,,0,0,,2183
OPS,Spius Cr,Chinook,Summer,2015,Chilko R,UPFR,CK-11,MIDDLE FRASER RIVER_SU_1.3,M,H,Spius Creek H,Chilko R,CK-11,MIDDLE FRASER RIVER_SU_1.3,Fed Fry,180777,2016,20160713,20160713,2.8,P,N,,1,AD,5215,0,,0,0,,5215
OPS,Spius Cr,Chinook,Summer,2015,Chilko R,UPFR,CK-11,MIDDLE FRASER RIVER_SU_1.3,M,H,Spius Creek H,Chilko R,CK-11,MIDDLE FRASER RIVER_SU_1.3,Fed Fry,180778,2016,20160713,20160713,2.8,P,N,,1,AD,5323,0,,0,0,,5323
OPS,Spius Cr,Chinook,Summer,2015,Chilko R,UPFR,CK-11,MIDDLE FRASER RIVER_SU_1.3,M,H,Spius Creek H,Chilko R,CK-11,MIDDLE FRASER RIVER_SU_1.3,Fed Fry,185622,2016,20160713,20160713,2.8,P,N,,1,AD,5829,0,,0,0,,5829
OPS,Spius Cr,Chinook,Summer,2015,Chilko R,UPFR,CK-11,MIDDLE FRASER RIVER_SU_1.3,M,H,Spius Creek H,Chilko R,CK-11,MIDDLE FRASER RIVER_SU_1.3,Fed Fry,185623,2016,20160713,20160713,2.8,P,N,,1,AD,6038,0,,0,0,,6038
OPS,Spius Cr,Chinook,Summer,2016,Chilko R,UPFR,CK-11,MIDDLE FRASER RIVER_SU_1.3,M,H,Spius Creek H,Chilko R,CK-11,MIDDLE FRASER RIVER_SU_1.3,Fed Fry,181927,2017,20170802,20170802,1,P,N,,1,AD,8479,0,,0,0,,8479
OPS,Spius Cr,Chinook,Summer,2017,Chilko R,UPFR,CK-11,MIDDLE FRASER RIVER_SU_1.3,M,H,Spius Creek H,Chilko R,CK-11,MIDDLE FRASER RIVER_SU_1.3,Fed Fry,181742,2018,20180619,20180619,2.9,P,N,,1,AD,1405,7,,0,0,,1412
OPS,Spius Cr,Chinook,Summer,2017,Chilko R,UPFR,CK-11,MIDDLE FRASER RIVER_SU_1.3,M,H,Spius Creek H,Chilko R,CK-11,MIDDLE FRASER RIVER_SU_1.3,Fed Fry,185980,2018,20180619,20180619,2.9,P,N,,1,AD,58398,293,,0,0,,58691
OPS,Spius Cr,Chinook,Summer,2018,Chilko R,UPFR,CK-11,MIDDLE FRASER RIVER_SU_1.3,M,H,Spius Creek H,Chilko R,CK-11,MIDDLE FRASER RIVER_SU_1.3,Fed Fry,183364,2019,20190523,20190523,2.68,B,N,,1,AD,2684,4,,0,0,,2688
OPS,Spius Cr,Chinook,Summer,2018,Chilko R,UPFR,CK-11,MIDDLE FRASER RIVER_SU_1.3,M,H,Spius Creek H,Chilko R,CK-11,MIDDLE FRASER RIVER_SU_1.3,Fed Fry,185977,2019,20190702,20190702,1.79,B,N,,1,AD,35433,59,,0,0,,35492
OPS,Spius Cr,Chinook,Summer,2019,Nahatlatch R,UPFR,CK-08,MIDDLE FRASER-FRASER CANYON_SP_1.3,W,H,Spius Creek H,Nahatlatch R,CK-08,MIDDLE FRASER-FRASER CANYON_SP_1.3,Fed Fry,NOCN1970,2020,20200625,20200625,2.42,P,N,,1,,0,0,,0,0,1265,1265
OPS,Spius Cr,Chinook,Summer,2021,Chilko R,UPFR,CK-11,MIDDLE FRASER RIVER_SU_1.3,M,H,Spius Creek H,Chilko R,CK-11,MIDDLE FRASER RIVER_SU_1.3,Fed Fry,186268,2022,20220719,20220719,3.82,P,N,,1,AD,3792,0,,0,0,,3792
OPS,Spius Cr,Chinook,Summer,2021,Chilko R,UPFR,CK-11,MIDDLE FRASER RIVER_SU_1.3,M,H,Spius Creek H,Chilko R,CK-11,MIDDLE FRASER RIVER_SU_1.3,Fed Fry,186269,2022,20220719,20220719,3.82,P,N,,1,AD,2116,0,,0,0,,2116
OPS,Spius Cr,Chinook,Summer,2022,Chilko R,UPFR,CK-11,MIDDLE FRASER RIVER_SU_1.3,W,H,Spius Creek H,Chilko R,CK-11,MIDDLE FRASER RIVER_SU_1.3,Smolt 1+,185280,2024,20240417,20240417,15.9,P,N,,1,AD,38746,2225,,0,0,,40971
OPS,Spius Cr,Chinook,Summer,2022,Chilko R,UPFR,CK-11,MIDDLE FRASER RIVER_SU_1.3,W,H,Spius Creek H,Chilko R,CK-11,MIDDLE FRASER RIVER_SU_1.3,Fed Fry,186386,2023,20230727,20230727,3.48,B,N,,1,AD,13615,516,,0,0,,14131
OPS,Spius Cr,Chinook,Summer,2023,Chilko R,UPFR,CK-11,MIDDLE FRASER RIVER_SU_1.3,W,H,Spius Creek H,Chilko R,CK-11,MIDDLE FRASER RIVER_SU_1.3,Fed Fry,183377,2024,20240709,20240709,3.36,B,N,,1,AD,10786,109,,0,0,,10895
OPS,Stuart R,Chinook,Summer,1982,Stuart R,UPFR,CK-11,MIDDLE FRASER RIVER_SU_1.3,W,H,Stuart River,Stuart R,CK-11,MIDDLE FRASER RIVER_SU_1.3,Smolt 0+,022360,1983,198304,19830426,4.6,B,N,LATE RELEASE,1,AD,23764,1593,,0,0,575,25932
OPS,Stuart R,Chinook,Summer,1982,Stuart R,UPFR,CK-11,MIDDLE FRASER RIVER_SU_1.3,W,H,Stuart River,Stuart R,CK-11,MIDDLE FRASER RIVER_SU_1.3,Smolt 0+,022361,1983,198304,19830406,3.3,B,N,EARLY RELEASE,1,AD,25901,1069,,0,0,527,27497
OPS,Tenderfoot Cr,Chinook,Fall,2019,Portage Cr,UPFR,CK-09,MIDDLE FRASER RIVER-PORTAGE_FA_1.3,W,H,Tenderfoot Creek H,Portage Cr,CK-09,MIDDLE FRASER RIVER-PORTAGE_FA_1.3,Smolt 1+,186486,2021,20210427,20210428,13.04,P,N,,1,AD,44449,1600,,0,0,,46049
OPS,Tenderfoot Cr,Chinook,Fall,2019,Portage Cr,UPFR,CK-09,MIDDLE FRASER RIVER-PORTAGE_FA_1.3,W,H,Tenderfoot Creek H,Portage Cr,CK-09,MIDDLE FRASER RIVER-PORTAGE_FA_1.3,Unfed,NOCN19151,2020,20200225,20200225,,P,N,fish were BKD low positive.,1,,0,0,,0,0,4030,4030
OPS,Tenderfoot Cr,Chinook,Fall,2020,Portage Cr,UPFR,CK-09,MIDDLE FRASER RIVER-PORTAGE_FA_1.3,W,H,Tenderfoot Creek H,Portage Cr,CK-09,MIDDLE FRASER RIVER-PORTAGE_FA_1.3,Smolt 1+,181775,2022,20220429,20220429,13.11,P,N,,1,AD,21740,3511,,0,0,,25251
OPS,Tenderfoot Cr,Chinook,Fall,2021,Portage Cr,UPFR,CK-09,MIDDLE FRASER RIVER-PORTAGE_FA_1.3,W,H,Tenderfoot Creek H,Portage Cr,CK-09,MIDDLE FRASER RIVER-PORTAGE_FA_1.3,Smolt 1+,185387,2023,20230426,20230426,15.61,P,N,,1,AD,15831,52,,0,0,,15883
OPS,Tenderfoot Cr,Chinook,Fall,2022,Portage Cr,UPFR,CK-09,MIDDLE FRASER RIVER-PORTAGE_FA_1.3,W,H,Tenderfoot Creek H,Portage Cr,CK-09,MIDDLE FRASER RIVER-PORTAGE_FA_1.3,Smolt 1+,186082,2024,20240404,20240405,13.48,P,N,,1,AD,30238,1000,,0,0,,31238
PIP,Car-Chilc (Williams) Sch,Chinook,Spring,2001,Dome Cr,UPFR,CK-12,UPPER FRASER RIVER_SP_1.3,M,H,Williams Lk Schools,Dome Cr,CK-12,UPPER FRASER RIVER_SP_1.3,Smolt 0+,NOCN0161,2002,200205,200205,2,B,N,,1,,0,0,,0,0,1620,1620
PIP,Car-Chilc (Williams) Sch,Chinook,Spring,2002,Dome Cr,UPFR,CK-12,UPPER FRASER RIVER_SP_1.3,M,H,Williams Lk Schools,Dome Cr,CK-12,UPPER FRASER RIVER_SP_1.3,Smolt 0+,NOCN02108,2003,200305,200305,3,B,N,,1,,0,0,,0,0,400,400
PIP,Car-Chilc (Williams) Sch,Chinook,Summer,1994,Quesnel R,UPFR,CK-11,MIDDLE FRASER RIVER_SU_1.3,M,H,Williams Lk Schools,Quesnel R,CK-11,MIDDLE FRASER RIVER_SU_1.3,Smolt 0+,NOCN94108,1995,199505,199505,3,B,N,,1,,0,0,,0,0,900,900
PIP,Car-Chilc (Williams) Sch,Chinook,Summer,1995,Quesnel R,UPFR,CK-11,MIDDLE FRASER RIVER_SU_1.3,M,H,Williams Lk Schools,Quesnel R,CK-11,MIDDLE FRASER RIVER_SU_1.3,Smolt 0+,NOCN95110,1996,199605,199605,3,B,Y,,1,,0,0,,0,0,900,900
PIP,Car-Chilc (Williams) Sch,Chinook,Summer,1996,Quesnel R,UPFR,CK-11,MIDDLE FRASER RIVER_SU_1.3,M,H,Williams Lk Schools,Quesnel R,CK-11,MIDDLE FRASER RIVER_SU_1.3,Smolt 0+,NOCN9653,1997,19970515,19970531,3,B,N,,1,,0,0,,0,0,900,900
PIP,Car-Chilc (Williams) Sch,Chinook,Summer,1997,Quesnel R,UPFR,CK-11,MIDDLE FRASER RIVER_SU_1.3,M,H,Williams Lk Schools,Williams Lk R,,,Smolt 0+,NOCN97124,1998,199805,199805,3,B,Y,,1,,0,0,,0,0,810,810
PIP,Car-Chilc (Williams) Sch,Chinook,Summer,1998,Quesnel R,UPFR,CK-11,MIDDLE FRASER RIVER_SU_1.3,M,H,Williams Lk Schools,Williams Lk R,,,Fed Fry,NOCN98138,1999,199905,199905,3,B,Y,,1,,0,0,,0,0,800,800
PIP,Car-Chilc (Williams) Sch,Chinook,Summer,1999,Quesnel R,UPFR,CK-11,MIDDLE FRASER RIVER_SU_1.3,M,H,Williams Lk Schools,Williams Lk R,,,Smolt 0+,NOCN99138,2000,200005,200005,3,B,Y,,1,,0,0,,0,0,900,900
PIP,Car-Chilc (Williams) Sch,Chinook,Summer,2007,Quesnel R,UPFR,CK-11,MIDDLE FRASER RIVER_SU_1.3,M,H,Williams Lk Schools,Williams Lk R,,,Fed Fry,NOCN07111,2008,200805,200806,1.5,B,Y,,1,,0,0,,0,0,450,450
PIP,Car-Chilc (Williams) Sch,Chinook,Summer,2012,Quesnel R,UPFR,CK-11,MIDDLE FRASER RIVER_SU_1.3,M,H,Williams Lk Schools,Williams Lk R,,,Fed Fry,NOCN1282,2013,201305,201305,,B,Y,,1,,0,0,,0,0,326,326
PIP,Car-Chilc (Williams) Sch,Chinook,Summer,2013,Quesnel R,UPFR,CK-11,MIDDLE FRASER RIVER_SU_1.3,M,H,Williams Lk Schools,Williams Lk R,,,Fed Fry,NOCN1358,2014,201405,201406,,B,Y,,1,,0,0,,0,0,640,640
PIP,Car-Chilc (Williams) Sch,Chinook,Summer,2014,Chilko R,UPFR,CK-11,MIDDLE FRASER RIVER_SU_1.3,W,H,Williams Lk Schools,Chilko R,CK-11,MIDDLE FRASER RIVER_SU_1.3,Fed Fry,NOCN1479,2015,20150526,20150526,,B,N,,1,,0,0,,0,0,18,18
PIP,Car-Chilc (Williams) Sch,Chinook,Summer,2014,Quesnel R,UPFR,CK-11,MIDDLE FRASER RIVER_SU_1.3,M,H,Williams Lk Schools,Williams Lk R,,,Fed Fry,NOCN1478,2015,20150526,20150529,,B,N,,1,,0,0,,0,0,365,365
PIP,Car-Chilc (Williams) Sch,Chinook,Summer,2016,Chilko R,UPFR,CK-11,MIDDLE FRASER RIVER_SU_1.3,M,H,Williams Lk Schools,Chilcotin R,,,Fed Fry,NOCN16100,2017,20170525,20170525,,B,Y,,1,,0,0,,0,0,188,188
PIP,Car-Chilc (Williams) Sch,Chinook,Summer,2016,Quesnel R,UPFR,CK-11,MIDDLE FRASER RIVER_SU_1.3,M,H,Williams Lk Schools,Williams Lk R,,,Fed Fry,NOCN1694,2017,20170531,20170602,1,B,N,,1,,0,0,,0,0,335,335
PIP,Car-Chilc (Williams) Sch,Chinook,Summer,2017,Chilko R,UPFR,CK-11,MIDDLE FRASER RIVER_SU_1.3,M,H,Williams Lk Schools,Chilko R,CK-11,MIDDLE FRASER RIVER_SU_1.3,Fed Fry,NOCN1770,2018,20180524,20180524,,B,N,,1,,0,0,,0,0,235,235
PIP,Car-Chilc (Williams) Sch,Chinook,Summer,2017,Quesnel R,UPFR,CK-11,MIDDLE FRASER RIVER_SU_1.3,M,H,Williams Lk Schools,Williams Lk R,,,Fed Fry,NOCN1771,2018,20180528,20180608,1,B,U,,1,,0,0,,0,0,511,511
PIP,Car-Chilc (Williams) Sch,Chinook,Summer,2018,Chilko R,UPFR,CK-11,MIDDLE FRASER RIVER_SU_1.3,M,H,Williams Lk Schools,Chilcotin R,,,Fed Fry,NOCN1876,2019,20190515,20190515,,B,N,,1,,0,0,,0,0,175,175
PIP,Car-Chilc (Williams) Sch,Chinook,Summer,2018,Quesnel R,UPFR,CK-11,MIDDLE FRASER RIVER_SU_1.3,M,H,Williams Lk Schools,Williams Lk R,,,Fed Fry,NOCN1875,2019,20190526,20190529,,B,N,,1,,0,0,,0,0,427,427
PIP,Car-Chilc (Williams) Sch,Chinook,Summer,2019,Chilko R,UPFR,CK-11,MIDDLE FRASER RIVER_SU_1.3,M,H,Williams Lk Schools,Chilcotin R,,,Fed Fry,NOCN19134,2020,20200330,20200331,,B,U,,1,,0,0,,0,0,286,286
PIP,Car-Chilc (Williams) Sch,Chinook,Summer,2020,Chilko R,UPFR,CK-11,MIDDLE FRASER RIVER_SU_1.3,M,H,Williams Lk Schools,Chilcotin R,,,Fed Fry,NOCN2095,2021,20210527,20210527,,B,N,,1,,0,0,,0,0,25,25
PIP,Car-Chilc (Williams) Sch,Chinook,Summer,2020,Nechako R,UPFR,CK-11,MIDDLE FRASER RIVER_SU_1.3,M,H,Williams Lk Schools,Nechako R,CK-11,MIDDLE FRASER RIVER_SU_1.3,Fed Fry,NOCN2094,2021,20210528,20210608,,B,N,,1,,0,0,,0,0,60,60
PIP,Car-Chilc (Williams) Sch,Chinook,Summer,2021,Nechako R,UPFR,CK-11,MIDDLE FRASER RIVER_SU_1.3,M,H,Williams Lk Schools,Williams Lk R,,,Fed Fry,NOCN2137,2022,20220520,20220609,,P,N,,1,,0,0,,0,0,280,280
PIP,Car-Chilc (Williams) Sch,Chinook,Summer,2022,Chilko R,UPFR,CK-11,MIDDLE FRASER RIVER_SU_1.3,M,H,Williams Lk Schools,Chilcotin R,,,Fed Fry,NOCN2232,2023,20230530,20230530,1.5,P,N,,1,,0,0,,0,0,23,23
PIP,Car-Chilc (Williams) Sch,Chinook,Summer,2022,Nechako R,UPFR,CK-11,MIDDLE FRASER RIVER_SU_1.3,M,H,Williams Lk Schools,Williams Lk R,,,Fed Fry,NOCN2231,2023,20230523,20230623,1.5,P,N,,1,,0,0,,0,0,286,286
PIP,Car-Chilc (Williams) Sch,Chinook,Summer,2023,Chilko R,UPFR,CK-11,MIDDLE FRASER RIVER_SU_1.3,M,H,Williams Lk Schools,Chilcotin R,,,Fed Fry,NOCN2314,2024,20240606,20240610,1.5,P,N,,1,,0,0,,0,0,63,63
PIP,Car-Chilc (Williams) Sch,Chinook,Summer,2023,Nechako R,UPFR,CK-11,MIDDLE FRASER RIVER_SU_1.3,M,H,Williams Lk Schools,Williams Lk R,,,Fed Fry,NOCN2313,2024,20240523,20240613,1.5,P,N,,1,,0,0,,0,0,252,252
PIP,Central Okanagan Sch,Chinook,Summer,2015,Shuswap R Low,TOMF,CK-15,SHUSWAP RIVER_SU_0.3,M,H,Kelowna Schools,Shuswap R Low,CK-15,SHUSWAP RIVER_SU_0.3,Fed Fry,NOCN1577,2016,201607,201607,1,B,N,,1,,0,0,,0,0,200,200
PIP,Centre Cr,Chinook,Spring,1982,Chehalis R,LWFR,,,W,H,Centre Creek H,Chilliwack R,CK-06,LOWER FRASER RIVER_SU_1.3,Smolt 0+,LV8211,1983,19830613,19830613,4,P,Y,MARKED FOR ESCAPEMENT I.D.,1,,0,0,LV,13930,0,,13930
PIP,Chilako R,Chinook,Spring,1983,Slim Cr,UPFR,CK-12,UPPER FRASER RIVER_SP_1.3,W,H,Chilako River H,Slim Cr,CK-12,UPPER FRASER RIVER_SP_1.3,Smolt 0+,NOCN8328,1984,19840515,19840515,2.5,P,N,,1,,0,0,,0,0,14000,14000
PIP,Chilako R,Chinook,Spring,1984,Chilako R,UPFR,CK-10,MIDDLE FRASER RIVER_SP_1.3,W,H,Chilako River H,Chilako R,CK-10,MIDDLE FRASER RIVER_SP_1.3,Smolt 0+,NOCN8424,1985,19850618,19850618,5,P,N,,1,,0,0,,0,0,5500,5500
PIP,Chilako R,Chinook,Spring,1985,Chilako R,UPFR,CK-10,MIDDLE FRASER RIVER_SP_1.3,W,H,Chilako River H,Chilako R,CK-10,MIDDLE FRASER RIVER_SP_1.3,Smolt 0+,NOCN8551,1986,19860410,19860410,5,P,N,,1,,0,0,,0,0,5400,5400
PIP,Chilako R,Chinook,Spring,1986,Chilako R,UPFR,CK-10,MIDDLE FRASER RIVER_SP_1.3,W,H,Chilako River H,Chilako R,CK-10,MIDDLE FRASER RIVER_SP_1.3,Smolt 0+,NOCN8647,1987,19870422,19870422,5,P,N,,1,,0,0,,0,0,7000,7000
PIP,Chilako R,Chinook,Spring,1987,Chilako R,UPFR,CK-10,MIDDLE FRASER RIVER_SP_1.3,M,H,Chilako River H,Chilako R,CK-10,MIDDLE FRASER RIVER_SP_1.3,Smolt 0+,NOCN8727,1988,19880404,19880404,5,P,N,,1,,0,0,,0,0,1000,1000
PIP,Chilako R,Chinook,Spring,1990,Chilako R,UPFR,CK-10,MIDDLE FRASER RIVER_SP_1.3,M,H,Chilako River H,Chilako R,CK-10,MIDDLE FRASER RIVER_SP_1.3,Smolt 0+,NOCN9059,1991,199105,199105,0,P,N,,1,,0,0,,0,0,4000,4000
PIP,Chilako R,Chinook,Spring,1992,Chilako R,UPFR,CK-10,MIDDLE FRASER RIVER_SP_1.3,M,H,Chilako River H,Chilako R,CK-10,MIDDLE FRASER RIVER_SP_1.3,Smolt 0+,NOCN9259,1993,199306,199306,8.5,P,N,,1,,0,0,,0,0,2500,2500
PIP,Chilako R,Chinook,Spring,1994,Salmon R/UPFR,UPFR,CK-12,UPPER FRASER RIVER_SP_1.3,M,H,Chilako River H,Salmon R/UPFR,CK-12,UPPER FRASER RIVER_SP_1.3,Smolt 0+,NOCN9441,1995,19950503,19950503,10,P,N,,1,,0,0,,0,0,3500,3500
PIP,Chilako R,Chinook,Spring,1995,Salmon R/UPFR,UPFR,CK-12,UPPER FRASER RIVER_SP_1.3,M,H,Chilako River H,Chilako R,CK-10,MIDDLE FRASER RIVER_SP_1.3,Smolt 0+,NOCN9561,1996,19960430,19960430,5,B,Y,ACCIDENTAL ESCAPE; FISH MEANT TO GO BACK TO SALMON RIVER,1,,0,0,,0,0,5500,5500
PIP,Chilako R,Chinook,Spring,1996,Salmon R/UPFR,UPFR,CK-12,UPPER FRASER RIVER_SP_1.3,M,H,Chilako River H,Salmon R/UPFR,CK-12,UPPER FRASER RIVER_SP_1.3,Smolt 0+,NOCN9649,1997,19970515,19970515,5,P,N,,1,,0,0,,0,0,5800,5800
PIP,Chilako R,Chinook,Spring,1997,Salmon R/UPFR,UPFR,CK-12,UPPER FRASER RIVER_SP_1.3,M,H,Chilako River H,Salmon R/UPFR,CK-12,UPPER FRASER RIVER_SP_1.3,Smolt 0+,NOCN9777,1998,19980501,19980501,0,P,N,,1,,0,0,,0,0,5000,5000
PIP,Chilako R,Chinook,Summer,1998,Quesnel R,UPFR,CK-11,MIDDLE FRASER RIVER_SU_1.3,M,H,Chilako River H,Quesnel R,CK-11,MIDDLE FRASER RIVER_SU_1.3,Fed Fall,NOCN98126,1999,199909,199909,6,B,N,,1,,0,0,,0,0,4200,4200
PIP,Gold Trail Sch,Chinook,Spring,1988,Bridge R,UPFR,CK-10,MIDDLE FRASER RIVER_SP_1.3,M,H,Gold Trail Schools,Bridge R,CK-10,MIDDLE FRASER RIVER_SP_1.3,Fed Fry,NOCN8841,1989,19890515,19890515,0,B,N,,1,,0,0,,0,0,81,81
PIP,Gold Trail Sch,Chinook,Spring,1989,Bridge R,UPFR,CK-10,MIDDLE FRASER RIVER_SP_1.3,M,H,Gold Trail Schools,Bridge R,CK-10,MIDDLE FRASER RIVER_SP_1.3,Fed Fry,NOCN8972,1990,19900601,19900601,0,B,N,,1,,0,0,,0,0,81,81
PIP,Gold Trail Sch,Chinook,Spring,1990,Bridge R,UPFR,CK-10,MIDDLE FRASER RIVER_SP_1.3,M,H,Gold Trail Schools,Bridge R,CK-10,MIDDLE FRASER RIVER_SP_1.3,Fed Fry,NOCN9070,1991,199105,199105,0,B,N,,1,,0,0,,0,0,80,80
PIP,Gold Trail Sch,Chinook,Spring,1991,Bridge R,UPFR,CK-10,MIDDLE FRASER RIVER_SP_1.3,M,H,Gold Trail Schools,Bridge R,CK-10,MIDDLE FRASER RIVER_SP_1.3,Smolt 0+,NOCN9167,1992,199206,199206,0,B,N,,1,,0,0,,0,0,160,160
PIP,Gold Trail Sch,Chinook,Spring,1992,Bridge R,UPFR,CK-10,MIDDLE FRASER RIVER_SP_1.3,M,H,Gold Trail Schools,Bridge R,CK-10,MIDDLE FRASER RIVER_SP_1.3,Fed Fry,NOCN9247,1993,199305,199305,0,B,N,,1,,0,0,,0,0,160,160
PIP,Gold Trail Sch,Chinook,Spring,1993,Bridge R,UPFR,CK-10,MIDDLE FRASER RIVER_SP_1.3,M,H,Gold Trail Schools,Bridge R,CK-10,MIDDLE FRASER RIVER_SP_1.3,Smolt 0+,NOCN9358,1994,199405,199405,0,B,N,,1,,0,0,,0,0,240,240
PIP,Gold Trail Sch,Chinook,Spring,1994,Bridge R,UPFR,CK-10,MIDDLE FRASER RIVER_SP_1.3,M,H,Gold Trail Schools,Bridge R,CK-10,MIDDLE FRASER RIVER_SP_1.3,Smolt 0+,NOCN9459,1995,199505,199505,0,B,N,,1,,0,0,,0,0,80,80
PIP,Gold Trail Sch,Chinook,Spring,1996,Bridge R,UPFR,CK-10,MIDDLE FRASER RIVER_SP_1.3,M,H,Gold Trail Schools,Bridge R,CK-10,MIDDLE FRASER RIVER_SP_1.3,Fed Fry,NOCN96135,1997,199705,199705,2,B,N,,1,,0,0,,0,0,82,82
PIP,Gold Trail Sch,Chinook,Spring,2000,Nicola R,TOMM,CK-17,LOWER THOMPSON_SP_1.2,M,H,Gold Trail Schools,Nicola R,CK-17,LOWER THOMPSON_SP_1.2,Smolt 0+,NOCN0085,2001,200105,200105,3,B,N,,1,,0,0,,0,0,150,150
PIP,Gold Trail Sch,Chinook,Spring,2001,Nicola R,TOMM,CK-17,LOWER THOMPSON_SP_1.2,M,H,Gold Trail Schools,Nicola R,CK-17,LOWER THOMPSON_SP_1.2,Smolt 0+,NOCN0196,2002,200205,200205,0,B,N,,1,,0,0,,0,0,150,150
PIP,Kamloops Sch,Chinook,Summer,1985,Clearwater R Up,TOMF,CK-19,NORTH THOMPSON_SU_1.3,M,H,North Thompson Schools,Clearwater R Up,CK-19,NORTH THOMPSON_SU_1.3,Fed Fry,NOCN8555,1986,19860331,19860331,0,B,N,,1,,0,0,,0,0,95,95
PIP,Kamloops Sch,Chinook,Summer,1986,Clearwater R Up,TOMF,CK-19,NORTH THOMPSON_SU_1.3,M,H,North Thompson Schools,Clearwater R Up,CK-19,NORTH THOMPSON_SU_1.3,Fed Fry,NOCN8656,1987,19870401,19870401,0,B,N,,1,,0,0,,0,0,72,72
PIP,Kamloops Sch,Chinook,Summer,1987,Clearwater R Up,TOMF,CK-19,NORTH THOMPSON_SU_1.3,M,H,North Thompson Schools,Clearwater R Up,CK-19,NORTH THOMPSON_SU_1.3,Fed Fry,NOCN8729,1988,19880430,19880430,0,B,N,,1,,0,0,,0,0,72,72
PIP,Kamloops Sch,Chinook,Summer,1988,Clearwater R Up,TOMF,CK-19,NORTH THOMPSON_SU_1.3,M,H,North Thompson Schools,Clearwater R Up,CK-19,NORTH THOMPSON_SU_1.3,Fed Fry,NOCN8835,1989,19890515,19890515,0,B,N,,1,,0,0,,0,0,80,80
PIP,Kamloops Sch,Chinook,Summer,1989,Clearwater R Up,TOMF,CK-19,NORTH THOMPSON_SU_1.3,M,H,North Thompson Schools,Clearwater R Up,CK-19,NORTH THOMPSON_SU_1.3,Fed Fry,NOCN8963,1990,199005,199005,0,B,N,,1,,0,0,,0,0,75,75
PIP,Kamloops Sch,Chinook,Summer,1990,Clearwater R Up,TOMF,CK-19,NORTH THOMPSON_SU_1.3,M,H,North Thompson Schools,Clearwater R Up,CK-19,NORTH THOMPSON_SU_1.3,Fed Fry,NOCN9069,1991,199105,199105,0,B,N,,1,,0,0,,0,0,160,160
PIP,Kamloops Sch,Chinook,Summer,1991,Clearwater R Up,TOMF,CK-19,NORTH THOMPSON_SU_1.3,M,H,North Thompson Schools,Clearwater R Up,CK-19,NORTH THOMPSON_SU_1.3,Fed Fry,NOCN9166,1992,199206,199206,0,B,N,,1,,0,0,,0,0,160,160
PIP,Kamloops Sch,Chinook,Summer,1992,Clearwater R Up,TOMF,CK-19,NORTH THOMPSON_SU_1.3,M,H,North Thompson Schools,Clearwater R Up,CK-19,NORTH THOMPSON_SU_1.3,Fed Fry,NOCN9245,1993,199305,199305,0,B,N,,1,,0,0,,0,0,160,160
PIP,Morley R Sch,Chinook,Spring,2018,Morley R,YUKN,CK-68,YUKON RIVER-TESLIN HEADWATERS,M,H,Morley River Schools,Deadman R,CK-17,LOWER THOMPSON_SP_1.2,Fed Fry,NOCN1889,2019,20190606,20190606,,B,N,,1,,0,0,,0,0,105,105
PIP,N Okanagan-Shuswap Sch,Chinook,Summer,1990,Shuswap R Low,TOMF,CK-15,SHUSWAP RIVER_SU_0.3,M,H,N Okanagan-Shuswap Sch,Shuswap R Low,CK-15,SHUSWAP RIVER_SU_0.3,Smolt 0+,NOCN9067,1991,199105,199105,0,B,N,,1,,0,0,,0,0,80,80
PIP,N Okanagan-Shuswap Sch,Chinook,Summer,1991,Shuswap R Low,TOMF,CK-15,SHUSWAP RIVER_SU_0.3,M,H,N Okanagan-Shuswap Sch,Shuswap R Low,CK-15,SHUSWAP RIVER_SU_0.3,Smolt 0+,NOCN9179,1992,199206,199206,0,B,N,,1,,0,0,,0,0,80,80
PIP,N Okanagan-Shuswap Sch,Chinook,Summer,1992,Shuswap R Low,TOMF,CK-15,SHUSWAP RIVER_SU_0.3,M,H,N Okanagan-Shuswap Sch,Shuswap R Low,CK-15,SHUSWAP RIVER_SU_0.3,Smolt 0+,NOCN9243,1993,199305,199305,0,B,N,,1,,0,0,,0,0,80,80
PIP,N Okanagan-Shuswap Sch,Chinook,Summer,1993,Shuswap R Low,TOMF,CK-15,SHUSWAP RIVER_SU_0.3,M,H,N Okanagan-Shuswap Sch,Shuswap R Low,CK-15,SHUSWAP RIVER_SU_0.3,Smolt 0+,NOCN9357,1994,199405,199405,0,B,N,,1,,0,0,,0,0,400,400
PIP,N Okanagan-Shuswap Sch,Chinook,Summer,1994,Shuswap R Low,TOMF,CK-15,SHUSWAP RIVER_SU_0.3,M,H,N Okanagan-Shuswap Sch,Shuswap R Low,CK-15,SHUSWAP RIVER_SU_0.3,Smolt 0+,NOCN9456,1995,199505,199505,0,B,N,,1,,0,0,,0,0,500,500
PIP,N Okanagan-Shuswap Sch,Chinook,Summer,1995,Shuswap R Low,TOMF,CK-15,SHUSWAP RIVER_SU_0.3,M,H,N Okanagan-Shuswap Sch,Shuswap R Low,CK-15,SHUSWAP RIVER_SU_0.3,Smolt 0+,NOCN9528,1996,199605,199605,2,B,N,,1,,0,0,,0,0,750,750
PIP,N Okanagan-Shuswap Sch,Chinook,Summer,1996,Shuswap R Low,TOMF,CK-15,SHUSWAP RIVER_SU_0.3,M,H,N Okanagan-Shuswap Sch,Shuswap R Low,CK-15,SHUSWAP RIVER_SU_0.3,Smolt 0+,NOCN9642,1997,19970430,19970430,2,B,N,,1,,0,0,,0,0,600,600
PIP,N Okanagan-Shuswap Sch,Chinook,Summer,1997,Shuswap R Low,TOMF,CK-15,SHUSWAP RIVER_SU_0.3,M,H,N Okanagan-Shuswap Sch,Shuswap R Low,CK-15,SHUSWAP RIVER_SU_0.3,Smolt 0+,NOCN9762,1998,199805,199805,2,B,N,,1,,0,0,,0,0,1200,1200
PIP,N Okanagan-Shuswap Sch,Chinook,Summer,1998,Shuswap R Low,TOMF,CK-15,SHUSWAP RIVER_SU_0.3,M,H,N Okanagan-Shuswap Sch,Shuswap R Low,CK-15,SHUSWAP RIVER_SU_0.3,Smolt 0+,NOCN9885,1999,199904,199904,3,B,N,CLASSROOM INCUBATION; RELEASE #'S ESTIMATED.,1,,0,0,,0,0,1200,1200
PIP,N Okanagan-Shuswap Sch,Chinook,Summer,1999,Shuswap R Low,TOMF,CK-15,SHUSWAP RIVER_SU_0.3,M,H,N Okanagan-Shuswap Sch,Shuswap R Low,CK-15,SHUSWAP RIVER_SU_0.3,Smolt 0+,NOCN9911,2000,200005,200005,3,B,N,,1,,0,0,,0,0,1000,1000
PIP,N Okanagan-Shuswap Sch,Chinook,Summer,2000,Shuswap R Low,TOMF,CK-15,SHUSWAP RIVER_SU_0.3,M,H,N Okanagan-Shuswap Sch,Shuswap R Low,CK-15,SHUSWAP RIVER_SU_0.3,Smolt 0+,NOCN0084,2001,200105,200105,3,B,N,,1,,0,0,,0,0,600,600
PIP,N Okanagan-Shuswap Sch,Chinook,Summer,2001,Shuswap R Low,TOMF,CK-15,SHUSWAP RIVER_SU_0.3,M,H,N Okanagan-Shuswap Sch,Shuswap R Low,CK-15,SHUSWAP RIVER_SU_0.3,Smolt 0+,NOCN0199,2002,200205,200205,3,B,N,,1,,0,0,,0,0,600,600
PIP,N Okanagan-Shuswap Sch,Chinook,Summer,2002,Shuswap R Low,TOMF,CK-15,SHUSWAP RIVER_SU_0.3,M,H,N Okanagan-Shuswap Sch,Shuswap R Low,CK-15,SHUSWAP RIVER_SU_0.3,Smolt 0+,NOCN0252,2003,200305,200306,3,B,N,CLASSROOM INCUBATION SIZE AND DATE ESTIMATED,1,,0,0,,0,0,600,600
PIP,N Okanagan-Shuswap Sch,Chinook,Summer,2003,Shuswap R Low,TOMF,CK-15,SHUSWAP RIVER_SU_0.3,M,H,N Okanagan-Shuswap Sch,Shuswap R Low,CK-15,SHUSWAP RIVER_SU_0.3,Smolt 0+,NOCN0323,2004,200405,200405,3,B,N,,1,,0,0,,0,0,585,585
PIP,N Okanagan-Shuswap Sch,Chinook,Summer,2004,Shuswap R Low,TOMF,CK-15,SHUSWAP RIVER_SU_0.3,M,H,N Okanagan-Shuswap Sch,Shuswap R Low,CK-15,SHUSWAP RIVER_SU_0.3,Smolt 0+,NOCN0445,2005,200505,200505,2,B,N,,1,,0,0,,0,0,600,600
PIP,N Okanagan-Shuswap Sch,Chinook,Summer,2005,Shuswap R Low,TOMF,CK-15,SHUSWAP RIVER_SU_0.3,M,H,N Okanagan-Shuswap Sch,Shuswap R Low,CK-15,SHUSWAP RIVER_SU_0.3,Smolt 0+,NOCN0529,2006,200605,200605,3,B,N,,1,,0,0,,0,0,600,600
PIP,N Okanagan-Shuswap Sch,Chinook,Summer,2006,Shuswap R Low,TOMF,CK-15,SHUSWAP RIVER_SU_0.3,M,H,N Okanagan-Shuswap Sch,Shuswap R Low,CK-15,SHUSWAP RIVER_SU_0.3,Smolt 0+,NOCN0611,2007,200705,200705,3,B,N,CLASSROOM INCUBATION.,1,,0,0,,0,0,600,600
PIP,N Okanagan-Shuswap Sch,Chinook,Summer,2007,Shuswap R Low,TOMF,CK-15,SHUSWAP RIVER_SU_0.3,M,H,N Okanagan-Shuswap Sch,Shuswap R Low,CK-15,SHUSWAP RIVER_SU_0.3,Smolt 0+,NOCN0733,2008,200805,200805,3,B,N,CLASSROOM INCUBATION,1,,0,0,,0,0,600,600
PIP,N Okanagan-Shuswap Sch,Chinook,Summer,2008,Shuswap R Low,TOMF,CK-15,SHUSWAP RIVER_SU_0.3,M,H,N Okanagan-Shuswap Sch,Shuswap R Low,CK-15,SHUSWAP RIVER_SU_0.3,Smolt 0+,NOCN0804,2009,200905,200905,3,B,N,RELEASE WEIGHT ESTIMATED. CLASSROOM INCUBATION.,1,,0,0,,0,0,650,650
PIP,N Okanagan-Shuswap Sch,Chinook,Summer,2010,Shuswap R Low,TOMF,CK-15,SHUSWAP RIVER_SU_0.3,M,H,N Okanagan-Shuswap Sch,Shuswap R Low,CK-15,SHUSWAP RIVER_SU_0.3,Fed Fry,NOCN1093,2011,20110401,20110401,,B,N,,1,,0,0,,0,0,1770,1770
PIP,N Okanagan-Shuswap Sch,Chinook,Summer,2013,Shuswap R Low,TOMF,CK-15,SHUSWAP RIVER_SU_0.3,M,H,N Okanagan-Shuswap Sch,Shuswap R Low,CK-15,SHUSWAP RIVER_SU_0.3,Fed Fry,NOCN1378,2014,201405,201406,2.5,B,N,,1,,0,0,,0,0,2000,2000
PIP,N Okanagan-Shuswap Sch,Chinook,Summer,2014,Shuswap R Low,TOMF,CK-15,SHUSWAP RIVER_SU_0.3,M,H,N Okanagan-Shuswap Sch,Shuswap R Low,CK-15,SHUSWAP RIVER_SU_0.3,Fed Fry,NOCN1488,2015,20150501,20150615,3,B,N,,1,,0,0,,0,0,990,990
PIP,N Okanagan-Shuswap Sch,Chinook,Summer,2015,Shuswap R Low,TOMF,CK-15,SHUSWAP RIVER_SU_0.3,M,H,N Okanagan-Shuswap Sch,Shuswap R Low,CK-15,SHUSWAP RIVER_SU_0.3,Fed Fry,NOCN1576,2016,201606,201606,1,B,N,,1,,0,0,,0,0,864,864
PIP,N Okanagan-Shuswap Sch,Chinook,Summer,2016,Shuswap R Low,TOMF,CK-15,SHUSWAP RIVER_SU_0.3,M,H,N Okanagan-Shuswap Sch,Shuswap R Low,CK-15,SHUSWAP RIVER_SU_0.3,Fed Fry,NOCN1673,2017,201706,201706,,B,N,,1,,0,0,,0,0,645,645
PIP,N Okanagan-Shuswap Sch,Chinook,Summer,2017,Shuswap R Low,TOMF,CK-15,SHUSWAP RIVER_SU_0.3,M,H,N Okanagan-Shuswap Sch,Shuswap R Low,CK-15,SHUSWAP RIVER_SU_0.3,Fed Fry,NOCN1766,2018,201806,201806,1,B,N,,1,,0,0,,0,0,1183,1183
PIP,N Okanagan-Shuswap Sch,Chinook,Summer,2018,Shuswap R Low,TOMF,CK-15,SHUSWAP RIVER_SU_0.3,M,H,N Okanagan-Shuswap Sch,Shuswap R Low,CK-15,SHUSWAP RIVER_SU_0.3,Fed Fry,NOCN1822,2019,20190601,20190630,,B,N,,1,,0,0,,0,0,1120,1120
PIP,N Okanagan-Shuswap Sch,Chinook,Summer,2020,Shuswap R Low,TOMF,CK-15,SHUSWAP RIVER_SU_0.3,M,H,N Okanagan-Shuswap Sch,Shuswap R Low,CK-15,SHUSWAP RIVER_SU_0.3,Fed Fry,NOCN2089,2021,20210429,20210624,,B,N,,1,,0,0,,0,0,500,500
PIP,N Okanagan-Shuswap Sch,Chinook,Summer,2021,Shuswap R Low,TOMF,CK-15,SHUSWAP RIVER_SU_0.3,M,H,N Okanagan-Shuswap Sch,Shuswap R Low,CK-15,SHUSWAP RIVER_SU_0.3,Fed Fry,NOCN2131,2022,20220502,20220602,,P,N,,1,,0,0,,0,0,505,505
PIP,N Okanagan-Shuswap Sch,Chinook,Summer,2022,Shuswap R Low,TOMF,CK-15,SHUSWAP RIVER_SU_0.3,M,H,N Okanagan-Shuswap Sch,Shuswap R Low,CK-15,SHUSWAP RIVER_SU_0.3,Fed Fry,NOCN2214,2023,20230501,20230630,,P,N,,1,,0,0,,0,0,1000,1000
PIP,N Okanagan-Shuswap Sch,Chinook,Summer,2023,Shuswap R Low,TOMF,CK-15,SHUSWAP RIVER_SU_0.3,M,H,N Okanagan-Shuswap Sch,Shuswap R Low,CK-15,SHUSWAP RIVER_SU_0.3,Fed Fry,NOCN2339,2024,20240423,20240620,,P,N,,1,,0,0,,0,0,850,850
PIP,N`Quatqua,Chinook,Spring,2020,Bridge R,UPFR,CK-10,MIDDLE FRASER RIVER_SP_1.3,M,H,N'Quatqua H,Bridge R,CK-10,MIDDLE FRASER RIVER_SP_1.3,Fed Fry,NOCN2092,2021,20210830,20210902,5.8,B,N,2986 PIT Tagged,1,,0,0,,0,0,8682,8682
PIP,N`Quatqua,Chinook,Spring,2021,Bridge R,UPFR,CK-10,MIDDLE FRASER RIVER_SP_1.3,M,H,N'Quatqua H,Bridge R,CK-10,MIDDLE FRASER RIVER_SP_1.3,Fed Fall,NOCN2177,2022,20220909,20220909,5.6,P,N,,1,,0,0,,0,0,21292,21292
PIP,N`Quatqua,Chinook,Spring,2022,Bridge R,UPFR,CK-10,MIDDLE FRASER RIVER_SP_1.3,M,H,N'Quatqua H,Bridge R,CK-10,MIDDLE FRASER RIVER_SP_1.3,Smolt 1+,182986,2024,20240405,20240405,13.6,P,N,,1,AD,9950,865,,0,0,,10815
PIP,N`Quatqua,Chinook,Spring,2022,Bridge R,UPFR,CK-10,MIDDLE FRASER RIVER_SP_1.3,M,H,N'Quatqua H,Bridge R,CK-10,MIDDLE FRASER RIVER_SP_1.3,Fed Fall,185283,2023,20231016,20231016,8.2,P,N,,1,AD,22113,1923,,0,0,,24036
PIP,N`Quatqua,Chinook,Spring,2022,Bridge R,UPFR,CK-10,MIDDLE FRASER RIVER_SP_1.3,M,H,N'Quatqua H,Bridge R,CK-10,MIDDLE FRASER RIVER_SP_1.3,Fed Fall,186034,2023,20230928,20230928,8.2,P,N,,1,AD,26053,2266,,0,0,,28319
PIP,N`Quatqua,Chinook,Spring,2022,Bridge R,UPFR,CK-10,MIDDLE FRASER RIVER_SP_1.3,M,H,N'Quatqua H,Bridge R,CK-10,MIDDLE FRASER RIVER_SP_1.3,Smolt 1+,186154,2024,20240402,20240402,13.6,P,N,,1,AD,10506,914,,0,0,,11420
PIP,Nechako Lks (Burns L) Sch,Chinook,Spring,2019,Endako R,UPFR,CK-10,MIDDLE FRASER RIVER_SP_1.3,M,H,Burns Lake School,Endako R,CK-10,MIDDLE FRASER RIVER_SP_1.3,Fed Fry,NOCN19113,2020,20200323,20200323,2,B,N,,1,,0,0,,0,0,22,22
PIP,Nechako Lks (Burns L) Sch,Chinook,Summer,2020,Nechako R,UPFR,CK-11,MIDDLE FRASER RIVER_SU_1.3,M,H,Burns Lake School,Nechako R,CK-11,MIDDLE FRASER RIVER_SU_1.3,Fed Fry,NOCN2096,2021,20210504,20210504,2,B,N,,1,,0,0,,0,0,5,5
PIP,Nechako Lks (Burns L) Sch,Chinook,Summer,2021,Nechako R,UPFR,CK-11,MIDDLE FRASER RIVER_SU_1.3,M,H,Burns Lake School,Nechako R,CK-11,MIDDLE FRASER RIVER_SU_1.3,Fed Fry,NOCN2195,2022,20220512,20220512,1.5,B,N,,1,,0,0,,0,0,33,33
PIP,Nechako Lks (Burns L) Sch,Chinook,Summer,2022,Nechako R,UPFR,CK-11,MIDDLE FRASER RIVER_SU_1.3,M,H,Burns Lake School,Nechako R,CK-11,MIDDLE FRASER RIVER_SU_1.3,Fed Fry,NOCN2250,2023,20230511,20230511,1,P,N,,1,,0,0,,0,0,30,30
PIP,Nechako Lks (Vanderh) Sch,Chinook,Spring,1986,Salmon R/UPFR,UPFR,CK-12,UPPER FRASER RIVER_SP_1.3,W,H,Nechako Lks (Vanderh) Sch,Salmon R/UPFR,CK-12,UPPER FRASER RIVER_SP_1.3,Smolt 0+,NOCN8678,1987,19870515,19870515,4,B,N,,1,,0,0,,0,0,24,24
PIP,Nechako Lks (Vanderh) Sch,Chinook,Spring,1987,Salmon R/UPFR,UPFR,CK-12,UPPER FRASER RIVER_SP_1.3,W,H,Nechako Lks (Vanderh) Sch,Salmon R/UPFR,CK-12,UPPER FRASER RIVER_SP_1.3,Smolt 0+,NOCN8770,1988,19880515,19880515,4,B,N,,1,,0,0,,0,0,144,144
PIP,Nechako Lks (Vanderh) Sch,Chinook,Spring,1996,Salmon R/UPFR,UPFR,CK-12,UPPER FRASER RIVER_SP_1.3,M,H,Nechako Lks (Vanderh) Sch,Salmon R/UPFR,CK-12,UPPER FRASER RIVER_SP_1.3,Smolt 0+,NOCN96147,1997,19970515,19970531,3,B,N,,1,,0,0,,0,0,264,264
PIP,Nechako Lks (Vanderh) Sch,Chinook,Spring,1997,Salmon R/UPFR,UPFR,CK-12,UPPER FRASER RIVER_SP_1.3,M,H,Nechako Lks (Vanderh) Sch,Salmon R/UPFR,CK-12,UPPER FRASER RIVER_SP_1.3,Smolt 0+,NOCN97123,1998,199805,199805,3,B,N,,1,,0,0,,0,0,240,240
PIP,Nechako Lks (Vanderh) Sch,Chinook,Spring,2003,Salmon R/UPFR,UPFR,CK-12,UPPER FRASER RIVER_SP_1.3,M,H,Nechako Lks (Vanderh) Sch,Salmon R/UPFR,CK-12,UPPER FRASER RIVER_SP_1.3,Smolt 0+,NOCN03134,2004,200406,200406,3,B,N,,1,,0,0,,0,0,270,270
PIP,Nechako Lks (Vanderh) Sch,Chinook,Summer,1988,Stuart R,UPFR,CK-11,MIDDLE FRASER RIVER_SU_1.3,M,H,Pr George (Mackenzie) Sch,Stuart R,CK-11,MIDDLE FRASER RIVER_SU_1.3,Fed Fry,NOCN8832,1989,19890515,19890515,0,B,N,,1,,0,0,,0,0,80,80
PIP,Nechako Lks (Vanderh) Sch,Chinook,Summer,1989,Stuart R,UPFR,CK-11,MIDDLE FRASER RIVER_SU_1.3,M,H,Pr George (Mackenzie) Sch,Stuart R,CK-11,MIDDLE FRASER RIVER_SU_1.3,Smolt 0+,NOCN8973,1990,199005,199005,0,B,N,,1,,0,0,,0,0,95,95
PIP,Nechako Lks (Vanderh) Sch,Chinook,Summer,1990,Stuart R,UPFR,CK-11,MIDDLE FRASER RIVER_SU_1.3,M,H,Pr George (Mackenzie) Sch,Stuart R,CK-11,MIDDLE FRASER RIVER_SU_1.3,Smolt 0+,NOCN9060,1991,199105,199105,0,B,N,,1,,0,0,,0,0,80,80
PIP,Nechako Lks (Vanderh) Sch,Chinook,Summer,1991,Stuart R,UPFR,CK-11,MIDDLE FRASER RIVER_SU_1.3,M,H,Pr George (Mackenzie) Sch,Stuart R,CK-11,MIDDLE FRASER RIVER_SU_1.3,Smolt 0+,NOCN9149,1992,199206,199206,0,B,N,,1,,0,0,,0,0,200,200
PIP,Nechako Lks (Vanderh) Sch,Chinook,Summer,1992,Stuart R,UPFR,CK-11,MIDDLE FRASER RIVER_SU_1.3,M,H,Pr George (Mackenzie) Sch,Stuart R,CK-11,MIDDLE FRASER RIVER_SU_1.3,Smolt 0+,NOCN9260,1993,199305,199305,0,B,N,,1,,0,0,,0,0,225,225
PIP,Nechako Lks (Vanderh) Sch,Chinook,Summer,1993,Stuart R,UPFR,CK-11,MIDDLE FRASER RIVER_SU_1.3,M,H,Pr George (Mackenzie) Sch,Stuart R,CK-11,MIDDLE FRASER RIVER_SU_1.3,Smolt 0+,NOCN9386,1994,199405,199405,0,B,N,,1,,0,0,,0,0,240,240
PIP,Nechako Lks (Vanderh) Sch,Chinook,Summer,1994,Stuart R,UPFR,CK-11,MIDDLE FRASER RIVER_SU_1.3,M,H,Pr George (Mackenzie) Sch,Stuart R,CK-11,MIDDLE FRASER RIVER_SU_1.3,Smolt 0+,NOCN9443,1995,199505,199505,0,B,N,,1,,0,0,,0,0,450,450
PIP,Nechako Lks (Vanderh) Sch,Chinook,Summer,1998,Quesnel R,UPFR,CK-11,MIDDLE FRASER RIVER_SU_1.3,M,H,Nechako Lks (Vanderh) Sch,Quesnel R,CK-11,MIDDLE FRASER RIVER_SU_1.3,Smolt 0+,NOCN98139,1999,199905,199905,3,B,N,,1,,0,0,,0,0,180,180
PIP,Nechako Lks (Vanderh) Sch,Chinook,Summer,2001,Quesnel R,UPFR,CK-11,MIDDLE FRASER RIVER_SU_1.3,M,H,Pr George (Mackenzie) Sch,Quesnel R,CK-11,MIDDLE FRASER RIVER_SU_1.3,Fed Fry,NOCN0158,2002,200205,200205,2,B,N,CLASSROOM INCUBATION/SIZE AND REL TIMING ESTIMATED,1,,0,0,,0,0,160,160
PIP,Nechako Lks (Vanderh) Sch,Chinook,Summer,2002,Quesnel R,UPFR,CK-11,MIDDLE FRASER RIVER_SU_1.3,M,H,Pr George (Mackenzie) Sch,Quesnel R,CK-11,MIDDLE FRASER RIVER_SU_1.3,Fed Fry,NOCN0273,2003,200305,200305,2,B,N,CLASSROOM INCUBATION  SIZE ESTIMATED,1,,0,0,,0,0,750,750
PIP,Nechako Lks (Vanderh) Sch,Chinook,Summer,2004,Quesnel R,UPFR,CK-11,MIDDLE FRASER RIVER_SU_1.3,M,H,Nechako Lks (Vanderh) Sch,Quesnel R,CK-11,MIDDLE FRASER RIVER_SU_1.3,Fed Fry,NOCN04139,2005,200505,200505,3,B,N,,1,,0,0,,0,0,146,146
PIP,Nechako Lks (Vanderh) Sch,Chinook,Summer,2008,Quesnel R,UPFR,CK-11,MIDDLE FRASER RIVER_SU_1.3,M,H,Nechako Lks (Vanderh) Sch,Quesnel R,CK-11,MIDDLE FRASER RIVER_SU_1.3,Fed Fry,NOCN08108,2009,200905,200905,2,B,N,,1,,0,0,,0,0,180,180
PIP,Nechako Lks (Vanderh) Sch,Chinook,Summer,2013,Quesnel R,UPFR,CK-11,MIDDLE FRASER RIVER_SU_1.3,M,H,Nechako Lks (Vanderh) Sch,Nechako R,CK-11,MIDDLE FRASER RIVER_SU_1.3,Fed Fry,NOCN1359,2014,201405,201406,,B,Y,,1,,0,0,,0,0,265,265
PIP,Nechako Lks (Vanderh) Sch,Chinook,Summer,2014,Quesnel R,UPFR,CK-11,MIDDLE FRASER RIVER_SU_1.3,M,H,Nechako Lks (Vanderh) Sch,Nechako R,CK-11,MIDDLE FRASER RIVER_SU_1.3,Fed Fry,NOCN1476,2015,20150608,20150610,,B,N,,1,,0,0,,0,0,245,245
PIP,Nechako Lks (Vanderh) Sch,Chinook,Summer,2017,Quesnel R,UPFR,CK-11,MIDDLE FRASER RIVER_SU_1.3,M,H,Nechako Lks (Vanderh) Sch,Fraser R Up,CK-12,UPPER FRASER RIVER_SP_1.3,Fed Fry,NOCN1772,2018,20180604,20180613,1,B,Y,,1,,0,0,,0,0,292,292
PIP,Nechako Lks (Vanderh) Sch,Chinook,Summer,2018,Quesnel R,UPFR,CK-11,MIDDLE FRASER RIVER_SU_1.3,M,H,Nechako Lks (Vanderh) Sch,Nechako R,CK-11,MIDDLE FRASER RIVER_SU_1.3,Fed Fry,NOCN1873,2019,20190611,20190613,,B,N,,1,,0,0,,0,0,283,283
PIP,Nechako Lks (Vanderh) Sch,Chinook,Summer,2020,Nechako R,UPFR,CK-11,MIDDLE FRASER RIVER_SU_1.3,M,H,Nechako Lks (Vanderh) Sch,Nechako R,CK-11,MIDDLE FRASER RIVER_SU_1.3,Fed Fry,NOCN2064,2021,20210528,20210608,,B,N,,1,,0,0,,0,0,164,164
PIP,Nechako Lks (Vanderh) Sch,Chinook,Summer,2021,Nechako R,UPFR,CK-11,MIDDLE FRASER RIVER_SU_1.3,W,H,Nechako Lks (Vanderh) Sch,Nechako R,CK-11,MIDDLE FRASER RIVER_SU_1.3,Fed Fry,NOCN2135,2022,20220530,20220609,,P,N,,1,,0,0,,0,0,542,542
PIP,Nechako Lks (Vanderh) Sch,Chinook,Summer,2022,Nechako R,UPFR,CK-11,MIDDLE FRASER RIVER_SU_1.3,M,H,Nechako Lks (Vanderh) Sch,Nechako R,CK-11,MIDDLE FRASER RIVER_SU_1.3,Fed Fry,NOCN2226,2023,20230525,20230526,1.5,P,N,,1,,0,0,,0,0,170,170
PIP,Nechako Lks (Vanderh) Sch,Chinook,Summer,2023,Nechako R,UPFR,CK-11,MIDDLE FRASER RIVER_SU_1.3,M,H,Nechako Lks (Vanderh) Sch,Nechako R,CK-11,MIDDLE FRASER RIVER_SU_1.3,Fed Fry,NOCN2310,2024,20240529,20240531,1.5,P,N,,1,,0,0,,0,0,202,202
PIP,Nicola R,Chinook,Spring,1981,Nicola R,TOMM,CK-17,LOWER THOMPSON_SP_1.2,W,H,Nicola River Inc,Nicola R,CK-17,LOWER THOMPSON_SP_1.2,Unfed,NOCN8112,1982,19820515,19820515,0.5,B,N,,1,,0,0,,0,0,2500,2500
PIP,Nicola R,Chinook,Spring,1982,Nicola R,TOMM,CK-17,LOWER THOMPSON_SP_1.2,W,H,Nicola River Inc,Nicola R,CK-17,LOWER THOMPSON_SP_1.2,Unfed,NOCN8224,1983,19830515,19830515,0.5,B,N,,1,,0,0,,0,0,18000,18000
PIP,Nicola-Similkameen Sch,Chinook,Spring,1993,Nicola R,TOMM,CK-17,LOWER THOMPSON_SP_1.2,M,H,Merritt Schools,Nicola R,CK-17,LOWER THOMPSON_SP_1.2,Smolt 0+,NOCN9360,1994,199405,199405,0,B,N,,1,,0,0,,0,0,80,80
PIP,Nicola-Similkameen Sch,Chinook,Spring,1995,Nicola R,TOMM,CK-17,LOWER THOMPSON_SP_1.2,M,H,Merritt Schools,Nicola R,CK-17,LOWER THOMPSON_SP_1.2,Fed Fry,NOCN9534,1996,199605,199605,2,B,N,,1,,0,0,,0,0,80,80
PIP,Poco Hatchery,Chinook,Fall,1996,Chilliwack R,LWFR,CK-9008,FRASER-HARRISON FALL TRANSPLANT_FA_0.3,M,H,Coquitlam River H,Coquitlam R,CK-9006,FRASER-CROSS-CU SUPPLEMENTATION EXCLUSION,Smolt 0+,NOCN9630,1997,19970621,19970621,3,B,Y,FIRST TRANSPLANT RELEASE OF CHINOOK.,1,,0,0,,0,0,10200,10200
PIP,Poco Hatchery,Chinook,Fall,1997,Chilliwack R,LWFR,CK-9008,FRASER-HARRISON FALL TRANSPLANT_FA_0.3,M,H,Coquitlam River H,Coquitlam R,CK-9006,FRASER-CROSS-CU SUPPLEMENTATION EXCLUSION,Smolt 0+,NOCN9754,1998,19980625,19980625,3,B,Y,,1,,0,0,,0,0,50000,50000
PIP,Poco Hatchery,Chinook,Fall,1998,Chilliwack R,LWFR,CK-9008,FRASER-HARRISON FALL TRANSPLANT_FA_0.3,M,H,Coquitlam River H,Coquitlam R,CK-9006,FRASER-CROSS-CU SUPPLEMENTATION EXCLUSION,Fed Fry,NOCN9882,1999,19990622,19990622,1.2,B,Y,,1,,0,0,,0,0,33591,33591
PIP,Poco Hatchery,Chinook,Fall,1999,Chilliwack R,LWFR,CK-9008,FRASER-HARRISON FALL TRANSPLANT_FA_0.3,M,H,Coquitlam River H,Coquitlam R,CK-9006,FRASER-CROSS-CU SUPPLEMENTATION EXCLUSION,Smolt 0+,NOCN9997,2000,20000624,20000625,3,B,Y,,1,,0,0,,0,0,13000,13000
PIP,Poco Hatchery,Chinook,Fall,2000,Chill+Harrison R,LWFR,CK-9008,FRASER-HARRISON FALL TRANSPLANT_FA_0.3,M,H,Coquitlam River H,Coquitlam R,CK-9006,FRASER-CROSS-CU SUPPLEMENTATION EXCLUSION,Smolt 0+,NOCN0078,2001,200105,200105,3,B,Y,,1,,0,0,,0,0,58000,58000
PIP,Poco Hatchery,Chinook,Fall,2001,Chilliwack R,LWFR,CK-9008,FRASER-HARRISON FALL TRANSPLANT_FA_0.3,M,H,Coquitlam River H,Coquitlam R,CK-9006,FRASER-CROSS-CU SUPPLEMENTATION EXCLUSION,Smolt 0+,NOCN0164,2002,200206,200206,3,B,Y,SIZE AND TIME OF RELEASE ESTIMATED.,1,,0,0,,0,0,46462,46462
PIP,Poco Hatchery,Chinook,Fall,2002,Chilliwack R,LWFR,CK-9008,FRASER-HARRISON FALL TRANSPLANT_FA_0.3,M,H,Coquitlam River H,Coquitlam R,CK-9006,FRASER-CROSS-CU SUPPLEMENTATION EXCLUSION,Smolt 0+,NOCN0245,2003,20030610,20030610,3,B,Y,,1,,0,0,,0,0,8800,8800
PIP,Poco Hatchery,Chinook,Fall,2003,Chilliwack R,LWFR,CK-9008,FRASER-HARRISON FALL TRANSPLANT_FA_0.3,M,H,Coquitlam River H,Grist/Maple Ch,CK-9006,FRASER-CROSS-CU SUPPLEMENTATION EXCLUSION,Fed Fry,NOCN0320,2004,20040604,20040604,2.4,B,Y,TRANPLANTED CHILLIWACK FALL WHITES.,1,,0,0,,0,0,8687,8687
PIP,Poco Hatchery,Chinook,Fall,2004,Chilliwack R,LWFR,CK-9008,FRASER-HARRISON FALL TRANSPLANT_FA_0.3,M,H,Coquitlam River H,Coquitlam R,CK-9006,FRASER-CROSS-CU SUPPLEMENTATION EXCLUSION,Smolt 0+,NOCN04137,2005,20050510,20050510,4.5,B,Y,,1,,0,0,,0,0,102244,102244
PIP,Poco Hatchery,Chinook,Fall,2005,Chilliwack R,LWFR,CK-9008,FRASER-HARRISON FALL TRANSPLANT_FA_0.3,M,H,Coquitlam River H,Coquitlam R,CK-9006,FRASER-CROSS-CU SUPPLEMENTATION EXCLUSION,Smolt 0+,NOCN0568,2006,20060502,20060502,4.5,B,Y,,1,,0,0,,0,0,100000,100000
PIP,Poco Hatchery,Chinook,Fall,2005,Chilliwack R,LWFR,CK-9008,FRASER-HARRISON FALL TRANSPLANT_FA_0.3,M,H,Coquitlam River H,Coquitlam R,CK-9006,FRASER-CROSS-CU SUPPLEMENTATION EXCLUSION,Smolt 0+,NOCN0569,2006,20060608,20060608,2,B,Y,,1,,0,0,,0,0,95000,95000
PIP,Poco Hatchery,Chinook,Fall,2006,Chilliwack R,LWFR,CK-9008,FRASER-HARRISON FALL TRANSPLANT_FA_0.3,M,H,Coquitlam River H,Coquitlam R,CK-9006,FRASER-CROSS-CU SUPPLEMENTATION EXCLUSION,Smolt 0+,NOCN0647,2007,20070501,20070501,4,P,Y,DIRECT TRANSFER & RELEASE TO COQUITLAM RIVER FROM CHILLIWACK HATCHERY,1,,0,0,,0,0,75000,75000
PIP,Poco Hatchery,Chinook,Fall,2006,Chilliwack R,LWFR,CK-9008,FRASER-HARRISON FALL TRANSPLANT_FA_0.3,M,H,Coquitlam River H,Coquitlam R,CK-9006,FRASER-CROSS-CU SUPPLEMENTATION EXCLUSION,Smolt 0+,NOCN0648,2007,20070603,20070606,1.6,P,Y,,1,,0,0,,0,0,93500,93500
PIP,Poco Hatchery,Chinook,Fall,2007,Chilliwack R,LWFR,CK-9008,FRASER-HARRISON FALL TRANSPLANT_FA_0.3,M,H,Coquitlam River H,Coquitlam R,CK-9006,FRASER-CROSS-CU SUPPLEMENTATION EXCLUSION,Smolt 0+,NOCN07102,2008,20080501,20080501,4.5,P,Y,,1,,0,0,,0,0,200000,200000
PIP,Poco Hatchery,Chinook,Fall,2007,Chilliwack R,LWFR,CK-9008,FRASER-HARRISON FALL TRANSPLANT_FA_0.3,M,H,Coquitlam River H,Coquitlam R,CK-9006,FRASER-CROSS-CU SUPPLEMENTATION EXCLUSION,Smolt 0+,NOCN0787,2008,20080529,20080609,1.8,P,Y,,1,,0,0,,0,0,100000,100000
PIP,Poco Hatchery,Chinook,Fall,2008,Chilliwack R,LWFR,CK-9008,FRASER-HARRISON FALL TRANSPLANT_FA_0.3,M,H,Coquitlam River H,Coquitlam R,CK-9006,FRASER-CROSS-CU SUPPLEMENTATION EXCLUSION,Smolt 0+,NOCN08112,2009,20090623,20090625,2,P,Y,,1,,0,0,,0,0,85000,85000
PIP,Poco Hatchery,Chinook,Fall,2008,Chilliwack R,LWFR,CK-9008,FRASER-HARRISON FALL TRANSPLANT_FA_0.3,M,H,Coquitlam River H,Coquitlam R,CK-9006,FRASER-CROSS-CU SUPPLEMENTATION EXCLUSION,Smolt 0+,NOCN0883,2009,20090504,20090504,3.68,P,Y,,1,,0,0,,0,0,200456,200456
PIP,Poco Hatchery,Chinook,Fall,2009,Chilliwack R,LWFR,CK-9008,FRASER-HARRISON FALL TRANSPLANT_FA_0.3,M,H,Coquitlam River H,Coquitlam R,CK-9006,FRASER-CROSS-CU SUPPLEMENTATION EXCLUSION,Smolt 0+,NOCN0977,2010,20100505,20100505,4.5,P,Y,,1,,0,0,,0,0,200000,200000
PIP,Poco Hatchery,Chinook,Fall,2009,Chilliwack R,LWFR,CK-9008,FRASER-HARRISON FALL TRANSPLANT_FA_0.3,M,H,Coquitlam River H,Coquitlam R,CK-9006,FRASER-CROSS-CU SUPPLEMENTATION EXCLUSION,Smolt 0+,NOCN0978,2010,20100630,20100703,3.33,P,Y,,1,,0,0,,0,0,45000,45000
PIP,Poco Hatchery,Chinook,Fall,2010,Chilliwack R,LWFR,CK-9008,FRASER-HARRISON FALL TRANSPLANT_FA_0.3,M,H,Coquitlam River H,Coquitlam R,CK-9006,FRASER-CROSS-CU SUPPLEMENTATION EXCLUSION,Smolt 0+,NOCN1066,2011,20110630,20110630,3,P,Y,,1,,0,0,,0,0,25000,25000
PIP,Poco Hatchery,Chinook,Fall,2010,Chilliwack R,LWFR,CK-9008,FRASER-HARRISON FALL TRANSPLANT_FA_0.3,M,H,Coquitlam River H,Coquitlam R,CK-9006,FRASER-CROSS-CU SUPPLEMENTATION EXCLUSION,Smolt 0+,NOCN1091,2011,20110428,20110428,3.74,P,Y,,1,,0,0,,0,0,49743,49743
PIP,Poco Hatchery,Chinook,Fall,2011,Chilliwack R,LWFR,CK-9008,FRASER-HARRISON FALL TRANSPLANT_FA_0.3,M,H,Coquitlam River H,Coquitlam R,CK-9006,FRASER-CROSS-CU SUPPLEMENTATION EXCLUSION,Smolt 0+,NOCN1150,2012,20120627,20120627,3.1,P,Y,,1,,0,0,,0,0,22800,22800
PIP,Poco Hatchery,Chinook,Fall,2012,Chilliwack R,LWFR,CK-9008,FRASER-HARRISON FALL TRANSPLANT_FA_0.3,M,H,Coquitlam River H,Coquitlam R,CK-9006,FRASER-CROSS-CU SUPPLEMENTATION EXCLUSION,Fed Fry,NOCN1298,2013,20130602,20130602,3.8,B,U,,1,,0,0,,0,0,28000,28000
PIP,Poco Hatchery,Chinook,Fall,2013,Chilliwack R,LWFR,CK-9008,FRASER-HARRISON FALL TRANSPLANT_FA_0.3,M,H,Coquitlam River H,Coquitlam R,CK-9006,FRASER-CROSS-CU SUPPLEMENTATION EXCLUSION,Smolt 0+,NOCN1368,2014,20140618,20140618,3.8,P,Y,,1,,0,0,,0,0,24800,24800
PIP,Poco Hatchery,Chinook,Fall,2014,Chilliwack R,LWFR,CK-9008,FRASER-HARRISON FALL TRANSPLANT_FA_0.3,M,H,Coquitlam River H,Coquitlam R,CK-9006,FRASER-CROSS-CU SUPPLEMENTATION EXCLUSION,Smolt 0+,NOCN1451,2015,20150618,20150618,6.15,P,N,,1,,0,0,,0,0,19150,19150
PIP,Poco Hatchery,Chinook,Fall,2016,Chilliwack R,LWFR,CK-9008,FRASER-HARRISON FALL TRANSPLANT_FA_0.3,M,H,Coquitlam River H,Coquitlam R,CK-9006,FRASER-CROSS-CU SUPPLEMENTATION EXCLUSION,Smolt 0+,NOCN1663,2017,20170621,20170621,4,B,Y,,1,,0,0,,0,0,25940,25940
PIP,Poco Hatchery,Chinook,Fall,2017,Chilliwack R,LWFR,CK-9008,FRASER-HARRISON FALL TRANSPLANT_FA_0.3,M,H,Coquitlam River H,Coquitlam R,CK-9006,FRASER-CROSS-CU SUPPLEMENTATION EXCLUSION,Smolt 0+,NOCN1760,2018,201805,201805,6,B,Y,,1,,0,0,,0,0,19870,19870
PIP,Poco Hatchery,Chinook,Fall,2018,Chilliwack R,LWFR,CK-9008,FRASER-HARRISON FALL TRANSPLANT_FA_0.3,M,H,Coquitlam River H,Coquitlam R,CK-9006,FRASER-CROSS-CU SUPPLEMENTATION EXCLUSION,Smolt 0+,NOCN1887,2019,20190606,20190606,6.57,B,Y,,1,,0,0,,0,0,29466,29466
PIP,Poco Hatchery,Chinook,Fall,2019,Chilliwack R,LWFR,CK-9008,FRASER-HARRISON FALL TRANSPLANT_FA_0.3,M,H,Coquitlam River H,Coquitlam R,CK-9006,FRASER-CROSS-CU SUPPLEMENTATION EXCLUSION,Smolt 0+,NOCN19117,2020,20200604,20200604,6.05,P,N,,1,,0,0,,0,0,29646,29646
PIP,Poco Hatchery,Chinook,Fall,2020,Chilliwack R,LWFR,CK-9008,FRASER-HARRISON FALL TRANSPLANT_FA_0.3,M,H,Coquitlam River H,Coquitlam R,CK-9006,FRASER-CROSS-CU SUPPLEMENTATION EXCLUSION,Smolt 0+,NOCN2086,2021,20210609,20210609,6.05,P,Y,,1,,0,0,,0,0,29561,29561
PIP,Poco Hatchery,Chinook,Fall,2021,Chilliwack R,LWFR,CK-9008,FRASER-HARRISON FALL TRANSPLANT_FA_0.3,M,H,Coquitlam River H,Coquitlam R,CK-9006,FRASER-CROSS-CU SUPPLEMENTATION EXCLUSION,Smolt 0+,NOCN2155,2022,20220616,20220616,4.9,P,Y,,1,,0,0,,0,0,29550,29550
PIP,Poco Hatchery,Chinook,Fall,2022,Chilliwack R,LWFR,CK-9008,FRASER-HARRISON FALL TRANSPLANT_FA_0.3,M,H,Coquitlam River H,Coquitlam R,CK-9006,FRASER-CROSS-CU SUPPLEMENTATION EXCLUSION,Smolt 0+,NOCN2247,2023,20230616,20230616,4.17,B,Y,,1,,0,0,,0,0,29487,29487
PIP,Poco Hatchery,Chinook,Fall,2023,Chilliwack R,LWFR,CK-9008,FRASER-HARRISON FALL TRANSPLANT_FA_0.3,M,H,Coquitlam River H,Coquitlam R,CK-9006,FRASER-CROSS-CU SUPPLEMENTATION EXCLUSION,Smolt 0+,NOCN2340,2024,20240606,20240606,6.35,P,Y,,1,,0,0,,0,0,29499,29499
PIP,Pr George (Mackenzie) Sch,Chinook,Spring,1985,Chilako R,UPFR,CK-10,MIDDLE FRASER RIVER_SP_1.3,W,H,Pr George (Mackenzie) Sch,Chilako R,CK-10,MIDDLE FRASER RIVER_SP_1.3,Smolt 0+,NOCN8553,1986,19860410,19860410,5,B,N,,1,,0,0,,0,0,56,56
PIP,Pr George (Mackenzie) Sch,Chinook,Spring,1986,Salmon R/UPFR,UPFR,CK-12,UPPER FRASER RIVER_SP_1.3,W,H,Pr George (Mackenzie) Sch,Salmon R/UPFR,CK-12,UPPER FRASER RIVER_SP_1.3,Smolt 0+,NOCN8652,1987,19870515,19870515,4,B,N,,1,,0,0,,0,0,96,96
PIP,Pr George (Mackenzie) Sch,Chinook,Spring,1987,Salmon R/UPFR,UPFR,CK-12,UPPER FRASER RIVER_SP_1.3,W,H,Pr George (Mackenzie) Sch,Salmon R/UPFR,CK-12,UPPER FRASER RIVER_SP_1.3,Smolt 0+,NOCN8730,1988,19880515,19880515,4,B,N,,1,,0,0,,0,0,576,576
PIP,Pr George (Mackenzie) Sch,Chinook,Spring,1988,Salmon R/UPFR,UPFR,CK-12,UPPER FRASER RIVER_SP_1.3,M,H,Pr George (Mackenzie) Sch,Salmon R/UPFR,CK-12,UPPER FRASER RIVER_SP_1.3,Smolt 0+,NOCN8831,1989,19890601,19890601,0,B,N,,1,,0,0,,0,0,1070,1070
PIP,Pr George (Mackenzie) Sch,Chinook,Spring,1989,Dome Cr,UPFR,CK-12,UPPER FRASER RIVER_SP_1.3,M,H,Pr George (Mackenzie) Sch,Dome Cr,CK-12,UPPER FRASER RIVER_SP_1.3,Smolt 0+,NOCN8960,1990,199005,199005,0,B,N,,1,,0,0,,0,0,75,75
PIP,Pr George (Mackenzie) Sch,Chinook,Spring,1989,Salmon R/UPFR,UPFR,CK-12,UPPER FRASER RIVER_SP_1.3,M,H,Pr George (Mackenzie) Sch,Salmon R/UPFR,CK-12,UPPER FRASER RIVER_SP_1.3,Smolt 0+,NOCN8975,1990,199005,199005,0,B,N,,1,,0,0,,0,0,720,720
PIP,Pr George (Mackenzie) Sch,Chinook,Spring,1990,Salmon R/UPFR,UPFR,CK-12,UPPER FRASER RIVER_SP_1.3,M,H,Pr George (Mackenzie) Sch,Salmon R/UPFR,CK-12,UPPER FRASER RIVER_SP_1.3,Smolt 0+,NOCN9061,1991,199105,199106,0,B,N,,1,,0,0,,0,0,400,400
PIP,Pr George (Mackenzie) Sch,Chinook,Spring,1991,Salmon R/UPFR,UPFR,CK-12,UPPER FRASER RIVER_SP_1.3,M,H,Pr George (Mackenzie) Sch,Salmon R/UPFR,CK-12,UPPER FRASER RIVER_SP_1.3,Smolt 0+,NOCN9150,1992,199205,199205,0,B,N,,1,,0,0,,0,0,700,700
PIP,Pr George (Mackenzie) Sch,Chinook,Spring,1992,Salmon R/UPFR,UPFR,CK-12,UPPER FRASER RIVER_SP_1.3,M,H,Pr George (Mackenzie) Sch,Salmon R/UPFR,CK-12,UPPER FRASER RIVER_SP_1.3,Smolt 0+,NOCN9261,1993,199305,199305,0,B,N,,1,,0,0,,0,0,720,720
PIP,Pr George (Mackenzie) Sch,Chinook,Spring,1993,Salmon R/UPFR,UPFR,CK-12,UPPER FRASER RIVER_SP_1.3,M,H,Pr George (Mackenzie) Sch,Salmon R/UPFR,CK-12,UPPER FRASER RIVER_SP_1.3,Smolt 0+,NOCN9384,1994,199405,199405,0,B,N,,1,,0,0,,0,0,450,450
PIP,Pr George (Mackenzie) Sch,Chinook,Spring,1994,Dome Cr,UPFR,CK-12,UPPER FRASER RIVER_SP_1.3,M,H,Pr George (Mackenzie) Sch,Dome Cr,CK-12,UPPER FRASER RIVER_SP_1.3,Smolt 0+,NOCN9444,1995,199505,199505,0,B,N,,1,,0,0,,0,0,180,180
PIP,Pr George (Mackenzie) Sch,Chinook,Spring,1994,Salmon R/UPFR,UPFR,CK-12,UPPER FRASER RIVER_SP_1.3,M,H,Pr George (Mackenzie) Sch,Salmon R/UPFR,CK-12,UPPER FRASER RIVER_SP_1.3,Smolt 0+,NOCN9445,1995,199505,199505,0,B,N,,1,,0,0,,0,0,900,900
PIP,Pr George (Mackenzie) Sch,Chinook,Spring,1995,Salmon R/UPFR,UPFR,CK-12,UPPER FRASER RIVER_SP_1.3,M,H,Pr George (Mackenzie) Sch,Salmon R/UPFR,CK-12,UPPER FRASER RIVER_SP_1.3,Smolt 0+,NOCN9563,1996,199605,199605,3,B,N,,1,,0,0,,0,0,20,20
PIP,Pr George (Mackenzie) Sch,Chinook,Spring,1996,Salmon R/UPFR,UPFR,CK-12,UPPER FRASER RIVER_SP_1.3,M,H,Pr George (Mackenzie) Sch,Salmon R/UPFR,CK-12,UPPER FRASER RIVER_SP_1.3,Smolt 0+,NOCN9651,1997,19970515,19970531,3,B,N,,1,,0,0,,0,0,886,886
PIP,Pr George (Mackenzie) Sch,Chinook,Spring,1997,Salmon R/UPFR,UPFR,CK-12,UPPER FRASER RIVER_SP_1.3,M,H,Pr George (Mackenzie) Sch,Salmon R/UPFR,CK-12,UPPER FRASER RIVER_SP_1.3,Smolt 0+,NOCN9795,1998,199805,199805,3,B,N,,1,,0,0,,0,0,810,810
PIP,Pr George (Mackenzie) Sch,Chinook,Spring,2001,Dome Cr,UPFR,CK-12,UPPER FRASER RIVER_SP_1.3,M,H,Pr George (Mackenzie) Sch,Dome Cr,CK-12,UPPER FRASER RIVER_SP_1.3,Fed Fry,NOCN0159,2002,200205,200205,2,B,N,,1,,0,0,,0,0,1620,1620
PIP,Pr George (Mackenzie) Sch,Chinook,Spring,2003,Salmon R/UPFR,UPFR,CK-12,UPPER FRASER RIVER_SP_1.3,M,H,Pr George (Mackenzie) Sch,Salmon R/UPFR,CK-12,UPPER FRASER RIVER_SP_1.3,Smolt 0+,NOCN0394,2004,200406,200406,3,B,N,,1,,0,0,,0,0,1080,1080
PIP,Pr George (Mackenzie) Sch,Chinook,Summer,1998,Quesnel R,UPFR,CK-11,MIDDLE FRASER RIVER_SU_1.3,M,H,Pr George (Mackenzie) Sch,Quesnel R,CK-11,MIDDLE FRASER RIVER_SU_1.3,Smolt 0+,NOCN9856,1999,199905,199905,3,B,N,,1,,0,0,,0,0,950,950
PIP,Pr George (Mackenzie) Sch,Chinook,Summer,2004,Quesnel R,UPFR,CK-11,MIDDLE FRASER RIVER_SU_1.3,M,H,Pr George (Mackenzie) Sch,Quesnel R,CK-11,MIDDLE FRASER RIVER_SU_1.3,Fed Fry,NOCN0452,2005,200505,200505,3,B,N,,1,,0,0,,0,0,584,584
PIP,Pr George (Mackenzie) Sch,Chinook,Summer,2005,Quesnel R,UPFR,CK-11,MIDDLE FRASER RIVER_SU_1.3,M,H,Pr George (Mackenzie) Sch,Quesnel R,CK-11,MIDDLE FRASER RIVER_SU_1.3,Fed Fry,NOCN05101,2006,20060601,20060601,3,B,N,"ALL NUMBERS, DATES, AND SIZES ARE ESTIMATED",1,,0,0,,0,0,960,960
PIP,Pr George (Mackenzie) Sch,Chinook,Summer,2006,Quesnel R,UPFR,CK-11,MIDDLE FRASER RIVER_SU_1.3,M,H,Pr George (Mackenzie) Sch,Baker Cr,CK-10,MIDDLE FRASER RIVER_SP_1.3,Fed Fry,NOCN0666,2007,20070620,20070620,2,B,Y,CLASSROOM INCUBATION.,1,,0,0,,0,0,900,900
PIP,Pr George (Mackenzie) Sch,Chinook,Summer,2008,Quesnel R,UPFR,CK-11,MIDDLE FRASER RIVER_SU_1.3,M,H,Pr George (Mackenzie) Sch,Quesnel R,CK-11,MIDDLE FRASER RIVER_SU_1.3,Fed Fry,NOCN0890,2009,200905,200905,2,B,N,CLASSROOM INCUBATION,1,,0,0,,0,0,720,720
PIP,Pr George (Mackenzie) Sch,Chinook,Summer,2012,Quesnel R,UPFR,CK-11,MIDDLE FRASER RIVER_SU_1.3,M,H,Pr George (Mackenzie) Sch,Quesnel R,CK-11,MIDDLE FRASER RIVER_SU_1.3,Fed Fry,NOCN1281,2013,201305,201305,,B,N,,1,,0,0,,0,0,916,916
PIP,Pr George (Mackenzie) Sch,Chinook,Summer,2013,Quesnel R,UPFR,CK-11,MIDDLE FRASER RIVER_SU_1.3,M,H,Pr George (Mackenzie) Sch,Fraser R Up,CK-12,UPPER FRASER RIVER_SP_1.3,Fed Fry,NOCN1360,2014,201405,201406,,B,Y,Fraser River near PG,1,,0,0,,0,0,550,550
PIP,Pr George (Mackenzie) Sch,Chinook,Summer,2013,Quesnel R,UPFR,CK-11,MIDDLE FRASER RIVER_SU_1.3,M,H,Pr George (Mackenzie) Sch,Nechako R,CK-11,MIDDLE FRASER RIVER_SU_1.3,Fed Fry,NOCN1361,2014,201405,201406,,B,Y,,1,,0,0,,0,0,550,550
PIP,Pr George (Mackenzie) Sch,Chinook,Summer,2014,Quesnel R,UPFR,CK-11,MIDDLE FRASER RIVER_SU_1.3,M,H,Pr George (Mackenzie) Sch,Fraser R Up,CK-12,UPPER FRASER RIVER_SP_1.3,Fed Fry,NOCN1477,2015,20150601,20150605,,B,N,,1,,0,0,,0,0,882,882
PIP,Pr George (Mackenzie) Sch,Chinook,Summer,2016,Nechako R,UPFR,CK-11,MIDDLE FRASER RIVER_SU_1.3,M,H,Pr George (Mackenzie) Sch,Nechako R,CK-11,MIDDLE FRASER RIVER_SU_1.3,Fed Fry,NOCN1699,2017,201706,201706,4.5,B,N,,1,,0,0,,0,0,1228,1228
PIP,Pr George (Mackenzie) Sch,Chinook,Summer,2017,Quesnel R,UPFR,CK-11,MIDDLE FRASER RIVER_SU_1.3,M,H,Pr George (Mackenzie) Sch,Fraser R Up,CK-12,UPPER FRASER RIVER_SP_1.3,Fed Fry,NOCN1773,2018,201806,201806,1,B,Y,,1,,0,0,,0,0,745,745
PIP,Pr George (Mackenzie) Sch,Chinook,Summer,2018,Quesnel R,UPFR,CK-11,MIDDLE FRASER RIVER_SU_1.3,M,H,Pr George (Mackenzie) Sch,Nechako R,CK-11,MIDDLE FRASER RIVER_SU_1.3,Fed Fry,NOCN1872,2019,20190603,20190610,,B,N,,1,,0,0,,0,0,867,867
PIP,Pr George (Mackenzie) Sch,Chinook,Summer,2018,Quesnel R,UPFR,CK-11,MIDDLE FRASER RIVER_SU_1.3,M,H,Pr George (Mackenzie) Sch,Tete Jaune,CK-12,UPPER FRASER RIVER_SP_1.3,Fed Fry,NOCN1871,2019,20190603,20190605,,B,N,,1,,0,0,,0,0,40,40
PIP,Pr George (Mackenzie) Sch,Chinook,Summer,2022,Nechako R,UPFR,CK-11,MIDDLE FRASER RIVER_SU_1.3,M,H,Pr George (Mackenzie) Sch,Nechako R,CK-11,MIDDLE FRASER RIVER_SU_1.3,Fed Fry,NOCN2225,2023,20230530,20230607,1.5,P,N,,1,,0,0,,0,0,324,324
PIP,Pr George (Mackenzie) Sch,Chinook,Summer,2023,Nechako R,UPFR,CK-11,MIDDLE FRASER RIVER_SU_1.3,M,H,Pr George (Mackenzie) Sch,Nechako R,CK-11,MIDDLE FRASER RIVER_SU_1.3,Fed Fry,NOCN2311,2024,20240604,20240613,1.5,P,N,,1,,0,0,,0,0,388,388
PIP,Pr George (Valemount) Sch,Chinook,Summer,2016,Quesnel R,UPFR,CK-11,MIDDLE FRASER RIVER_SU_1.3,M,H,Pr George (Valemount) Sch,Fraser R Up,CK-12,UPPER FRASER RIVER_SP_1.3,Fed Fry,NOCN1695,2017,201706,201706,,B,Y,,1,,0,0,,0,0,110,110
PIP,Quesnel R Research Centre,Chinook,Spring,2020,GU4a McGregorXHerrick,UPFR,CK-12,UPPER FRASER RIVER_SP_1.3,W,H,Quesnel River H,Seebach Cr,CK-12,UPPER FRASER RIVER_SP_1.3,Fed Fry,NOCN2079,2021,20210504,20210504,,P,N,,1,,0,0,,0,0,11944,11944
PIP,Quesnel R Research Centre,Chinook,Spring,2020,Morkill R,UPFR,CK-12,UPPER FRASER RIVER_SP_1.3,W,H,Quesnel River H,Morkill R,CK-12,UPPER FRASER RIVER_SP_1.3,Fed Fry,NOCN2081,2021,20210510,20210510,,P,N,Morkill is not available in the drop down list.  Need to change,1,,0,0,,0,0,13092,13092
PIP,Quesnel R Research Centre,Chinook,Spring,2020,Salmon R/UPFR,UPFR,CK-12,UPPER FRASER RIVER_SP_1.3,W,H,Quesnel River H,Salmon R/UPFR,CK-12,UPPER FRASER RIVER_SP_1.3,Fed Fry,NOCN2058,2021,20210423,20210423,,P,N,,1,,0,0,,0,0,5846,5846
PIP,Quesnel R Research Centre,Chinook,Spring,2020,Slim Cr,UPFR,CK-12,UPPER FRASER RIVER_SP_1.3,W,H,Quesnel River H,Slim Cr,CK-12,UPPER FRASER RIVER_SP_1.3,Fed Fry,NOCN2059,2021,20210428,20210428,,P,N,,1,,0,0,,0,0,811,811
PIP,Quesnel R Research Centre,Chinook,Spring,2021,Cariboo R Up,UPFR,CK-10,MIDDLE FRASER RIVER_SP_1.3,M,H,Quesnel River H,Cariboo R Up,CK-10,MIDDLE FRASER RIVER_SP_1.3,Fed Fry,NOCN2183,2022,20220527,20220527,1.04,B,N,,1,,0,0,,0,0,59678,59678
PIP,Quesnel R Research Centre,Chinook,Spring,2021,Chilcotin R Up,UPFR,CK-10,MIDDLE FRASER RIVER_SP_1.3,M,H,Quesnel River H,Chilcotin R (Up),CK-10,MIDDLE FRASER RIVER_SP_1.3,Fed Fry,NOCN2185,2022,20220509,20220509,1.48,B,N,,1,,0,0,,0,0,13666,13666
PIP,Quesnel R Research Centre,Chinook,Spring,2021,Endako R,UPFR,CK-10,MIDDLE FRASER RIVER_SP_1.3,M,H,Quesnel River H,Endako R,CK-10,MIDDLE FRASER RIVER_SP_1.3,Fed Fry,NOCN2186,2022,20220610,20220610,0.91,B,N,,1,,0,0,,0,0,2187,2187
PIP,Quesnel R Research Centre,Chinook,Spring,2021,Horsefly R,UPFR,CK-10,MIDDLE FRASER RIVER_SP_1.3,M,H,Quesnel River H,Horsefly R,CK-10,MIDDLE FRASER RIVER_SP_1.3,Fed Fry,NOCN2187,2022,20220618,20220618,2.14,B,N,,1,,0,0,,0,0,16676,16676
PIP,Quesnel R Research Centre,Chinook,Spring,2021,McGregor R,UPFR,CK-12,UPPER FRASER RIVER_SP_1.3,M,H,Quesnel River H,Fontiniko R,,,Fed Fry,NOCN2188,2022,20220510,20220510,0.85,B,N,,1,,0,0,,0,0,20742,20742
PIP,Quesnel R Research Centre,Chinook,Spring,2021,Salmon R/UPFR,UPFR,CK-12,UPPER FRASER RIVER_SP_1.3,M,H,Quesnel River H,Salmon R/UPFR,CK-12,UPPER FRASER RIVER_SP_1.3,Fed Fry,NOCN2189,2022,20220427,20220427,0.53,B,N,,1,,0,0,,0,0,4192,4192
PIP,Quesnel R Research Centre,Chinook,Spring,2021,Slim Cr,UPFR,CK-12,UPPER FRASER RIVER_SP_1.3,M,H,Quesnel River H,Slim Cr,CK-12,UPPER FRASER RIVER_SP_1.3,Fed Fry,NOCN2190,2022,20220715,20220715,2.76,B,N,,1,,0,0,,0,0,38922,38922
PIP,Quesnel R Research Centre,Chinook,Spring,2021,Tete Jaune,UPFR,CK-12,UPPER FRASER RIVER_SP_1.3,M,H,Quesnel River H,Tete Jaune,,,Fed Fry,NOCN2184,2022,20220517,20220517,0.97,B,N,,1,,0,0,,0,0,20616,20616
PIP,Quesnel R Research Centre,Chinook,Spring,2021,Torpy R,UPFR,CK-12,UPPER FRASER RIVER_SP_1.3,M,H,Quesnel River H,Torpy R,CK-12,UPPER FRASER RIVER_SP_1.3,Fed Fry,NOCN2193,2022,20220512,20220512,1.26,B,N,,1,,0,0,,0,0,18071,18071
PIP,Quesnel R Research Centre,Chinook,Spring,2021,Torpy R,UPFR,CK-12,UPPER FRASER RIVER_SP_1.3,M,H,Quesnel River H,Torpy R,CK-12,UPPER FRASER RIVER_SP_1.3,Fed Fry,NOCN2194,2022,20220510,20220510,1.48,B,N,,1,,0,0,,0,0,17989,17989
PIP,Quesnel R Research Centre,Chinook,Spring,2021,West Road R,UPFR,CK-10,MIDDLE FRASER RIVER_SP_1.3,M,H,Quesnel River H,Nazko R,CK-10,MIDDLE FRASER RIVER_SP_1.3,Fed Fry,NOCN2191,2022,20220531,20220531,0.92,B,N,,1,,0,0,,0,0,11808,11808
PIP,Quesnel R Research Centre,Chinook,Spring,2021,Willow R/UPFR,UPFR,CK-12,UPPER FRASER RIVER_SP_1.3,M,H,Quesnel River H,Willow R/UPFR,CK-12,UPPER FRASER RIVER_SP_1.3,Fed Fry,NOCN2192,2022,20220519,20220519,1.25,B,N,,1,,0,0,,0,0,8164,8164
PIP,Quesnel R Research Centre,Chinook,Spring,2022,Cariboo R Up,UPFR,CK-10,MIDDLE FRASER RIVER_SP_1.3,M,H,Quesnel River H,Cariboo R Up,CK-10,MIDDLE FRASER RIVER_SP_1.3,Fed Fry,NOCN2236,2023,20230526,20230526,1.4,P,N,,1,,0,0,,0,0,21877,21877
PIP,Quesnel R Research Centre,Chinook,Spring,2022,Chilcotin R Up,UPFR,CK-10,MIDDLE FRASER RIVER_SP_1.3,M,H,Quesnel River H,Chilcotin R (Up),CK-10,MIDDLE FRASER RIVER_SP_1.3,Fed Fry,NOCN2237,2023,20230510,20230510,1.7,P,N,,1,,0,0,,0,0,11743,11743
PIP,Quesnel R Research Centre,Chinook,Spring,2022,Endako R,UPFR,CK-10,MIDDLE FRASER RIVER_SP_1.3,M,H,Quesnel River H,Endako R,CK-10,MIDDLE FRASER RIVER_SP_1.3,Fed Fry,NOCN2242,2023,20230517,20230517,0.9,P,N,,1,,0,0,,0,0,7885,7885
PIP,Quesnel R Research Centre,Chinook,Spring,2022,Slim Cr,UPFR,CK-12,UPPER FRASER RIVER_SP_1.3,M,H,Quesnel River H,Slim Cr,CK-12,UPPER FRASER RIVER_SP_1.3,Fed Fry,NOCN2238,2023,20230609,20230609,2.8,P,N,,1,,0,0,,0,0,23590,23590
PIP,Quesnel R Research Centre,Chinook,Spring,2022,Torpy R,UPFR,CK-12,UPPER FRASER RIVER_SP_1.3,M,H,Quesnel River H,Torpy R,CK-12,UPPER FRASER RIVER_SP_1.3,Fed Fry,NOCN2239,2023,20230505,20230505,1.9,P,N,,1,,0,0,,0,0,28578,28578
PIP,Quesnel R Research Centre,Chinook,Spring,2022,West Road R,UPFR,CK-10,MIDDLE FRASER RIVER_SP_1.3,M,H,Quesnel River H,Nazko R,CK-10,MIDDLE FRASER RIVER_SP_1.3,Fed Fry,NOCN2241,2023,20230529,20230529,0.9,P,N,,1,,0,0,,0,0,20942,20942
PIP,Quesnel R Research Centre,Chinook,Spring,2022,Willow R/UPFR,UPFR,CK-12,UPPER FRASER RIVER_SP_1.3,M,H,Quesnel River H,Willow R/UPFR,CK-12,UPPER FRASER RIVER_SP_1.3,Fed Fry,NOCN2240,2023,20230509,20230628,1.9,P,N,,1,,0,0,,0,0,38072,38072
PIP,Quesnel R Research Centre,Chinook,Spring,2023,Cariboo R Up,UPFR,CK-10,MIDDLE FRASER RIVER_SP_1.3,W,H,Quesnel River H,Cariboo R Up,CK-10,MIDDLE FRASER RIVER_SP_1.3,Fed Fry,NOCN2315,2024,20240524,20240524,2.42,P,N,,1,,0,0,,0,0,33642,33642
PIP,Quesnel R Research Centre,Chinook,Spring,2023,Slim Cr,UPFR,CK-12,UPPER FRASER RIVER_SP_1.3,W,H,Quesnel River H,Slim Cr,CK-12,UPPER FRASER RIVER_SP_1.3,Fed Fall,184566,2024,20240921,20240921,7.44,P,N,,1,AD,13532,1177,,0,0,,14709
PIP,Quesnel R Research Centre,Chinook,Spring,2023,West Road R,UPFR,CK-10,MIDDLE FRASER RIVER_SP_1.3,W,H,Quesnel River H,Nazko R,CK-10,MIDDLE FRASER RIVER_SP_1.3,Fed Fry,NOCN2317,2024,20240529,20240529,2.28,P,N,,1,,0,0,,0,0,13192,13192
PIP,Quesnel R Research Centre,Chinook,Spring,2023,Willow R/UPFR,UPFR,CK-12,UPPER FRASER RIVER_SP_1.3,W,H,Quesnel River H,Willow R/UPFR,CK-12,UPPER FRASER RIVER_SP_1.3,Fed Fry,NOCN2316,2024,20240515,20240515,1.55,P,N,,1,,0,0,,0,0,57390,57390
PIP,Quesnel R Research Centre,Chinook,Summer,1994,Quesnel R,UPFR,CK-11,MIDDLE FRASER RIVER_SU_1.3,M,H,Quesnel River H,Quesnel R,CK-11,MIDDLE FRASER RIVER_SU_1.3,Smolt 1+,NOCN94101,1996,19960331,19960403,11.63,B,N,YEARLING RELEASE; FUNDING FOR THIS HATCHERY WAS CUT & PIP TOOK OVER.,1,,0,0,,0,0,241845,241845
PIP,Quesnel R Research Centre,Chinook,Summer,1995,Quesnel R,UPFR,CK-11,MIDDLE FRASER RIVER_SU_1.3,M,H,Quesnel River H,Quesnel R,CK-11,MIDDLE FRASER RIVER_SU_1.3,Smolt 1+,NOCN9594,1997,19970427,19970503,19.96,B,N,YEARLING RELEASE,1,,0,0,,0,0,129135,129135
PIP,Quesnel R Research Centre,Chinook,Summer,1996,Quesnel R,UPFR,CK-11,MIDDLE FRASER RIVER_SU_1.3,M,H,Quesnel River H,Quesnel R,CK-11,MIDDLE FRASER RIVER_SU_1.3,Smolt 1+,NOCN96113,1998,19980404,19980411,19.98,B,N,YEARLING RELEASE,1,,0,0,,0,0,240000,240000
PIP,Quesnel R Research Centre,Chinook,Summer,1997,Quesnel R,UPFR,CK-11,MIDDLE FRASER RIVER_SU_1.3,M,H,Quesnel River H,Quesnel R,CK-11,MIDDLE FRASER RIVER_SU_1.3,Smolt 1+,NOCN97108,1999,19990420,19990420,15,B,N,EXTENDED REARING.,1,,0,0,,0,0,246037,246037
PIP,Quesnel R Research Centre,Chinook,Summer,1998,Quesnel R,UPFR,CK-11,MIDDLE FRASER RIVER_SU_1.3,M,H,Quesnel River H,Quesnel R,CK-11,MIDDLE FRASER RIVER_SU_1.3,Smolt 1+,NOCN98125,2000,20000508,20000508,20.16,B,N,YEARLING RELEASE,1,,0,0,,0,0,228950,228950
PIP,Quesnel R Research Centre,Chinook,Summer,1999,Quesnel R,UPFR,CK-11,MIDDLE FRASER RIVER_SU_1.3,M,H,Quesnel River H,Quesnel R,CK-11,MIDDLE FRASER RIVER_SU_1.3,Smolt 1+,NOCN99121,2001,20010427,20010427,16.95,B,N,YEARLING RELEASE,1,,0,0,,0,0,275450,275450
PIP,Quesnel R Research Centre,Chinook,Summer,2000,Quesnel R,UPFR,CK-11,MIDDLE FRASER RIVER_SU_1.3,M,H,Quesnel River H,Quesnel R,CK-11,MIDDLE FRASER RIVER_SU_1.3,Fed Fry,NOCN0067,2001,20010427,20010427,2.97,B,N,,1,,0,0,,0,0,97105,97105
PIP,Quesnel R Research Centre,Chinook,Summer,2015,Quesnel R,UPFR,CK-11,MIDDLE FRASER RIVER_SU_1.3,M,H,Quesnel River H,Baker Cr,CK-10,MIDDLE FRASER RIVER_SP_1.3,Fed Fry,NOCN1536,2016,201606,201606,,P,N,,1,,0,0,,0,0,347,347
PIP,Quesnel R Research Centre,Chinook,Summer,2015,Quesnel R,UPFR,CK-11,MIDDLE FRASER RIVER_SU_1.3,M,H,Quesnel River H,Fraser R Up,CK-12,UPPER FRASER RIVER_SP_1.3,Fed Fall,NOCN1534,2016,20160603,20160610,2.5,P,N,,1,,0,0,,0,0,1020,1020
PIP,Quesnel R Research Centre,Chinook,Summer,2015,Quesnel R,UPFR,CK-11,MIDDLE FRASER RIVER_SU_1.3,M,H,Quesnel River H,Nechako R,CK-11,MIDDLE FRASER RIVER_SU_1.3,Fed Fry,NOCN1535,2016,20160601,20160602,,P,Y,,1,,0,0,,0,0,239,239
PIP,Quesnel R Research Centre,Chinook,Summer,2015,Quesnel R,UPFR,CK-11,MIDDLE FRASER RIVER_SU_1.3,M,H,Quesnel River H,Quesnel R,CK-11,MIDDLE FRASER RIVER_SU_1.3,Fed Fry,NOCN1538,2016,20160601,20160601,,P,N,,1,,0,0,,0,0,41,41
PIP,Quesnel R Research Centre,Chinook,Summer,2015,Quesnel R,UPFR,CK-11,MIDDLE FRASER RIVER_SU_1.3,M,H,Quesnel River H,Williams Lk R,,,Fed Fry,NOCN1537,2016,20160519,20160614,,P,Y,,1,,0,0,,0,0,368,368
PIP,Quesnel R Research Centre,Chinook,Summer,2016,Quesnel R,UPFR,CK-11,MIDDLE FRASER RIVER_SU_1.3,M,H,Quesnel River H,Quesnel R,CK-11,MIDDLE FRASER RIVER_SU_1.3,Eyed Egg,NOCN1690,2017,201703,201703,,B,N,,1,,0,0,,0,0,713,713
PIP,Quesnel R Research Centre,Chinook,Summer,2018,Quesnel R,UPFR,CK-11,MIDDLE FRASER RIVER_SU_1.3,M,H,Quesnel River H,Quesnel R,CK-11,MIDDLE FRASER RIVER_SU_1.3,Fed Fry,NOCN1869,2019,20190618,20190618,,B,N,,1,,0,0,,0,0,175,175
PIP,Quesnel R Research Centre,Chinook,Summer,2020,Nechako R,UPFR,CK-11,MIDDLE FRASER RIVER_SU_1.3,M,H,Quesnel River H,Nechako R,CK-11,MIDDLE FRASER RIVER_SU_1.3,Fed Fry,NOCN2082,2021,20210502,20210502,,P,N,,1,,0,0,,0,0,22056,22056
PIP,Quesnel Sch,Chinook,Spring,2001,Dome Cr,UPFR,CK-12,UPPER FRASER RIVER_SP_1.3,M,H,Quesnel Schools,Dome Cr,CK-12,UPPER FRASER RIVER_SP_1.3,Fed Fry,NOCN01128,2002,200205,200205,2,B,N,,1,,0,0,,0,0,200,200
PIP,Quesnel Sch,Chinook,Summer,1988,Quesnel R,UPFR,CK-11,MIDDLE FRASER RIVER_SU_1.3,M,H,Williams Lk Schools,McKinley Lk,,,Smolt 0+,NOCN8825,1989,19890608,19890608,0,B,N,,1,,0,0,,0,0,225,225
PIP,Quesnel Sch,Chinook,Summer,1988,Quesnel R,UPFR,CK-11,MIDDLE FRASER RIVER_SU_1.3,M,H,Williams Lk Schools,Quesnel R,CK-11,MIDDLE FRASER RIVER_SU_1.3,Smolt 0+,NOCN8826,1989,19890619,19890619,0,B,N,,1,,0,0,,0,0,75,75
PIP,Quesnel Sch,Chinook,Summer,1989,Quesnel R,UPFR,CK-11,MIDDLE FRASER RIVER_SU_1.3,M,H,Williams Lk Schools,Quesnel R,CK-11,MIDDLE FRASER RIVER_SU_1.3,Smolt 0+,NOCN8966,1990,199006,199006,0,B,N,,1,,0,0,,0,0,49,49
PIP,Quesnel Sch,Chinook,Summer,1990,Quesnel R,UPFR,CK-11,MIDDLE FRASER RIVER_SU_1.3,M,H,Williams Lk Schools,Quesnel R,CK-11,MIDDLE FRASER RIVER_SU_1.3,Smolt 0+,NOCN9063,1991,199104,199105,3,B,N,,1,,0,0,,0,0,440,440
PIP,Quesnel Sch,Chinook,Summer,1991,Quesnel R,UPFR,CK-11,MIDDLE FRASER RIVER_SU_1.3,M,H,Williams Lk Schools,Quesnel R,CK-11,MIDDLE FRASER RIVER_SU_1.3,Smolt 0+,NOCN9152,1992,199205,199206,3,B,N,,1,,0,0,,0,0,900,900
PIP,Quesnel Sch,Chinook,Summer,1992,Quesnel R,UPFR,CK-11,MIDDLE FRASER RIVER_SU_1.3,M,H,Williams Lk Schools,Quesnel R,CK-11,MIDDLE FRASER RIVER_SU_1.3,Smolt 0+,NOCN9263,1993,199305,199305,3,B,N,,1,,0,0,,0,0,900,900
PIP,Quesnel Sch,Chinook,Summer,1993,Quesnel R,UPFR,CK-11,MIDDLE FRASER RIVER_SU_1.3,M,H,Williams Lk Schools,Quesnel R,CK-11,MIDDLE FRASER RIVER_SU_1.3,Smolt 0+,NOCN9388,1994,199405,199405,3,B,N,,1,,0,0,,0,0,1040,1040
PIP,Quesnel Sch,Chinook,Summer,1994,Quesnel R,UPFR,CK-11,MIDDLE FRASER RIVER_SU_1.3,M,H,Quesnel Schools,Baker Cr,CK-10,MIDDLE FRASER RIVER_SP_1.3,Smolt 0+,NOCN94107,1995,199505,199505,3,B,Y,,1,,0,0,,0,0,450,450
PIP,Quesnel Sch,Chinook,Summer,1995,Quesnel R,UPFR,CK-11,MIDDLE FRASER RIVER_SU_1.3,M,H,Williams Lk Schools,Quesnel R,CK-11,MIDDLE FRASER RIVER_SU_1.3,Smolt 0+,NOCN9565,1996,199605,199605,3,B,N,,1,,0,0,,0,0,250,250
PIP,Quesnel Sch,Chinook,Summer,1996,Quesnel R,UPFR,CK-11,MIDDLE FRASER RIVER_SU_1.3,M,H,Quesnel Schools,Quesnel R,CK-11,MIDDLE FRASER RIVER_SU_1.3,Smolt 0+,NOCN96148,1997,199705,199705,3,B,N,,1,,0,0,,0,0,250,250
PIP,Quesnel Sch,Chinook,Summer,1997,Quesnel R,UPFR,CK-11,MIDDLE FRASER RIVER_SU_1.3,M,H,Williams Lk Schools,Quesnel R,CK-11,MIDDLE FRASER RIVER_SU_1.3,Smolt 0+,NOCN9797,1998,199805,199805,3,B,N,,1,,0,0,,0,0,240,240
PIP,Quesnel Sch,Chinook,Summer,1998,Quesnel R,UPFR,CK-11,MIDDLE FRASER RIVER_SU_1.3,M,H,Williams Lk Schools,Baker Cr,CK-10,MIDDLE FRASER RIVER_SP_1.3,Smolt 0+,NOCN98136,1999,199905,199905,3,B,Y,,1,,0,0,,0,0,90,90
PIP,Quesnel Sch,Chinook,Summer,1998,Quesnel R,UPFR,CK-11,MIDDLE FRASER RIVER_SU_1.3,M,H,Williams Lk Schools,Quesnel R,CK-11,MIDDLE FRASER RIVER_SU_1.3,Smolt 0+,NOCN9852,1999,199905,199905,3,B,N,,1,,0,0,,0,0,90,90
PIP,Quesnel Sch,Chinook,Summer,1999,Quesnel R,UPFR,CK-11,MIDDLE FRASER RIVER_SU_1.3,M,H,Quesnel Schools,Quesnel R,CK-11,MIDDLE FRASER RIVER_SU_1.3,Smolt 0+,NOCN99139,2000,200005,200005,3,B,N,,1,,0,0,,0,0,325,325
PIP,Quesnel Sch,Chinook,Summer,2003,Quesnel R,UPFR,CK-11,MIDDLE FRASER RIVER_SU_1.3,M,H,Quesnel Schools,Quesnel R,CK-11,MIDDLE FRASER RIVER_SU_1.3,Smolt 0+,NOCN03123,2004,200405,200405,3,B,N,,1,,0,0,,0,0,400,400
PIP,Quesnel Sch,Chinook,Summer,2004,Quesnel R,UPFR,CK-11,MIDDLE FRASER RIVER_SU_1.3,M,H,Williams Lk Schools,Quesnel R,CK-11,MIDDLE FRASER RIVER_SU_1.3,Fed Fry,NOCN0461,2005,200505,200505,3,B,N,,1,,0,0,,0,0,450,450
PIP,Quesnel Sch,Chinook,Summer,2005,Quesnel R,UPFR,CK-11,MIDDLE FRASER RIVER_SU_1.3,M,H,Quesnel Schools,Quesnel R,CK-11,MIDDLE FRASER RIVER_SU_1.3,Fed Fry,NOCN05102,2006,20060601,20060601,3,B,N,"ALL NUMBERS, DATES, AND SIZES ESTIMATED",1,,0,0,,0,0,800,800
PIP,Quesnel Sch,Chinook,Summer,2006,Quesnel R,UPFR,CK-11,MIDDLE FRASER RIVER_SU_1.3,M,H,Quesnel Schools,Baker Cr,CK-10,MIDDLE FRASER RIVER_SP_1.3,Fed Fry,NOCN0667,2007,20070620,20070620,2,B,U,CLASSROOM INCUBATION,1,,0,0,,0,0,900,900
PIP,Quesnel Sch,Chinook,Summer,2007,Quesnel R,UPFR,CK-11,MIDDLE FRASER RIVER_SU_1.3,M,H,Quesnel Schools,Baker Cr,CK-10,MIDDLE FRASER RIVER_SP_1.3,Fed Fry,NOCN0781,2008,200805,200806,1.5,B,U,CLASSROOM INCUBATION,1,,0,0,,0,0,180,180
PIP,Quesnel Sch,Chinook,Summer,2007,Quesnel R,UPFR,CK-11,MIDDLE FRASER RIVER_SU_1.3,M,H,Quesnel Schools,Quesnel R,CK-11,MIDDLE FRASER RIVER_SU_1.3,Fed Fry,NOCN0782,2008,200805,200806,1.5,B,N,CALSSROOM INCUBATION,1,,0,0,,0,0,100,100
PIP,Quesnel Sch,Chinook,Summer,2008,Quesnel R,UPFR,CK-11,MIDDLE FRASER RIVER_SU_1.3,M,H,Quesnel Schools,Quesnel R,CK-11,MIDDLE FRASER RIVER_SU_1.3,Fed Fry,NOCN0891,2009,200905,200905,2,B,N,CLASSROOM INCUBATION,1,,0,0,,0,0,800,800
PIP,Quesnel Sch,Chinook,Summer,2012,Quesnel R,UPFR,CK-11,MIDDLE FRASER RIVER_SU_1.3,M,H,Quesnel Schools,Baker Cr,CK-10,MIDDLE FRASER RIVER_SP_1.3,Fed Fry,NOCN1283,2013,201305,201305,,B,Y,,1,,0,0,,0,0,205,205
PIP,Quesnel Sch,Chinook,Summer,2013,Quesnel R,UPFR,CK-11,MIDDLE FRASER RIVER_SU_1.3,M,H,Quesnel Schools,Dragon Cr,,,Fed Fry,NOCN1362,2014,201405,201406,,B,N,,1,,0,0,,0,0,600,600
PIP,Quesnel Sch,Chinook,Summer,2014,Quesnel R,UPFR,CK-11,MIDDLE FRASER RIVER_SU_1.3,M,H,Quesnel Schools,Baker Cr,CK-10,MIDDLE FRASER RIVER_SP_1.3,Fed Fry,NOCN1475,2015,20150601,20150605,,B,N,,1,,0,0,,0,0,309,309
PIP,Quesnel Sch,Chinook,Summer,2016,Quesnel R,UPFR,CK-11,MIDDLE FRASER RIVER_SU_1.3,M,H,Quesnel Schools,Baker Cr,CK-10,MIDDLE FRASER RIVER_SP_1.3,Fed Fry,NOCN1692,2017,201706,201706,,B,N,,1,,0,0,,0,0,377,377
PIP,Quesnel Sch,Chinook,Summer,2016,Quesnel R,UPFR,CK-11,MIDDLE FRASER RIVER_SU_1.3,M,H,Quesnel Schools,Quesnel R,CK-11,MIDDLE FRASER RIVER_SU_1.3,Fed Fry,NOCN1693,2017,20170606,20170606,2,B,N,,1,,0,0,,0,0,106,106
PIP,Quesnel Sch,Chinook,Summer,2017,Quesnel R,UPFR,CK-11,MIDDLE FRASER RIVER_SU_1.3,M,H,Quesnel Schools,Dragon Cr,,,Fed Fry,NOCN1774,2018,201806,201806,1,B,U,,1,,0,0,,0,0,393,393
PIP,Quesnel Sch,Chinook,Summer,2018,Quesnel R,UPFR,CK-11,MIDDLE FRASER RIVER_SU_1.3,M,H,Quesnel Schools,Baker Cr,CK-10,MIDDLE FRASER RIVER_SP_1.3,Fed Fry,NOCN1874,2019,20190601,20190605,,B,N,,1,,0,0,,0,0,378,378
PIP,Quesnel Sch,Chinook,Summer,2020,Nechako R,UPFR,CK-11,MIDDLE FRASER RIVER_SU_1.3,M,H,Quesnel Schools,Nechako R,CK-11,MIDDLE FRASER RIVER_SU_1.3,Fed Fry,NOCN2093,2021,20210528,20210608,,B,N,,1,,0,0,,0,0,58,58
PIP,Quesnel Sch,Chinook,Summer,2021,Nechako R,UPFR,CK-11,MIDDLE FRASER RIVER_SU_1.3,M,H,Quesnel Schools,Baker Cr,CK-10,MIDDLE FRASER RIVER_SP_1.3,Fed Fry,NOCN2136,2022,20220607,20220622,,P,N,,1,,0,0,,0,0,164,164
PIP,Quesnel Sch,Chinook,Summer,2022,Nechako R,UPFR,CK-11,MIDDLE FRASER RIVER_SU_1.3,M,H,Quesnel Schools,Baker Cr,CK-10,MIDDLE FRASER RIVER_SP_1.3,Fed Fry,NOCN2227,2023,20230524,20230607,1.5,P,N,,1,,0,0,,0,0,203,203
PIP,Quesnel Sch,Chinook,Summer,2023,Nechako R,UPFR,CK-11,MIDDLE FRASER RIVER_SU_1.3,M,H,Quesnel Schools,Baker Cr,CK-10,MIDDLE FRASER RIVER_SP_1.3,Fed Fry,NOCN2312,2024,20240528,20240529,1.5,P,N,,1,,0,0,,0,0,252,252
PIP,Revelstoke Sch,Chinook,Summer,1997,Shuswap R Low,TOMF,CK-15,SHUSWAP RIVER_SU_0.3,M,H,Revelstoke Schools,Shuswap R Low,CK-15,SHUSWAP RIVER_SU_0.3,Smolt 0+,NOCN9768,1998,199805,199805,0,B,N,,1,,0,0,,0,0,490,490
PIP,Revelstoke Sch,Chinook,Summer,1998,Shuswap R Low,TOMF,CK-15,SHUSWAP RIVER_SU_0.3,M,H,Revelstoke Schools,Shuswap R Low,CK-15,SHUSWAP RIVER_SU_0.3,Smolt 0+,NOCN9886,1999,199904,199904,3,B,N,CLASSROOM INCUBATION; SURVIVAL EST. AT 80%.,1,,0,0,,0,0,480,480
PIP,Revelstoke Sch,Chinook,Summer,1999,Shuswap R Low,TOMF,CK-15,SHUSWAP RIVER_SU_0.3,M,H,Revelstoke Schools,Shuswap R Low,CK-15,SHUSWAP RIVER_SU_0.3,Smolt 0+,NOCN9914,2000,200003,200003,3,B,N,,1,,0,0,,0,0,350,350
PIP,Revelstoke Sch,Chinook,Summer,2000,Shuswap R Low,TOMF,CK-15,SHUSWAP RIVER_SU_0.3,M,H,Revelstoke Schools,Shuswap R Low,CK-15,SHUSWAP RIVER_SU_0.3,Smolt 0+,NOCN0086,2001,200105,200105,3,B,N,,1,,0,0,,0,0,420,420
PIP,Revelstoke Sch,Chinook,Summer,2001,Shuswap R Low,TOMF,CK-15,SHUSWAP RIVER_SU_0.3,M,H,Revelstoke Schools,Shuswap R Low,CK-15,SHUSWAP RIVER_SU_0.3,Smolt 0+,NOCN01112,2002,200205,200205,3,B,N,,1,,0,0,,0,0,550,550
PIP,Revelstoke Sch,Chinook,Summer,2002,Shuswap R Low,TOMF,CK-15,SHUSWAP RIVER_SU_0.3,M,H,Revelstoke Schools,Shuswap R Low,CK-15,SHUSWAP RIVER_SU_0.3,Smolt 0+,NOCN0292,2003,200305,200305,3,B,N,CLASSROOM INCUBATION. SIZE & DATE AT RELEASE ARE ESTIMATED.,1,,0,0,,0,0,100,100
PIP,Revelstoke Sch,Chinook,Summer,2003,Shuswap R Low,TOMF,CK-15,SHUSWAP RIVER_SU_0.3,M,H,Revelstoke Schools,Shuswap R Low,CK-15,SHUSWAP RIVER_SU_0.3,Smolt 0+,NOCN0324,2004,200405,200405,3,B,N,,1,,0,0,,0,0,225,225
PIP,Revelstoke Sch,Chinook,Summer,2004,Shuswap R Low,TOMF,CK-15,SHUSWAP RIVER_SU_0.3,M,H,Revelstoke Schools,Shuswap R Low,CK-15,SHUSWAP RIVER_SU_0.3,Smolt 0+,NOCN0454,2005,200505,200505,3,B,N,,1,,0,0,,0,0,200,200
PIP,Revelstoke Sch,Chinook,Summer,2005,Shuswap R Low,TOMF,CK-15,SHUSWAP RIVER_SU_0.3,M,H,Revelstoke Schools,Shuswap R Low,CK-15,SHUSWAP RIVER_SU_0.3,Smolt 0+,NOCN0530,2006,200606,200606,3,B,N,,1,,0,0,,0,0,200,200
PIP,Revelstoke Sch,Chinook,Summer,2006,Shuswap R Low,TOMF,CK-15,SHUSWAP RIVER_SU_0.3,M,H,Revelstoke Schools,Shuswap R Low,CK-15,SHUSWAP RIVER_SU_0.3,Smolt 0+,NOCN0616,2007,200705,200705,0,B,N,,1,,0,0,,0,0,200,200
PIP,Revelstoke Sch,Chinook,Summer,2007,Shuswap R Low,TOMF,CK-15,SHUSWAP RIVER_SU_0.3,M,H,Revelstoke Schools,Shuswap R Low,CK-15,SHUSWAP RIVER_SU_0.3,Smolt 0+,NOCN0735,2008,200805,200805,3,B,N,CLASSROOM INCUBATION,1,,0,0,,0,0,250,250
PIP,Revelstoke Sch,Chinook,Summer,2008,Shuswap R Low,TOMF,CK-15,SHUSWAP RIVER_SU_0.3,M,H,Revelstoke Schools,Shuswap R Low,CK-15,SHUSWAP RIVER_SU_0.3,Smolt 0+,NOCN0806,2009,200905,200905,3,B,N,CLASSROOM INCUBATION,1,,0,0,,0,0,200,200
PIP,Revelstoke Sch,Chinook,Summer,2014,Shuswap R Low,TOMF,CK-15,SHUSWAP RIVER_SU_0.3,M,H,Revelstoke Schools,Shuswap R Low,CK-15,SHUSWAP RIVER_SU_0.3,Fed Fry,NOCN1489,2015,20150501,20150615,3,B,N,,1,,0,0,,0,0,270,270
PIP,Revelstoke Sch,Chinook,Summer,2015,Shuswap R Low,TOMF,CK-15,SHUSWAP RIVER_SU_0.3,M,H,Revelstoke Schools,Shuswap R Low,CK-15,SHUSWAP RIVER_SU_0.3,Fed Fry,NOCN1578,2016,201606,201606,1,B,N,,1,,0,0,,0,0,189,189
PIP,Revelstoke Sch,Chinook,Summer,2016,Shuswap R Low,TOMF,CK-15,SHUSWAP RIVER_SU_0.3,M,H,Revelstoke Schools,Shuswap R Low,CK-15,SHUSWAP RIVER_SU_0.3,Fed Fry,NOCN1674,2017,201706,201706,,B,N,,1,,0,0,,0,0,290,290
PIP,Revelstoke Sch,Chinook,Summer,2017,Shuswap R Low,TOMF,CK-15,SHUSWAP RIVER_SU_0.3,M,H,Revelstoke Schools,Shuswap R Low,CK-15,SHUSWAP RIVER_SU_0.3,Fed Fry,NOCN1767,2018,201806,201806,2,B,N,,1,,0,0,,0,0,235,235
PIP,Revelstoke Sch,Chinook,Summer,2018,Shuswap R Low,TOMF,CK-15,SHUSWAP RIVER_SU_0.3,M,H,Revelstoke Schools,Shuswap R Low,CK-15,SHUSWAP RIVER_SU_0.3,Fed Fry,NOCN1823,2019,20190601,20190630,,B,N,,1,,0,0,,0,0,120,120
PIP,Revelstoke Sch,Chinook,Summer,2020,Shuswap R Low,TOMF,CK-15,SHUSWAP RIVER_SU_0.3,M,H,Revelstoke Schools,Shuswap R Low,CK-15,SHUSWAP RIVER_SU_0.3,Fed Fry,NOCN2090,2021,20210429,20210624,,B,N,,1,,0,0,,0,0,70,70
PIP,Revelstoke Sch,Chinook,Summer,2021,Shuswap R Low,TOMF,CK-15,SHUSWAP RIVER_SU_0.3,M,H,Revelstoke Schools,Shuswap R Low,CK-15,SHUSWAP RIVER_SU_0.3,Fed Fry,NOCN2132,2022,20220502,20220602,,P,N,,1,,0,0,,0,0,46,46
PIP,Revelstoke Sch,Chinook,Summer,2022,Shuswap R Low,TOMF,CK-15,SHUSWAP RIVER_SU_0.3,M,H,Revelstoke Schools,Shuswap R Low,CK-15,SHUSWAP RIVER_SU_0.3,Fed Fry,NOCN2215,2023,20230501,20230630,,P,N,,1,,0,0,,0,0,100,100
PIP,River Springs Enh,Chinook,Fall,1997,Chilliwack R,LWFR,CK-9008,FRASER-HARRISON FALL TRANSPLANT_FA_0.3,M,H,River Springs H,Coquitlam R,CK-9006,FRASER-CROSS-CU SUPPLEMENTATION EXCLUSION,Smolt 0+,NOCN9755,1998,19980605,19980605,3,B,Y,,1,,0,0,,0,0,6000,6000
PIP,River Springs Enh,Chinook,Fall,1998,Chilliwack R,LWFR,CK-9008,FRASER-HARRISON FALL TRANSPLANT_FA_0.3,M,H,River Springs H,Coquitlam R,CK-9006,FRASER-CROSS-CU SUPPLEMENTATION EXCLUSION,Smolt 0+,NOCN9883,1999,19990528,19990528,3.1,B,Y,ENUMERATION DISCREPANCY.,1,,0,0,,0,0,3500,3500
PIP,River Springs Enh,Chinook,Fall,1999,Chilliwack R,LWFR,CK-9008,FRASER-HARRISON FALL TRANSPLANT_FA_0.3,M,H,River Springs H,Coquitlam R,CK-9006,FRASER-CROSS-CU SUPPLEMENTATION EXCLUSION,Smolt 0+,NOCN9978,2000,200005,200005,3.5,B,Y,,1,,0,0,,0,0,10500,10500
PIP,River Springs Enh,Chinook,Fall,2001,Chilliwack R,LWFR,CK-9008,FRASER-HARRISON FALL TRANSPLANT_FA_0.3,M,H,River Springs H,Coquitlam R,CK-9006,FRASER-CROSS-CU SUPPLEMENTATION EXCLUSION,Smolt 0+,NOCN0165,2002,200206,200206,3,B,Y,SIZE AND TIME OF RELEASE ESTIMATED.,1,,0,0,,0,0,47500,47500
PIP,River Springs Enh,Chinook,Fall,2002,Chilliwack R,LWFR,CK-9008,FRASER-HARRISON FALL TRANSPLANT_FA_0.3,M,H,River Springs H,Coquitlam R,CK-9006,FRASER-CROSS-CU SUPPLEMENTATION EXCLUSION,Fed Fry,NOCN0243,2003,20030513,20030523,1.75,B,Y,,1,,0,0,,0,0,45000,45000
PIP,River Springs Enh,Chinook,Fall,2003,Chilliwack R,LWFR,CK-9008,FRASER-HARRISON FALL TRANSPLANT_FA_0.3,M,H,River Springs H,Coquitlam R,CK-9006,FRASER-CROSS-CU SUPPLEMENTATION EXCLUSION,Fed Fry,NOCN0321,2004,20040515,20040515,2,B,Y,CHILLIWACK FALL WHITES.,1,,0,0,,0,0,38000,38000
PIP,River Springs Enh,Chinook,Fall,2004,Chilliwack R,LWFR,CK-9008,FRASER-HARRISON FALL TRANSPLANT_FA_0.3,M,H,River Springs H,Coquitlam R,CK-9006,FRASER-CROSS-CU SUPPLEMENTATION EXCLUSION,Fed Fry,NOCN0414,2005,20050501,20050501,2,B,Y,,1,,0,0,,0,0,40000,40000
PIP,Spruce C Wldlf Ass,Chinook,Spring,1982,Salmon R/UPFR,UPFR,CK-12,UPPER FRASER RIVER_SP_1.3,W,H,Salmon River/ UPFR H,Salmon R/UPFR,CK-12,UPPER FRASER RIVER_SP_1.3,Smolt 0+,NOCN8234,1983,19830501,19830501,0,P,N,,1,,0,0,,0,0,100,100
PIP,Spruce C Wldlf Ass,Chinook,Spring,1983,Salmon R/UPFR,UPFR,CK-12,UPPER FRASER RIVER_SP_1.3,W,H,Salmon River/ UPFR H,Salmon R/UPFR,CK-12,UPPER FRASER RIVER_SP_1.3,Smolt 0+,NOCN8330,1984,19840505,19840505,5,P,N,,1,,0,0,,0,0,400,400
PIP,Spruce C Wldlf Ass,Chinook,Spring,1987,Salmon R/UPFR,UPFR,CK-12,UPPER FRASER RIVER_SP_1.3,W,H,Salmon River/ UPFR H,Salmon R/UPFR,CK-12,UPPER FRASER RIVER_SP_1.3,Smolt 0+,LV8728,1988,19880521,19880522,6.5,P,N,MARKED FOR ESCAPEMENT I.D.,1,,0,0,LV,25206,0,,25206
PIP,Spruce C Wldlf Ass,Chinook,Spring,1988,Salmon R/UPFR,UPFR,CK-12,UPPER FRASER RIVER_SP_1.3,W,H,Salmon River/ UPFR H,Salmon R/UPFR,CK-12,UPPER FRASER RIVER_SP_1.3,Smolt 0+,LV8825,1989,19890505,19890513,5,P,N,MARKED FOR ESCAPEMENT I.D.,1,,0,0,LV,59490,0,,59490
PIP,Spruce C Wldlf Ass,Chinook,Spring,1989,Salmon R/UPFR,UPFR,CK-12,UPPER FRASER RIVER_SP_1.3,W,H,Salmon River/ UPFR H,Salmon R/UPFR,CK-12,UPPER FRASER RIVER_SP_1.3,Smolt 0+,LV8918,1990,19900509,19900526,6,P,N,MARKED FOR ESCAPEMENT I.D.,1,,0,0,LV,61685,0,,61685
PIP,Spruce C Wldlf Ass,Chinook,Spring,1990,Salmon R/UPFR,UPFR,CK-12,UPPER FRASER RIVER_SP_1.3,M,H,Salmon River/ UPFR H,Salmon R/UPFR,CK-12,UPPER FRASER RIVER_SP_1.3,Smolt 0+,026014,1991,19910504,19910512,5.1,P,N,CONTRIBUTION AND DISTRIBUTION - UPPER FRASER STOCK - ALSO SEE 02-60-15.,1,AD,27699,280,,0,0,,27979
PIP,Spruce C Wldlf Ass,Chinook,Spring,1990,Salmon R/UPFR,UPFR,CK-12,UPPER FRASER RIVER_SP_1.3,M,H,Salmon River/ UPFR H,Salmon R/UPFR,CK-12,UPPER FRASER RIVER_SP_1.3,Smolt 0+,026015,1991,19910504,19910512,5.1,P,N,CONTRIBUTION AND DISTRIBUTION - UPPER FRASER STOCK - ALSO SEE 02-60-14.,1,AD,25960,262,,0,0,,26222
PIP,Spruce C Wldlf Ass,Chinook,Spring,1990,Salmon R/UPFR,UPFR,CK-12,UPPER FRASER RIVER_SP_1.3,M,H,Salmon River/ UPFR H,Salmon R/UPFR,CK-12,UPPER FRASER RIVER_SP_1.3,Smolt 0+,LV9029,1991,19910504,19910512,5.15,P,N,MARKED FOR ESCAPEMENT I.D.,1,,0,0,LV,4021,0,,4021
PIP,Spruce C Wldlf Ass,Chinook,Spring,1991,Salmon R/UPFR,UPFR,CK-12,UPPER FRASER RIVER_SP_1.3,M,H,Salmon River/ UPFR H,Salmon R/UPFR,CK-12,UPPER FRASER RIVER_SP_1.3,Smolt 0+,LV9119,1992,19920506,19920506,5.8,P,N,MARKED FOR ESCAPEMENT I.D.,1,,0,0,LV,43804,0,,43804
PIP,Spruce C Wldlf Ass,Chinook,Spring,1992,Salmon R/UPFR,UPFR,CK-12,UPPER FRASER RIVER_SP_1.3,M,H,Salmon River/ UPFR H,Salmon R/UPFR,CK-12,UPPER FRASER RIVER_SP_1.3,Smolt 0+,LV9217,1993,199305,199305,0,P,N,MARKED FOR ESCAPEMENT I.D.,1,,0,0,LV,40000,0,,40000
PIP,Spruce C Wldlf Ass,Chinook,Spring,1993,Salmon R/UPFR,UPFR,CK-12,UPPER FRASER RIVER_SP_1.3,M,H,Salmon River/ UPFR H,Salmon R/UPFR,CK-12,UPPER FRASER RIVER_SP_1.3,Smolt 0+,LV9317,1994,19940503,19940513,8.5,P,N,MARKED FOR ESCAPEMENT I.D.,1,,0,0,LV,15531,0,,15531
PIP,Spruce C Wldlf Ass,Chinook,Spring,1994,Salmon R/UPFR,UPFR,CK-12,UPPER FRASER RIVER_SP_1.3,M,H,Salmon River/ UPFR H,Salmon R/UPFR,CK-12,UPPER FRASER RIVER_SP_1.3,Smolt 0+,LV9411,1995,19950506,19950514,7.39,P,N,,1,,0,0,LV,40079,10020,,50099
PIP,Spruce C Wldlf Ass,Chinook,Spring,1995,Salmon R/UPFR,UPFR,CK-12,UPPER FRASER RIVER_SP_1.3,W,H,Salmon River/ UPFR H,Salmon R/UPFR,CK-12,UPPER FRASER RIVER_SP_1.3,Smolt 0+,180220,1996,19960504,19960512,6.31,P,N,ALSO SEE 180221; UNMARKED FISH WERE ACTUALLY ALL LEFT VENTRAL CLIPPED,1,AD,27656,0,LV,3704,0,,31360
PIP,Spruce C Wldlf Ass,Chinook,Spring,1995,Salmon R/UPFR,UPFR,CK-12,UPPER FRASER RIVER_SP_1.3,W,H,Salmon River/ UPFR H,Salmon R/UPFR,CK-12,UPPER FRASER RIVER_SP_1.3,Smolt 0+,180221,1996,19960504,19960512,6.31,P,N,ALSO SEE 180220; UNMARKED FISH WERE ACTUALLY ALL LEFT VENTRAL CLIPPED,1,AD,26650,0,LV,3569,0,,30219
PIP,Spruce C Wldlf Ass,Chinook,Spring,1996,Salmon R/UPFR,UPFR,CK-12,UPPER FRASER RIVER_SP_1.3,M,H,Salmon River/ UPFR H,Salmon R/UPFR,CK-12,UPPER FRASER RIVER_SP_1.3,Smolt 0+,181053,1997,19970502,19970502,5.75,P,N,ALSO SEE 182158,1,AD,28618,0,,0,0,,28618
PIP,Spruce C Wldlf Ass,Chinook,Spring,1996,Salmon R/UPFR,UPFR,CK-12,UPPER FRASER RIVER_SP_1.3,M,H,Salmon River/ UPFR H,Salmon R/UPFR,CK-12,UPPER FRASER RIVER_SP_1.3,Smolt 0+,182158,1997,19970502,19970502,5.75,P,N,ALSO SEE 181053,1,AD,22737,230,,0,0,,22967
PIP,Spruce C Wldlf Ass,Chinook,Spring,1997,Salmon R/UPFR,UPFR,CK-12,UPPER FRASER RIVER_SP_1.3,M,H,Salmon River/ UPFR H,Salmon R/UPFR,CK-12,UPPER FRASER RIVER_SP_1.3,Smolt 0+,LV9709,1998,19980503,19980503,7.89,P,N,,1,,0,0,LV,21529,0,,21529
PIP,Spruce C Wldlf Ass,Chinook,Spring,2001,Chilako R,UPFR,CK-10,MIDDLE FRASER RIVER_SP_1.3,M,H,Salmon River/ UPFR H,Chilako R,CK-10,MIDDLE FRASER RIVER_SP_1.3,Smolt 0+,NOCN01124,2002,200205,200205,7,P,N,"#, DATE & SIZE ESTIMATED.",1,,0,0,,0,0,3500,3500
PIP,Spruce C Wldlf Ass,Chinook,Spring,2002,Salmon R/UPFR,UPFR,CK-12,UPPER FRASER RIVER_SP_1.3,M,H,Salmon River/ UPFR H,Salmon R/UPFR,CK-12,UPPER FRASER RIVER_SP_1.3,Smolt 0+,NOCN02117,2003,200306,200306,3,P,N,"NUMBER, DATE & SIZE ESTIMATED.",1,,0,0,,0,0,1200,1200
PIP,Spruce C Wldlf Ass,Chinook,Spring,2003,Salmon R/UPFR,UPFR,CK-12,UPPER FRASER RIVER_SP_1.3,M,H,Salmon River/ UPFR H,Salmon R/UPFR,CK-12,UPPER FRASER RIVER_SP_1.3,Smolt 0+,NOCN03104,2004,200406,200406,3,P,N,"NUMBER, DATE & SIZE ESTIMATED.",1,,0,0,,0,0,13000,13000
PIP,Spruce C Wldlf Ass,Chinook,Spring,2019,Endako R,UPFR,CK-10,MIDDLE FRASER RIVER_SP_1.3,M,H,Salmon River/ UPFR H,Endako R,CK-10,MIDDLE FRASER RIVER_SP_1.3,Fed Fry,NOCN19136,2020,20200609,20200609,2.4,B,N,,1,,0,0,,0,0,9500,9500
PIP,Spruce C Wldlf Ass,Chinook,Spring,2021,Bowron R,UPFR,CK-12,UPPER FRASER RIVER_SP_1.3,M,H,Salmon River/ UPFR H,Bowron R,CK-12,UPPER FRASER RIVER_SP_1.3,Fed Fry,NOCN2139,2022,20220508,20220508,1.8,P,N,,1,,0,0,,0,0,28261,28261
PIP,Spruce C Wldlf Ass,Chinook,Spring,2021,Swift Cr,UPFR,CK-12,UPPER FRASER RIVER_SP_1.3,M,H,Salmon River/ UPFR H,Swift Cr,CK-12,UPPER FRASER RIVER_SP_1.3,Fed Fry,NOCN2138,2022,20220515,20220515,2.33,P,N,,1,,0,0,,0,0,18066,18066
PIP,Spruce C Wldlf Ass,Chinook,Spring,2022,Swift Cr,UPFR,CK-12,UPPER FRASER RIVER_SP_1.3,M,H,Salmon River/ UPFR H,Swift Cr,CK-12,UPPER FRASER RIVER_SP_1.3,Fed Fry,NOCN2234,2023,20230507,20230507,2.23,P,N,,1,,0,0,,0,0,24626,24626
PIP,Spruce C Wldlf Ass,Chinook,Spring,2023,Swift Cr,UPFR,CK-12,UPPER FRASER RIVER_SP_1.3,W,H,Salmon River/ UPFR H,Swift Cr,CK-12,UPPER FRASER RIVER_SP_1.3,Fed Fry,NOCN2318,2024,20240519,20240519,1.88,P,N,,1,,0,0,,0,0,19933,19933
PIP,Spruce C Wldlf Ass,Chinook,Summer,1980,Nechako R,UPFR,CK-11,MIDDLE FRASER RIVER_SU_1.3,W,H,Salmon River/ UPFR H,Nechako R,CK-11,MIDDLE FRASER RIVER_SU_1.3,Smolt 0+,NOCN8009,1981,19810503,19810504,4,P,N,,1,,0,0,,0,0,7999,7999
PIP,Spruce C Wldlf Ass,Chinook,Summer,1998,Quesnel R,UPFR,CK-11,MIDDLE FRASER RIVER_SU_1.3,M,H,Salmon River/ UPFR H,Quesnel Lk,,,Smolt 0+,NOCN9857,1999,19990612,19990612,8,P,N,6000 DIED DURING TRIP BACK TO QUESNEL FOR RELEASE - LOW DO.,1,,0,0,,0,0,2000,2000
PIP,Spruce C Wldlf Ass,Chinook,Summer,1999,Quesnel R,UPFR,CK-11,MIDDLE FRASER RIVER_SU_1.3,M,H,Salmon River/ UPFR H,Quesnel R,CK-11,MIDDLE FRASER RIVER_SU_1.3,Smolt 0+,LV9908,2000,20000510,20000510,7.87,P,N,QUESNEL STOCK RELEASED BACK TO QUESNEL,1,,0,0,LV,21529,0,,21529
PIP,Spruce C Wldlf Ass,Chinook,Summer,2002,Quesnel R,UPFR,CK-11,MIDDLE FRASER RIVER_SU_1.3,M,H,Salmon River/ UPFR H,Quesnel R,CK-11,MIDDLE FRASER RIVER_SU_1.3,Smolt 0+,NOCN02116,2003,200306,200306,3,P,N,"NUMBER, DATE & SIZE ESTIMATED.",1,,0,0,,0,0,4000,4000
PIP,Spruce C Wldlf Ass,Chinook,Summer,2004,Quesnel R,UPFR,CK-11,MIDDLE FRASER RIVER_SU_1.3,M,H,Salmon River/ UPFR H,Quesnel R,CK-11,MIDDLE FRASER RIVER_SU_1.3,Smolt 0+,NOCN0455,2005,200506,200506,3,P,N,DATE AND SIZE ESTIMATED.,1,,0,0,,0,0,3820,3820
PIP,Spruce C Wldlf Ass,Chinook,Summer,2005,Quesnel R,UPFR,CK-11,MIDDLE FRASER RIVER_SU_1.3,M,H,Salmon River/ UPFR H,Quesnel R,CK-11,MIDDLE FRASER RIVER_SU_1.3,Fed Fry,NOCN05103,2006,20060601,20060601,3,P,N,"ALL NUMBERS, DATES, AND SIZES ESTIMATED.",1,,0,0,,0,0,8000,8000
PIP,Spruce C Wldlf Ass,Chinook,Summer,2016,Nechako R,UPFR,CK-11,MIDDLE FRASER RIVER_SU_1.3,M,H,Salmon River/ UPFR H,Nechako R,CK-11,MIDDLE FRASER RIVER_SU_1.3,Fed Fry,NOCN1698,2017,20170320,20170324,4,B,N,,1,,0,0,,0,0,2200,2200
PIP,Spruce C Wldlf Ass,Chinook,Summer,2017,Quesnel R,UPFR,CK-11,MIDDLE FRASER RIVER_SU_1.3,M,H,Salmon River/ UPFR H,Nechako R,CK-11,MIDDLE FRASER RIVER_SU_1.3,Fed Fry,NOCN1769,2018,20180603,20180603,3.8,B,Y,,1,,0,0,,0,0,1975,1975
PIP,Spruce C Wldlf Ass,Chinook,Summer,2018,Nechako R,UPFR,CK-11,MIDDLE FRASER RIVER_SU_1.3,M,H,Salmon River/ UPFR H,Nechako R,CK-11,MIDDLE FRASER RIVER_SU_1.3,Fed Fry,NOCN1882,2019,20190623,20190623,,B,N,,1,,0,0,,0,0,40,40
PIP,Spruce C Wldlf Ass,Chinook,Summer,2018,Quesnel R,UPFR,CK-11,MIDDLE FRASER RIVER_SU_1.3,M,H,Salmon River/ UPFR H,Nechako R,CK-11,MIDDLE FRASER RIVER_SU_1.3,Fed Fry,NOCN1879,2019,20190616,20190616,4.9,B,N,,1,,0,0,,0,0,720,720
PIP,Spruce C Wldlf Ass,Chinook,Summer,2019,Nechako R,UPFR,CK-11,MIDDLE FRASER RIVER_SU_1.3,M,H,Salmon River/ UPFR H,Nechako R,CK-11,MIDDLE FRASER RIVER_SU_1.3,Fed Fry,NOCN19135,2020,20200525,20200525,1.39,B,N,,1,,0,0,,0,0,10500,10500
PIP,Spruce C Wldlf Ass,Chinook,Summer,2020,Nechako R,UPFR,CK-11,MIDDLE FRASER RIVER_SU_1.3,M,H,Salmon River/ UPFR H,Nechako R,CK-11,MIDDLE FRASER RIVER_SU_1.3,Fed Fry,NOCN2065,2021,20210502,20210502,2.75,B,N,,1,,0,0,,0,0,22050,22050
PIP,Spruce C Wldlf Ass,Chinook,Summer,2021,Nechako R,UPFR,CK-11,MIDDLE FRASER RIVER_SU_1.3,M,H,Salmon River/ UPFR H,Nechako R,CK-11,MIDDLE FRASER RIVER_SU_1.3,Fed Fry,NOCN2140,2022,20220518,20220518,1.26,P,N,,1,,0,0,,0,0,18993,18993
PIP,Spruce C Wldlf Ass,Chinook,Summer,2021,Nechako R,UPFR,CK-11,MIDDLE FRASER RIVER_SU_1.3,M,H,Salmon River/ UPFR H,Nechako R,CK-11,MIDDLE FRASER RIVER_SU_1.3,Fed Fry,NOCN2141,2022,20220603,20220603,2.06,P,N,,1,,0,0,,0,0,1000,1000
PIP,Spruce C Wldlf Ass,Chinook,Summer,2021,Nechako R,UPFR,CK-11,MIDDLE FRASER RIVER_SU_1.3,M,H,Salmon River/ UPFR H,Nechako R,CK-11,MIDDLE FRASER RIVER_SU_1.3,Fed Fry,NOCN2142,2022,20220612,20220612,2.79,P,N,,1,,0,0,,0,0,1500,1500
PIP,Spruce C Wldlf Ass,Chinook,Summer,2022,Nechako R,UPFR,CK-11,MIDDLE FRASER RIVER_SU_1.3,M,H,Salmon River/ UPFR H,Nechako R,CK-11,MIDDLE FRASER RIVER_SU_1.3,Fed Fry,NOCN2235,2023,20230430,20230602,2.3,P,N,,1,,0,0,,0,0,9905,9905
PIP,Spruce C Wldlf Ass,Chinook,Summer,2023,Nechako R,UPFR,CK-11,MIDDLE FRASER RIVER_SU_1.3,M,H,Salmon River/ UPFR H,Nechako R,CK-11,MIDDLE FRASER RIVER_SU_1.3,Fed Fry,NOCN2320,2024,20240516,20240607,1.15,P,N,,1,,0,0,,0,0,38537,38537
PIP,Stave R,Chinook,Fall,1984,Harrison R,LWFR,CK-03,LOWER FRASER RIVER_FA_0.3,M,H,Stave River H,Stave R,CK-9006,FRASER-CROSS-CU SUPPLEMENTATION EXCLUSION,Fed Fry,NOCN8418,1985,19850701,19850701,2.5,B,Y,,1,,0,0,,0,0,85000,85000
PIP,Stave R,Chinook,Spring,1982,Chehalis R,LWFR,,,M,H,Stave River H,Stave R,,,Smolt 0+,NOCN8223,1983,19830615,19830615,5,B,Y,,1,,0,0,,0,0,22000,22000
PIP,Stave R,Chinook,Spring,1983,Chehalis R,LWFR,,,M,H,Stave River H,Stave R,,,Smolt 0+,022857,1984,19840629,19840629,6.5,B,Y,,1,AD,12979,265,,0,0,265,13509
PIP,Stave R,Chinook,Spring,1983,Chehalis R,LWFR,,,M,H,Stave River H,Stave R,,,Smolt 0+,022858,1984,19840713,19840713,6.97,B,Y,,1,AD,24619,502,,0,0,,25121
PIP,Steveston High Sch,Chinook,Summer,1996,Chilliwack R,LWFR,CK-06,LOWER FRASER RIVER_SU_1.3,M,H,Steveston Salmon H,Chilliwack R,CK-06,LOWER FRASER RIVER_SU_1.3,Smolt 1+,NOCN96134,1998,199805,199805,475,B,N,,1,,0,0,,0,0,7000,7000
PIP,Tsilhqot'in Portable,Chinook,Summer,2023,Chilko R,UPFR,CK-11,MIDDLE FRASER RIVER_SU_1.3,M,H,Tsilhqot'in Portable,Chilko R,CK-11,MIDDLE FRASER RIVER_SU_1.3,Fed Fry,185906,2024,20240617,20240617,3.18,P,N,,1,AD,3389,313,,0,0,,3702
PIP,Vernon Sch,Chinook,Summer,1988,Shuswap R Low,TOMF,CK-15,SHUSWAP RIVER_SU_0.3,M,H,Vernon Schools,Shuswap R Low,CK-15,SHUSWAP RIVER_SU_0.3,Fed Fry,NOCN8840,1989,19890516,19890516,0,B,N,,1,,0,0,,0,0,250,250
PIP,Vernon Sch,Chinook,Summer,1989,Shuswap R Low,TOMF,CK-15,SHUSWAP RIVER_SU_0.3,M,H,Vernon Schools,Shuswap R Low,CK-15,SHUSWAP RIVER_SU_0.3,Fed Fry,NOCN8971,1990,19900601,19900601,0,B,N,,1,,0,0,,0,0,220,220
PIP,Vernon Sch,Chinook,Summer,1990,Shuswap R Low,TOMF,CK-15,SHUSWAP RIVER_SU_0.3,M,H,Vernon Schools,Shuswap R Low,CK-15,SHUSWAP RIVER_SU_0.3,Fed Fry,NOCN9071,1991,199105,199105,0,B,N,,1,,0,0,,0,0,600,600
PIP,Vernon Sch,Chinook,Summer,1991,Shuswap R Low,TOMF,CK-15,SHUSWAP RIVER_SU_0.3,M,H,Vernon Schools,Shuswap R Low,CK-15,SHUSWAP RIVER_SU_0.3,Smolt 0+,NOCN9168,1992,199206,199206,0,B,N,,1,,0,0,,0,0,650,650
PIP,Vernon Sch,Chinook,Summer,1992,Shuswap R Low,TOMF,CK-15,SHUSWAP RIVER_SU_0.3,M,H,Vernon Schools,Shuswap R Low,CK-15,SHUSWAP RIVER_SU_0.3,Fed Fry,NOCN9248,1993,199305,199305,0,B,N,,1,,0,0,,0,0,650,650
PIP,Vernon Sch,Chinook,Summer,1993,Shuswap R Low,TOMF,CK-15,SHUSWAP RIVER_SU_0.3,M,H,Vernon Schools,Shuswap R Low,CK-15,SHUSWAP RIVER_SU_0.3,Smolt 0+,NOCN9361,1994,199405,199405,0,B,N,,1,,0,0,,0,0,400,400
PIP,Vernon Sch,Chinook,Summer,1994,Shuswap R Low,TOMF,CK-15,SHUSWAP RIVER_SU_0.3,M,H,Vernon Schools,Shuswap R Low,CK-15,SHUSWAP RIVER_SU_0.3,Smolt 0+,NOCN9461,1995,199505,199505,0,B,N,,1,,0,0,,0,0,400,400
PIP,Vernon Sch,Chinook,Summer,1995,Shuswap R Low,TOMF,CK-15,SHUSWAP RIVER_SU_0.3,M,H,Vernon Schools,Shuswap R Low,CK-15,SHUSWAP RIVER_SU_0.3,Fed Fry,NOCN9539,1996,199605,199605,2,B,N,,1,,0,0,,0,0,500,500
PIP,Vernon Sch,Chinook,Summer,1996,Shuswap R Low,TOMF,CK-15,SHUSWAP RIVER_SU_0.3,M,H,Vernon Schools,Shuswap R Low,CK-15,SHUSWAP RIVER_SU_0.3,Fed Fry,NOCN9648,1997,19970501,19970501,1.5,B,N,,1,,0,0,,0,0,300,300
PIP,Vernon Sch,Chinook,Summer,1997,Shuswap R Low,TOMF,CK-15,SHUSWAP RIVER_SU_0.3,M,H,Vernon Schools,Shuswap R Low,CK-15,SHUSWAP RIVER_SU_0.3,Smolt 0+,NOCN9763,1998,199805,199805,0,B,N,,1,,0,0,,0,0,1050,1050
PIP,Vernon Sch,Chinook,Summer,1998,Shuswap R Low,TOMF,CK-15,SHUSWAP RIVER_SU_0.3,M,H,Vernon Schools,Shuswap R Low,CK-15,SHUSWAP RIVER_SU_0.3,Smolt 0+,NOCN9887,1999,199904,199904,3,B,N,CLASSROOM INCUBATION; SURVIVAL EST. AT 80%.,1,,0,0,,0,0,1100,1100
PIP,Vernon Sch,Chinook,Summer,1999,Shuswap R Low,TOMF,CK-15,SHUSWAP RIVER_SU_0.3,M,H,Vernon Schools,Shuswap R Low,CK-15,SHUSWAP RIVER_SU_0.3,Smolt 0+,NOCN9915,2000,200005,200005,3,B,N,,1,,0,0,,0,0,850,850
PIP,Vernon Sch,Chinook,Summer,2000,Shuswap R Low,TOMF,CK-15,SHUSWAP RIVER_SU_0.3,M,H,Vernon Schools,Shuswap R Low,CK-15,SHUSWAP RIVER_SU_0.3,Smolt 0+,NOCN0087,2001,200105,200105,3,B,N,,1,,0,0,,0,0,650,650
PIP,Vernon Sch,Chinook,Summer,2001,Shuswap R Low,TOMF,CK-15,SHUSWAP RIVER_SU_0.3,M,H,Vernon Schools,Shuswap R Low,CK-15,SHUSWAP RIVER_SU_0.3,Smolt 0+,NOCN0195,2002,200205,200205,3,B,N,,1,,0,0,,0,0,900,900
PIP,Vernon Sch,Chinook,Summer,2002,Shuswap R Low,TOMF,CK-15,SHUSWAP RIVER_SU_0.3,M,H,Vernon Schools,Shuswap R Low,CK-15,SHUSWAP RIVER_SU_0.3,Smolt 0+,NOCN0254,2003,200305,200305,3,B,N,,1,,0,0,,0,0,750,750
PIP,Vernon Sch,Chinook,Summer,2003,Shuswap R Low,TOMF,CK-15,SHUSWAP RIVER_SU_0.3,M,H,Vernon Schools,Shuswap R Low,CK-15,SHUSWAP RIVER_SU_0.3,Smolt 0+,NOCN0325,2004,200405,200405,3,B,N,,1,,0,0,,0,0,1080,1080
PIP,Vernon Sch,Chinook,Summer,2004,Shuswap R Low,TOMF,CK-15,SHUSWAP RIVER_SU_0.3,M,H,Vernon Schools,Shuswap R Low,CK-15,SHUSWAP RIVER_SU_0.3,Smolt 0+,NOCN0458,2005,200505,200505,3,B,N,,1,,0,0,,0,0,1000,1000
PIP,Vernon Sch,Chinook,Summer,2005,Shuswap R Low,TOMF,CK-15,SHUSWAP RIVER_SU_0.3,M,H,Vernon Schools,Shuswap R Low,CK-15,SHUSWAP RIVER_SU_0.3,Smolt 0+,NOCN0531,2006,200605,200605,3,B,N,,1,,0,0,,0,0,1000,1000
PIP,Vernon Sch,Chinook,Summer,2006,Shuswap R Low,TOMF,CK-15,SHUSWAP RIVER_SU_0.3,M,H,Vernon Schools,Shuswap R Low,CK-15,SHUSWAP RIVER_SU_0.3,Smolt 0+,NOCN0615,2007,200705,200706,3,B,N,CLASSROOM INCUBATION.,1,,0,0,,0,0,1000,1000
PIP,Vernon Sch,Chinook,Summer,2007,Shuswap R Low,TOMF,CK-15,SHUSWAP RIVER_SU_0.3,M,H,Vernon Schools,Shuswap R Low,CK-15,SHUSWAP RIVER_SU_0.3,Smolt 0+,NOCN0736,2008,200805,200806,3,B,N,CLASSROOM INCUBATION.,1,,0,0,,0,0,1000,1000
PIP,Vernon Sch,Chinook,Summer,2008,Shuswap R Low,TOMF,CK-15,SHUSWAP RIVER_SU_0.3,M,H,Vernon Schools,Shuswap R Low,CK-15,SHUSWAP RIVER_SU_0.3,Smolt 0+,NOCN0807,2009,200905,200906,3,B,N,CLASSROOM INCUBATION,1,,0,0,,0,0,850,850
PIP,Vernon Sch,Chinook,Summer,2011,Shuswap R Low,TOMF,CK-15,SHUSWAP RIVER_SU_0.3,M,H,Vernon Schools,Shuswap R Low,CK-15,SHUSWAP RIVER_SU_0.3,Fed Fry,NOCN11105,2012,20120401,20120401,,P,N,,1,,0,0,,0,0,1375,1375
PIP,Vernon Sch,Chinook,Summer,2012,Shuswap R Low,TOMF,CK-15,SHUSWAP RIVER_SU_0.3,M,H,Vernon Schools,Shuswap R Low,CK-15,SHUSWAP RIVER_SU_0.3,Fed Fry,NOCN1297,2013,20130401,20130401,,B,N,,1,,0,0,,0,0,1950,1950
PIP,Vernon Sch,Chinook,Summer,2014,Shuswap R Low,TOMF,CK-15,SHUSWAP RIVER_SU_0.3,M,H,Vernon Schools,Shuswap R Low,CK-15,SHUSWAP RIVER_SU_0.3,Fed Fry,NOCN1490,2015,20150501,20150615,3,B,N,,1,,0,0,,0,0,1170,1170
PIP,Vernon Sch,Chinook,Summer,2015,Shuswap R Low,TOMF,CK-15,SHUSWAP RIVER_SU_0.3,M,H,Vernon Schools,Shuswap R Low,CK-15,SHUSWAP RIVER_SU_0.3,Fed Fry,NOCN1579,2016,201606,201606,1,B,N,,1,,0,0,,0,0,1117,1117
PIP,Vernon Sch,Chinook,Summer,2016,Shuswap R Low,TOMF,CK-15,SHUSWAP RIVER_SU_0.3,M,H,Vernon Schools,Shuswap R Low,CK-15,SHUSWAP RIVER_SU_0.3,Fed Fry,NOCN1675,2017,201706,201706,,B,N,,1,,0,0,,0,0,910,910
PIP,Vernon Sch,Chinook,Summer,2017,Shuswap R Low,TOMF,CK-15,SHUSWAP RIVER_SU_0.3,M,H,Vernon Schools,Shuswap R Low,CK-15,SHUSWAP RIVER_SU_0.3,Fed Fry,NOCN1768,2018,201806,201806,2,B,N,,1,,0,0,,0,0,942,942
PIP,Vernon Sch,Chinook,Summer,2018,Shuswap R Low,TOMF,CK-15,SHUSWAP RIVER_SU_0.3,M,H,Vernon Schools,Shuswap R Low,CK-15,SHUSWAP RIVER_SU_0.3,Fed Fry,NOCN1824,2019,20190601,20190630,,B,N,,1,,0,0,,0,0,940,940
PIP,Vernon Sch,Chinook,Summer,2020,Shuswap R Low,TOMF,CK-15,SHUSWAP RIVER_SU_0.3,M,H,Vernon Schools,Shuswap R Low,CK-15,SHUSWAP RIVER_SU_0.3,Fed Fry,NOCN2091,2021,20210429,20210624,,B,N,,1,,0,0,,0,0,400,400
PIP,Vernon Sch,Chinook,Summer,2021,Shuswap R Low,TOMF,CK-15,SHUSWAP RIVER_SU_0.3,M,H,Vernon Schools,Shuswap R Low,CK-15,SHUSWAP RIVER_SU_0.3,Fed Fry,NOCN2133,2022,20220502,20220602,,P,N,,1,,0,0,,0,0,415,415
PIP,Vernon Sch,Chinook,Summer,2022,Shuswap R Low,TOMF,CK-15,SHUSWAP RIVER_SU_0.3,M,H,Vernon Schools,Shuswap R Low,CK-15,SHUSWAP RIVER_SU_0.3,Fed Fry,NOCN2216,2023,20230501,20230630,,P,N,,1,,0,0,,0,0,900,900
PRV,Loon Cr,Chinook,Spring,1980,Bonaparte R,TOMM,CK-17,LOWER THOMPSON_SP_1.2,W,H,Loon Creek H,Bonaparte R Low,CK-17,LOWER THOMPSON_SP_1.2,Fed Fry,021906,1981,198105,198105,2.6,P,N,,1,AD,19413,600,,0,0,3000,23013
PRV,Loon Cr,Chinook,Spring,1980,Bonaparte R,TOMM,CK-17,LOWER THOMPSON_SP_1.2,W,H,Loon Creek H,Bonaparte R Up,CK-17,LOWER THOMPSON_SP_1.2,Fed Fry,021907,1981,198105,198105,2.3,P,N,,1,AD,19200,800,,0,0,12600,32600
PRV,Loon Cr,Chinook,Spring,1981,Bonaparte R,TOMM,CK-17,LOWER THOMPSON_SP_1.2,W,H,Loon Creek H,Bonaparte R Low,CK-17,LOWER THOMPSON_SP_1.2,Fed Fry,022418,1982,19820426,19820430,2.7,P,N,,1,AD,15360,640,,0,0,,16000
PRV,Loon Cr,Chinook,Spring,1981,Bonaparte R,TOMM,CK-17,LOWER THOMPSON_SP_1.2,W,H,Loon Creek H,Bonaparte R Low,CK-17,LOWER THOMPSON_SP_1.2,Fed Fry,NOCN8103,1982,19820426,19820430,1,B,N,GRADEOUTS - TOO SMALL TO TAG,1,,0,0,,0,0,6500,6500
PRV,Loon Cr,Chinook,Spring,1981,Bonaparte R,TOMM,CK-17,LOWER THOMPSON_SP_1.2,W,H,Loon Creek H,Bonaparte R Up,CK-17,LOWER THOMPSON_SP_1.2,Fed Fry,022417,1982,19820426,19820430,2.7,P,N,,1,AD,29100,900,,0,0,,30000
PRV,Loon Cr,Chinook,Spring,1981,Nicola R,TOMM,CK-17,LOWER THOMPSON_SP_1.2,W,H,Loon Creek H,Nicola R,CK-17,LOWER THOMPSON_SP_1.2,Fed Fry,022416,1982,19820426,19820430,1.3,P,N,,1,AD,7050,450,,0,0,6800,14300
PRV,Loon Cr,Chinook,Spring,1981,Nicola R,TOMM,CK-17,LOWER THOMPSON_SP_1.2,W,H,Loon Creek H,Nicola R Up,,,Fed Fry,022415,1982,19820426,19820430,3.3,P,N,,1,AD,23280,720,,0,0,,24000
PRV,Loon Cr,Chinook,Spring,1982,Bonaparte R,TOMM,CK-17,LOWER THOMPSON_SP_1.2,M,H,Loon Creek H,Bonaparte R,CK-17,LOWER THOMPSON_SP_1.2,Fed Fry,022536,1983,198304,19830426,3.6,P,N,,1,AD,28683,917,,0,0,4800,34400
PRV,Loon Cr,Chinook,Spring,1983,Bonaparte R,TOMM,CK-17,LOWER THOMPSON_SP_1.2,M,H,Loon Creek H,Bonaparte R,CK-17,LOWER THOMPSON_SP_1.2,Fed Fry,022718,1984,198404,19840418,3.4,P,N,,1,AD,29493,756,,0,0,4111,34360
PRV,Loon Cr,Chinook,Spring,1983,Deadman R,TOMM,CK-17,LOWER THOMPSON_SP_1.2,M,H,Loon Creek H,Deadman R,CK-17,LOWER THOMPSON_SP_1.2,Fed Fry,022719,1984,198404,19840419,2.6,P,N,,1,AD,26570,0,,0,0,6050,32620
PRV,Loon Cr,Chinook,Spring,1984,Bonaparte R,TOMM,CK-17,LOWER THOMPSON_SP_1.2,M,H,Loon Creek H,Bonaparte R,CK-17,LOWER THOMPSON_SP_1.2,Fed Fry,023048,1985,198504,19850413,2.7,P,N,,1,AD,41145,415,,0,0,6900,48460
PRV,Loon Cr,Chinook,Spring,1984,Deadman R,TOMM,CK-17,LOWER THOMPSON_SP_1.2,M,H,Loon Creek H,Deadman R,CK-17,LOWER THOMPSON_SP_1.2,Fed Fry,023240,1985,19850414,19850418,3.3,P,N,,1,AD,38688,1612,,0,0,39700,80000
PRV,Loon Cr,Chinook,Spring,1985,Bonaparte R,TOMM,CK-17,LOWER THOMPSON_SP_1.2,M,H,Loon Creek H,Bonaparte R Low,CK-17,LOWER THOMPSON_SP_1.2,Fed Fry,023662,1986,198604,19860402,2.4,P,N,,1,AD,38175,1180,,0,0,5459,44814
PRV,Loon Cr,Chinook,Spring,1985,Bonaparte R,TOMM,CK-17,LOWER THOMPSON_SP_1.2,M,H,Loon Creek H,Bonaparte R Low,CK-17,LOWER THOMPSON_SP_1.2,Fed Fry,023663,1986,198604,19860402,2.4,P,N,,1,AD,38747,1198,,0,0,5541,45486
PRV,Loon Cr,Chinook,Spring,1985,Bonaparte R,TOMM,CK-17,LOWER THOMPSON_SP_1.2,M,H,Loon Creek H,Bonaparte R Low,CK-17,LOWER THOMPSON_SP_1.2,Fed Fry,NOCN8506,1986,198603,19860331,1,B,N,GRADEOUTS - TOO SMALL TO TAG,1,,0,0,,0,0,18400,18400
RRD,Addington Msh,Chinook,Summer,2004,Pitt R Up,LWFR,CK-05,LOWER FRASER RIVER-UPPER PITT_SU_1.3,M,H,Addington Marsh,Addington Msh,CK-05,LOWER FRASER RIVER-UPPER PITT_SU_1.3,Chan Sm 0+,NOCN04126,2005,20050501,20050630,3,P,U,,1,,0,0,,0,0,80000,80000
RRD,Addington Msh,Chinook,Summer,2005,Pitt R Up,LWFR,CK-05,LOWER FRASER RIVER-UPPER PITT_SU_1.3,M,H,Addington Marsh,Addington Msh,CK-05,LOWER FRASER RIVER-UPPER PITT_SU_1.3,Chan Sm 0+,NOCN0588,2006,20060501,20060630,3,P,U,,1,,0,0,,0,0,80000,80000
RRD,Addington Msh,Chinook,Summer,2006,Pitt R Up,LWFR,CK-05,LOWER FRASER RIVER-UPPER PITT_SU_1.3,M,H,Addington Marsh,Addington Msh,CK-05,LOWER FRASER RIVER-UPPER PITT_SU_1.3,Chan Sm 0+,NOCN06132,2007,20070501,20070630,0,P,U,,1,,0,0,,0,0,80000,80000
RRD,Angel Wing Ch,Chinook,Fall,2004,Chilliwack R,LWFR,CK-9008,FRASER-HARRISON FALL TRANSPLANT_FA_0.3,M,H,Angel Wing Channel,Angel Wing Ch,CK-9008,FRASER-HARRISON FALL TRANSPLANT_FA_0.3,Chan Fry,NOCN04112,2005,20050301,20050430,0.5,P,U,ESTIMATED CHANNEL MIGRATION,1,,0,0,,0,0,12500,12500
RRD,Angel Wing Ch,Chinook,Fall,2005,Chilliwack R,LWFR,CK-9008,FRASER-HARRISON FALL TRANSPLANT_FA_0.3,M,H,Angel Wing Channel,Angel Wing Ch,CK-9008,FRASER-HARRISON FALL TRANSPLANT_FA_0.3,Chan Fry,NOCN0573,2006,20060301,20060430,10,P,U,ESTIMATED CHANNEL MIGRATION,1,,0,0,,0,0,12500,12500
RRD,Angel Wing Ch,Chinook,Fall,2006,Chilliwack R,LWFR,CK-9008,FRASER-HARRISON FALL TRANSPLANT_FA_0.3,M,H,Angel Wing Channel,Angel Wing Ch,CK-9008,FRASER-HARRISON FALL TRANSPLANT_FA_0.3,Chan Fry,NOCN06133,2007,20070301,20070430,10,P,U,ESTIMATED CHANNEL MIGRATION,1,,0,0,,0,0,12500,12500
RRD,Annacis Ch,Chinook,Fall,1995,Fraser R Low,LWFR,,,W,H,Annacis Channel,Annacis Ch,,,Chan Sm 0+,NOCN95103,1996,19960401,19960630,5,B,U,ESTIMATED CHANNEL SMOLT MIGRATION.,1,,0,0,,0,0,2400,2400
RRD,Annacis Ch,Chinook,Fall,1996,Fraser R Low,LWFR,,,W,H,Annacis Channel,Annacis Ch,,,Chan Sm 0+,NOCN96139,1997,19970401,19970630,5,B,U,ESTIMATED CHANNEL SMOLT MIGRATION.,1,,0,0,,0,0,2400,2400
RRD,Annacis Ch,Chinook,Fall,1997,Fraser R Low,LWFR,,,M,H,Annacis Channel,Annacis Ch,,,Chan Sm 0+,NOCN97116,1998,19980401,19980630,5,B,U,ESTIMATED CHANNEL SMOLT MIGRATION.,1,,0,0,,0,0,2400,2400
RRD,Annacis Ch,Chinook,Fall,1998,Fraser R Low,LWFR,,,M,H,Annacis Channel,Annacis Ch,,,Chan Sm 0+,NOCN98128,1999,19990401,19990630,5,B,U,ESTIMATED CHANNEL SMOLT MIGRATION.,1,,0,0,,0,0,2400,2400
RRD,Annacis Ch,Chinook,Fall,1999,Fraser R Low,LWFR,,,M,H,Annacis Channel,Annacis Ch,,,Chan Sm 0+,NOCN99125,2000,20000401,20000630,5,B,U,ESTIMATED CHANNEL SMOLT MIGRATION.,1,,0,0,,0,0,2400,2400
RRD,Annacis Ch,Chinook,Fall,2000,Fraser R Low,LWFR,,,M,H,Annacis Channel,Annacis Ch,,,Chan Sm 0+,NOCN00110,2001,20010401,20010630,5,B,U,ESTIMATED CHANNEL SMOLT MIGRATION.,1,,0,0,,0,0,2400,2400
RRD,Annacis Ch,Chinook,Fall,2001,Fraser R Low,LWFR,,,M,H,Annacis Channel,Annacis Ch,,,Chan Sm 0+,NOCN01101,2002,20020401,20020630,5,B,U,ESTIMATED CHANNEL SMOLT MIGRATION,1,,0,0,,0,0,2400,2400
RRD,Annacis Ch,Chinook,Fall,2002,Fraser R Low,LWFR,,,M,H,Annacis Channel,Annacis Ch,,,Chan Sm 0+,NOCN0201,2003,20030401,20030630,5,B,U,ESTIMATED CHANNEL SMOLT MIGRATION,1,,0,0,,0,0,2400,2400
RRD,Annacis Ch,Chinook,Fall,2003,Fraser R Low,LWFR,,,M,H,Annacis Channel,Annacis Ch,,,Chan Sm 0+,NOCN0378,2004,20040501,20040630,3,P,U,,1,,0,0,,0,0,2400,2400
RRD,Annacis Ch,Chinook,Fall,2004,Fraser R Low,LWFR,,,M,H,Annacis Channel,Annacis Ch,,,Chan Sm 0+,NOCN04116,2005,20050501,20050630,3,P,U,,1,,0,0,,0,0,2400,2400
RRD,Annacis Ch,Chinook,Fall,2005,Fraser R Low,LWFR,,,M,H,Annacis Channel,Annacis Ch,,,Chan Sm 0+,NOCN0578,2006,20060501,20060630,3,P,U,,1,,0,0,,0,0,2400,2400
RRD,Annacis Ch,Chinook,Fall,2006,Fraser R Low,LWFR,,,M,H,Annacis Channel,Annacis Ch,,,Chan Sm 0+,NOCN06134,2007,20070501,20070630,3,P,U,ESTIMATED CHANNEL MIGRATION,1,,0,0,,0,0,2400,2400
RRD,Annacis Ch,Chinook,Fall,2007,Fraser R Low,LWFR,,,M,H,Annacis Channel,Annacis Ch,,,Chan Sm 0+,NOCN0737,2008,20080501,20080630,3,P,U,ESTIMATED CHANNEL SMOLT MIGRATION.,1,,0,0,,0,0,2400,2400
RRD,Big Bend Pd,Chinook,Fall,1995,Fraser R Low,LWFR,,,W,H,Big Bend Pond,Big Bend Ch,,,Chan Sm 0+,NOCN95106,1996,19960401,19960630,5,B,U,ESTIMATED CHANNEL SMOLT MIGRATION.,1,,0,0,,0,0,2000,2000
RRD,Big Bend Pd,Chinook,Fall,1996,Fraser R Low,LWFR,,,W,H,Big Bend Pond,Big Bend Ch,,,Chan Sm 0+,NOCN96142,1997,19970401,19970630,5,B,U,ESTIMATED CHANNEL SMOLT MIGRATION.,1,,0,0,,0,0,2000,2000
RRD,Big Bend Pd,Chinook,Fall,1997,Fraser R Low,LWFR,,,M,H,Big Bend Pond,Big Bend Ch,,,Chan Sm 0+,NOCN97119,1998,19980401,19980630,5,B,U,ESTIMATED CHANNEL SMOLT MIGRATION.,1,,0,0,,0,0,2000,2000
RRD,Big Bend Pd,Chinook,Fall,1998,Fraser R Low,LWFR,,,M,H,Big Bend Pond,Big Bend Ch,,,Chan Sm 0+,NOCN98132,1999,19990401,19990630,5,B,U,ESTIMATED CHANNEL SMOLT MIGRATION. CHANNEL REBUILT.,1,,0,0,,0,0,9400,9400
RRD,Big Bend Pd,Chinook,Fall,1999,Fraser R Low,LWFR,,,M,H,Big Bend Pond,Big Bend Ch,,,Chan Sm 0+,NOCN99129,2000,20000401,20000630,5,B,U,ESTIMATED CHANNEL SMOLT MIGRATION.,1,,0,0,,0,0,9400,9400
RRD,Big Bend Pd,Chinook,Fall,2000,Fraser R Low,LWFR,,,M,H,Big Bend Pond,Big Bend Ch,,,Chan Sm 0+,NOCN00114,2001,20010401,20010630,5,B,U,ESTIMATED CHANNEL SMOLT MIGRATION.,1,,0,0,,0,0,9400,9400
RRD,Big Bend Pd,Chinook,Fall,2001,Fraser R Low,LWFR,,,M,H,Big Bend Pond,Big Bend Ch,,,Chan Sm 0+,NOCN01103,2002,20020401,20020630,5,B,U,ESTIMATED CHANNEL SMOLT MIGRATION.,1,,0,0,,0,0,9400,9400
RRD,Big Bend Pd,Chinook,Fall,2002,Fraser R Low,LWFR,,,M,H,Big Bend Pond,Big Bend Ch,,,Chan Sm 0+,NOCN0211,2003,20030401,20030630,5,B,U,ESTIMATED CHANNEL SMOLT MIGRATION.,1,,0,0,,0,0,9400,9400
RRD,Big Bend Pd,Chinook,Fall,2003,Fraser R Low,LWFR,,,M,H,Big Bend Pond,Big Bend Ch,,,Chan Sm 0+,NOCN0380,2004,20040501,20040630,3,P,U,,1,,0,0,,0,0,9400,9400
RRD,Big Bend Pd,Chinook,Fall,2004,Fraser R Low,LWFR,,,M,H,Big Bend Pond,Big Bend Ch,,,Chan Sm 0+,NOCN04117,2005,20050501,20050630,3,P,U,,1,,0,0,,0,0,9400,9400
RRD,Big Bend Pd,Chinook,Fall,2005,Fraser R Low,LWFR,,,M,H,Big Bend Pond,Big Bend Ch,,,Chan Sm 0+,NOCN0579,2006,20060501,20060630,3,P,U,,1,,0,0,,0,0,9400,9400
RRD,Big Bend Pd,Chinook,Fall,2006,Fraser R Low,LWFR,,,M,H,Big Bend Pond,Big Bend Ch,,,Chan Sm 0+,NOCN06136,2007,20070501,20070630,3,P,U,ESTIMATED CHANNEL MIGRATION,1,,0,0,,0,0,9400,9400
RRD,Big Bend Pd,Chinook,Fall,2007,Fraser R Low,LWFR,,,M,H,Big Bend Pond,Big Bend Ch,,,Chan Sm 0+,NOCN0738,2008,20080501,20080630,3,P,U,ESTIMATED CHANNEL MIGRATION.,1,,0,0,,0,0,9400,9400
RRD,Big Silver Ch,Chinook,Fall,1992,Big Silver Cr,LWFR,CK-06,LOWER FRASER RIVER_SU_1.3,W,H,Big Silver Channel,Big Silver Ch,CK-06,LOWER FRASER RIVER_SU_1.3,Chan Fry,NOCN92107,1993,19930301,19930430,0.5,B,U,ESTIMATED CHANNEL FRY MIGRATION.,1,,0,0,,0,0,75000,75000
RRD,Big Silver Ch,Chinook,Fall,1993,Big Silver Cr,LWFR,CK-06,LOWER FRASER RIVER_SU_1.3,W,H,Big Silver Channel,Big Silver Ch,CK-06,LOWER FRASER RIVER_SU_1.3,Chan Fry,NOCN93110,1994,19940301,19940430,0.5,B,U,ESTIMATED CHANNEL FRY MIGRATION.,1,,0,0,,0,0,75000,75000
RRD,Big Silver Ch,Chinook,Fall,1994,Big Silver Cr,LWFR,CK-06,LOWER FRASER RIVER_SU_1.3,W,H,Big Silver Channel,Big Silver Ch,CK-06,LOWER FRASER RIVER_SU_1.3,Chan Fry,NOCN94102,1995,19950301,19950430,0.5,B,U,ESTIMATED CHANNEL FRY MIGRATION.,1,,0,0,,0,0,75000,75000
RRD,Big Silver Ch,Chinook,Fall,1995,Big Silver Cr,LWFR,CK-06,LOWER FRASER RIVER_SU_1.3,M,H,Big Silver Channel,Big Silver Ch,CK-06,LOWER FRASER RIVER_SU_1.3,Chan Fry,NOCN9586,1996,19960301,19960430,0.5,B,U,ESTIMATED CHANNEL FRY MIGRATION.,1,,0,0,,0,0,75000,75000
RRD,Big Silver Ch,Chinook,Fall,1996,Big Silver Cr,LWFR,CK-06,LOWER FRASER RIVER_SU_1.3,M,H,Big Silver Channel,Big Silver Ch,CK-06,LOWER FRASER RIVER_SU_1.3,Chan Fry,NOCN96114,1997,19970301,19970430,0.5,B,U,ESTIMATED CHANNEL FRY MIGRATION,1,,0,0,,0,0,75000,75000
RRD,Big Silver Ch,Chinook,Fall,1997,Big Silver Cr,LWFR,CK-06,LOWER FRASER RIVER_SU_1.3,M,H,Big Silver Channel,Big Silver Ch,CK-06,LOWER FRASER RIVER_SU_1.3,Chan Fry,NOCN9705,1998,19980301,19980430,0.5,B,U,ESTIMATED CHANNEL FRY MIGRATION,1,,0,0,,0,0,75000,75000
RRD,Big Silver Ch,Chinook,Fall,1998,Big Silver Cr,LWFR,CK-06,LOWER FRASER RIVER_SU_1.3,M,H,Big Silver Channel,Big Silver Ch,CK-06,LOWER FRASER RIVER_SU_1.3,Chan Fry,NOCN9844,1999,19990301,19990430,0.5,B,U,ESTIMATED CHANNEL FRY MIGRATION.,1,,0,0,,0,0,75000,75000
RRD,Big Silver Ch,Chinook,Fall,1999,Big Silver Cr,LWFR,CK-06,LOWER FRASER RIVER_SU_1.3,M,H,Big Silver Channel,Big Silver Ch,CK-06,LOWER FRASER RIVER_SU_1.3,Chan Fry,NOCN9908,2000,20000301,20000430,0.5,B,U,ESTIMATED CHANNEL FRY MIGRATION.,1,,0,0,,0,0,675000,675000
RRD,Big Silver Ch,Chinook,Fall,2000,Big Silver Cr,LWFR,CK-06,LOWER FRASER RIVER_SU_1.3,M,H,Big Silver Channel,Big Silver Ch,CK-06,LOWER FRASER RIVER_SU_1.3,Chan Fry,NOCN0039,2001,20010301,20010430,0.5,B,U,ESTIMATED CHANNEL FRY MIGRATION.,1,,0,0,,0,0,675000,675000
RRD,Big Silver Ch,Chinook,Fall,2001,Big Silver Cr,LWFR,CK-06,LOWER FRASER RIVER_SU_1.3,M,H,Big Silver Channel,Big Silver Ch,CK-06,LOWER FRASER RIVER_SU_1.3,Chan Fry,NOCN01104,2002,20020301,20020430,0.5,B,U,ESTIMATED CHANNEL FRY MIGRATION.,1,,0,0,,0,0,675000,675000
RRD,Big Silver Ch,Chinook,Fall,2002,Big Silver Cr,LWFR,CK-06,LOWER FRASER RIVER_SU_1.3,M,H,Big Silver Channel,Big Silver Ch,CK-06,LOWER FRASER RIVER_SU_1.3,Chan Fry,NOCN0203,2003,20030301,20030430,0.5,B,U,ESTIMATED CHANNEL FRY MIGRATION.,1,,0,0,,0,0,675000,675000
RRD,Big Silver Ch,Chinook,Fall,2003,Big Silver Cr,LWFR,CK-06,LOWER FRASER RIVER_SU_1.3,M,H,Big Silver Channel,Big Silver Ch,CK-06,LOWER FRASER RIVER_SU_1.3,Chan Fry,NOCN0381,2004,20040301,20040430,0.5,P,U,ESTIMATED CHANNEL FRY MIGRATION.,1,,0,0,,0,0,675000,675000
RRD,Big Silver Ch,Chinook,Fall,2004,Big Silver Cr,LWFR,CK-06,LOWER FRASER RIVER_SU_1.3,M,H,Big Silver Channel,Big Silver Ch,CK-06,LOWER FRASER RIVER_SU_1.3,Chan Fry,NOCN04111,2005,20050301,20050430,0.5,P,U,ESTIMATED CHANNEL MIGRATION,1,,0,0,,0,0,675000,675000
RRD,Big Silver Ch,Chinook,Fall,2005,Big Silver Cr,LWFR,CK-06,LOWER FRASER RIVER_SU_1.3,M,H,Big Silver Channel,Big Silver Ch,CK-06,LOWER FRASER RIVER_SU_1.3,Chan Fry,NOCN0572,2006,20060301,20060430,0.5,P,U,ESTIMATED CHANNEL MIGRATION,1,,0,0,,0,0,675000,675000
RRD,Big Silver Ch,Chinook,Fall,2006,Big Silver Cr,LWFR,CK-06,LOWER FRASER RIVER_SU_1.3,M,H,Big Silver Channel,Big Silver Ch,CK-06,LOWER FRASER RIVER_SU_1.3,Chan Fry,NOCN06137,2007,20070301,20070430,0.5,P,U,ESTIMATED CHANNEL MIGRATION,1,,0,0,,0,0,675000,675000
RRD,Cent/Bulbeard Ch,Chinook,Fall,1998,Chilliwack R,LWFR,CK-9008,FRASER-HARRISON FALL TRANSPLANT_FA_0.3,W,H,Centennial/ Bulbeard Chan,Cent/Bulbeard Ch,,,Chan Fry,NOCN98131,1999,19990401,19990630,0.5,B,U,ESTIMATED CHANNEL FRY MIGRATION.,1,,0,0,,0,0,61000,61000
RRD,Cent/Bulbeard Ch,Chinook,Fall,1999,Chilliwack R,LWFR,CK-9008,FRASER-HARRISON FALL TRANSPLANT_FA_0.3,W,H,Centennial/ Bulbeard Chan,Cent/Bulbeard Ch,,,Chan Fry,NOCN99128,2000,20000301,20000430,0.5,B,U,ESTIMATED CHANNEL FRY MIGRATION.,1,,0,0,,0,0,61000,61000
RRD,Cent/Bulbeard Ch,Chinook,Fall,2000,Chilliwack R,LWFR,CK-9008,FRASER-HARRISON FALL TRANSPLANT_FA_0.3,M,H,Centennial/ Bulbeard Chan,Cent/Bulbeard Ch,,,Chan Fry,NOCN00113,2001,20010301,20010430,0.5,B,U,ESTIMATED CHANNEL FRY MIGRATION.,1,,0,0,,0,0,61000,61000
RRD,Cent/Bulbeard Ch,Chinook,Fall,2001,Chilliwack R,LWFR,CK-9008,FRASER-HARRISON FALL TRANSPLANT_FA_0.3,M,H,Centennial/ Bulbeard Chan,Cent/Bulbeard Ch,,,Chan Fry,NOCN01105,2002,20020301,20020430,0.5,B,U,ESTIMATED CHANNEL FRY MIGRATION,1,,0,0,,0,0,61000,61000
RRD,Cent/Bulbeard Ch,Chinook,Fall,2002,Chilliwack R,LWFR,CK-9008,FRASER-HARRISON FALL TRANSPLANT_FA_0.3,M,H,Centennial/ Bulbeard Chan,Cent/Bulbeard Ch,,,Chan Fry,NOCN0204,2003,20030301,20030430,0.5,B,U,ESTIMATED CHANNEL FRY MIGRATION,1,,0,0,,0,0,61000,61000
RRD,Cent/Bulbeard Ch,Chinook,Fall,2003,Chilliwack R,LWFR,CK-9008,FRASER-HARRISON FALL TRANSPLANT_FA_0.3,M,H,Centennial/ Bulbeard Chan,Cent/Bulbeard Ch,,,Chan Fry,NOCN0382,2004,20040301,20040430,0.5,P,U,ESTIMATED CHANNEL FRY MIGRATION.,1,,0,0,,0,0,61000,61000
RRD,Cent/Bulbeard Ch,Chinook,Fall,2004,Chilliwack R,LWFR,CK-9008,FRASER-HARRISON FALL TRANSPLANT_FA_0.3,M,H,Centennial/ Bulbeard Chan,Cent/Bulbeard Ch,,,Chan Fry,NOCN04113,2005,20050301,20050430,0.5,P,U,ESTIMATED CHANNEL MIGRATION,1,,0,0,,0,0,31000,31000
RRD,Cent/Bulbeard Ch,Chinook,Fall,2005,Chilliwack R,LWFR,CK-9008,FRASER-HARRISON FALL TRANSPLANT_FA_0.3,M,H,Centennial/ Bulbeard Chan,Cent/Bulbeard Ch,,,Chan Fry,NOCN0575,2006,20060301,20060430,0.5,P,U,ESTIMATED CHANNEL MIGRATION,1,,0,0,,0,0,31000,31000
RRD,Cent/Bulbeard Ch,Chinook,Fall,2006,Chilliwack R,LWFR,CK-9008,FRASER-HARRISON FALL TRANSPLANT_FA_0.3,M,H,Centennial/ Bulbeard Chan,Cent/Bulbeard Ch,,,Chan Fry,NOCN06138,2007,20070301,20070430,0.5,P,U,ESTIMATED CHANNEL MIGRATION,1,,0,0,,0,0,31000,31000
RRD,Colony Farm Ch,Chinook,Fall,2004,Coquitlam R,LWFR,CK-9006,FRASER-CROSS-CU SUPPLEMENTATION EXCLUSION,M,H,Colony Farm Channel,Colony Farm Ch,CK-9006,FRASER-CROSS-CU SUPPLEMENTATION EXCLUSION,Chan Sm 0+,NOCN04115,2005,20050501,20050630,3,P,U,,1,,0,0,,0,0,2000,2000
RRD,Colony Farm Ch,Chinook,Fall,2005,Coquitlam R,LWFR,CK-9006,FRASER-CROSS-CU SUPPLEMENTATION EXCLUSION,M,H,Colony Farm Channel,Colony Farm Ch,CK-9006,FRASER-CROSS-CU SUPPLEMENTATION EXCLUSION,Chan Sm 0+,NOCN0577,2006,20060501,20060630,3,P,U,,1,,0,0,,0,0,2000,2000
RRD,Colony Farm Ch,Chinook,Fall,2006,Coquitlam R,LWFR,CK-9006,FRASER-CROSS-CU SUPPLEMENTATION EXCLUSION,M,H,Colony Farm Channel,Colony Farm Ch,CK-9006,FRASER-CROSS-CU SUPPLEMENTATION EXCLUSION,Chan Sm 0+,NOCN06151,2007,20070501,20070630,3,P,U,ESTIMATED CHANNEL MIGRATION.,1,,0,0,,0,0,2000,2000
RRD,Colony Farm Ch,Chinook,Fall,2007,Coquitlam R,LWFR,CK-9006,FRASER-CROSS-CU SUPPLEMENTATION EXCLUSION,M,H,Colony Farm Channel,Colony Farm Ch,CK-9006,FRASER-CROSS-CU SUPPLEMENTATION EXCLUSION,Chan Sm 0+,NOCN0739,2008,20080501,20080630,3,P,U,ESTIMATED CHANNEL MIGRATION.,1,,0,0,,0,0,2000,2000
RRD,Douglas Is Ch,Chinook,Fall,2001,Fraser R Low,LWFR,,,W,H,Douglas Is Channel,Douglas Is Ch,,,Chan Sm 0+,NOCN01113,2002,20020401,20020630,5,B,U,ESTIMATED CHANNEL SMOLT MIGRATION.,1,,0,0,,0,0,650,650
RRD,Douglas Is Ch,Chinook,Fall,2002,Fraser R Low,LWFR,,,W,H,Douglas Is Channel,Douglas Is Ch,,,Chan Sm 0+,NOCN0212,2003,20030401,20030630,5,B,U,ESTIMATED CHANNEL SMOLT MIGRATION.,1,,0,0,,0,0,650,650
RRD,Douglas Is Ch,Chinook,Fall,2003,Fraser R Low,LWFR,,,M,H,Douglas Is Channel,Douglas Is Ch,,,Chan Sm 0+,NOCN0383,2004,20040501,20040630,3,P,U,,1,,0,0,,0,0,650,650
RRD,Douglas Is Ch,Chinook,Fall,2004,Fraser R Low,LWFR,,,M,H,Douglas Is Channel,Douglas Is Ch,,,Chan Sm 0+,NOCN04118,2005,20050501,20050630,3,P,U,,1,,0,0,,0,0,650,650
RRD,Douglas Is Ch,Chinook,Fall,2005,Fraser R Low,LWFR,,,M,H,Douglas Is Channel,Douglas Is Ch,,,Chan Sm 0+,NOCN0580,2006,20060501,20060630,3,P,U,,1,,0,0,,0,0,650,650
RRD,Douglas Is Ch,Chinook,Fall,2006,Fraser R Low,LWFR,,,M,H,Douglas Is Channel,Douglas Is Ch,,,Chan Sm 0+,NOCN06140,2007,20070501,20070630,10,P,U,ESTIMATED CHANNEL MIGRATION,1,,0,0,,0,0,650,650
RRD,Douglas Is Ch,Chinook,Fall,2007,Fraser R Low,LWFR,,,M,H,Douglas Is Channel,Douglas Is Ch,,,Chan Sm 0+,NOCN0740,2008,20080501,20080630,3,P,U,ESTIMATED CHANNEL MIGRATION.,1,,0,0,,0,0,650,650
RRD,Flood Ch,Chinook,Fall,1993,Fraser R Low,LWFR,,,W,H,Flood Channel,Flood Ch,,,Chan Sm 0+,NOCN93113,1994,19940401,19940630,5,B,U,ESTIMATED CHANNEL SMOLT MIGRATION.,1,,0,0,,0,0,2000,2000
RRD,Flood Ch,Chinook,Fall,1994,Fraser R Low,LWFR,,,W,H,Flood Channel,Flood Ch,,,Chan Sm 0+,NOCN94106,1995,19950401,19950630,5,B,U,ESTIMATED CHANNEL SMOLT MIGRATION.,1,,0,0,,0,0,2000,2000
RRD,Flood Ch,Chinook,Fall,1995,Fraser R Low,LWFR,,,M,H,Flood Channel,Flood Ch,,,Chan Sm 0+,NOCN95109,1996,19960401,19960630,5,B,U,ESTIMATED CHANNEL SMOLT MIGRATION.,1,,0,0,,0,0,2000,2000
RRD,Flood Ch,Chinook,Fall,1996,Fraser R Low,LWFR,,,M,H,Flood Channel,Flood Ch,,,Chan Sm 0+,NOCN96143,1997,19970401,19970630,5,B,U,ESTIMATED CHANNEL SMOLT MIGRATION.,1,,0,0,,0,0,2000,2000
RRD,Flood Ch,Chinook,Fall,1997,Fraser R Low,LWFR,,,M,H,Flood Channel,Flood Ch,,,Chan Sm 0+,NOCN97120,1998,19980401,19980630,5,B,U,ESTIMATED CHANNEL SMOLT MIGRATION.,1,,0,0,,0,0,2000,2000
RRD,Flood Ch,Chinook,Fall,1998,Fraser R Low,LWFR,,,M,H,Flood Channel,Flood Ch,,,Chan Sm 0+,NOCN98135,1999,19990401,19990630,5,B,U,ESTIMATED CHANNEL SMOLT MIGRATION.,1,,0,0,,0,0,2000,2000
RRD,Flood Ch,Chinook,Fall,1999,Fraser R Low,LWFR,,,M,H,Flood Channel,Flood Ch,,,Chan Sm 0+,NOCN99135,2000,20000401,20000630,5,B,U,ESTIMATED CHANNEL SMOLT MIGRATION.,1,,0,0,,0,0,2000,2000
RRD,Flood Ch,Chinook,Fall,2000,Fraser R Low,LWFR,,,M,H,Flood Channel,Flood Ch,,,Chan Sm 0+,NOCN00130,2001,20010401,20010630,5,B,U,ESTIMATED CHANNEL SMOLT MIGRATION.,1,,0,0,,0,0,2000,2000
RRD,Flood Ch,Chinook,Fall,2001,Fraser R Low,LWFR,,,M,H,Flood Channel,Flood Ch,,,Chan Sm 0+,NOCN01106,2002,20020401,20020630,5,B,U,ESTIMATED CHANNEL SMOLT MIGRATION,1,,0,0,,0,0,2000,2000
RRD,Flood Ch,Chinook,Fall,2002,Fraser R Low,LWFR,,,M,H,Flood Channel,Flood Ch,,,Chan Sm 0+,NOCN0205,2003,20030401,20030630,5,B,U,ESTIMATED CHANNEL SMOLT MIGRATION,1,,0,0,,0,0,2000,2000
RRD,Flood Ch,Chinook,Fall,2003,Fraser R Low,LWFR,,,M,H,Flood Channel,Flood Ch,,,Chan Sm 0+,NOCN0384,2004,20040501,20040630,3,P,U,,1,,0,0,,0,0,2000,2000
RRD,Flood Ch,Chinook,Fall,2004,Fraser R Low,LWFR,,,M,H,Flood Channel,Flood Ch,,,Chan Sm 0+,NOCN04119,2005,20050501,20050630,3,P,U,,1,,0,0,,0,0,2000,2000
RRD,Flood Ch,Chinook,Fall,2005,Fraser R Low,LWFR,,,M,H,Flood Channel,Flood Ch,,,Chan Sm 0+,NOCN0581,2006,20060501,20060630,3,P,U,,1,,0,0,,0,0,2000,2000
RRD,Flood Ch,Chinook,Fall,2006,Fraser R Low,LWFR,,,M,H,Flood Channel,Flood Ch,,,Chan Sm 0+,NOCN06141,2007,20070501,20070630,3,P,U,ESTIMATED CHANNEL MIGRATION,1,,0,0,,0,0,2000,2000
RRD,Flood Ch,Chinook,Fall,2007,Fraser R Low,LWFR,,,M,H,Flood Channel,Flood Ch,,,Chan Sm 0+,NOCN0741,2008,20080501,20080630,3,P,U,ESTIMATED CHANNEL MIGRATION.,1,,0,0,,0,0,2000,2000
RRD,Ladner Lagoon,Chinook,Fall,1988,Fraser R Low,LWFR,,,W,H,Ladner Lagoon,Ladner Lag,,,Chan Sm 0+,NOCN8883,1989,19890401,19890630,5,B,U,ESTIMATED CHANNEL SMOLT MIGRATION.,1,,0,0,,0,0,2400,2400
RRD,Ladner Lagoon,Chinook,Fall,1989,Fraser R Low,LWFR,,,W,H,Ladner Lagoon,Ladner Lag,,,Chan Sm 0+,NOCN8983,1990,19900401,19900630,5,B,U,ESTIMATED CHANNEL SMOLT MIGRATION.,1,,0,0,,0,0,2400,2400
RRD,Ladner Lagoon,Chinook,Fall,1990,Fraser R Low,LWFR,,,M,H,Ladner Lagoon,Ladner Lag,,,Chan Sm 0+,NOCN9096,1991,19910401,19910630,5,B,U,ESTIMATED CHANNEL SMOLT MIGRATION.,1,,0,0,,0,0,2400,2400
RRD,Ladner Lagoon,Chinook,Fall,1991,Fraser R Low,LWFR,,,M,H,Ladner Lagoon,Ladner Lag,,,Chan Sm 0+,NOCN9198,1992,19920401,19920630,5,B,U,ESTIMATED CHANNEL SMOLT MIGRATION.,1,,0,0,,0,0,2400,2400
RRD,Ladner Lagoon,Chinook,Fall,1992,Fraser R Low,LWFR,,,M,H,Ladner Lagoon,Ladner Lag,,,Chan Sm 0+,NOCN92109,1993,19930401,19930630,5,B,U,ESTIMATED CHANNEL SMOLT MIGRATION.,1,,0,0,,0,0,2400,2400
RRD,Ladner Lagoon,Chinook,Fall,1993,Fraser R Low,LWFR,,,M,H,Ladner Lagoon,Ladner Lag,,,Chan Sm 0+,NOCN93112,1994,19940401,19940630,5,B,U,ESTIMATED CHANNEL SMOLT MIGRATION.,1,,0,0,,0,0,2400,2400
RRD,Ladner Lagoon,Chinook,Fall,1994,Fraser R Low,LWFR,,,M,H,Ladner Lagoon,Ladner Lag,,,Chan Sm 0+,NOCN94104,1995,19950401,19950630,5,B,U,ESTIMATED CHANNEL SMOLT MIGRATION.,1,,0,0,,0,0,2400,2400
RRD,Ladner Lagoon,Chinook,Fall,1995,Fraser R Low,LWFR,,,M,H,Ladner Lagoon,Ladner Lag,,,Chan Sm 0+,NOCN95105,1996,19960401,19960630,5,B,U,ESTIMATED CHANNEL SMOLT MIGRATION.,1,,0,0,,0,0,2400,2400
RRD,Ladner Lagoon,Chinook,Fall,1996,Fraser R Low,LWFR,,,M,H,Ladner Lagoon,Ladner Lag,,,Chan Sm 0+,NOCN96141,1997,19970401,19970630,5,B,U,ESTIMATED CHANNEL SMOLT MIGRATION.,1,,0,0,,0,0,2400,2400
RRD,Ladner Lagoon,Chinook,Fall,1997,Fraser R Low,LWFR,,,M,H,Ladner Lagoon,Ladner Lag,,,Chan Sm 0+,NOCN97118,1998,19980401,19980630,5,B,U,ESTIMATED CHANNEL SMOLT MIGRATION.,1,,0,0,,0,0,2400,2400
RRD,Ladner Lagoon,Chinook,Fall,1998,Fraser R Low,LWFR,,,M,H,Ladner Lagoon,Ladner Lag,,,Chan Sm 0+,NOCN98130,1999,19990401,19990630,5,B,U,ESTIMATED CHANNEL SMOLT MIGRATION.,1,,0,0,,0,0,2400,2400
RRD,Ladner Lagoon,Chinook,Fall,1999,Fraser R Low,LWFR,,,M,H,Ladner Lagoon,Ladner Lag,,,Chan Sm 0+,NOCN99127,2000,20000401,20000630,5,B,U,ESTIMATED CHANNEL SMOLT MIGRATION.,1,,0,0,,0,0,2400,2400
RRD,Ladner Lagoon,Chinook,Fall,2000,Fraser R Low,LWFR,,,M,H,Ladner Lagoon,Ladner Lag,,,Chan Sm 0+,NOCN00112,2001,20010401,20010630,5,B,U,ESTIMATED CHANNEL SMOLT MIGRATION.,1,,0,0,,0,0,2400,2400
RRD,Ladner Lagoon,Chinook,Fall,2001,Fraser R Low,LWFR,,,M,H,Ladner Lagoon,Ladner Lag,,,Chan Sm 0+,NOCN01107,2002,20020401,20020630,5,B,U,ESTIMATED CHANNEL SMOLT MIGRATION,1,,0,0,,0,0,2400,2400
RRD,Ladner Lagoon,Chinook,Fall,2002,Fraser R Low,LWFR,,,M,H,Ladner Lagoon,Ladner Lag,,,Chan Sm 0+,NOCN0206,2003,20030401,20030630,5,B,U,ESTIMATED CHANNEL SMOLT MIGRATION,1,,0,0,,0,0,2400,2400
RRD,Ladner Lagoon,Chinook,Fall,2003,Fraser R Low,LWFR,,,M,H,Ladner Lagoon,Ladner Lag,,,Chan Sm 0+,NOCN0385,2004,20040501,20040630,3,P,U,,1,,0,0,,0,0,2400,2400
RRD,Ladner Lagoon,Chinook,Fall,2004,Fraser R Low,LWFR,,,M,H,Ladner Lagoon,Ladner Lag,,,Chan Sm 0+,NOCN04120,2005,20050501,20050630,3,P,U,,1,,0,0,,0,0,2400,2400
RRD,Ladner Lagoon,Chinook,Fall,2005,Fraser R Low,LWFR,,,M,H,Ladner Lagoon,Ladner Lag,,,Chan Sm 0+,NOCN0582,2006,20060501,20060630,3,P,U,,1,,0,0,,0,0,2400,2400
RRD,Ladner Lagoon,Chinook,Fall,2006,Fraser R Low,LWFR,,,M,H,Ladner Lagoon,Ladner Lag,,,Chan Sm 0+,NOCN06144,2007,20070501,20070630,3,P,U,ESTIMATED CHANNEL MIGRATION,1,,0,0,,0,0,2400,2400
RRD,Ladner Lagoon,Chinook,Fall,2007,Fraser R Low,LWFR,,,M,H,Ladner Lagoon,Ladner Lag,,,Chan Sm 0+,NOCN0742,2008,20080501,20080630,3,P,U,ESTIMATED CHANNEL MIGRATION.,1,,0,0,,0,0,2400,2400
RRD,MacDonald Sl,Chinook,Fall,1990,Fraser R Low,LWFR,,,W,H,MacDonald Slough,MacDonald Pd,,,Chan Sm 0+,NOCN9095,1991,19910401,19910630,5,B,U,ESTIMATED CHANNEL SMOLT MIGRATION.,1,,0,0,,0,0,6875,6875
RRD,MacDonald Sl,Chinook,Fall,1991,Fraser R Low,LWFR,,,W,H,MacDonald Slough,MacDonald Pd,,,Chan Sm 0+,NOCN9197,1992,19920401,19920630,5,B,U,ESTIMATED CHANNEL SMOLT MIGRATION.,1,,0,0,,0,0,6875,6875
RRD,MacDonald Sl,Chinook,Fall,1992,Fraser R Low,LWFR,,,M,H,MacDonald Slough,MacDonald Pd,,,Chan Sm 0+,NOCN92108,1993,19930401,19930630,5,B,U,ESTIMATED CHANNEL SMOLT MIGRATION.,1,,0,0,,0,0,6875,6875
RRD,MacDonald Sl,Chinook,Fall,1993,Fraser R Low,LWFR,,,M,H,MacDonald Slough,MacDonald Pd,,,Chan Sm 0+,NOCN93111,1994,19940401,19940630,5,B,U,ESTIMATED CHANNEL SMOLT MIGRATION.,1,,0,0,,0,0,6875,6875
RRD,MacDonald Sl,Chinook,Fall,1994,Fraser R Low,LWFR,,,M,H,MacDonald Slough,MacDonald Pd,,,Chan Sm 0+,NOCN94103,1995,19950401,19950630,5,B,U,ESTIMATED CHANNEL SMOLT MIGRATION.,1,,0,0,,0,0,6875,6875
RRD,MacDonald Sl,Chinook,Fall,1995,Fraser R Low,LWFR,,,M,H,MacDonald Slough,MacDonald Pd,,,Chan Sm 0+,NOCN95104,1996,19960401,19960630,5,B,U,ESTIMATED CHANNEL SMOLT MIGRATION.,1,,0,0,,0,0,6875,6875
RRD,MacDonald Sl,Chinook,Fall,1996,Fraser R Low,LWFR,,,M,H,MacDonald Slough,MacDonald Pd,,,Chan Sm 0+,NOCN96140,1997,19970401,19970630,5,B,U,ESTIMATED CHANNEL SMOLT MIGRATION.,1,,0,0,,0,0,6875,6875
RRD,MacDonald Sl,Chinook,Fall,1997,Fraser R Low,LWFR,,,M,H,MacDonald Slough,MacDonald Pd,,,Chan Sm 0+,NOCN97117,1998,19980401,19980630,5,B,U,ESTIMATED CHANNEL SMOLT MIGRATION.,1,,0,0,,0,0,6875,6875
RRD,MacDonald Sl,Chinook,Fall,1998,Fraser R Low,LWFR,,,M,H,MacDonald Slough,MacDonald Pd,,,Chan Sm 0+,NOCN98129,1999,19990401,19990630,5,B,U,ESTIMATED CHANNEL SMOLT MIGRATION.,1,,0,0,,0,0,6875,6875
RRD,MacDonald Sl,Chinook,Fall,1999,Fraser R Low,LWFR,,,M,H,MacDonald Slough,MacDonald Pd,,,Chan Sm 0+,NOCN99126,2000,20000401,20000630,5,B,U,ESTIMATED CHANNEL SMOLT MIGRATION.,1,,0,0,,0,0,6875,6875
RRD,MacDonald Sl,Chinook,Fall,2000,Fraser R Low,LWFR,,,M,H,MacDonald Slough,MacDonald Pd,,,Chan Sm 0+,NOCN00111,2001,20010401,20010630,5,B,U,ESTIMATED CHANNEL SMOLT MIGRATION.,1,,0,0,,0,0,6875,6875
RRD,MacDonald Sl,Chinook,Fall,2001,Fraser R Low,LWFR,,,M,H,MacDonald Slough,MacDonald Pd,,,Chan Sm 0+,NOCN01108,2002,20020401,20020630,5,B,U,ESTIMATED CHANNEL SMOLT MIGRATION.,1,,0,0,,0,0,6900,6900
RRD,MacDonald Sl,Chinook,Fall,2002,Fraser R Low,LWFR,,,M,H,MacDonald Slough,MacDonald Pd,,,Chan Sm 0+,NOCN0207,2003,20030401,20030630,5,B,U,ESTIMATED CHANNEL SMOLT MIGRATION.,1,,0,0,,0,0,6900,6900
RRD,MacDonald Sl,Chinook,Fall,2003,Fraser R Low,LWFR,,,M,H,MacDonald Slough,MacDonald Pd,,,Chan Sm 0+,NOCN0386,2004,20040501,20040630,3,P,U,,1,,0,0,,0,0,6900,6900
RRD,MacDonald Sl,Chinook,Fall,2004,Fraser R Low,LWFR,,,M,H,MacDonald Slough,MacDonald Pd,,,Chan Sm 0+,NOCN04121,2005,20050501,20050630,3,P,U,,1,,0,0,,0,0,6875,6875
RRD,MacDonald Sl,Chinook,Fall,2005,Fraser R Low,LWFR,,,M,H,MacDonald Slough,MacDonald Pd,,,Chan Sm 0+,NOCN0583,2006,20060501,20060630,3,P,U,,1,,0,0,,0,0,6875,6875
RRD,MacDonald Sl,Chinook,Fall,2006,Fraser R Low,LWFR,,,M,H,MacDonald Slough,MacDonald Pd,,,Chan Sm 0+,NOCN06145,2007,20070501,20070630,3,P,U,ESTIMATED CHANNEL MIGRATION,1,,0,0,,0,0,6875,6875
RRD,MacDonald Sl,Chinook,Fall,2007,Fraser R Low,LWFR,,,M,H,MacDonald Slough,MacDonald Pd,,,Chan Sm 0+,NOCN0743,2008,20080501,20080630,3,P,U,ESTIMATED CHANNEL MIGRATION.,1,,0,0,,0,0,6875,6875
RRD,McNeil Ch,Chinook,Summer,2000,Maria Sl,LWFR,CK-07,MARIA SLOUGH_SU_0.3,W,H,McNeil Channel,McNeil Ch,CK-12,UPPER FRASER RIVER_SP_1.3,Chan Fry,NOCN00131,2001,20010301,20010430,0.5,B,U,ESTIMATED CHANNEL FRY MIGRATION.,1,,0,0,,0,0,225000,225000
RRD,McNeil Ch,Chinook,Summer,2001,Maria Sl,LWFR,CK-07,MARIA SLOUGH_SU_0.3,W,H,McNeil Channel,McNeil Ch,CK-12,UPPER FRASER RIVER_SP_1.3,Chan Fry,NOCN01115,2002,20020301,20020430,0.5,B,U,ESTIMATED CHANNEL FRY MIGRATION.,1,,0,0,,0,0,225000,225000
RRD,McNeil Ch,Chinook,Summer,2002,Maria Sl,LWFR,CK-07,MARIA SLOUGH_SU_0.3,M,H,McNeil Channel,McNeil Ch,CK-12,UPPER FRASER RIVER_SP_1.3,Chan Fry,NOCN0214,2003,20030301,20030430,0.5,B,U,ESTIMATED CHANNEL FRY MIGRATION.,1,,0,0,,0,0,225000,225000
RRD,McNeil Ch,Chinook,Summer,2004,Maria Sl,LWFR,CK-07,MARIA SLOUGH_SU_0.3,M,H,McNeil Channel,McNeil Ch,CK-12,UPPER FRASER RIVER_SP_1.3,Chan Fry,NOCN04122,2005,20050201,20050430,0.5,P,U,ESTIMATED CHANNEL MIGRATION,1,,0,0,,0,0,225000,225000
RRD,McNeil Ch,Chinook,Summer,2005,Maria Sl,LWFR,CK-07,MARIA SLOUGH_SU_0.3,M,H,McNeil Channel,McNeil Ch,CK-12,UPPER FRASER RIVER_SP_1.3,Chan Fry,NOCN0584,2006,20060301,20060430,0.5,P,U,ESTIMATED CHANNEL MIGRATION,1,,0,0,,0,0,225000,225000
RRD,McNeil Ch,Chinook,Summer,2006,Maria Sl,LWFR,CK-07,MARIA SLOUGH_SU_0.3,M,H,McNeil Channel,McNeil Ch,CK-12,UPPER FRASER RIVER_SP_1.3,Chan Fry,NOCN06146,2007,20070301,20070430,0.5,P,U,ESTIMATED CHANNEL MIGRATION,1,,0,0,,0,0,225000,225000
RRD,McNeil Ch,Chinook,Summer,2007,Maria Sl,LWFR,CK-07,MARIA SLOUGH_SU_0.3,M,H,McNeil Channel,McNeil Ch,CK-12,UPPER FRASER RIVER_SP_1.3,Chan Fry,NOCN0744,2008,20080301,20080430,0.5,P,U,ESTIMATED CHANNEL MIGRATION.,1,,0,0,,0,0,225000,225000
RRD,Seabird Riffles,Chinook,Summer,1988,Maria Sl,LWFR,CK-07,MARIA SLOUGH_SU_0.3,W,H,Seabird Riffles,Seabird Riffles,CK-12,UPPER FRASER RIVER_SP_1.3,Chan Fry,NOCN8882,1989,19890301,19890430,0.5,P,N,ESTIMATED GROUNDWATER CHANNEL FRY MIGRATION,1,,0,0,,0,0,30000,30000
RRD,Seabird Riffles,Chinook,Summer,1989,Maria Sl,LWFR,CK-07,MARIA SLOUGH_SU_0.3,W,H,Seabird Riffles,Seabird Riffles,CK-12,UPPER FRASER RIVER_SP_1.3,Chan Fry,NOCN8981,1990,19900301,19900430,0.5,P,N,ESTIMATED GROUNDWATER CHANNEL FRY MIGRATION,1,,0,0,,0,0,30000,30000
RRD,Seabird Riffles,Chinook,Summer,1990,Maria Sl,LWFR,CK-07,MARIA SLOUGH_SU_0.3,M,H,Seabird Riffles,Seabird Riffles,CK-12,UPPER FRASER RIVER_SP_1.3,Chan Fry,NOCN9081,1991,19910301,19910430,0.5,P,N,ESTIMATED GROUNDWATER CHANNEL FRY MIGRATION,1,,0,0,,0,0,30000,30000
RRD,Seabird Riffles,Chinook,Summer,1991,Maria Sl,LWFR,CK-07,MARIA SLOUGH_SU_0.3,M,H,Seabird Riffles,Seabird Riffles,CK-12,UPPER FRASER RIVER_SP_1.3,Chan Fry,NOCN9195,1992,19920301,19920430,0,P,N,ESTIMATED GROUNDWATER SPAWNING CHANNEL FRY MIGRATION,1,,0,0,,0,0,30000,30000
RRD,Seabird Riffles,Chinook,Summer,1992,Maria Sl,LWFR,CK-07,MARIA SLOUGH_SU_0.3,M,H,Seabird Riffles,Seabird Riffles,CK-12,UPPER FRASER RIVER_SP_1.3,Chan Fry,NOCN9282,1993,19930301,19930430,0,P,N,ESTIMATED GROUNDWATER CHANNEL FRY MIGRATION,1,,0,0,,0,0,30000,30000
RRD,Seabird Riffles,Chinook,Summer,1993,Maria Sl,LWFR,CK-07,MARIA SLOUGH_SU_0.3,M,H,Seabird Riffles,Seabird Riffles,CK-12,UPPER FRASER RIVER_SP_1.3,Chan Fry,NOCN9381,1994,19940301,19940430,0.5,B,N,ESTIMATED GROUNDWATER CHANNEL FRY MIGRATION,1,,0,0,,0,0,30000,30000
RRD,Seabird Riffles,Chinook,Summer,1994,Maria Sl,LWFR,CK-07,MARIA SLOUGH_SU_0.3,M,H,Seabird Riffles,Seabird Riffles,CK-12,UPPER FRASER RIVER_SP_1.3,Chan Fry,NOCN9464,1995,19950301,19950430,0.5,B,N,ESTIMATED GROUNDWATER SPAWNING CHANNEL FRY MIGRATION,1,,0,0,,0,0,30000,30000
RRD,Seabird Riffles,Chinook,Summer,1995,Maria Sl,LWFR,CK-07,MARIA SLOUGH_SU_0.3,M,H,Seabird Riffles,Seabird Riffles,CK-12,UPPER FRASER RIVER_SP_1.3,Chan Fry,NOCN9538,1996,19960301,19960430,0.5,B,N,ESTIMATED CHANNEL FRY MIGRATION,1,,0,0,,0,0,100000,100000
RRD,Seabird Riffles,Chinook,Summer,1996,Maria Sl,LWFR,CK-07,MARIA SLOUGH_SU_0.3,M,H,Seabird Riffles,Seabird Riffles,CK-12,UPPER FRASER RIVER_SP_1.3,Chan Fry,NOCN9634,1997,19970301,19970430,0.5,B,N,ESTIMATED CHANNEL FRY MIGRATION.,1,,0,0,,0,0,100000,100000
RRD,Seabird Riffles,Chinook,Summer,1997,Maria Sl,LWFR,CK-07,MARIA SLOUGH_SU_0.3,M,H,Seabird Riffles,Seabird Riffles,CK-12,UPPER FRASER RIVER_SP_1.3,Chan Fry,NOCN9706,1998,19980301,19980430,0.5,B,N,ESTIMATED CHANNEL FRY MIGRATION,1,,0,0,,0,0,100000,100000
RRD,Seabird Riffles,Chinook,Summer,1998,Maria Sl,LWFR,CK-07,MARIA SLOUGH_SU_0.3,M,H,Seabird Riffles,Seabird Riffles,CK-12,UPPER FRASER RIVER_SP_1.3,Chan Fry,NOCN9865,1999,19990301,19990430,0.5,B,N,ESTIMATED CHANNEL FRY MIGRATION.,1,,0,0,,0,0,100000,100000
RRD,Seabird Riffles,Chinook,Summer,1999,Maria Sl,LWFR,CK-07,MARIA SLOUGH_SU_0.3,M,H,Seabird Riffles,Seabird Riffles,CK-12,UPPER FRASER RIVER_SP_1.3,Chan Fry,NOCN99116,2000,20000301,20000430,0,B,N,ESTIMATED CHANNEL FRY MIGRATION,1,,0,0,,0,0,100000,100000
RRD,Seabird Riffles,Chinook,Summer,2000,Maria Sl,LWFR,CK-07,MARIA SLOUGH_SU_0.3,M,H,Seabird Riffles,Seabird Riffles,CK-12,UPPER FRASER RIVER_SP_1.3,Chan Fry,NOCN0040,2001,20010301,20010430,0.5,B,N,ESTIMATED CHANNEL FRY MIGRATION.,1,,0,0,,0,0,100000,100000
RRD,Seabird Riffles,Chinook,Summer,2001,Maria Sl,LWFR,CK-07,MARIA SLOUGH_SU_0.3,M,H,Seabird Riffles,Seabird Riffles,CK-12,UPPER FRASER RIVER_SP_1.3,Chan Fry,NOCN01109,2002,20020301,20020430,0.5,B,N,ESTIMATED CHANNEL FRY MIGRATION.,1,,0,0,,0,0,150000,150000
RRD,Seabird Riffles,Chinook,Summer,2002,Maria Sl,LWFR,CK-07,MARIA SLOUGH_SU_0.3,M,H,Seabird Riffles,Seabird Riffles,CK-12,UPPER FRASER RIVER_SP_1.3,Chan Fry,NOCN0208,2003,20030301,20030430,0.5,B,N,ESTIMATED CHANNEL FRY MIGRATION.,1,,0,0,,0,0,150000,150000
RRD,Seabird Riffles,Chinook,Summer,2003,Maria Sl,LWFR,CK-07,MARIA SLOUGH_SU_0.3,M,H,Seabird Riffles,Seabird Riffles,CK-12,UPPER FRASER RIVER_SP_1.3,Chan Fry,NOCN0387,2004,20040301,20040430,0.5,P,N,ESTIMATED CHANNEL FRY MIGRATION.,1,,0,0,,0,0,150000,150000
RRD,Seabird Riffles,Chinook,Summer,2004,Maria Sl,LWFR,CK-07,MARIA SLOUGH_SU_0.3,M,H,Seabird Riffles,Seabird Riffles,CK-12,UPPER FRASER RIVER_SP_1.3,Chan Fry,NOCN04123,2005,20050301,20050430,0.5,P,N,ESTIMATED CHANNEL MIGRATION,1,,0,0,,0,0,150000,150000
RRD,Seabird Riffles,Chinook,Summer,2005,Maria Sl,LWFR,CK-07,MARIA SLOUGH_SU_0.3,M,H,Seabird Riffles,Seabird Riffles,CK-12,UPPER FRASER RIVER_SP_1.3,Chan Fry,NOCN0585,2006,20060301,20060430,0.5,P,N,ESTIMATED CHANNEL MIGRATION,1,,0,0,,0,0,150000,150000
RRD,Seabird Riffles,Chinook,Summer,2006,Maria Sl,LWFR,CK-07,MARIA SLOUGH_SU_0.3,M,H,Seabird Riffles,Seabird Riffles,CK-12,UPPER FRASER RIVER_SP_1.3,Chan Fry,NOCN06147,2007,20070301,20070430,0.5,P,N,ESTIMATED CHANNEL MIGRATION,1,,0,0,,0,0,150000,150000
RRD,Seabird Riffles,Chinook,Summer,2007,Maria Sl,LWFR,CK-07,MARIA SLOUGH_SU_0.3,M,H,Seabird Riffles,Seabird Riffles,CK-12,UPPER FRASER RIVER_SP_1.3,Chan Fry,NOCN0746,2008,20080301,20080430,0.5,P,N,ESTIMATED CHANNEL MIGRATION.,1,,0,0,,0,0,150000,150000
RRD,Seymour Nar Ch,Chinook,Summer,1999,Maria Sl,LWFR,CK-07,MARIA SLOUGH_SU_0.3,W,H,Seymour Narrows Channel,Seymour Nar Ch,CK-12,UPPER FRASER RIVER_SP_1.3,Chan Fry,NOCN99130,2000,20000301,20000430,0.5,B,U,ESTIMATED CHANNEL FRY MIGRATION.,1,,0,0,,0,0,225000,225000
RRD,Seymour Nar Ch,Chinook,Summer,2000,Maria Sl,LWFR,CK-07,MARIA SLOUGH_SU_0.3,W,H,Seymour Narrows Channel,Seymour Nar Ch,CK-12,UPPER FRASER RIVER_SP_1.3,Chan Fry,NOCN00115,2001,20010301,20010430,0.5,B,U,ESTIMATED CHANNEL FRY MIGRATION.,1,,0,0,,0,0,225000,225000
RRD,Seymour Nar Ch,Chinook,Summer,2001,Maria Sl,LWFR,CK-07,MARIA SLOUGH_SU_0.3,M,H,Seymour Narrows Channel,Seymour Nar Ch,CK-12,UPPER FRASER RIVER_SP_1.3,Chan Fry,NOCN01110,2002,20020301,20020430,0.5,B,U,ESTIMATED CHANNEL FRY MIGRATION.,1,,0,0,,0,0,225000,225000
RRD,Seymour Nar Ch,Chinook,Summer,2002,Maria Sl,LWFR,CK-07,MARIA SLOUGH_SU_0.3,M,H,Seymour Narrows Channel,Seymour Nar Ch,CK-12,UPPER FRASER RIVER_SP_1.3,Chan Fry,NOCN0209,2003,20030301,20030430,0.5,B,U,ESTIMATED CHANNEL FRY MIGRATION.,1,,0,0,,0,0,225000,225000
RRD,Seymour Nar Ch,Chinook,Summer,2003,Maria Sl,LWFR,CK-07,MARIA SLOUGH_SU_0.3,M,H,Seymour Narrows Channel,Seymour Nar Ch,CK-12,UPPER FRASER RIVER_SP_1.3,Chan Fry,NOCN0388,2004,20040301,20040430,0.5,P,U,ESTIMATED CHANNEL FRY MIGRATION.,1,,0,0,,0,0,225000,225000
RRD,Seymour Nar Ch,Chinook,Summer,2004,Maria Sl,LWFR,CK-07,MARIA SLOUGH_SU_0.3,M,H,Seymour Narrows Channel,Seymour Nar Ch,CK-12,UPPER FRASER RIVER_SP_1.3,Chan Fry,NOCN04124,2005,20050301,20050430,0.5,P,U,ESTIMATED CHANNEL MIGRATION,1,,0,0,,0,0,225000,225000
RRD,Seymour Nar Ch,Chinook,Summer,2005,Maria Sl,LWFR,CK-07,MARIA SLOUGH_SU_0.3,M,H,Seymour Narrows Channel,Seymour Nar Ch,CK-12,UPPER FRASER RIVER_SP_1.3,Chan Fry,NOCN0586,2006,20060401,20060430,0.5,P,U,ESTIMATED CHANNEL MIGRATION,1,,0,0,,0,0,225000,225000
RRD,Seymour Nar Ch,Chinook,Summer,2006,Maria Sl,LWFR,CK-07,MARIA SLOUGH_SU_0.3,M,H,Seymour Narrows Channel,Seymour Nar Ch,CK-12,UPPER FRASER RIVER_SP_1.3,Chan Fry,NOCN06148,2007,20070401,20070430,0.5,P,U,ESTIMATED CHANNEL MIGRATION,1,,0,0,,0,0,225000,225000
RRD,Seymour Nar Ch,Chinook,Summer,2007,Maria Sl,LWFR,CK-07,MARIA SLOUGH_SU_0.3,M,H,Seymour Narrows Channel,Seymour Nar Ch,CK-12,UPPER FRASER RIVER_SP_1.3,Chan Fry,NOCN0747,2008,20080301,20080430,0.5,P,U,ESTIMATED CHANNEL MIGRATION.,1,,0,0,,0,0,225000,225000
RRD,Van Dyke Ch,Chinook,Summer,2001,Maria Sl,LWFR,CK-07,MARIA SLOUGH_SU_0.3,W,H,Van Dyke Channel,Van Dyke Ch,CK-12,UPPER FRASER RIVER_SP_1.3,Chan Fry,NOCN01114,2002,20020301,20020430,0.5,B,U,ESTIMATED CHANNEL FRY MIGRATION.,1,,0,0,,0,0,250000,250000
RRD,Van Dyke Ch,Chinook,Summer,2002,Maria Sl,LWFR,CK-07,MARIA SLOUGH_SU_0.3,W,H,Van Dyke Channel,Van Dyke Ch,CK-12,UPPER FRASER RIVER_SP_1.3,Chan Fry,NOCN0213,2003,20030301,20030430,0.5,B,U,ESTIMATED CHANNEL FRY MIGRATION.,1,,0,0,,0,0,250000,250000
RRD,Van Dyke Ch,Chinook,Summer,2004,Maria Sl,LWFR,CK-07,MARIA SLOUGH_SU_0.3,M,H,Van Dyke Channel,Van Dyke Ch,CK-12,UPPER FRASER RIVER_SP_1.3,Chan Fry,NOCN04125,2005,20050301,20050430,0.5,P,U,ESTIMATED CHANNEL MIGRATION,1,,0,0,,0,0,250000,250000
RRD,Van Dyke Ch,Chinook,Summer,2005,Maria Sl,LWFR,CK-07,MARIA SLOUGH_SU_0.3,M,H,Van Dyke Channel,Van Dyke Ch,CK-12,UPPER FRASER RIVER_SP_1.3,Chan Fry,NOCN0587,2006,20060301,20060430,0.5,P,U,ESTIMATED CHANNEL MIGRATION,1,,0,0,,0,0,250000,250000
RRD,Van Dyke Ch,Chinook,Summer,2006,Maria Sl,LWFR,CK-07,MARIA SLOUGH_SU_0.3,M,H,Van Dyke Channel,Van Dyke Ch,CK-12,UPPER FRASER RIVER_SP_1.3,Chan Fry,NOCN06150,2007,20070301,20070430,0.5,P,U,ESTIMATED CHANNEL MIGRATION,1,,0,0,,0,0,250000,250000
RRD,Van Dyke Ch,Chinook,Summer,2007,Maria Sl,LWFR,CK-07,MARIA SLOUGH_SU_0.3,M,H,Van Dyke Channel,Van Dyke Ch,CK-12,UPPER FRASER RIVER_SP_1.3,Chan Fry,NOCN0749,2008,20080301,20080430,0.5,P,U,ESTIMATED CHANNEL MIGRATION.,1,,0,0,,0,0,250000,250000
RRD,Yukalup Ch,Chinook,Fall,2004,Chilliwack R,LWFR,CK-9008,FRASER-HARRISON FALL TRANSPLANT_FA_0.3,M,H,Yukalup Channel,Yukalup Ch,CK-9008,FRASER-HARRISON FALL TRANSPLANT_FA_0.3,Chan Fry,NOCN04114,2005,20050301,20050430,0.5,P,U,ESTIMATED CHANNEL MIGRATION,1,,0,0,,0,0,12500,12500
RRD,Yukalup Ch,Chinook,Fall,2005,Chilliwack R,LWFR,CK-9008,FRASER-HARRISON FALL TRANSPLANT_FA_0.3,M,H,Yukalup Channel,Yukalup Ch,CK-9008,FRASER-HARRISON FALL TRANSPLANT_FA_0.3,Chan Fry,NOCN0576,2006,20060301,20060430,0.5,P,U,ESTIMATED CHANNEL MIGRATION,1,,0,0,,0,0,12500,12500
